Customer ID,Monetary,Frequency,TotalItemsPurchased,UniqueProducts,Recency,CustomerLifetime,AverageOrderValue,AverageItemsPerOrder,PurchaseRate,WeekendPurchaseRatio,CancellationRate
12346,77556.46,12,74285,27,326.1173611111111,400.06041666666664,6463.038333333334,6190.416666666667,0.02742728911375572,0.0,0.29411764705882354
12347,4921.53,8,2967,126,2.873611111111111,402.06388888888887,615.19125,370.875,0.01736697380481451,0.125,0.0
12348,2019.4,5,2714,25,75.98402777777778,362.9263888888889,403.88,542.8,0.010991233727821943,0.2,0.0
12349,4428.69,4,1624,138,19.124305555555555,570.8548611111111,1107.1725,406.0,0.005246086383127032,0.0,0.2
12350,334.4,1,197,17,310.8673611111111,0.0,334.4,197.0,0.0,0.0,0.0
12351,300.93,1,261,21,375.89375,0.0,300.93,261.0,0.0,0.0,0.0
12352,2849.84,10,724,70,36.925694444444446,356.17847222222224,284.98400000000004,72.4,0.025197487250576956,0.0,0.23076923076923078
12353,406.76,2,212,23,204.79375,204.21041666666667,203.38,106.0,0.004873046974142394,0.0,0.0
12354,1079.4,1,530,58,232.98541666666668,0.0,1079.4,530.0,0.0,0.0,0.0
12355,947.61,2,543,35,214.95902777777778,353.0763888888889,473.805,271.5,0.0028242493184537235,0.0,0.0
12356,6371.73,6,3416,104,23.17361111111111,401.95694444444445,1061.955,569.3333333333334,0.012408273561071109,0.0,0.0
12357,18287.66,3,6587,261,33.863194444444446,355.25138888888887,6095.886666666666,2195.6666666666665,0.005614013200728262,0.3333333333333333,0.0
12358,3887.07,5,1079,56,2.1,730.1020833333333,777.414,215.8,0.005471192178474848,0.0,0.0
12359,8873.39,10,2739,305,58.00208333333333,676.96875,887.3389999999999,273.9,0.01327494814473381,0.2,0.2857142857142857
12360,4252.89,8,2459,160,52.894444444444446,603.2430555555555,531.61125,307.375,0.011584742159037363,0.0,0.1111111111111111
12361,511.25,4,235,18,287.9576388888889,394.96805555555557,127.8125,58.75,0.007576368744672866,0.25,0.0
12362,5356.23,11,2230,201,3.8819444444444446,735.2291666666666,486.92999999999995,202.72727272727272,0.013582727298452136,0.0,0.21428571428571427
12363,552.0,2,408,23,110.10555555555555,132.8673611111111,276.0,204.0,0.007470080770248328,0.0,0.0
12364,1313.1,4,1506,70,8.102777777777778,104.79027777777777,328.275,376.5,0.028357993409392275,0.25,0.0
12365,641.38,2,174,22,291.9486111111111,0.009027777777777777,320.69,87.0,0.9910529938059187,0.0,0.3333333333333333
12366,500.24,1,296,3,634.0986111111112,0.0,500.24,296.0,0.0,0.0,0.0
12367,168.9,1,173,11,4.834722222222222,0.0,168.9,173.0,0.0,0.0,0.0
12368,917.6999999999999,1,330,18,628.8708333333333,0.0,917.6999999999999,330.0,0.0,1.0,0.0
12369,1791.15,3,1241,90,413.9840277777778,228.2111111111111,597.0500000000001,413.6666666666667,0.008725580493480052,0.0,0.0
12370,4316.56,7,2604,168,51.91597222222222,617.2152777777778,616.6514285714286,372.0,0.009705357042562033,0.0,0.0
12371,4067.38,5,1436,134,45.106944444444444,600.6618055555556,813.476,287.2,0.006648253159940119,0.0,0.0
12372,1298.04,3,794,34,72.02638888888889,224.9763888888889,432.68,264.6666666666667,0.008850482166893051,0.0,0.0
12373,1127.65,3,516,36,311.9861111111111,362.04305555555555,375.8833333333334,172.0,0.005508988450252687,0.0,0.0
12374,2989.2200000000003,4,1362,79,25.884027777777778,563.0666666666667,747.3050000000001,340.5,0.005318520269471693,0.0,0.0
12375,457.5,2,178,14,11.093055555555555,87.84236111111112,228.75,89.0,0.011255891755840948,0.0,0.3333333333333333
12376,503.15,2,240,11,390.02430555555554,28.147916666666667,251.575,120.0,0.03430776928025159,0.0,0.0
12377,3426.32,4,2105,129,315.87847222222223,274.0076388888889,856.58,526.25,0.010908787887205153,0.0,0.0
12378,5416.32,2,3316,281,130.09444444444443,432.8520833333333,2708.16,1658.0,0.0023049330368933346,0.0,0.0
12379,1620.22,4,815,58,82.11180555555555,452.8888888888889,405.055,203.75,0.006609547123623011,0.0,0.2
12380,9676.300000000001,11,3355,156,22.05763888888889,640.9736111111112,879.6636363636364,305.0,0.01557696426601128,0.0,0.26666666666666666
12381,1845.31,5,808,70,5.004166666666666,115.11597222222223,369.062,161.6,0.034448318551256824,0.2,0.16666666666666666
12383,1850.56,5,1532,84,185.2,167.73194444444445,370.11199999999997,306.4,0.02370624017384576,0.0,0.16666666666666666
12384,585.27,2,126,26,29.174305555555556,92.8861111111111,292.635,63.0,0.010651202698304683,0.0,0.3333333333333333
12385,1938.4,1,612,65,379.9,0.0,1938.4,612.0,0.0,0.0,0.5
12386,401.9,2,354,10,338.00902777777776,29.113888888888887,200.95,177.0,0.033207268702149254,0.0,0.0
12387,143.94,1,134,9,415.84930555555553,0.0,143.94,134.0,0.0,0.0,0.0
12388,3901.11,8,2001,83,16.01388888888889,566.9833333333333,487.63875,250.125,0.012324305290648199,0.125,0.0
12389,1433.33,3,614,41,403.04027777777776,253.0673611111111,477.77666666666664,204.66666666666666,0.007871928103056659,0.0,0.0
12390,549.84,1,353,32,80.13680555555555,0.0,549.84,353.0,0.0,0.0,0.0
12391,2724.84,6,1204,241,22.02986111111111,641.0798611111111,454.14000000000004,200.66666666666666,0.007787193311666189,0.0,0.14285714285714285
12392,234.75000000000003,1,73,7,591.9486111111111,0.0,234.75000000000003,73.0,0.0,0.0,0.0
12393,2399.4500000000003,6,1311,63,72.88125,356.0777777777778,399.90833333333336,218.5,0.014002551576064972,0.0,0.14285714285714285
12394,1272.48,2,819,26,64.19583333333334,153.7548611111111,636.24,409.5,0.006461832557763848,0.0,0.0
12395,4721.17,15,3205,145,19.895138888888887,583.2118055555555,314.74466666666666,213.66666666666666,0.02396391149043405,0.06666666666666667,0.16666666666666666
12396,931.43,1,591,65,674.9777777777778,0.0,931.43,591.0,0.0,0.0,0.0
12397,2409.9,2,1263,110,36.12361111111111,99.81319444444445,1204.95,631.5,0.009919336506602558,0.0,0.0
12398,1635.6599999999999,1,1394,85,46.09930555555555,0.0,1635.6599999999999,1394.0,0.0,0.0,0.0
12399,1962.3,7,2198,67,119.98263888888889,525.1875,280.3285714285714,314.0,0.01140277942748545,0.0,0.0
12400,205.25,1,91,11,414.96180555555554,0.0,205.25,91.0,0.0,0.0,0.0
12401,84.3,1,11,5,303.9583333333333,0.0,84.3,11.0,0.0,0.0,0.0
12402,1256.9,6,584,43,323.9590277777778,347.0472222222222,209.48333333333335,97.33333333333333,0.014365866700719092,0.3333333333333333,0.14285714285714285
12403,1019.36,2,260,5,50.08263888888889,471.96666666666664,509.68,130.0,0.002114313905137783,0.0,0.3333333333333333
12404,63.24,1,1,1,682.8506944444445,0.0,63.24,1.0,0.0,0.0,0.0
12405,1710.39,1,857,54,149.1652777777778,0.0,1710.39,857.0,0.0,0.0,0.0
12406,6390.36,5,3416,114,22.727777777777778,675.2208333333333,1278.072,683.2,0.005915227397361562,0.0,0.2857142857142857
12407,1708.1200000000001,5,1416,57,50.110416666666666,214.86805555555554,341.624,283.2,0.018529837542222937,0.2,0.0
12408,4340.7699999999995,8,2229,104,33.015972222222224,465.9583333333333,542.5962499999999,278.625,0.014990630855715179,0.0,0.42857142857142855
12409,23419.29,7,13143,177,79.09166666666667,486.80347222222224,3345.612857142857,1877.5714285714287,0.012300035448018826,0.14285714285714285,0.46153846153846156
12410,1013.71,3,341,36,309.0909722222222,193.8840277777778,337.90333333333336,113.66666666666667,0.010262513674443134,0.3333333333333333,0.25
12411,346.9,1,138,22,410.1423611111111,0.0,346.9,138.0,0.0,0.0,0.0
12412,2596.93,6,1997,82,75.10694444444445,464.87083333333334,432.82166666666666,332.8333333333333,0.010732588610934719,0.0,0.25
12413,999.45,4,319,41,67.15972222222223,335.8152777777778,249.8625,79.75,0.008906959386739351,0.25,0.3333333333333333
12414,952.41,6,495,21,217.91597222222222,246.10347222222222,158.73499999999999,82.5,0.020234438452177872,0.0,0.25
12415,144458.37,28,91447,498,24.93611111111111,503.24444444444447,5159.2275,3265.964285714286,0.05354545855184875,0.0,0.15151515151515152
12416,202.56,1,132,11,657.1048611111111,0.0,202.56,132.0,0.0,1.0,0.0
12417,6797.41,20,2884,270,3.915277777777778,730.1819444444444,339.8705,144.2,0.025985324370169306,0.1,0.25925925925925924
12418,2021.2,4,1088,90,113.07083333333334,517.8479166666667,505.3,272.0,0.005782041140828839,0.0,0.2
12419,503.01,2,231,23,386.1152777777778,27.975,251.505,115.5,0.03451251078515962,0.0,0.0
12420,600.39,1,345,29,64.16319444444444,0.0,600.39,345.0,0.0,0.0,0.0
12421,1098.6,6,652,44,16.15486111111111,489.7986111111111,183.1,108.66666666666667,0.010187477891758048,0.16666666666666666,0.25
12422,5231.8,17,2596,137,96.12638888888888,625.8777777777777,307.7529411764706,152.7058823529412,0.025523316613197684,0.11764705882352941,0.19047619047619047
12423,2622.39,10,1793,128,1.1111111111111112,465.02708333333334,262.239,179.3,0.019312182321306434,0.0,0.09090909090909091
12424,3340.03,4,2025,78,163.03055555555557,385.86875,835.0075,506.25,0.00775456792516842,0.0,0.42857142857142855
12425,1741.41,2,1147,87,78.80486111111111,370.13958333333335,870.705,573.5,0.002694404059568783,0.0,0.3333333333333333
12426,1345.21,2,584,73,195.01666666666668,468.15625,672.605,292.0,0.002131486045427296,0.5,0.3333333333333333
12427,825.8,3,533,26,22.1625,349.925,275.26666666666665,177.66666666666666,0.005699223480800741,0.0,0.4
12428,7956.46,9,3536,258,26.18611111111111,257.9506944444444,884.0511111111111,392.8888888888889,0.030893912129346807,0.1111111111111111,0.25
12429,6204.41,8,2890,124,9.811111111111112,537.1625,775.55125,361.25,0.013007223654565303,0.0,0.1111111111111111
12430,256.4,1,117,11,43.90347222222222,0.0,256.4,117.0,0.0,0.0,0.0
12431,10432.22,27,4600,244,36.03819444444444,658.11875,386.3785185185185,170.37037037037038,0.03944660958287107,0.07407407407407407,0.18181818181818182
12432,5059.32,5,1801,107,43.046527777777776,129.92777777777778,1011.8639999999999,360.2,0.030551194466839224,0.0,0.0
12433,16794.14,10,13534,285,1.1166666666666667,476.02708333333334,1679.414,1353.4,0.01886685329711363,0.0,0.09090909090909091
12434,1103.43,3,532,62,85.00833333333334,296.9583333333333,367.81,177.33333333333334,0.006712347923367361,0.0,0.4
12435,13925.93,6,4958,88,80.15555555555555,657.7972222222222,2320.9883333333332,826.3333333333334,0.0075895887707817696,0.0,0.0
12436,509.01,1,211,16,100.02847222222222,0.0,509.01,211.0,0.0,0.0,0.0
12437,12683.4,39,8000,273,2.0520833333333335,735.7993055555555,325.2153846153846,205.12820512820514,0.05157442428823619,0.05128205128205128,0.1702127659574468
12438,2906.85,2,1180,84,14.973611111111111,125.99930555555555,1453.425,590.0,0.007874058803908596,0.0,0.0
12439,1142.88,2,478,69,683.0270833333333,43.14652777777778,571.44,239.0,0.022651838102279342,0.0,0.3333333333333333
12440,859.2,2,331,21,462.98541666666665,255.04722222222222,429.6,165.5,0.003905529578962214,0.0,0.3333333333333333
12441,173.55,1,121,11,367.08680555555554,0.0,173.55,121.0,0.0,0.0,0.0
12442,172.06,1,182,12,3.936111111111111,0.0,172.06,182.0,0.0,0.0,0.0
12443,485.31,1,182,21,732.8805555555556,0.0,485.31,182.0,0.0,0.0,0.0
12444,5005.46,5,1153,138,21.977083333333333,149.97430555555556,1001.092,230.6,0.026494574591886956,0.0,0.0
12445,434.98,2,206,24,22.75486111111111,398.2604166666667,217.49,103.0,0.0025046309582822403,0.0,0.3333333333333333
12446,1002.3100000000001,1,351,57,58.0,0.0,1002.3100000000001,351.0,0.0,0.0,0.0
12447,476.49,1,190,26,243.97569444444446,0.0,476.49,190.0,0.0,1.0,0.0
12448,449.45,1,243,22,44.96111111111111,0.0,449.45,243.0,0.0,0.0,0.0
12449,4835.89,6,2282,125,22.961111111111112,416.17291666666665,805.9816666666667,380.3333333333333,0.011985437693202759,0.16666666666666666,0.0
12450,688.2,5,442,31,156.92291666666668,318.0625,137.64000000000001,88.4,0.012536728697355533,0.4,0.2857142857142857
12451,12669.88,8,9359,352,11.17361111111111,518.8208333333333,1583.735,1169.875,0.013466178250519009,0.0,0.2
12452,430.57,2,185,21,17.09861111111111,0.09930555555555555,215.285,92.5,0.9096651926721415,0.0,0.3333333333333333
12453,707.09,1,473,43,134.94583333333333,0.0,707.09,473.0,0.0,0.0,0.0
12454,16679.78,5,7703,24,56.81736111111111,364.9861111111111,3335.9559999999997,1540.6,0.010929376494250694,0.0,0.4444444444444444
12455,5879.95,10,3302,199,73.88819444444445,648.1236111111111,587.995,330.2,0.013864847689940923,0.0,0.0
12456,3181.04,3,1633,105,44.922916666666666,210.22847222222222,1060.3466666666666,544.3333333333334,0.009468420516226176,0.3333333333333333,0.25
12457,2995.91,8,1094,63,66.98402777777778,368.8013888888889,374.48875,136.75,0.01892907979884097,0.0,0.42857142857142855
12458,1777.49,4,986,71,71.89236111111111,416.2027777777778,444.3725,246.5,0.007190747904363053,0.0,0.0
12459,454.36,1,258,23,605.9145833333333,0.0,454.36,258.0,0.0,0.0,0.0
12460,326.65,1,170,18,456.9576388888889,0.0,326.65,170.0,0.0,0.0,0.0
12461,826.88,2,287,35,94.82847222222222,60.27361111111111,413.44,143.5,0.016320239363510666,0.0,0.0
12462,1189.59,2,536,51,19.152083333333334,284.76875,594.795,268.0,0.0034993329396583775,0.0,0.5
12463,1344.78,4,776,65,53.9625,188.03958333333333,336.195,194.0,0.015869692194095154,0.0,0.42857142857142855
12464,1212.05,8,112,6,10.970138888888888,299.00208333333336,151.50625,14.0,0.023333171297421542,0.0,0.0
12465,742.1899999999999,2,479,46,17.844444444444445,152.12291666666667,371.09499999999997,239.5,0.006530701097974122,0.0,0.3333333333333333
12466,56.73,1,1,1,682.85,0.0,56.73,1.0,0.0,0.0,0.0
12467,132.8,1,129,9,423.88125,0.0,132.8,129.0,0.0,0.0,0.5
12468,3670.74,5,2201,127,188.05138888888888,495.06041666666664,734.1479999999999,440.2,0.008063533927738977,0.2,0.5
12469,3070.54,2,2552,76,523.0069444444445,14.090277777777779,1535.27,1276.0,0.06626783248964564,0.0,0.0
12470,211.95,1,95,23,690.0756944444445,0.0,211.95,95.0,0.0,0.0,0.0
12471,39918.19,79,16858,255,2.879861111111111,730.2097222222222,505.2935443037975,213.39240506329114,0.10667254226728537,0.0379746835443038,0.3875968992248062
12472,16249.289999999999,19,10378,397,32.950694444444444,693.1333333333333,855.2257894736841,546.2105263157895,0.025931617364579333,0.10526315789473684,0.4864864864864865
12473,3928.0499999999997,5,2414,140,29.961111111111112,162.14652777777778,785.6099999999999,482.8,0.02451783715218511,0.0,0.4444444444444444
12474,12372.75,31,7940,369,17.924305555555556,649.2069444444444,399.1209677419355,256.1290322580645,0.0461391565505854,0.0967741935483871,0.42592592592592593
12475,1149.64,2,771,54,54.111111111111114,356.05625,574.82,385.5,0.002800679164697439,0.0,0.0
12476,14083.91,23,5631,358,16.006944444444443,486.15,612.3439130434782,244.82608695652175,0.04516062814328236,0.043478260869565216,0.39473684210526316
12477,20276.37,9,6119,295,23.124305555555555,600.8263888888889,2252.93,679.8888888888889,0.013292870082965048,0.0,0.25
12478,680.99,1,236,36,4.120833333333334,0.0,680.99,236.0,0.0,0.0,0.0
12479,527.2,1,385,31,11.975,0.0,527.2,385.0,0.0,0.0,0.6666666666666666
12480,5464.85,7,2952,177,28.915277777777778,479.06319444444443,780.6928571428572,421.7142857142857,0.012498354527977365,0.0,0.125
12481,12185.51,15,7158,248,23.18125,584.8048611111111,812.3673333333334,477.2,0.0238987433007057,0.13333333333333333,0.16666666666666666
12482,23691.4,29,27042,42,576.8326388888889,77.26875,816.944827586207,932.4827586206897,0.35774175517048634,0.1724137931034483,0.09375
12483,5097.18,19,2160,68,17.825,660.1486111111111,268.27263157894737,113.6842105263158,0.027225346461440213,0.10526315789473684,0.2962962962962963
12484,6354.1,12,3266,329,33.050694444444446,648.7888888888889,529.5083333333333,272.1666666666667,0.016928575092765172,0.16666666666666666,0.25
12485,708.1,1,414,34,529.8944444444444,0.0,708.1,414.0,0.0,0.0,0.0
12486,1037.28,1,523,49,432.025,0.0,1037.28,523.0,0.0,0.0,0.0
12487,285.29999999999995,1,174,2,731.0513888888889,0.0,285.29999999999995,174.0,0.0,0.0,0.5
12488,1298.66,3,529,46,10.166666666666666,65.92777777777778,432.8866666666667,176.33333333333334,0.029882958412882875,0.3333333333333333,0.0
12489,334.93,1,105,15,336.9840277777778,0.0,334.93,105.0,0.0,0.0,0.0
12490,9823.64,21,5906,195,5.863194444444445,733.1354166666666,467.79238095238094,281.23809523809524,0.027242930317692298,0.19047619047619047,0.045454545454545456
12491,460.40000000000003,1,260,25,39.022222222222226,0.0,460.40000000000003,260.0,0.0,0.0,0.0
12492,715.21,3,444,38,63.89930555555556,340.01180555555555,238.40333333333334,148.0,0.005864899594140802,0.0,0.0
12493,433.74,2,207,20,166.10625,31.808333333333334,216.87,103.5,0.030480060960121916,0.0,0.3333333333333333
12494,1815.27,9,979,83,16.136111111111113,560.8208333333333,201.69666666666666,108.77777777777777,0.014239414997367191,0.2222222222222222,0.47058823529411764
12495,357.4,1,130,17,641.08125,0.0,357.4,130.0,0.0,0.0,0.5
12496,45.34,2,30,10,620.9472222222222,0.00625,22.67,15.0,0.9937888198757763,0.0,0.0
12497,6248.5,3,5685,41,82.01458333333333,563.1180555555555,2082.8333333333335,1895.0,0.0035453571824258616,0.0,0.25
12498,403.70000000000005,3,159,21,21.997916666666665,36.140972222222224,134.5666666666667,53.0,0.05384888656208515,0.0,0.0
12499,393.72,1,302,27,560.9013888888888,0.0,393.72,302.0,0.0,0.0,0.0
12500,5955.21,19,3377,88,23.854166666666668,650.0520833333334,313.4321052631579,177.73684210526315,0.027647557639077773,0.05263157894736842,0.24
12501,2169.39,1,1783,149,337.0152777777778,0.0,2169.39,1783.0,0.0,0.0,0.5
12502,3723.87,5,820,102,96.04027777777777,214.04930555555555,744.774,164.0,0.018600385570492557,0.0,0.0
12503,1126.0,1,561,2,584.9520833333333,0.0,1126.0,561.0,0.0,0.0,0.5
12504,779.05,4,458,11,18.866666666666667,578.2347222222222,194.7625,114.5,0.0051792475224733785,0.0,0.3333333333333333
12505,955.2,1,324,42,409.14722222222224,0.0,955.2,324.0,0.0,0.0,0.6666666666666666
12506,73.5,1,23,23,233.1638888888889,0.0,73.5,23.0,0.0,0.0,0.0
12507,1844.06,4,1256,46,134.8201388888889,450.3236111111111,461.015,314.0,0.00664711512126369,0.0,0.2
12508,397.88,2,271,57,26.884027777777778,2.9652777777777777,198.94,135.5,0.2521891418563923,0.5,0.0
12509,176.5,1,55,7,284.9201388888889,0.0,176.5,55.0,0.0,0.0,0.0
12510,5178.02,9,2049,94,143.10763888888889,592.8527777777778,575.3355555555556,227.66666666666666,0.013471352327316442,0.0,0.4375
12511,3084.02,1,1753,190,429.0909722222222,0.0,3084.02,1753.0,0.0,0.0,0.5
12512,132.18,2,96,31,66.91319444444444,0.001388888888888889,66.09,48.0,0.9986130374479889,0.0,0.0
12513,612.29,1,462,35,113.0826388888889,0.0,612.29,462.0,0.0,0.0,0.5
12514,1597.76,2,840,76,267.84166666666664,374.18055555555554,798.88,420.0,0.0026653833339503204,0.0,0.0
12515,383.7,1,131,16,353.8798611111111,0.0,383.7,131.0,0.0,0.0,0.0
12516,2648.62,4,1952,49,78.15069444444444,521.7909722222222,662.155,488.0,0.005738431150117094,0.25,0.0
12517,2481.6,5,1361,232,28.948611111111113,161.95208333333332,496.32,272.2,0.02454709334287943,0.0,0.16666666666666666
12518,2056.89,5,1318,84,1.1090277777777777,109.87152777777777,411.378,263.6,0.036077792740596915,0.2,0.0
12519,716.54,2,387,34,64.14166666666667,413.0451388888889,358.27,193.5,0.002415195605685773,0.0,0.3333333333333333
12520,2634.26,5,1439,121,79.89375,194.15833333333333,526.8520000000001,287.8,0.020496178316751355,0.0,0.16666666666666666
12521,599.68,1,309,38,143.08263888888888,0.0,599.68,309.0,0.0,0.0,0.0
12522,192.72,2,194,11,39.888888888888886,12.034027777777778,96.36,97.0,0.07672225478182108,0.0,0.0
12523,4352.35,23,2263,176,19.99652777777778,712.9645833333333,189.2326086956522,98.3913043478261,0.030813853394922135,0.13043478260869565,0.23333333333333334
12524,11126.11,17,7178,157,9.888194444444444,660.0347222222222,654.4770588235294,422.2352941176471,0.02420447740810388,0.058823529411764705,0.05555555555555555
12525,973.73,3,509,56,498.8625,149.08819444444444,324.57666666666665,169.66666666666666,0.013325498433791244,0.0,0.625
12526,1316.66,3,632,64,1.0284722222222222,93.90972222222223,438.8866666666667,210.66666666666666,0.021072656764469157,0.0,0.0
12527,735.51,5,526,26,82.03819444444444,447.84583333333336,147.102,105.2,0.0089117458667137,0.0,0.0
12528,1933.48,6,756,50,9.92361111111111,303.2326388888889,322.24666666666667,126.0,0.016434791540647576,0.0,0.25
12529,316.48,1,192,21,528.9861111111111,0.0,316.48,192.0,0.0,0.0,0.5
12530,3759.26,9,2713,94,60.01111111111111,582.9145833333333,417.6955555555556,301.44444444444446,0.013700634011110359,0.1111111111111111,0.25
12531,1933.2,2,1119,126,15.068055555555556,671.8715277777778,966.6,559.5,0.001486167802793789,0.0,0.3333333333333333
12532,349.83000000000004,1,153,16,30.960416666666667,0.0,349.83000000000004,153.0,0.0,0.0,0.0
12533,1367.89,2,704,63,628.0791666666667,110.9625,683.945,352.0,0.008931561906888466,0.0,0.6666666666666666
12534,1089.18,1,651,63,131.1,0.0,1089.18,651.0,0.0,0.0,0.0
12535,716.35,2,219,28,92.16805555555555,94.83402777777778,358.175,109.5,0.01043470699487685,0.0,0.0
12536,12601.830000000002,3,2803,260,43.9375,15.977777777777778,4200.610000000001,934.3333333333334,0.11780104712041885,0.0,0.4
12537,732.94,1,449,43,409.1763888888889,0.0,732.94,449.0,0.0,0.0,0.0
12538,640.45,2,336,33,29.815277777777776,349.1763888888889,320.225,168.0,0.00285570367314885,0.0,0.0
12539,11214.75,7,4535,276,22.97222222222222,694.0208333333334,1602.107142857143,647.8571428571429,0.008632834747159857,0.0,0.125
12540,22254.49,33,11019,354,20.054861111111112,712.7743055555555,674.3784848484848,333.90909090909093,0.04483209853721658,0.06060606060606061,0.08333333333333333
12541,981.18,3,680,46,30.09027777777778,251.04722222222222,327.06,226.66666666666666,0.00793502099474305,0.3333333333333333,0.0
12542,481.88,2,522,39,484.7347222222222,156.11527777777778,240.94,261.0,0.0063647534100050385,0.0,0.5
12543,980.25,1,688,43,448.87430555555557,0.0,980.25,688.0,0.0,0.0,0.0
12544,372.7,1,136,19,36.857638888888886,0.0,372.7,136.0,0.0,0.0,0.5
12545,1000.39,2,523,42,75.96597222222222,184.06597222222223,500.195,261.5,0.0054034784892774725,0.5,0.0
12546,1161.5,2,633,59,47.02847222222222,31.100694444444443,580.75,316.5,0.031151974040021634,0.0,0.3333333333333333
12547,383.58,3,309,13,198.00833333333333,302.94652777777776,127.86,103.0,0.0065801047790295724,0.0,0.0
12548,95.19999999999999,1,49,5,166.88541666666666,0.0,95.19999999999999,49.0,0.0,1.0,0.0
12549,1575.68,6,1366,38,576.03125,121.98333333333333,262.61333333333334,227.66666666666666,0.0406559154356959,0.0,0.0
12550,964.83,1,569,57,79.92708333333333,0.0,964.83,569.0,0.0,0.0,0.0
12551,168.0,1,100,10,358.06041666666664,0.0,168.0,100.0,0.0,0.0,0.0
12552,437.82,2,88,20,39.11666666666667,0.9104166666666667,218.91,44.0,0.5234460196292258,0.0,0.0
12553,4608.75,12,2325,109,8.841666666666667,415.12708333333336,384.0625,193.75,0.026434232330868473,0.08333333333333333,0.29411764705882354
12554,468.5,1,240,26,449.01458333333335,0.0,468.5,240.0,0.0,0.0,0.0
12555,129.23,1,1,1,682.85,0.0,129.23,1.0,0.0,0.0,0.0
12556,599.56,2,355,100,50.98888888888889,100.9798611111111,299.78,177.5,0.009805857638014042,0.0,0.0
12557,18096.14,8,6382,15,16.827083333333334,706.2638888888889,2262.0175,797.75,0.009897295917365434,0.125,0.0
12558,269.96,1,196,11,8.089583333333334,0.0,269.96,196.0,0.0,0.0,0.5
12559,561.71,2,283,21,311.12569444444443,8.984027777777778,280.855,141.5,0.10015997774222717,0.0,0.3333333333333333
12560,2134.01,3,1110,91,5.955555555555556,137.91597222222222,711.3366666666667,370.0,0.014397192547453247,0.3333333333333333,0.25
12561,238.85,1,177,16,303.0493055555556,0.0,238.85,177.0,0.0,0.0,0.0
12562,4966.92,9,2327,113,8.8125,427.1715277777778,551.88,258.55555555555554,0.0186841008357567,0.0,0.0
12563,249.24,1,113,13,409.12361111111113,0.0,249.24,113.0,0.0,0.0,0.0
12564,456.9,1,133,21,261.91319444444446,0.0,456.9,133.0,0.0,0.0,0.0
12565,145.92,1,80,9,289.09444444444443,0.0,145.92,80.0,0.0,0.0,0.5
12566,351.65,1,265,19,86.93055555555556,0.0,351.65,265.0,0.0,0.0,0.5
12567,11767.48,15,5308,365,23.075,644.0222222222222,784.4986666666666,353.8666666666667,0.021704678564046027,0.2,0.11764705882352941
12568,70.0,1,48,5,645.1493055555555,0.0,70.0,48.0,0.0,0.0,0.0
12569,4124.69,32,1801,92,2.8513888888888888,250.10902777777778,128.8965625,56.28125,0.12345235165114754,0.0625,0.08571428571428572
12570,77.52,1,1,1,682.8069444444444,0.0,77.52,1.0,0.0,0.0,0.0
12571,519.61,2,523,31,40.10486111111111,81.90555555555555,259.805,261.5,0.012061917844937346,0.0,0.0
12572,1020.42,2,452,53,9.145833333333334,43.041666666666664,510.21,226.0,0.02270577105014191,0.0,0.3333333333333333
12573,717.41,5,479,107,227.8736111111111,237.93541666666667,143.482,95.8,0.016740925459285547,0.2,0.0
12574,218.45,1,61,11,316.1458333333333,0.0,218.45,61.0,0.0,0.0,0.0
12575,622.8199999999999,2,315,34,457.9868055555556,69.1625,311.40999999999997,157.5,0.014252627828255836,0.0,0.0
12576,2142.72,8,1494,114,36.110416666666666,490.85069444444446,267.84,186.75,0.014231961200962916,0.0,0.2727272727272727
12577,1617.1,8,1191,259,35.97638888888889,700.7451388888888,202.1375,148.875,0.009975131443138288,0.0,0.1111111111111111
12578,4642.45,4,2380,149,21.97222222222222,422.0909722222222,1160.6125,595.0,0.007090673630408485,0.0,0.42857142857142855
12579,440.42,1,285,29,78.81597222222223,0.0,440.42,285.0,0.0,0.0,0.6666666666666666
12580,1052.9,2,569,52,247.1013888888889,329.94375,526.45,284.5,0.0030216615361371834,0.0,0.0
12581,197.71,1,161,15,40.1625,0.0,197.71,161.0,0.0,0.0,0.0
12582,1980.4,4,985,88,239.17013888888889,338.9513888888889,495.1,246.25,0.008824791126182256,0.0,0.0
12583,13591.58,27,8535,141,3.196527777777778,730.8402777777778,503.39185185185187,316.1111111111111,0.0355268776391327,0.14814814814814814,0.12903225806451613
12584,2338.15,9,416,44,4.135416666666667,276.7638888888889,259.7944444444445,46.22222222222222,0.0288014400720036,0.1111111111111111,0.5
12585,2040.1,2,1279,77,234.96597222222223,117.02847222222222,1020.05,639.5,0.008472531933796577,0.0,0.5
12586,2062.67,4,687,82,17.851388888888888,706.13125,515.6675,171.75,0.004242493879318726,0.0,0.2
12587,144.0,1,51,4,8.002083333333333,0.0,144.0,51.0,0.0,0.0,0.0
12588,958.78,4,438,31,39.90902777777778,558.1104166666667,239.695,109.5,0.005365666441855179,0.0,0.2
12589,4695.66,8,1764,121,29.104861111111113,660.9118055555556,586.9575,220.5,0.010575427030078067,0.0,0.2727272727272727
12590,9864.26,2,4283,68,211.9152777777778,0.004166666666666667,4932.13,2141.5,0.995850622406639,0.0,0.6
12591,1338.95,3,653,63,317.9270833333333,91.16180555555556,446.31666666666666,217.66666666666666,0.02170096373377137,0.3333333333333333,0.0
12592,2582.66,5,1875,42,92.90694444444445,427.04027777777776,516.5319999999999,375.0,0.009344914971008051,0.0,0.375
12593,418.09999999999997,3,206,14,109.00486111111111,110.13472222222222,139.36666666666665,68.66666666666667,0.017996175812639813,0.0,0.0
12594,5090.110000000001,15,2768,78,38.020833333333336,608.9368055555556,339.3406666666667,184.53333333333333,0.022953197564866124,0.0,0.11764705882352941
12595,299.02,1,271,19,505.15277777777777,0.0,299.02,271.0,0.0,0.0,0.0
12596,618.27,2,474,25,51.99166666666667,190.98611111111111,309.135,237.0,0.005208710120813137,0.0,0.0
12597,3811.22,4,2236,184,19.97013888888889,248.98125,952.805,559.0,0.012000900067505064,0.5,0.2
12598,4534.09,11,2906,130,10.022222222222222,639.0972222222222,412.19,264.1818181818182,0.015622626771106821,0.09090909090909091,0.26666666666666666
12599,2296.72,13,2189,47,29.969444444444445,548.1194444444444,176.67076923076922,168.3846153846154,0.02185316896242975,0.23076923076923078,0.0
12600,4967.42,21,1383,53,29.097916666666666,703.8694444444444,236.54380952380953,65.85714285714286,0.02837404877971886,0.19047619047619047,0.19230769230769232
12601,681.26,6,290,24,190.10625,214.97222222222223,113.54333333333334,48.333333333333336,0.02315112540192926,0.16666666666666666,0.14285714285714285
12602,153.12,1,162,12,59.06111111111111,0.0,153.12,162.0,0.0,0.0,0.0
12603,739.1999999999999,1,63,2,22.08888888888889,0.0,739.1999999999999,63.0,0.0,0.0,0.0
12604,254.18,2,201,15,79.94583333333334,182.0847222222222,127.09,100.5,0.005461952192746224,0.0,0.0
12605,1232.95,4,929,63,376.93888888888887,81.99791666666667,308.2375,232.25,0.036145485579457313,0.25,0.2
12606,21.0,1,1,1,682.8520833333333,0.0,21.0,1.0,0.0,0.0,0.0
12607,1579.51,1,1228,101,60.86388888888889,0.0,1579.51,1228.0,0.0,0.0,0.5
12608,415.79,1,323,16,405.0840277777778,0.0,415.79,323.0,0.0,1.0,0.0
12609,3435.86,9,1553,129,78.84444444444445,641.1277777777777,381.76222222222225,172.55555555555554,0.0124585795488956,0.1111111111111111,0.1
12610,2099.54,5,1049,85,23.136111111111113,103.82083333333334,419.908,209.8,0.038160352983265096,0.0,0.2857142857142857
12611,1193.32,1,846,65,52.984722222222224,0.0,1193.32,846.0,0.0,0.0,0.0
12612,704.0400000000001,1,262,19,74.88541666666667,0.0,704.0400000000001,262.0,0.0,0.0,0.5
12613,6817.37,10,4157,218,57.91041666666667,668.0756944444445,681.737,415.7,0.01345139283152857,0.0,0.23076923076923078
12614,315.6,1,76,20,278.10277777777776,0.0,315.6,76.0,0.0,0.0,0.0
12615,5740.98,8,3317,198,2.908333333333333,629.0368055555556,717.6225,414.625,0.011110462021067993,0.0,0.2727272727272727
12616,1131.1,3,498,32,95.89791666666666,293.15208333333334,377.0333333333333,166.0,0.0067992039265402674,0.0,0.5714285714285714
12617,352.98,1,210,39,29.924305555555556,0.0,352.98,210.0,0.0,0.0,0.0
12618,177.31,1,96,11,22.069444444444443,0.0,177.31,96.0,0.0,0.0,0.0
12619,3781.38,10,3518,55,16.915277777777778,544.0833333333334,378.13800000000003,351.8,0.01651123681394282,0.1,0.2857142857142857
12620,1339.41,3,1181,89,15.104166666666666,189.92361111111111,446.47,393.6666666666667,0.010475393736587495,0.0,0.0
12621,24311.2,35,13706,344,2.0590277777777777,666.975,694.6057142857143,391.6,0.05090010853699614,0.08571428571428572,0.20454545454545456
12622,180.1,1,69,11,232.84097222222223,0.0,180.1,69.0,0.0,0.0,0.0
12623,3747.84,7,1971,112,276.9583333333333,420.08680555555554,535.4057142857143,281.57142857142856,0.014248843518342913,0.14285714285714285,0.2222222222222222
12624,641.13,2,355,36,106.90694444444445,71.10416666666667,320.565,177.5,0.013868824039295001,0.0,0.0
12625,5164.88,4,3309,144,212.12222222222223,384.93125,1291.22,827.25,0.007773405237331779,0.25,0.2
12626,6620.48,9,3453,232,23.863888888888887,303.21180555555554,735.6088888888888,383.6666666666667,0.026297467270838804,0.0,0.3076923076923077
12627,4478.53,7,2752,162,11.029861111111112,129.92222222222222,639.79,393.14285714285717,0.04582873631503013,0.14285714285714285,0.0
12628,786.46,3,448,34,4.982638888888889,60.15763888888889,262.15333333333336,149.33333333333334,0.03270237432863615,0.3333333333333333,0.25
12629,1558.22,2,722,40,386.14722222222224,37.69305555555555,779.11,361.0,0.02584443088409491,0.0,0.0
12630,1270.88,2,548,60,10.084722222222222,34.00486111111111,635.44,274.0,0.028567460868530164,0.0,0.0
12631,3481.57,6,1607,131,57.95625,635.9604166666667,580.2616666666667,267.8333333333333,0.007849781350881956,0.16666666666666666,0.14285714285714285
12632,804.88,2,694,32,521.1326388888889,44.022222222222226,402.44,347.0,0.022211253701875617,0.0,0.5
12633,5678.16,7,3238,220,59.048611111111114,466.9972222222222,811.1657142857142,462.57142857142856,0.012820588916126046,0.0,0.3
12634,490.0,2,337,20,536.1145833333334,12.766666666666667,245.0,168.5,0.07263922518159806,0.0,0.0
12635,2930.41,4,1949,159,90.0736111111111,367.0097222222222,732.6025,487.25,0.008151958545781173,0.25,0.0
12636,141.0,1,1,1,739.1215277777778,0.0,141.0,1.0,0.0,0.0,0.0
12637,8283.81,12,4257,295,67.96111111111111,476.00694444444446,690.3175,354.75,0.023060460918050925,0.0,0.14285714285714285
12638,921.49,2,663,47,33.985416666666666,606.1118055555555,460.745,331.5,0.0016471430646698107,0.5,0.0
12639,1312.37,3,631,58,239.0013888888889,389.15486111111113,437.45666666666665,210.33333333333334,0.00512616962993683,0.0,0.0
12640,1174.58,3,311,47,24.040277777777778,57.99375,391.52666666666664,103.66666666666667,0.03390189638732917,0.0,0.0
12641,185.9,1,72,10,115.975,0.0,185.9,72.0,0.0,0.0,0.0
12642,1013.26,3,552,39,25.90763888888889,82.23611111111111,337.75333333333333,184.0,0.024028032704822292,0.0,0.0
12643,8304.82,12,4665,14,128.99583333333334,482.94444444444446,692.0683333333333,388.75,0.0227298817586959,0.0,0.14285714285714285
12644,1918.49,4,1032,106,130.0951388888889,564.8965277777778,479.6225,258.0,0.005301322508163668,0.25,0.3333333333333333
12645,3539.3,8,2125,111,34.00833333333333,635.0756944444445,442.4125,265.625,0.011004979534886767,0.125,0.2
12646,1346.97,2,897,43,5.108333333333333,44.890277777777776,673.485,448.5,0.021791108017311826,0.0,0.0
12647,16955.55,36,6633,240,22.995833333333334,672.9097222222222,470.98749999999995,184.25,0.05193573982667478,0.1111111111111111,0.2
12648,1112.0,4,518,38,155.03819444444446,546.7201388888889,278.0,129.5,0.005477249761321234,0.0,0.2
12649,2294.65,8,1959,94,107.92291666666667,588.8868055555556,286.83125,244.875,0.011866683462104899,0.0,0.2
12650,314.44,1,254,20,3.8444444444444446,0.0,314.44,254.0,0.0,0.0,0.0
12651,377.75,4,265,30,335.0027777777778,130.89236111111111,94.4375,66.25,0.022745820718704752,0.25,0.2
12652,1017.03,2,536,51,331.90972222222223,102.9888888888889,508.515,268.0,0.00961641200983011,0.0,0.3333333333333333
12653,4160.83,3,1681,76,149.08958333333334,378.03125,1386.9433333333334,560.3333333333334,0.0052766097782174955,0.0,0.0
12654,601.98,5,264,31,11.11111111111111,284.87083333333334,120.396,52.8,0.013992333367342477,0.0,0.0
12655,261.35,1,80,16,424.1479166666667,0.0,261.35,80.0,0.0,0.0,0.0
12656,6407.83,8,2860,174,17.96388888888889,545.1958333333333,800.97875,357.5,0.012815916147291493,0.125,0.3333333333333333
12657,1643.18,4,1044,35,11.877083333333333,67.17152777777778,410.795,261.0,0.04400664174315197,0.0,0.2
12658,686.05,1,320,36,19.102777777777778,0.0,686.05,320.0,0.0,0.0,0.0
12659,91.68,1,105,5,30.039583333333333,0.0,91.68,105.0,0.0,0.0,0.0
12660,245.1,1,127,13,11.975,0.0,245.1,127.0,0.0,0.0,0.0
12661,162.0,1,216,11,436.8361111111111,0.0,162.0,216.0,0.0,0.0,0.0
12662,6726.54,20,3424,163,1.0354166666666667,617.0895833333333,336.327,171.2,0.03073988061331455,0.1,0.09090909090909091
12663,239.4,2,181,9,625.1319444444445,43.8,119.7,90.5,0.022321428571428572,0.0,0.3333333333333333
12664,6070.04,11,1495,10,8.821527777777778,718.2770833333333,551.8218181818182,135.9090909090909,0.013902848056352878,0.09090909090909091,0.08333333333333333
12665,313.6,3,165,13,325.1777777777778,344.72430555555553,104.53333333333335,55.0,0.005784956301484605,0.0,0.4
12666,1248.42,1,370,31,394.84027777777777,0.0,1248.42,370.0,0.0,0.0,0.5
12667,620.13,1,395,33,58.826388888888886,0.0,620.13,395.0,0.0,0.0,0.0
12668,11383.03,10,5049,263,12.079166666666667,665.7993055555555,1138.303,504.9,0.013497314596783348,0.3,0.16666666666666666
12669,2744.0299999999997,3,1115,98,151.12222222222223,105.98541666666667,914.6766666666666,371.6666666666667,0.018694136661928224,0.0,0.25
12670,3760.29,7,1627,71,10.89375,656.2152777777778,537.1842857142857,232.42857142857142,0.009129428671055272,0.0,0.125
12671,2622.481,1,1460,45,606.8472222222222,0.0,2622.481,1460.0,0.0,0.0,0.0
12672,437.05,2,138,22,330.1458333333333,265.97430555555553,218.525,69.0,0.0037456788132440963,0.0,0.3333333333333333
12673,1230.02,3,700,68,5.954861111111111,396.13125,410.00666666666666,233.33333333333334,0.0050361184117341555,0.3333333333333333,0.0
12674,1970.6,4,1133,52,39.02638888888889,169.1263888888889,492.65,283.25,0.017633948616633057,0.0,0.42857142857142855
12675,957.25,2,336,111,554.1256944444444,24.711805555555557,478.625,168.0,0.03889264010803511,0.0,0.5
12676,2843.09,11,1867,67,25.01736111111111,458.9555555555556,258.4627272727273,169.72727272727272,0.02174123103681515,0.09090909090909091,0.08333333333333333
12677,395.1,2,176,13,555.9305555555555,111.02430555555556,197.55,88.0,0.00892663422496358,0.0,0.3333333333333333
12678,34281.18,21,22372,199,42.99027777777778,658.8458333333333,1632.4371428571428,1065.3333333333333,0.03031011031617234,0.047619047619047616,0.08695652173913043
12679,1113.02,4,554,43,59.013888888888886,225.00277777777777,278.255,138.5,0.013274173129632133,0.0,0.5555555555555556
12680,880.81,4,444,33,1.0,112.87916666666666,220.2025,111.0,0.02634371226812045,0.25,0.0
12681,29834.76,45,17011,459,15.053472222222222,711.9180555555556,662.9946666666666,378.02222222222224,0.06171817315765993,0.1111111111111111,0.19642857142857142
12682,22950.22,52,10522,327,4.118055555555555,735.0222222222222,441.35038461538466,202.34615384615384,0.06929138612964585,0.038461538461538464,0.018867924528301886
12683,11633.7,21,7019,236,4.846527777777778,722.0625,553.9857142857143,334.23809523809524,0.027660126199325785,0.09523809523809523,0.2222222222222222
12684,2283.63,7,1985,61,8.122916666666667,205.8736111111111,326.23285714285714,283.57142857142856,0.029003215865833272,0.0,0.0
12685,2863.08,6,1523,117,28.961111111111112,65.1375,477.18,253.83333333333334,0.0756000756000756,0.16666666666666666,0.0
12686,89.14,1,107,7,372.12430555555557,0.0,89.14,107.0,0.0,0.0,0.0
12687,2138.91,2,1403,126,481.0263888888889,0.001388888888888889,1069.455,701.5,0.9986130374479889,0.0,0.0
12688,4873.8099999999995,1,3028,171,114.1673611111111,0.0,4873.8099999999995,3028.0,0.0,0.0,0.0
12689,1247.61,2,628,57,26.179861111111112,101.93541666666667,623.805,314.0,0.009714829282114595,0.0,0.0
12690,389.01,1,106,16,206.15347222222223,0.0,389.01,106.0,0.0,0.0,0.0
12691,1170.4,7,445,24,28.834027777777777,392.2006944444444,167.20000000000002,63.57142857142857,0.015259383019344448,0.14285714285714285,0.0
12692,110.95,1,36,13,637.95,0.0,110.95,36.0,0.0,0.0,0.0
12693,1703.02,7,536,63,127.79097222222222,395.16319444444446,243.28857142857143,76.57142857142857,0.0151452736754459,0.14285714285714285,0.36363636363636365
12694,1843.35,3,1355,69,70.9888888888889,350.7270833333333,614.4499999999999,451.6666666666667,0.005686226892299309,0.0,0.25
12695,1407.1200000000001,7,454,46,7.977777777777778,658.0,201.0171428571429,64.85714285714286,0.009104704097116844,0.0,0.0
12696,851.91,2,564,43,435.08819444444447,74.02847222222222,425.955,282.0,0.013328273525791134,0.0,0.3333333333333333
12697,957.59,3,508,37,29.16875,140.71041666666667,319.19666666666666,169.33333333333334,0.014113288543243998,0.3333333333333333,0.4
12698,339.75,1,111,16,590.8743055555556,0.0,339.75,111.0,0.0,0.0,0.0
12699,638.11,1,373,41,418.02986111111113,0.0,638.11,373.0,0.0,0.0,0.0
12700,4939.99,4,2967,193,8.085416666666667,207.77569444444444,1234.9975,741.75,0.014369488785478833,0.25,0.3333333333333333
12701,2446.41,6,1727,118,80.08541666666666,553.8916666666667,407.73499999999996,287.8333333333333,0.009010767867601785,0.0,0.0
12702,219.0,1,53,12,20.093055555555555,0.0,219.0,53.0,0.0,1.0,0.0
12703,1006.53,4,595,56,71.79027777777777,613.2409722222222,251.6325,148.75,0.004884076666436784,0.25,0.42857142857142855
12704,2340.84,8,1006,64,7.982638888888889,162.12152777777777,292.605,125.75,0.04291279082143085,0.0,0.2
12705,11762.1,14,7188,320,15.98125,518.1430555555555,840.15,513.4285714285714,0.025041267259345665,0.21428571428571427,0.36363636363636365
12707,603.42,1,256,33,292.175,0.0,603.42,256.0,0.0,0.0,0.0
12708,5117.66,18,2432,130,30.12361111111111,691.9770833333333,284.31444444444446,135.11111111111111,0.024531835768979854,0.1111111111111111,0.4
12709,30291.76,34,13772,189,15.883333333333333,715.0756944444445,890.9341176470588,405.05882352941177,0.04608451348932113,0.058823529411764705,0.38181818181818183
12710,1149.02,3,851,75,97.03472222222223,104.91319444444444,383.00666666666666,283.6666666666667,0.01888338851916205,0.6666666666666666,0.25
12711,1339.05,2,770,56,612.0354166666667,65.0201388888889,669.525,385.0,0.015146893309070254,0.0,0.0
12712,6723.03,21,2205,126,29.188194444444445,701.8979166666667,320.14428571428573,105.0,0.02845363391436049,0.0,0.25
12713,848.55,1,508,38,1.023611111111111,0.0,848.55,508.0,0.0,0.0,0.0
12714,14093.71,12,8774,436,9.879861111111111,726.2381944444444,1174.4758333333332,731.1666666666666,0.015125718209015655,0.0,0.0
12715,343.36,1,192,20,106.89444444444445,0.0,343.36,192.0,0.0,0.0,0.0
12716,1053.49,2,708,60,4.163194444444445,129.81041666666667,526.745,354.0,0.007644651133160267,0.0,0.0
12717,1308.91,3,600,60,151.91875,439.00902777777776,436.30333333333334,200.0,0.004545361285200903,0.0,0.25
12718,238.25,1,203,19,71.84166666666667,0.0,238.25,203.0,0.0,0.0,0.0
12719,644.95,2,374,34,5.961805555555555,59.954861111111114,322.475,187.0,0.016405582455140986,0.5,0.3333333333333333
12720,7787.28,30,6018,262,3.1993055555555556,503.92847222222224,259.57599999999996,200.6,0.05743387746064142,0.1,0.2682926829268293
12721,4013.08,8,2655,183,32.02569444444445,440.04583333333335,501.635,331.875,0.015871366354592777,0.0,0.2
12722,997.63,4,566,50,85.91666666666667,65.12152777777777,249.4075,141.5,0.04537100246809852,0.25,0.3333333333333333
12723,725.07,5,434,53,4.104861111111111,61.76875,145.014,86.8,0.06372597829333865,0.0,0.0
12724,2317.52,7,1379,94,5.866666666666666,530.0847222222222,331.07428571428574,197.0,0.011297632466048261,0.42857142857142855,0.0
12725,2266.76,4,1142,92,371.87847222222223,213.07361111111112,566.69,285.5,0.01401387113726457,0.0,0.0
12726,4014.6,11,4618,63,28.96875,595.8819444444445,364.96363636363634,419.8181818181818,0.01675373177740806,0.09090909090909091,0.0
12727,5679.53,10,2832,132,11.044444444444444,644.0777777777778,567.953,283.2,0.013951805983774566,0.2,0.16666666666666666
12728,1070.17,5,543,48,71.88819444444445,312.1645833333333,214.03400000000002,108.6,0.01277283643451593,0.4,0.0
12729,453.01,1,233,26,114.04861111111111,0.0,453.01,233.0,0.0,0.0,0.0
12730,829.25,1,234,47,522.0215277777778,0.0,829.25,234.0,0.0,0.0,0.0
12731,25775.71,17,11641,137,24.035416666666666,624.1083333333333,1516.2182352941177,684.7647058823529,0.02559556343567115,0.058823529411764705,0.10526315789473684
12732,236.26000000000002,1,111,12,180.0534722222222,0.0,236.26000000000002,111.0,0.0,0.0,0.0
12733,2424.87,4,896,117,234.85486111111112,455.1222222222222,606.2175,224.0,0.006577184477844633,0.0,0.3333333333333333
12734,639.65,3,265,17,353.00208333333336,39.97291666666667,213.21666666666667,88.33333333333333,0.04881273198759343,0.0,0.0
12735,779.5699999999999,2,368,38,315.96736111111113,21.965972222222224,389.78499999999997,184.0,0.04354268089867255,0.0,0.0
12736,234.0,1,173,4,333.2034722222222,0.0,234.0,173.0,0.0,0.0,0.0
12737,3710.5,2,2,2,499.01458333333335,0.001388888888888889,1855.25,1.0,0.9986130374479889,0.0,0.0
12738,155.35,1,148,11,372.7659722222222,0.0,155.35,148.0,0.0,0.0,0.0
12739,2726.73,4,951,85,78.99305555555556,315.93958333333336,681.6825,237.75,0.00946552642130795,0.0,0.0
12740,427.6,1,342,27,64.0875,0.0,427.6,342.0,0.0,0.0,0.0
12741,406.07,2,214,16,529.9263888888889,3.925,203.035,107.0,0.20304568527918782,0.0,0.0
12742,1201.52,1,1359,67,626.0048611111112,0.0,1201.52,1359.0,0.0,0.0,0.5
12743,540.13,2,315,114,134.85347222222222,0.010416666666666666,270.065,157.5,0.9896907216494845,0.0,0.0
12744,25317.06,11,6994,245,52.06388888888889,539.7909722222222,2301.550909090909,635.8181818181819,0.01849143294479922,0.0,0.21428571428571427
12745,925.41,3,468,21,487.10833333333335,195.74444444444444,308.46999999999997,156.0,0.010165471282543626,0.0,0.0
12746,254.55,1,97,17,541.0895833333333,0.0,254.55,97.0,0.0,0.0,0.6666666666666666
12747,8898.48,26,2640,85,2.9277777777777776,730.0493055555555,342.24923076923073,101.53846153846153,0.034197419804675735,0.11538461538461539,0.1875
12748,53539.64,336,37109,2286,1.0208333333333333,734.7840277777777,159.34416666666667,110.44345238095238,0.45529664596249847,0.14583333333333334,0.07692307692307693
12749,6897.36,9,2360,260,4.120833333333334,517.7854166666667,766.3733333333333,262.22222222222223,0.015420633932623072,0.1111111111111111,0.4375
12750,275.88,1,137,15,129.15069444444444,0.0,275.88,137.0,0.0,0.0,0.0
12751,268.27,1,189,61,445.00069444444443,0.0,268.27,189.0,0.0,0.0,0.0
12752,4366.78,1,2262,53,81.97083333333333,0.0,4366.78,2262.0,0.0,0.0,0.0
12753,21429.39,6,11421,132,23.081944444444446,339.9638888888889,3571.565,1903.5,0.014664309514692823,0.16666666666666666,0.45454545454545453
12754,3010.74,3,6481,49,236.15972222222223,72.93680555555555,1003.5799999999999,2160.3333333333335,0.02705012726709183,0.0,0.4
12755,5236.259999999999,11,2293,34,281.00555555555553,413.03125,476.0236363636363,208.45454545454547,0.02415276624650917,0.0,0.5
12756,112.07999999999998,1,144,4,87.13819444444445,0.0,112.07999999999998,144.0,0.0,0.0,0.0
12757,7834.650000000001,13,2395,237,16.01388888888889,195.72847222222222,602.6653846153847,184.23076923076923,0.060997779652580936,0.0,0.3157894736842105
12758,9903.24,7,6155,187,117.10277777777777,621.8208333333333,1414.7485714285715,879.2857142857143,0.009633589114044301,0.0,0.125
12759,5020.74,8,3202,206,52.91736111111111,683.1680555555556,627.5925,400.25,0.010231404321144293,0.0,0.0
12760,347.8,1,198,21,456.1666666666667,0.0,347.8,198.0,0.0,0.0,0.0
12761,782.95,2,281,27,458.0229166666667,7.0625,391.475,140.5,0.12403100775193798,0.0,0.0
12762,1898.52,2,1227,62,8.102083333333333,17.833333333333332,949.26,613.5,0.05309734513274337,0.0,0.0
12763,494.08,2,316,16,138.94305555555556,230.93472222222223,247.04,158.0,0.004311557969495727,1.0,0.0
12764,1693.88,1,386,45,317.1048611111111,0.0,1693.88,386.0,0.0,0.0,0.0
12765,1404.58,6,1009,49,472.9576388888889,169.17222222222222,234.09666666666666,168.16666666666666,0.029381998628840066,0.16666666666666666,0.0
12766,8918.99,9,5022,253,4.169444444444444,403.97013888888887,990.9988888888888,558.0,0.019754542944695856,0.1111111111111111,0.18181818181818182
12767,949.82,1,598,43,376.1333333333333,0.0,949.82,598.0,0.0,0.0,0.0
12768,168.69000000000003,1,102,10,451.02916666666664,0.0,168.69000000000003,102.0,0.0,0.0,0.5
12769,1143.6,1,356,32,239.10069444444446,0.0,1143.6,356.0,0.0,0.0,0.0
12770,3246.45,2,1843,19,211.13680555555555,245.90972222222223,1623.225,921.5,0.004050063282238785,0.0,0.7142857142857143
12771,282.3,1,104,15,486.0409722222222,0.0,282.3,104.0,0.0,0.0,0.5
12772,892.47,1,556,55,60.14652777777778,0.0,892.47,556.0,0.0,0.0,0.0
12773,124.25,1,109,6,564.8055555555555,0.0,124.25,109.0,0.0,0.0,0.5
12774,98.7,1,53,6,536.0916666666667,0.0,98.7,53.0,0.0,0.0,0.0
12775,1686.12,7,1083,55,17.84513888888889,392.08958333333334,240.8742857142857,154.71428571428572,0.015263696252444576,0.0,0.125
12776,55.5,1,46,4,668.0270833333333,0.0,55.5,46.0,0.0,0.0,0.0
12777,519.45,1,458,26,458.0520833333333,0.0,519.45,458.0,0.0,0.0,0.0
12778,1775.68,9,1735,77,20.055555555555557,583.0645833333333,197.29777777777778,192.77777777777777,0.013697115401764218,0.1111111111111111,0.1
12779,6474.11,14,3501,142,38.046527777777776,699.1791666666667,462.43642857142856,250.07142857142858,0.0185666763864011,0.0,0.3333333333333333
12780,337.4,1,285,20,599.1319444444445,0.0,337.4,285.0,0.0,0.0,0.0
12781,826.74,2,671,25,64.09236111111112,221.07916666666668,413.37,335.5,0.00450289874106456,0.0,0.6
12782,4618.24,11,2017,142,5.148611111111111,514.8229166666666,419.84,183.36363636363637,0.019386498111835862,0.0,0.21428571428571427
12783,2225.91,6,624,76,2.870833333333333,73.01458333333333,370.98499999999996,104.0,0.06755425451065387,0.16666666666666666,0.25
12784,1763.15,3,862,121,9.883333333333333,520.1055555555556,587.7166666666667,287.3333333333333,0.0038379940084649084,0.0,0.0
12785,1100.4,3,453,42,364.95972222222224,366.99444444444447,366.8,151.0,0.005434864656773199,0.0,0.4
12786,728.5,1,324,18,610.0263888888888,0.0,728.5,324.0,0.0,0.0,0.0
12787,862.18,4,510,30,10.170833333333333,403.74097222222224,215.545,127.5,0.007412148030204503,0.0,0.2
12788,444.9,4,194,20,463.93680555555557,65.05277777777778,111.225,48.5,0.04541822616594474,0.25,0.0
12789,273.35,3,36,5,65.96944444444445,628.0611111111111,91.11666666666667,12.0,0.00317934134645106,0.0,0.0
12790,591.85,2,306,36,192.94166666666666,218.04861111111111,295.925,153.0,0.004565196715594585,0.0,0.3333333333333333
12791,863.51,6,353,17,374.0576388888889,250.7486111111111,143.91833333333332,58.833333333333336,0.01986108276002847,0.16666666666666666,0.25
12792,827.01,2,394,39,257.0513888888889,278.03263888888887,413.505,197.0,0.0035838101377029274,0.0,0.3333333333333333
12793,885.53,3,461,34,335.0263888888889,66.96319444444444,295.1766666666667,153.66666666666666,0.029427692684970422,0.3333333333333333,0.0
12794,860.41,2,592,43,53.91388888888889,45.12013888888889,430.205,296.0,0.021682501919804857,0.0,0.0
12795,430.48,1,68,14,19.099305555555556,0.0,430.48,68.0,0.0,0.0,0.0
12796,381.0,1,182,7,628.8756944444444,0.0,381.0,182.0,0.0,1.0,0.0
12797,552.08,2,215,27,366.0798611111111,58.918055555555554,276.04,107.5,0.016689460142324006,0.0,0.6666666666666666
12798,8510.93,4,8455,27,10.873611111111112,411.1423611111111,2127.7325,2113.75,0.007279038223375486,0.0,0.0
12799,219.35,1,137,15,529.8701388888888,0.0,219.35,137.0,0.0,0.0,0.0
12800,584.25,3,284,31,470.94375,206.13125,194.75,94.66666666666667,0.009655713466702876,0.0,0.0
12801,1071.82,1,505,50,501.1333333333333,0.0,1071.82,505.0,0.0,0.0,0.5
12802,2416.42,7,1972,108,187.13472222222222,377.00138888888887,345.20285714285717,281.7142857142857,0.01587295755086144,0.0,0.2222222222222222
12803,1092.81,1,872,55,393.91180555555553,0.0,1092.81,872.0,0.0,0.0,0.0
12804,325.37,2,270,60,466.0361111111111,34.920833333333334,162.685,135.0,0.027838997796079342,0.0,0.0
12805,1434.95,4,593,44,382.0159722222222,293.13958333333335,358.7375,148.25,0.010199239306735039,0.25,0.0
12806,2878.96,4,2087,58,435.96944444444443,153.11805555555554,719.74,521.75,0.019465597260397424,0.25,0.0
12807,330.35,1,145,16,383.93680555555557,0.0,330.35,145.0,0.0,1.0,0.6666666666666666
12808,776.7,5,322,46,37.114583333333336,425.9868055555556,155.34,64.4,0.009367970972301055,0.0,0.0
12809,1755.94,3,518,75,178.08263888888888,469.85555555555555,585.3133333333334,172.66666666666666,0.004247587134530524,0.3333333333333333,0.625
12810,534.99,2,389,32,535.08125,142.04236111111112,267.495,194.5,0.00699093605720916,0.0,0.0
12811,1033.9,5,435,47,261.13055555555553,166.89027777777778,206.78000000000003,87.0,0.02382508417369148,0.0,0.0
12812,229.64000000000001,1,164,15,45.12222222222222,0.0,229.64000000000001,164.0,0.0,0.0,0.0
12813,1687.8,3,1141,37,502.125,191.70694444444445,562.6,380.3333333333333,0.010378453178040923,0.0,0.0
12814,125.92,1,49,2,102.02708333333334,0.0,125.92,49.0,0.0,0.0,0.0
12815,1063.46,2,379,38,148.10347222222222,50.865972222222226,531.73,189.5,0.01928046380226813,0.0,0.0
12816,572.2,2,128,27,96.00625,80.97013888888888,286.1,64.0,0.012199564543321164,0.0,0.0
12817,690.98,3,219,16,281.8486111111111,153.31319444444443,230.32666666666668,73.0,0.01296065451305291,0.0,0.0
12818,1542.08,1,929,14,262.03055555555557,0.0,1542.08,929.0,0.0,0.0,0.5
12819,540.52,1,344,19,458.8958333333333,0.0,540.52,344.0,0.0,0.0,0.0
12820,2689.52,11,1964,131,3.901388888888889,731.0659722222222,244.50181818181818,178.54545454545453,0.013659971067422392,0.18181818181818182,0.15384615384615385
12821,220.8,2,162,13,214.87430555555557,397.02569444444447,110.4,81.0,0.0025124006162360398,0.0,0.0
12822,948.88,2,550,41,71.11527777777778,16.845833333333335,474.44,275.0,0.05603548914312397,0.0,0.3333333333333333
12823,6501.5,18,930,1,75.21875,604.7798611111111,361.19444444444446,51.666666666666664,0.028062999599918835,0.0,0.0
12824,397.12,1,232,25,60.00069444444444,0.0,397.12,232.0,0.0,0.0,0.0
12825,518.63,2,139,20,521.9541666666667,120.15208333333334,259.315,69.5,0.008254088353137413,0.0,0.0
12826,2800.75,12,1915,93,3.1006944444444446,718.9875,233.39583333333334,159.58333333333334,0.015278043021580237,0.08333333333333333,0.2
12827,430.15000000000003,3,197,19,6.022916666666666,38.85625,143.38333333333335,65.66666666666667,0.0501803355809942,0.3333333333333333,0.0
12828,1018.71,6,494,46,3.170138888888889,127.68680555555555,169.785,82.33333333333333,0.03885402220075657,0.0,0.0
12829,385.3,3,550,17,337.0673611111111,213.83958333333334,128.43333333333334,183.33333333333334,0.00930927145253726,0.0,0.25
12830,6814.64,6,9848,13,38.03888888888889,134.04236111111112,1135.7733333333333,1641.3333333333333,0.037025418978612674,0.0,0.14285714285714285
12831,451.11,3,303,16,262.9916666666667,200.87777777777777,150.37,101.0,0.009906984424018933,0.0,0.0
12832,383.03,2,195,27,32.97222222222222,65.9875,191.515,97.5,0.014928158238477329,0.0,0.0
12833,417.38,1,156,24,145.9611111111111,0.0,417.38,156.0,0.0,1.0,0.0
12834,312.38,1,110,18,283.12569444444443,0.0,312.38,110.0,0.0,0.0,0.0
12835,5996.83,41,2349,138,428.07708333333335,308.9486111111111,146.2641463414634,57.292682926829265,0.12905365136693805,0.0,0.16326530612244897
12836,6559.7300000000005,15,2231,280,59.90277777777778,679.0354166666667,437.31533333333334,148.73333333333332,0.020587163046042332,0.06666666666666667,0.11764705882352941
12837,662.66,2,194,83,173.86319444444445,396.0395833333333,331.33,97.0,0.002518640563755713,0.5,0.0
12838,2975.91,10,1606,230,34.020833333333336,559.0979166666667,297.591,160.6,0.016068618954275107,0.1,0.16666666666666666
12839,9669.12,26,6578,156,3.0118055555555556,730.1354166666666,371.8892307692308,253.0,0.034193392126971464,0.038461538461538464,0.16129032258064516
12840,4041.97,7,2258,109,144.13958333333332,530.7763888888888,577.4242857142857,322.57142857142856,0.01128293795167664,0.0,0.36363636363636365
12841,6958.2,40,5008,307,5.067361111111111,514.8159722222222,173.95499999999998,125.2,0.0756083605398674,0.275,0.047619047619047616
12842,1917.99,4,887,45,70.88680555555555,667.3041666666667,479.4975,221.75,0.004488973957716359,0.25,0.0
12843,6583.36,30,3028,130,66.02847222222222,661.0194444444444,219.4453333333333,100.93333333333334,0.04380535986270964,0.2,0.11764705882352941
12844,648.6,4,223,88,29.971527777777776,564.0694444444445,162.15,55.75,0.005309081971242473,0.25,0.0
12845,354.09,4,204,26,267.96944444444443,22.975,88.5225,51.0,0.12513034410844628,0.0,0.0
12846,15.58,1,1,1,682.8479166666667,0.0,15.58,1.0,0.0,0.0,0.0
12847,1609.0,2,1497,100,22.981944444444444,365.02222222222224,804.5,748.5,0.002732074555278975,0.0,0.0
12848,208.0,1,58,16,676.0034722222222,0.0,208.0,58.0,0.0,0.0,0.0
12849,3042.47,6,1855,123,31.964583333333334,559.9979166666667,507.0783333333333,309.1666666666667,0.008912689069700941,0.0,0.0
12850,330.0,1,200,2,446.01666666666665,0.0,330.0,200.0,0.0,0.0,0.0
12851,280.76,2,157,71,97.00625,380.89444444444445,140.38,78.5,0.002618524606857625,0.5,0.0
12852,311.55,1,149,17,295.16875,0.0,311.55,149.0,0.0,0.0,0.5
12853,3907.5,11,1668,111,135.05625,537.9805555555556,355.22727272727275,151.63636363636363,0.018553545015538592,0.0,0.3125
12854,2970.9700000000003,7,1630,188,79.02430555555556,649.9722222222222,424.42428571428576,232.85714285714286,0.009216983144868787,0.0,0.36363636363636365
12855,612.84,4,240,65,373.13402777777776,29.639583333333334,153.21,60.0,0.09791255864554294,0.0,0.0
12856,2170.78,6,1076,155,8.081944444444444,55.92638888888889,361.7966666666667,179.33333333333334,0.08783272745016713,0.0,0.25
12857,3688.0,6,1420,71,211.10416666666666,472.77986111111113,614.6666666666666,236.66666666666666,0.010553424512966788,0.0,0.14285714285714285
12858,147.27,1,51,36,383.99652777777777,0.0,147.27,51.0,0.0,1.0,0.5
12859,575.1,1,292,21,459.0208333333333,0.0,575.1,292.0,0.0,0.0,0.0
12860,54.22,1,26,16,693.8944444444444,0.0,54.22,26.0,0.0,0.0,0.0
12861,68.25,1,27,4,620.0493055555555,0.0,68.25,27.0,0.0,0.0,0.0
12862,984.62,2,611,119,426.04375,69.85208333333334,492.31,305.5,0.014113911023552589,1.0,0.0
12863,2792.5499999999997,6,895,24,52.94097222222222,537.0145833333333,465.42499999999995,149.16666666666666,0.009293428384453644,0.0,0.14285714285714285
12864,299.57,2,447,5,138.9909722222222,369.8201388888889,149.785,223.5,0.002696725164378508,0.5,0.0
12865,3323.47,4,1973,156,26.929861111111112,450.0909722222222,830.8675,493.25,0.006650543204668928,0.25,0.2
12866,1227.35,3,553,58,283.94375,219.10694444444445,409.1166666666666,184.33333333333334,0.009086492046164428,0.6666666666666666,0.0
12867,7829.26,13,7876,365,26.88888888888889,696.9618055555555,602.2507692307693,605.8461538461538,0.017192917870983468,0.38461538461538464,0.1875
12868,2043.76,8,1170,86,186.0888888888889,207.02569444444444,255.47,146.25,0.03364968937464322,0.0,0.0
12869,337.66999999999996,1,144,35,682.0277777777778,0.0,337.66999999999996,144.0,0.0,0.0,0.0
12870,1676.95,3,906,85,375.9638888888889,248.96527777777777,558.9833333333333,302.0,0.008001111265453536,0.0,0.25
12871,744.02,3,484,13,84.90486111111112,355.18958333333336,248.00666666666666,161.33333333333334,0.005614987337033766,0.3333333333333333,0.0
12872,3283.96,12,1642,217,327.08194444444445,409.6173611111111,273.66333333333336,136.83333333333334,0.026788930624449297,0.3333333333333333,0.07692307692307693
12873,2027.3,3,786,33,282.9111111111111,399.2138888888889,675.7666666666667,262.0,0.004997327817764112,0.3333333333333333,0.0
12874,948.42,2,623,44,385.89375,169.10555555555555,474.21,311.5,0.005878702766256246,0.0,0.3333333333333333
12875,1356.99,5,5187,2,143.88888888888889,554.1201388888888,271.398,1037.4,0.007205647426170261,0.2,0.0
12876,4081.79,4,3047,117,58.016666666666666,532.9583333333334,1020.4475,761.75,0.005618415918845103,0.0,0.2
12877,2942.14,20,2237,149,4.097222222222222,687.0048611111112,147.107,111.85,0.027616083946435294,0.2,0.0
12878,854.99,2,547,38,236.98819444444445,29.961805555555557,427.495,273.5,0.0322978580239991,0.5,0.3333333333333333
12879,573.22,3,370,7,45.018055555555556,47.009027777777774,191.07333333333335,123.33333333333333,0.041658831527635144,0.0,0.25
12880,640.13,2,279,32,382.0833333333333,192.95347222222222,320.065,139.5,0.005155875729073053,0.0,0.0
12881,298.0,1,21,7,276.04583333333335,0.0,298.0,21.0,0.0,0.0,0.0
12882,1463.04,2,246,12,9.855555555555556,24.205555555555556,731.52,123.0,0.03967379325545515,0.5,0.0
12883,703.47,4,196,39,25.1375,64.75972222222222,175.8675,49.0,0.04562063066297759,0.25,0.0
12884,309.05,1,43,7,88.98611111111111,0.0,309.05,43.0,0.0,0.0,0.0
12885,1175.22,3,655,66,63.96527777777778,60.079861111111114,391.74,218.33333333333334,0.032744016826786425,0.0,0.25
12886,1378.4,2,770,75,68.11180555555555,151.95,689.2,385.0,0.0065380843412880035,0.0,0.3333333333333333
12887,222.4,1,100,13,384.06388888888887,0.0,222.4,100.0,0.0,1.0,0.0
12888,354.12,2,76,4,214.86666666666667,41.06319444444444,177.06,38.0,0.02377375311617771,0.0,0.5
12889,385.46000000000004,4,124,25,381.8625,121.06666666666666,96.36500000000001,31.0,0.024576734025122886,0.5,0.3333333333333333
12890,706.02,2,457,124,24.808333333333334,363.13958333333335,353.01,228.5,0.002746199660157792,0.0,0.0
12891,840.5,11,2325,2,186.01319444444445,473.9159722222222,76.4090909090909,211.36363636363637,0.02105635646071893,0.18181818181818182,0.08333333333333333
12892,263.38,1,140,18,397.12430555555557,0.0,263.38,140.0,0.0,0.0,0.0
12893,176.55,1,90,27,31.011111111111113,0.0,176.55,90.0,0.0,0.0,0.0
12894,157.35,1,33,21,575.91875,0.0,157.35,33.0,0.0,0.0,0.0
12895,372.8,2,210,22,42.95763888888889,44.21944444444444,186.4,105.0,0.022114380490202104,0.0,0.3333333333333333
12897,514.25,4,249,10,205.02569444444444,339.0104166666667,128.5625,62.25,0.00882325909132686,0.0,0.0
12898,296.21000000000004,2,235,27,464.1958333333333,195.8138888888889,148.10500000000002,117.5,0.005080942232509562,0.0,0.0
12899,366.4,1,108,17,414.12291666666664,0.0,366.4,108.0,0.0,0.0,0.0
12900,340.33,1,139,13,422.8979166666667,0.0,340.33,139.0,0.0,0.0,0.0
12901,17654.54,28,23075,30,9.113194444444444,261.9763888888889,630.5192857142857,824.1071428571429,0.10267081434222548,0.07142857142857142,0.2222222222222222
12902,138.68,1,66,10,265.03055555555557,0.0,138.68,66.0,0.0,1.0,0.0
12903,833.53,1,493,41,429.0076388888889,0.0,833.53,493.0,0.0,0.0,0.0
12904,496.06,2,294,59,18.927777777777777,154.05277777777778,248.03,147.0,0.006449416865225103,0.0,0.0
12905,1018.42,2,532,52,577.1145833333334,105.8326388888889,509.21,266.0,0.009360435260239601,0.0,0.3333333333333333
12906,2919.81,5,1749,55,12.121527777777779,66.78611111111111,583.962,349.8,0.05900913822071057,0.0,0.0
12907,508.91,2,177,23,396.02916666666664,98.89930555555556,254.455,88.5,0.01001007959403566,0.0,0.3333333333333333
12908,1776.0,5,3000,1,176.8826388888889,453.9861111111111,355.2,600.0,0.008791477151317196,0.0,0.2857142857142857
12909,3103.19,8,1948,120,40.00486111111111,614.0201388888889,387.89875,243.5,0.011381741112813605,0.125,0.38461538461538464
12910,5796.52,13,3632,75,23.931944444444444,598.0541666666667,445.8861538461539,279.38461538461536,0.020031577556286647,0.07692307692307693,0.07142857142857142
12911,1651.72,1,807,220,552.0256944444444,0.0,1651.72,807.0,0.0,1.0,0.0
12912,1662.3,5,670,17,3.1631944444444446,37.888888888888886,332.46,134.0,0.10285714285714287,0.2,0.0
12913,6283.24,13,3086,52,5.027083333333334,733.9951388888888,483.32615384615383,237.3846153846154,0.01632663859265887,0.0,0.0
12914,223.98,1,336,9,401.0152777777778,0.0,223.98,336.0,0.0,0.0,0.0
12915,975.1,4,411,46,149.05277777777778,440.66527777777776,243.775,102.75,0.0067924741901704095,0.0,0.5
12916,4479.73,7,1681,82,139.09375,545.9645833333333,639.9614285714285,240.14285714285714,0.010969631641293047,0.8571428571428571,0.125
12917,4359.2,6,1104,45,128.8388888888889,602.0972222222222,726.5333333333333,184.0,0.008290537272873823,0.0,0.25
12918,10953.5,1,1,1,626.8944444444444,0.0,10953.5,1.0,0.0,0.0,0.6666666666666666
12919,1335.19,6,673,34,8.960416666666667,161.18402777777777,222.53166666666667,112.16666666666667,0.030829176389989082,0.0,0.25
12920,486.64,4,420,59,17.90625,707.9631944444444,121.66,105.0,0.0042315313735727155,0.0,0.0
12921,35233.24,74,21328,322,9.852777777777778,729.1104166666667,476.12486486486483,288.2162162162162,0.09998487671670667,0.04054054054054054,0.2815533980582524
12922,405.38,1,370,28,161.88541666666666,0.0,405.38,370.0,0.0,0.0,0.0
12923,770.42,3,230,54,64.85416666666667,511.05902777777777,256.8066666666667,76.66666666666667,0.0039057997057088414,0.3333333333333333,0.0
12924,2469.4,12,1423,56,88.95486111111111,642.0520833333334,205.78333333333333,118.58333333333333,0.0171059238980772,0.08333333333333333,0.14285714285714285
12925,729.3299999999999,3,649,46,5.06875,588.0270833333333,243.10999999999999,216.33333333333334,0.0033954296102683456,0.0,0.0
12926,1523.97,4,754,202,411.8701388888889,314.05694444444447,380.9925,188.5,0.009522088158666201,0.25,0.0
12927,197.31,1,145,11,395.1166666666667,0.0,197.31,145.0,0.0,0.0,0.0
12928,4304.89,12,2899,94,35.93472222222222,514.1722222222222,358.74083333333334,241.58333333333334,0.021352082906471406,0.0,0.0
12929,117.85,1,37,8,312.02916666666664,0.0,117.85,37.0,0.0,0.0,0.5
12930,415.8,2,252,20,78.89722222222223,93.07847222222222,207.9,126.0,0.010629424313331809,0.0,0.5
12931,92347.34,57,62906,37,22.007638888888888,717.0368055555556,1620.1287719298246,1103.6140350877192,0.07799043108475753,0.017543859649122806,0.19718309859154928
12932,1698.56,8,1609,69,539.9361111111111,128.23333333333332,212.32,201.125,0.05416559195254063,0.25,0.0
12933,1636.6299999999999,8,949,227,24.841666666666665,704.9993055555556,204.57874999999999,118.625,0.0099150239170443,0.0,0.2727272727272727
12934,181.65,1,31,2,737.0826388888889,0.0,181.65,31.0,0.0,0.0,0.0
12935,4243.86,15,3201,113,2.8090277777777777,605.0597222222223,282.924,213.4,0.023100033687549128,0.13333333333333333,0.21052631578947367
12936,1063.9,4,559,56,17.804166666666667,61.15347222222222,265.975,139.75,0.048267617121596405,0.0,0.2
12937,3097.61,9,1983,128,15.90625,720.9736111111112,344.1788888888889,220.33333333333334,0.011080737407684567,0.0,0.0
12938,114.14,1,140,9,26.061805555555555,0.0,114.14,140.0,0.0,0.0,0.0
12939,25264.8,20,10328,24,64.92847222222223,632.1291666666667,1263.24,516.4,0.030009674171278897,0.1,0.0
12940,899.69,2,404,87,55.02847222222222,33.078472222222224,449.845,202.0,0.029344038473294885,0.5,0.5
12941,377.49,1,381,27,724.9847222222222,0.0,377.49,381.0,0.0,0.0,0.0
12942,675.6,3,198,68,131.92430555555555,234.21180555555554,225.20000000000002,66.0,0.008502974564886849,0.3333333333333333,0.0
12943,496.5,2,222,22,558.9569444444444,47.11736111111111,248.25,111.0,0.02078251959185441,0.5,0.5
12944,604.51,2,289,29,36.07361111111111,319.0159722222222,302.255,144.5,0.0031248440290523693,0.0,0.0
12945,900.11,2,446,47,288.94097222222223,367.95625,450.055,223.0,0.0027103484491724965,0.5,0.0
12946,324.45,1,149,20,437.10833333333335,0.0,324.45,149.0,0.0,0.0,0.0
12947,1603.99,6,1165,83,144.11388888888888,229.73958333333334,267.33166666666665,194.16666666666666,0.021669450589138186,0.0,0.45454545454545453
12948,2317.43,9,1304,89,16.819444444444443,721.1958333333333,257.4922222222222,144.88888888888889,0.011077327825439775,0.1111111111111111,0.1
12949,15526.7,22,8233,347,31.05902777777778,705.8118055555556,705.7590909090909,374.22727272727275,0.029710878956660827,0.0,0.21428571428571427
12950,1843.0,3,1380,13,2.98125,21.978472222222223,614.3333333333334,460.0,0.08703798845537791,0.0,0.0
12951,3213.7200000000003,15,1662,110,9.025,689.9798611111111,214.24800000000002,110.8,0.020261082540796033,0.26666666666666666,0.25
12952,1387.79,4,653,64,6.09375,72.74861111111112,346.9475,163.25,0.04067873217951373,0.25,0.2
12953,828.8100000000001,2,364,45,10.143055555555556,512.8243055555556,414.40500000000003,182.0,0.0019461905347563948,0.0,0.0
12954,162.45,1,83,10,639.1069444444445,0.0,162.45,83.0,0.0,0.0,0.0
12955,4757.16,11,3664,81,1.8479166666666667,266.3097222222222,432.4690909090909,333.09090909090907,0.03740978785532804,0.0,0.21428571428571427
12956,521.89,4,340,42,306.8625,417.87847222222223,130.4725,85.0,0.00716198181320822,0.5,0.0
12957,8706.97,13,4686,402,10.122916666666667,718.9111111111112,669.766923076923,360.46153846153845,0.01666872453389307,0.0,0.38095238095238093
12958,467.34,2,118,45,400.8569444444444,182.99583333333334,233.67,59.0,0.005434905681740982,0.0,0.0
12959,150.95,1,109,8,484.8125,0.0,150.95,109.0,0.0,0.0,0.5
12960,1322.07,4,1379,49,414.1381944444444,247.83263888888888,330.5175,344.75,0.012056296205336586,0.0,0.0
12961,211.99,1,180,37,379.8375,0.0,211.99,180.0,0.0,0.0,0.0
12962,266.39,2,129,15,7.871527777777778,106.09513888888888,133.195,64.5,0.009337491975592834,0.0,0.0
12963,3235.79,12,1637,129,8.996527777777779,510.9236111111111,269.64916666666664,136.41666666666666,0.021487580883649635,0.0,0.14285714285714285
12964,132.24,1,56,26,437.79375,0.0,132.24,56.0,0.0,0.0,0.0
12965,769.8100000000001,1,282,108,89.88819444444445,0.0,769.8100000000001,282.0,0.0,1.0,0.0
12966,160.18,1,75,10,10.008333333333333,0.0,160.18,75.0,0.0,0.0,0.0
12967,2938.52,3,912,47,358.7361111111111,25.338194444444444,979.5066666666667,304.0,0.07593534948717273,0.3333333333333333,0.4
12968,135.95,1,73,5,112.87916666666666,0.0,135.95,73.0,0.0,0.0,0.0
12969,122.45,1,55,5,603.0833333333334,0.0,122.45,55.0,0.0,0.0,0.0
12970,1453.6,10,954,280,7.930555555555555,728.0076388888889,145.35999999999999,95.4,0.012345549648447137,0.0,0.0
12971,15704.6,116,14306,102,4.020833333333333,720.7194444444444,135.3844827586207,123.32758620689656,0.15934169556498948,0.07758620689655173,0.03333333333333333
12972,1161.2,4,844,69,414.17291666666665,247.7576388888889,290.3,211.0,0.012059931157892974,0.0,0.3333333333333333
12973,385.55,1,31,6,414.10833333333335,0.0,385.55,31.0,0.0,0.0,0.0
12974,408.95,2,104,27,198.13680555555555,367.90833333333336,204.475,52.0,0.002710700490185005,0.5,0.0
12975,2100.09,6,911,92,437.1277777777778,296.9638888888889,350.01500000000004,151.83333333333334,0.016780556928039377,0.16666666666666666,0.25
12976,3156.38,8,2684,106,212.12152777777777,453.75625,394.5475,335.5,0.01539286156045134,0.0,0.0
12977,513.88,4,128,54,156.84027777777777,355.0104166666667,128.47,32.0,0.008426719723790853,0.0,0.0
12978,2502.82,5,1394,126,385.93125,344.0965277777778,500.564,278.8,0.0115909598562399,0.0,0.16666666666666666
12979,517.7,1,520,56,729.8784722222222,0.0,517.7,520.0,0.0,0.0,0.5
12980,16245.78,21,1910,7,158.13611111111112,579.9222222222222,773.6085714285715,90.95238095238095,0.034428016754968156,0.09523809523809523,0.19230769230769232
12981,372.21999999999997,2,242,12,30.03472222222222,103.90694444444445,186.10999999999999,121.0,0.00953225742390743,0.0,0.0
12982,2744.81,8,1729,139,243.04097222222222,363.9173611111111,343.10125,216.125,0.019182425244680588,0.0,0.5294117647058824
12983,490.08000000000004,1,638,30,598.9944444444444,0.0,490.08000000000004,638.0,0.0,0.0,0.0
12984,97.5,1,26,4,19.009027777777778,0.0,97.5,26.0,0.0,0.0,0.0
12985,1239.38,2,1533,73,1.086111111111111,27.918055555555554,619.69,766.5,0.034580471639210415,0.0,0.3333333333333333
12986,2729.84,10,1164,61,429.03680555555553,259.05,272.98400000000004,116.4,0.03460872909055951,0.0,0.16666666666666666
12987,1312.21,5,585,61,74.03263888888888,615.0875,262.442,117.0,0.006492584251425325,0.0,0.16666666666666666
12988,505.82,1,126,75,292.9298611111111,0.0,505.82,126.0,0.0,1.0,0.0
12989,13551.75,33,6935,50,3.890277777777778,726.0840277777778,410.65909090909093,210.15151515151516,0.04401141928231205,0.09090909090909091,0.15384615384615385
12990,955.5,7,480,9,31.992361111111112,588.0590277777778,136.5,68.57142857142857,0.010185736432280768,0.0,0.0
12991,764.82,3,483,45,23.886111111111113,366.07708333333335,254.94000000000003,161.0,0.005448446908857699,0.0,0.0
12992,93.35000000000001,1,21,6,725.8361111111111,0.0,93.35000000000001,21.0,0.0,0.0,0.0
12993,1259.6299999999999,8,751,57,23.875694444444445,636.2180555555556,157.45374999999999,93.875,0.010985250557436077,0.0,0.2
12994,974.4200000000001,3,459,52,4.879861111111111,264.3,324.8066666666667,153.0,0.007538635506973238,0.0,0.4
12995,211.32,1,108,3,85.87916666666666,0.0,211.32,108.0,0.0,0.0,0.5
12996,355.5,1,122,22,376.1409722222222,0.0,355.5,122.0,0.0,0.0,0.0
12997,2110.91,8,1186,65,22.877083333333335,590.1951388888889,263.86375,148.25,0.011840422120445754,0.125,0.5
12998,920.08,3,1124,58,493.1979166666667,160.84027777777777,306.6933333333333,374.6666666666667,0.012357863119502254,0.0,0.25
12999,455.88,3,342,25,196.9763888888889,49.12361111111111,151.96,114.0,0.03990135498351298,0.0,0.0
13000,1032.5,4,548,57,107.08819444444444,618.7361111111111,258.125,137.0,0.0048407700410120795,0.0,0.2
13001,24042.65,33,13448,300,4.915972222222222,731.9375,728.5651515151516,407.5151515151515,0.043659930075893236,0.12121212121212122,0.10810810810810811
13002,414.13,3,201,19,318.89722222222224,116.13888888888889,138.04333333333332,67.0,0.017073749110742234,0.0,0.0
13003,149.05,3,103,4,106.08333333333333,109.10208333333334,49.68333333333334,34.333333333333336,0.018164960547976308,0.0,0.0
13004,11650.85,36,8768,417,12.057638888888889,713.0715277777778,323.63472222222225,243.55555555555554,0.049014697601683616,0.08333333333333333,0.21739130434782608
13005,999.68,4,462,41,174.08125,283.9173611111111,249.92,115.5,0.010529368895951798,0.25,0.3333333333333333
13006,81.57,1,55,4,56.95902777777778,0.0,81.57,55.0,0.0,0.0,0.0
13007,175.25,1,59,11,580.0916666666667,0.0,175.25,59.0,0.0,1.0,0.0
13008,612.13,3,379,31,323.9347222222222,399.92847222222224,204.04333333333332,126.33333333333333,0.004988420974231688,0.3333333333333333,0.5714285714285714
13009,234.0,1,120,4,673.0194444444444,0.0,234.0,120.0,0.0,0.0,0.0
13010,330.12,2,323,10,374.9034722222222,274.1534722222222,165.06,161.5,0.0036343353835359563,0.0,0.0
13011,50.550000000000004,1,13,3,372.81111111111113,0.0,50.550000000000004,13.0,0.0,0.0,0.0
13012,2957.83,11,1559,95,9.989583333333334,582.9520833333333,268.89363636363635,141.72727272727272,0.01712469273663293,0.0,0.26666666666666666
13013,11097.43,29,5661,289,1.9090277777777778,724.1854166666667,382.67,195.20689655172413,0.03861081505017395,0.0,0.06451612903225806
13014,5381.08,11,1979,140,11.015972222222222,422.0361111111111,489.1890909090909,179.9090909090909,0.02363864392979323,0.09090909090909091,0.3888888888888889
13015,6579.78,11,3527,260,53.97986111111111,549.8638888888889,598.1618181818181,320.6363636363636,0.01815330465783542,0.09090909090909091,0.21428571428571427
13016,789.89,3,527,39,73.94583333333334,49.96388888888889,263.2966666666667,175.66666666666666,0.03924347304736469,0.0,0.0
13017,204.0,1,48,1,7.872916666666667,0.0,204.0,48.0,0.0,0.0,0.0
13018,9763.16,35,6746,401,16.97361111111111,632.0375,278.9474285714286,192.74285714285713,0.05370929842228936,0.2,0.05405405405405406
13019,1229.95,6,397,46,379.9125,353.96944444444443,204.99166666666667,66.16666666666667,0.014085719428119791,0.3333333333333333,0.25
13020,618.96,2,278,38,563.0680555555556,97.02569444444444,309.48,139.0,0.010201406944041033,0.0,0.6
13021,4887.24,17,2546,166,4.842361111111111,730.1909722222222,287.48470588235296,149.76470588235293,0.021882108242355747,0.23529411764705882,0.2916666666666667
13022,65.3,1,35,5,430.0833333333333,0.0,65.3,35.0,0.0,0.0,0.0
13023,1449.03,3,585,69,64.84930555555556,464.275,483.01,195.0,0.004298533125570899,0.0,0.0
13024,555.87,2,181,26,471.13055555555553,111.80347222222223,277.935,90.5,0.008864975344287323,0.0,0.3333333333333333
13025,323.39,1,241,13,732.1166666666667,0.0,323.39,241.0,0.0,0.0,0.0
13026,1733.08,9,2466,52,1.8277777777777777,725.225,192.56444444444443,274.0,0.011015869737340355,0.3333333333333333,0.3076923076923077
13027,17239.2,19,42840,7,114.13263888888889,574.9569444444444,907.3263157894737,2254.7368421052633,0.03125233608800813,0.05263157894736842,0.17391304347826086
13028,661.3199999999999,2,798,40,23.069444444444443,22.875694444444445,330.65999999999997,399.0,0.04188359849917105,0.0,0.3333333333333333
13029,1927.3,5,194,13,31.150694444444444,492.81041666666664,385.46,38.8,0.00810027464993735,0.4,0.0
13030,752.4399999999999,2,348,76,11.930555555555555,356.99930555555557,376.21999999999997,174.0,0.002793301507800876,0.0,0.0
13031,3292.84,5,2309,275,407.8861111111111,147.02569444444444,658.568,461.8,0.027022335649310135,0.0,0.0
13032,2815.96,9,1274,147,52.87222222222222,408.0784722222222,312.88444444444445,141.55555555555554,0.019556150086661585,0.2222222222222222,0.18181818181818182
13033,220.55,2,98,12,357.93541666666664,72.1986111111111,110.275,49.0,0.01366146139688443,0.0,0.0
13034,756.82,3,406,42,55.02013888888889,346.87430555555557,252.27333333333334,135.33333333333334,0.005749202996772062,0.6666666666666666,0.0
13035,1364.2,3,926,27,74.16180555555556,357.71944444444443,454.73333333333335,308.6666666666667,0.0055753877604751475,0.0,0.25
13036,307.1,1,38,6,685.0520833333334,0.0,307.1,38.0,0.0,1.0,0.0
13037,3914.9500000000003,12,2130,181,138.87777777777777,597.9458333333333,326.24583333333334,177.5,0.01836560067340536,0.08333333333333333,0.25
13038,908.46,3,360,24,80.92569444444445,210.12083333333334,302.82,120.0,0.009473247942528962,0.0,0.0
13039,1010.73,4,290,37,584.8368055555555,138.0013888888889,252.6825,72.5,0.021582518160290165,0.0,0.0
13040,676.99,2,355,38,9.091666666666667,24.864583333333332,338.495,177.5,0.03866290777285542,0.5,0.0
13041,799.13,4,335,23,451.04583333333335,139.12569444444443,199.7825,83.75,0.021409349740560312,0.0,0.0
13042,1488.59,3,812,164,598.9631944444444,133.91736111111112,496.19666666666666,270.6666666666667,0.014823889109073968,0.0,0.25
13043,516.42,1,254,13,273.91527777777776,0.0,516.42,254.0,0.0,0.0,0.5
13044,4848.05,11,2548,356,291.8958333333333,409.0236111111111,440.7318181818182,231.63636363636363,0.024388839396105238,0.2727272727272727,0.15384615384615385
13045,808.92,3,405,41,99.90694444444445,387.08472222222224,269.64,135.0,0.005153513873330923,0.0,0.0
13046,949.25,3,505,50,31.176388888888887,425.81041666666664,316.4166666666667,168.33333333333334,0.004685921247236039,0.0,0.0
13047,8428.53,24,3328,190,32.03055555555556,692.0159722222222,351.18875,138.66666666666666,0.03318826826782692,0.125,0.42857142857142855
13048,4049.13,9,2661,125,14.977083333333333,667.0194444444444,449.90333333333336,295.6666666666667,0.011975699310149822,0.1111111111111111,0.3076923076923077
13049,1408.24,4,620,19,64.88819444444445,336.99444444444447,352.06,155.0,0.00887588553395026,0.0,0.2
13050,11986.52,35,7015,513,15.147222222222222,709.7583333333333,342.47200000000004,200.42857142857142,0.04783623125534933,0.14285714285714285,0.38596491228070173
13051,155.8,2,72,4,579.15,40.91875,77.9,36.0,0.02385567317727747,0.0,0.0
13052,3119.33,7,1424,161,212.94305555555556,442.0701388888889,445.61857142857144,203.42857142857142,0.013541874013551279,0.0,0.0
13053,127.65,1,47,17,622.0569444444444,0.0,127.65,47.0,0.0,1.0,0.0
13055,2321.11,4,1821,145,78.93333333333334,351.25625,580.2775,455.25,0.008516527385958374,0.0,0.3333333333333333
13056,209.48,1,158,18,551.9444444444445,0.0,209.48,158.0,0.0,1.0,0.0
13057,709.59,3,456,34,530.8791666666667,101.14583333333333,236.53,152.0,0.01957984907199674,0.3333333333333333,0.25
13058,271.40000000000003,3,52,5,25.00486111111111,127.02916666666667,90.46666666666668,17.333333333333332,0.015621440426986039,0.0,0.0
13059,2291.77,10,860,155,250.09027777777777,368.92847222222224,229.177,86.0,0.02432902757102067,0.2,0.16666666666666666
13060,307.53,1,123,15,254.05069444444445,0.0,307.53,123.0,0.0,0.0,0.0
13061,248.61,1,107,10,72.86527777777778,0.0,248.61,107.0,0.0,0.0,0.0
13062,346.98,1,343,11,191.9013888888889,0.0,346.98,343.0,0.0,0.0,0.0
13063,188.4,1,116,12,481.0159722222222,0.0,188.4,116.0,0.0,0.0,0.0
13064,1666.8400000000001,6,668,58,13.013194444444444,579.0993055555556,277.8066666666667,111.33333333333333,0.008619213903749716,0.5,0.0
13065,1055.05,5,381,49,373.83194444444445,174.2138888888889,211.01,76.2,0.022829240452145787,0.0,0.16666666666666666
13066,470.8,2,322,48,24.99513888888889,7.827083333333333,235.4,161.0,0.11328770356384232,0.0,0.3333333333333333
13067,508.51,3,131,24,82.96666666666667,363.99652777777777,169.50333333333333,43.666666666666664,0.005479504180975847,0.6666666666666666,0.0
13068,344.0,2,200,1,10.909722222222221,309.27777777777777,172.0,100.0,0.003222918531781558,0.0,0.0
13069,9284.45,38,15171,573,1.1743055555555555,542.7583333333333,244.32763157894738,399.2368421052632,0.06804493417725399,0.23684210526315788,0.09523809523809523
13070,751.7,4,372,12,192.96180555555554,539.9590277777778,187.925,93.0,0.005545706506320436,0.0,0.2
13071,129.22,1,30,12,612.9673611111111,0.0,129.22,30.0,0.0,0.0,0.0
13072,177.15,1,69,7,267.19305555555553,0.0,177.15,69.0,0.0,0.0,0.0
13073,418.08,2,261,25,411.9472222222222,26.19375,209.04,130.5,0.036773155596414614,0.5,0.0
13074,1378.74,4,826,26,511.83125,212.21319444444444,344.685,206.5,0.01407042377380491,0.0,0.2
13075,919.61,1,485,22,130.10486111111112,0.0,919.61,485.0,0.0,0.0,0.0
13076,135.4,1,44,9,458.09930555555553,0.0,135.4,44.0,0.0,0.0,0.0
13077,2740.65,11,2468,208,1.726388888888889,727.3381944444444,249.15,224.36363636363637,0.013729885479406602,0.0,0.21428571428571427
13078,29018.06,57,12032,153,3.8847222222222224,735.2708333333334,509.0887719298246,211.08771929824562,0.07605896833705894,0.10526315789473684,0.4
13079,419.18,6,158,11,4.83125,413.1097222222222,69.86333333333333,26.333333333333332,0.012074094694441557,0.16666666666666666,0.0
13080,280.73,4,193,17,179.91041666666666,430.0777777777778,70.1825,48.25,0.006959300976879655,0.0,0.2
13081,56838.37,28,40077,738,12.080555555555556,719.8722222222223,2029.9417857142857,1431.3214285714287,0.037454626725340445,0.07142857142857142,0.36363636363636365
13082,7335.75,21,8466,99,126.85694444444445,591.0270833333333,349.32142857142856,403.14285714285717,0.03378223828442534,0.047619047619047616,0.16
13083,395.43,3,307,19,4.909027777777778,421.0576388888889,131.81,102.33333333333333,0.004738689258806475,0.6666666666666666,0.0
13084,122.39999999999999,1,144,2,492.1673611111111,0.0,122.39999999999999,144.0,0.0,0.0,0.5
13085,2433.28,8,944,50,158.02708333333334,581.1847222222223,304.16,118.0,0.012023675189003108,0.0,0.2
13086,439.33000000000004,1,155,47,383.0986111111111,0.0,439.33000000000004,155.0,0.0,0.0,0.0
13087,313.64,1,86,15,726.8986111111111,0.0,313.64,86.0,0.0,1.0,0.0
13088,236.11,1,76,19,417.8854166666667,0.0,236.11,76.0,0.0,0.0,0.0
13089,113416.91,203,58932,857,3.158333333333333,734.7208333333333,558.7039901477833,290.30541871921184,0.2745606632950678,0.09359605911330049,0.17813765182186234
13090,13091.74,24,3247,163,9.00763888888889,485.9451388888889,545.4891666666666,135.29166666666666,0.04723324695771968,0.041666666666666664,0.2
13091,2321.82,3,1339,41,28.872222222222224,701.1694444444445,773.94,446.3333333333333,0.0028483153401561035,0.0,0.5
13092,2140.28,12,664,52,71.06388888888888,597.1069444444445,178.35666666666668,55.333333333333336,0.01839135977633134,0.08333333333333333,0.2
13093,54144.25,55,25971,199,276.025,460.0708333333333,984.4409090909091,472.2,0.11711866397968497,0.12727272727272726,0.375
13094,2209.44,13,1896,5,21.946527777777778,367.99444444444447,169.9569230769231,145.84615384615384,0.03252081482708261,0.07692307692307693,0.23529411764705882
13095,74.39999999999999,1,144,6,71.03263888888888,0.0,74.39999999999999,144.0,0.0,0.0,0.0
13096,419.70000000000005,1,6,1,394.9458333333333,0.0,419.70000000000005,6.0,0.0,0.0,0.0
13097,13324.1,28,5345,390,33.08819444444445,705.8833333333333,475.8607142857143,190.89285714285714,0.038195836182302594,0.10714285714285714,0.3
13098,28882.44,28,15968,156,1.9416666666666667,316.01944444444445,1031.5157142857142,570.2857142857143,0.08516827744530216,0.07142857142857142,0.3170731707317073
13099,207.35999999999999,1,288,1,99.79861111111111,0.0,207.35999999999999,288.0,0.0,0.0,0.0
13101,695.4,4,478,48,234.92569444444445,446.95,173.85,119.5,0.006697176024109834,0.0,0.0
13102,11380.1,37,6366,212,1.9986111111111111,580.9861111111111,307.57027027027027,172.05405405405406,0.06185714626637711,0.10810810810810811,0.11904761904761904
13103,709.64,3,426,27,40.13333333333333,537.7895833333333,236.54666666666665,142.0,0.003712024251891779,0.0,0.0
13104,1709.1,9,834,15,3.986111111111111,649.9194444444445,189.89999999999998,92.66666666666667,0.012290307300357186,0.0,0.0
13105,72.0,1,100,1,436.96458333333334,0.0,72.0,100.0,0.0,0.0,0.0
13106,603.46,2,231,15,133.9013888888889,280.08472222222224,301.73,115.5,0.0035576462217303006,0.0,0.3333333333333333
13107,5253.07,9,4316,142,44.915277777777774,629.1680555555556,583.6744444444444,479.55555555555554,0.012695026238591556,0.0,0.4
13108,748.46,2,745,27,373.09375,62.72638888888889,374.23,372.5,0.015692086393653423,0.0,0.0
13109,1134.03,3,757,57,60.106944444444444,491.88680555555555,378.01,252.33333333333334,0.004057726799453897,0.3333333333333333,0.5714285714285714
13110,2957.4700000000003,12,763,167,31.930555555555557,707.0111111111111,246.45583333333335,63.583333333333336,0.015536479339621162,0.08333333333333333,0.14285714285714285
13111,321.88000000000005,1,180,12,719.1597222222222,0.0,321.88000000000005,180.0,0.0,0.0,0.0
13112,20.6,1,11,2,541.8243055555556,0.0,20.6,11.0,0.0,0.0,0.6666666666666666
13113,18230.07,37,4435,166,1.0006944444444446,620.8583333333333,492.7045945945946,119.86486486486487,0.05789099875373544,0.16216216216216217,0.38333333333333336
13114,234.38,1,74,16,731.1208333333333,0.0,234.38,74.0,0.0,0.0,0.0
13115,5494.7,10,3934,178,12.008333333333333,587.9645833333333,549.47,393.4,0.015281054675755123,0.0,0.5652173913043478
13116,501.14,1,291,30,138.9284722222222,0.0,501.14,291.0,0.0,1.0,0.5
13117,2255.66,18,1852,122,22.033333333333335,601.925,125.31444444444443,102.88888888888889,0.028195878426006554,0.05555555555555555,0.05263157894736842
13118,2415.41,9,834,111,20.002777777777776,419.875,268.37888888888887,92.66666666666667,0.019008019008019007,0.6666666666666666,0.25
13119,134.9,1,110,11,669.175,0.0,134.9,110.0,0.0,0.0,0.0
13120,30.599999999999998,1,12,1,239.10486111111112,0.0,30.599999999999998,12.0,0.0,0.0,0.0
13121,283.73,1,252,50,269.8354166666667,0.0,283.73,252.0,0.0,0.0,0.5
13122,922.39,2,585,54,94.87291666666667,146.0701388888889,461.195,292.5,0.006799476818033724,0.0,0.0
13123,506.75,2,268,36,473.10555555555555,56.89930555555556,253.375,134.0,0.01727136431784108,0.0,0.0
13124,4641.66,4,2738,216,90.00347222222223,295.87152777777777,1160.415,684.5,0.010105381349489469,0.25,0.0
13125,148.62,1,53,20,524.0361111111112,0.0,148.62,53.0,0.0,1.0,0.0
13126,3774.81,13,3289,183,5.118055555555555,642.9,290.37,253.0,0.018636434228917535,0.0,0.3157894736842105
13127,259.17,1,127,15,78.1,0.0,259.17,127.0,0.0,0.0,0.0
13128,263.5,1,31,1,631.9041666666667,0.0,263.5,31.0,0.0,0.0,0.0
13129,233.25,2,296,10,452.9604166666667,77.07847222222222,116.625,148.0,0.01280762765380271,0.0,0.0
13130,64.0,1,32,2,94.88888888888889,0.0,64.0,32.0,0.0,0.0,0.0
13131,3313.77,7,1523,107,23.978472222222223,645.1486111111111,473.3957142857143,217.57142857142858,0.009285789517805286,0.2857142857142857,0.125
13132,77.3,1,20,3,262.00416666666666,0.0,77.3,20.0,0.0,0.0,0.0
13133,200.45000000000002,3,55,12,274.0965277777778,185.79236111111112,66.81666666666668,18.333333333333332,0.010707075964473326,0.0,0.0
13134,2475.23,6,1364,110,86.09375,330.8847222222222,412.53833333333336,227.33333333333334,0.01506547203053269,0.0,0.3333333333333333
13135,3371.45,2,4423,18,197.08194444444445,294.725,1685.725,2211.5,0.0033815199932369596,0.0,0.0
13136,6274.56,13,3109,204,56.96458333333333,674.7993055555555,482.65846153846155,239.15384615384616,0.017756751007808654,0.07692307692307693,0.4583333333333333
13137,7586.94,16,4238,628,11.028472222222222,491.8534722222222,474.18375,264.875,0.030435009278450748,0.5,0.058823529411764705
13138,1274.01,7,593,41,22.832638888888887,374.2125,182.00142857142856,84.71428571428571,0.015990938468201352,0.0,0.125
13139,8202.98,8,4614,214,16.955555555555556,421.1958333333333,1025.3725,576.75,0.01657998361739714,0.125,0.1111111111111111
13140,1054.92,5,572,89,108.88680555555555,382.85277777777776,210.984,114.4,0.01042066185675932,0.0,0.0
13141,7656.08,17,5159,285,85.12222222222222,645.8472222222222,450.35764705882355,303.47058823529414,0.024735361690249716,0.0,0.19047619047619047
13142,307.09,1,258,23,19.863194444444446,0.0,307.09,258.0,0.0,1.0,0.0
13143,405.1,1,198,23,585.0194444444444,0.0,405.1,198.0,0.0,0.0,0.5
13144,135.35,2,29,6,333.06597222222223,98.87569444444445,67.675,14.5,0.010012446026658137,0.0,0.0
13145,1128.52,7,265,5,40.00347222222222,560.0652777777777,161.21714285714285,37.857142857142854,0.0106939428220622,0.14285714285714285,0.125
13146,228.91,1,154,16,26.889583333333334,0.0,228.91,154.0,0.0,1.0,0.0
13147,712.8000000000001,4,144,1,10.952083333333333,89.06319444444445,178.20000000000002,36.0,0.03330994440631963,0.0,0.0
13148,8497.82,26,4487,451,29.89375,702.9979166666667,326.83923076923077,172.57692307692307,0.03551146872475357,0.3076923076923077,0.2777777777777778
13149,1676.06,4,1280,76,14.986805555555556,274.96666666666664,419.015,320.0,0.010870878125377462,0.0,0.0
13150,449.96999999999997,3,171,7,484.99375,146.1638888888889,149.98999999999998,57.0,0.013590290492459276,0.0,0.25
13151,2465.21,3,813,131,296.01458333333335,332.0854166666667,821.7366666666667,271.0,0.006004465821454707,0.0,0.4
13152,2146.38,7,977,114,417.9625,277.15486111111113,306.6257142857143,139.57142857142858,0.021570717750653487,0.2857142857142857,0.2222222222222222
13153,486.22,1,418,15,6.025,0.0,486.22,418.0,0.0,1.0,0.0
13154,1624.84,3,976,78,399.86805555555554,336.3013888888889,541.6133333333333,325.3333333333333,0.005929415252597207,0.0,0.4
13155,1370.48,6,741,79,33.88125,458.2576388888889,228.41333333333333,123.5,0.010887135186464872,0.16666666666666666,0.0
13156,1586.54,3,914,94,385.9868055555556,290.975,528.8466666666667,304.6666666666667,0.0068499015326654675,0.0,0.0
13157,5687.36,9,4762,173,49.958333333333336,592.0770833333333,631.9288888888889,529.1111111111111,0.01348897171179969,0.2222222222222222,0.1
13158,1508.18,5,992,70,95.03611111111111,293.78194444444443,301.636,198.4,0.013569352110552527,0.0,0.0
13159,1429.35,4,1058,114,9.0625,106.98333333333333,357.3375,264.5,0.027782065133508258,0.0,0.2
13160,91.8,1,56,4,22.988194444444446,0.0,91.8,56.0,0.0,0.0,0.0
13161,472.13,2,105,30,313.94930555555555,187.0548611111111,236.065,52.5,0.005317597184627713,0.5,0.0
13162,9275.49,16,5755,186,122.86875,613.0833333333334,579.718125,359.6875,0.024426652191613513,0.125,0.15789473684210525
13163,17.65,1,3,2,610.8534722222222,0.0,17.65,3.0,0.0,0.0,0.5
13164,372.2,2,120,7,569.9569444444444,98.08333333333333,186.1,60.0,0.010092514718250631,0.0,0.3333333333333333
13165,1451.16,3,1736,47,46.90625,366.9173611111111,483.72,578.6666666666666,0.005436003329552039,0.0,0.0
13166,875.93,2,522,55,283.8986111111111,131.0326388888889,437.965,261.0,0.007573884824354247,0.0,0.3333333333333333
13167,1125.15,5,1007,64,19.018055555555556,371.9763888888889,225.03000000000003,201.4,0.010724539459229993,0.2,0.0
13168,1840.73,5,898,127,36.99583333333333,505.9138888888889,368.146,179.6,0.007890886573985281,0.2,0.16666666666666666
13169,840.08,3,296,16,64.02708333333334,498.84236111111113,280.0266666666667,98.66666666666667,0.004001261508836814,0.0,0.0
13170,108.81,1,141,29,27.021527777777777,0.0,108.81,141.0,0.0,1.0,0.0
13171,468.41,3,229,37,22.099305555555556,277.8409722222222,156.13666666666668,76.33333333333333,0.007172547076066357,0.3333333333333333,0.4
13172,69.6,1,48,1,400.90277777777777,0.0,69.6,48.0,0.0,0.0,0.0
13173,2399.82,11,1481,160,4.874305555555556,725.1243055555556,218.16545454545457,134.63636363636363,0.013771746687847104,0.0,0.15384615384615385
13174,7995.36,12,3794,602,16.927083333333332,718.9548611111111,666.28,316.1666666666667,0.015278735646042626,0.08333333333333333,0.0
13175,831.45,2,423,40,582.9840277777778,153.04305555555555,415.725,211.5,0.006491691536457159,0.0,0.5
13176,481.49,1,448,66,46.87986111111111,0.0,481.49,448.0,0.0,0.0,0.0
13177,512.2,2,180,23,65.12083333333334,365.97291666666666,256.1,90.0,0.002724996735680994,0.0,0.0
13178,14059.19,21,8778,194,26.858333333333334,697.0930555555556,669.4852380952382,418.0,0.028649475654909107,0.14285714285714285,0.16
13179,572.3100000000001,1,368,34,619.0486111111111,0.0,572.3100000000001,368.0,0.0,0.0,0.0
13180,86.10000000000001,1,42,4,607.9673611111111,0.0,86.10000000000001,42.0,0.0,1.0,0.0
13181,359.69,1,171,19,381.90625,0.0,359.69,171.0,0.0,0.0,0.0
13182,121.18,1,201,11,45.96111111111111,0.0,121.18,201.0,0.0,0.0,0.0
13183,7036.18,15,4027,64,8.097222222222221,627.9152777777778,469.07866666666666,268.46666666666664,0.022260550021090106,0.2,0.16666666666666666
13184,1668.95,10,1662,138,15.033333333333333,275.77569444444447,166.895,166.2,0.03251730618205175,0.0,0.16666666666666666
13185,71.4,1,12,1,268.0375,0.0,71.4,12.0,0.0,0.0,0.0
13186,1575.89,3,820,69,40.048611111111114,89.1048611111111,525.2966666666667,273.3333333333333,0.022196360721690008,0.0,0.4
13187,341.36,4,296,51,337.7451388888889,287.06875,85.34,74.0,0.01041418064264173,0.0,0.2
13188,114.60000000000001,1,25,2,11.890277777777778,0.0,114.60000000000001,25.0,0.0,0.0,0.0
13189,260.68,2,842,29,19.090972222222224,96.89375,130.34,421.0,0.010215156738811211,0.0,0.0
13190,570.66,3,308,16,544.8770833333333,188.1486111111111,190.22,102.66666666666667,0.010573696461483107,0.6666666666666666,0.25
13191,164.69,1,115,58,658.825,0.0,164.69,115.0,0.0,0.0,0.0
13192,2558.58,6,1629,135,95.94236111111111,591.2333333333333,426.43,271.5,0.008442618337367029,0.0,0.25
13193,112.08,1,46,22,61.93055555555556,0.0,112.08,46.0,0.0,1.0,0.0
13194,472.78,2,326,10,136.15902777777777,285.8798611111111,236.39,163.0,0.003485779713246205,0.0,0.0
13195,136.73,1,70,43,414.98819444444445,0.0,136.73,70.0,0.0,0.0,0.0
13196,3068.84,7,2006,141,11.955555555555556,606.0416666666666,438.4057142857143,286.57142857142856,0.009884000274555564,0.0,0.125
13197,373.01000000000005,1,204,19,610.15,0.0,373.01000000000005,204.0,0.0,0.0,0.0
13198,4974.2300000000005,8,3449,265,10.897916666666667,424.0763888888889,621.7787500000001,431.125,0.016467628367450294,0.0,0.3333333333333333
13199,15964.210000000001,67,11567,61,4.013888888888889,731.0965277777777,238.27179104477614,172.6417910447761,0.09015204620671796,0.04477611940298507,0.028985507246376812
13200,870.09,4,516,42,19.885416666666668,107.03125,217.5225,129.0,0.027769742551345098,0.25,0.0
13201,1233.06,4,1036,65,502.93055555555554,140.14513888888888,308.265,259.0,0.02125471712037944,0.5,0.0
13202,1580.3,7,572,55,394.8513888888889,336.23333333333335,225.75714285714284,81.71428571428571,0.01779183552436493,0.14285714285714285,0.125
13203,2648.25,10,2413,158,10.086805555555555,712.8541666666666,264.825,241.3,0.012607617101999126,0.1,0.09090909090909091
13204,966.6600000000001,1,428,57,731.9125,0.0,966.6600000000001,428.0,0.0,0.0,0.0
13205,2803.2,1,256,1,443.85,0.0,2803.2,256.0,0.0,0.0,0.0
13206,8308.19,13,7086,393,400.8333333333333,332.12638888888887,639.0915384615384,545.0769230769231,0.036022363884244804,0.07692307692307693,0.13333333333333333
13207,535.86,4,178,10,15.915277777777778,596.9270833333334,133.965,44.5,0.005017334192784098,0.0,0.0
13208,1976.3,9,1343,198,59.12222222222222,677.8534722222222,219.58888888888887,149.22222222222223,0.01178457550465501,0.0,0.1
13209,8509.51,13,5781,284,30.955555555555556,653.975,654.5776923076924,444.6923076923077,0.018321309973663116,0.15384615384615385,0.1875
13210,353.48,1,316,22,94.18888888888888,0.0,353.48,316.0,0.0,0.0,0.0
13211,2618.77,10,1845,98,10.921527777777778,722.9715277777777,261.877,184.5,0.012431428108264694,0.5,0.16666666666666666
13212,786.83,3,309,128,20.006944444444443,41.91111111111111,262.2766666666667,103.0,0.04660797514241326,1.0,0.25
13213,3851.52,11,2962,181,57.047222222222224,511.86944444444447,350.1381818181818,269.27272727272725,0.019498139552517696,0.18181818181818182,0.21428571428571427
13214,3264.23,7,2966,207,418.11805555555554,228.82638888888889,466.31857142857143,423.7142857142857,0.026106662637860704,0.14285714285714285,0.0
13215,81.6,1,96,1,402.76666666666665,0.0,81.6,96.0,0.0,0.0,0.0
13216,333.74,1,297,5,268.02222222222224,0.0,333.74,297.0,0.0,0.0,0.0
13217,666.48,4,512,3,122.8875,533.1131944444444,166.62,128.0,0.0056167869118463505,0.25,0.3333333333333333
13218,62.63999999999999,1,88,5,127.82708333333333,0.0,62.63999999999999,88.0,0.0,0.0,0.0
13219,76.23,1,11,11,618.9388888888889,0.0,76.23,11.0,0.0,0.0,0.0
13220,1336.0900000000001,5,396,46,78.96666666666667,497.12708333333336,267.218,79.2,0.008030079338856801,0.2,0.0
13221,847.41,2,244,62,240.82777777777778,119.14861111111111,423.705,122.0,0.008323025882298543,0.0,0.0
13222,88.5,1,30,1,577.9555555555555,0.0,88.5,30.0,0.0,0.0,0.0
13223,969.1200000000001,6,568,8,200.9909722222222,464.98333333333335,161.52,94.66666666666667,0.010729997496333916,0.16666666666666666,0.0
13224,2155.95,2,1518,101,60.91319444444444,91.03125,1077.975,759.0,0.010865874363327675,0.0,0.3333333333333333
13225,16260.07,16,7401,60,3.972916666666667,719.1805555555555,1016.254375,462.5625,0.020828110234701946,0.125,0.058823529411764705
13226,312.46,2,179,28,273.9270833333333,120.03402777777778,156.23,89.5,0.00826213932032429,0.0,0.0
13227,257.7,1,99,9,202.04375,0.0,257.7,99.0,0.0,1.0,0.0
13228,358.0,1,200,2,81.93194444444444,0.0,358.0,200.0,0.0,0.0,0.0
13229,160.95,1,63,10,226.0298611111111,0.0,160.95,63.0,0.0,0.0,0.0
13230,6120.01,30,3520,653,4.865972222222222,626.8340277777778,204.00033333333334,117.33333333333333,0.04619055151031821,0.4,0.03225806451612903
13232,1328.35,7,773,147,13.090972222222222,230.86875,189.7642857142857,110.42857142857143,0.02587670826706919,0.7142857142857143,0.0
13233,1176.46,4,1604,74,74.97569444444444,619.96875,294.115,401.0,0.004831160988375019,0.0,0.0
13234,346.5,2,159,56,673.0479166666667,59.96458333333333,173.25,79.5,0.016402966203055053,0.0,0.0
13235,1031.07,1,441,53,212.8173611111111,0.0,1031.07,441.0,0.0,0.0,0.5
13236,744.85,2,416,34,25.0,82.16111111111111,372.425,208.0,0.01202485135947625,0.0,0.3333333333333333
13237,643.0,1,128,24,388.11319444444445,0.0,643.0,128.0,0.0,0.0,0.0
13238,1006.63,6,442,24,17.884027777777778,573.0243055555555,167.77166666666668,73.66666666666667,0.00871043255766125,0.0,0.14285714285714285
13239,1594.69,5,1151,86,262.10069444444446,240.86875,318.938,230.2,0.016537895036047443,0.2,0.16666666666666666
13240,1475.79,8,709,160,96.94583333333334,556.0354166666667,184.47375,88.625,0.012566525916589683,0.625,0.1111111111111111
13241,112.53,1,46,40,412.06458333333336,0.0,112.53,46.0,0.0,1.0,0.0
13242,699.4,7,350,19,112.99791666666667,555.9868055555555,99.91428571428571,50.0,0.010772247996100048,0.14285714285714285,0.0
13243,1220.38,5,554,165,203.98333333333332,428.0027777777778,244.07600000000002,110.8,0.009323948951379491,0.0,0.0
13244,121.74000000000001,1,38,27,93.04444444444445,0.0,121.74000000000001,38.0,0.0,0.0,0.0
13245,989.22,2,371,43,51.048611111111114,381.90069444444447,494.61,185.5,0.0026116432132642455,0.5,0.0
13246,3351.75,11,2796,229,18.833333333333332,507.1347222222222,304.70454545454544,254.1818181818182,0.019679820257641648,0.09090909090909091,0.21428571428571427
13247,501.12,4,328,18,18.077083333333334,64.97777777777777,125.28,82.0,0.045469855170090945,0.25,0.0
13248,465.68,2,305,25,125.00694444444444,64.98263888888889,232.84,152.5,0.015155501762879546,0.5,0.0
13249,1608.93,9,1246,21,92.975,592.0520833333334,178.77,138.44444444444446,0.013489540336887217,0.2222222222222222,0.0
13250,253.09,2,107,17,461.05347222222224,41.897222222222226,126.545,53.5,0.023311532733277213,1.0,0.3333333333333333
13251,252.68,1,215,25,402.9791666666667,0.0,252.68,215.0,0.0,0.0,0.0
13252,399.3,2,134,19,394.86805555555554,231.22916666666666,199.65,67.0,0.004306091325020185,0.0,0.3333333333333333
13253,2951.11,4,3015,73,157.11180555555555,546.9138888888889,737.7775,753.75,0.005475312929343114,0.0,0.0
13254,51.410000000000004,1,43,4,376.88055555555553,0.0,51.410000000000004,43.0,0.0,1.0,0.0
13255,678.76,3,407,26,9.983333333333333,502.99583333333334,226.25333333333333,135.66666666666666,0.003968286774857596,0.0,0.25
13257,149.75,1,33,7,436.9111111111111,0.0,149.75,33.0,0.0,0.0,0.6666666666666666
13258,1009.43,5,446,29,12.138194444444444,388.8652777777778,201.886,89.2,0.010259954471452032,0.0,0.0
13259,1402.54,9,503,234,62.084722222222226,637.0152777777778,155.83777777777777,55.888888888888886,0.012538884692329293,0.8888888888888888,0.0
13260,557.62,1,142,8,61.97847222222222,0.0,557.62,142.0,0.0,1.0,0.0
13261,944.1,2,210,8,269.01944444444445,17.070138888888888,472.05,105.0,0.055339917758733335,0.5,0.0
13262,573.45,3,247,48,263.90555555555557,337.11944444444447,191.15,82.33333333333333,0.005915069460989295,0.3333333333333333,0.0
13263,8676.2,39,5372,507,1.9520833333333334,411.86944444444447,222.4666666666667,137.74358974358975,0.09203878008248505,0.02564102564102564,0.0
13264,722.5600000000001,1,375,38,443.00555555555553,0.0,722.5600000000001,375.0,0.0,0.0,0.0
13265,2092.66,5,1740,66,53.90833333333333,220.2138888888889,418.532,348.0,0.018082047289576453,0.0,0.0
13266,6135.04,19,6837,154,11.924305555555556,711.1576388888889,322.89684210526315,359.8421052631579,0.02527530285019995,0.05263157894736842,0.36666666666666664
13267,9429.81,36,3959,152,3.0680555555555555,729.7611111111111,261.93916666666667,109.97222222222223,0.04789526901176095,0.05555555555555555,0.28
13268,3174.75,11,3624,257,18.040972222222223,249.93819444444443,288.6136363636364,329.45454545454544,0.03985045011636885,0.0,0.26666666666666666
13269,8537.32,28,6366,238,1.9145833333333333,736.1291666666667,304.9042857142857,227.35714285714286,0.03662858725573876,0.10714285714285714,0.06666666666666667
13270,590.0,1,200,1,366.9145833333333,0.0,590.0,200.0,0.0,0.0,0.0
13271,211.49,1,240,79,37.92986111111111,0.0,211.49,240.0,0.0,0.0,0.5
13272,276.56,2,96,15,31.95138888888889,58.079166666666666,138.28,48.0,0.016926440510614288,0.5,0.0
13273,138.98,1,153,16,113.95,0.0,138.98,153.0,0.0,0.0,0.0
13274,360.85,1,199,19,409.95972222222224,0.0,360.85,199.0,0.0,0.0,0.0
13275,238.86,2,138,48,384.0284722222222,248.91944444444445,119.43,69.0,0.004001289304331396,0.5,0.0
13276,1891.91,5,840,209,64.00416666666666,578.94375,378.382,168.0,0.006897220635621989,0.6,0.2857142857142857
13277,523.3,7,382,10,16.145138888888887,524.025,74.75714285714285,54.57142857142857,0.011428027236798248,0.0,0.0
13278,1435.85,4,1358,80,41.04236111111111,569.9930555555555,358.9625,339.5,0.005254004354012867,0.25,0.2
13279,137.75,1,73,9,78.80972222222222,0.0,137.75,73.0,0.0,0.0,0.5
13280,2293.33,7,1489,159,122.98333333333333,522.1715277777778,327.61857142857144,212.71428571428572,0.011468514017736376,0.0,0.125
13281,350.85,1,201,22,439.86597222222224,0.0,350.85,201.0,0.0,1.0,0.6666666666666666
13282,1313.19,4,410,42,18.886805555555554,388.05694444444447,328.2975,102.5,0.007710953480817218,0.0,0.42857142857142855
13283,373.36,4,204,19,60.125,580.8013888888889,93.34,51.0,0.0051563988283515995,0.0,0.0
13284,201.19,1,91,13,331.14375,0.0,201.19,91.0,0.0,0.0,0.5
13285,3364.59,6,2457,182,23.979861111111113,600.9534722222222,560.765,409.5,0.00830628982260303,0.16666666666666666,0.0
13286,734.91,1,274,46,600.8854166666666,0.0,734.91,274.0,0.0,1.0,0.0
13287,781.59,3,429,46,603.8916666666667,101.19652777777777,260.53000000000003,143.0,0.019570136515292567,0.0,0.5714285714285714
13288,927.61,5,379,7,443.84583333333336,223.06458333333333,185.522,75.8,0.017851995797342656,0.2,0.16666666666666666
13289,307.95,1,119,16,724.0395833333333,0.0,307.95,119.0,0.0,0.0,0.0
13290,208.63,1,1,1,438.84791666666666,0.0,208.63,1.0,0.0,0.0,0.6666666666666666
13291,3270.79,11,1600,155,156.09305555555557,510.6666666666667,297.3445454545454,145.45454545454547,0.019543973941368076,0.0,0.0
13292,994.51,5,530,55,39.11527777777778,487.81111111111113,198.902,106.0,0.008183120041824836,0.0,0.16666666666666666
13293,1192.94,6,555,51,392.9736111111111,276.0576388888889,198.82333333333335,92.5,0.01804678629346581,0.16666666666666666,0.14285714285714285
13294,1689.53,3,996,93,190.1638888888889,456.8333333333333,563.1766666666666,332.0,0.004368401892974154,0.0,0.0
13295,1101.97,4,733,56,360.06180555555557,217.0888888888889,275.4925,183.25,0.013755858976971673,0.5,0.5555555555555556
13296,792.51,6,653,50,137.9611111111111,439.97013888888887,132.085,108.83333333333333,0.01133863624552557,0.0,0.0
13297,4368.62,7,2694,108,8.1375,534.8729166666667,624.0885714285714,384.85714285714283,0.011196684537300898,0.0,0.125
13298,360.0,1,96,2,1.9854166666666666,0.0,360.0,96.0,0.0,0.0,0.0
13299,1218.7,3,416,56,268.99652777777777,260.05902777777777,406.23333333333335,138.66666666666666,0.0076611026135532355,0.0,0.4
13300,1285.51,3,455,44,169.98680555555555,404.88402777777776,428.50333333333333,151.66666666666666,0.004927515898938018,0.0,0.4
13301,618.09,4,345,75,104.05902777777777,188.925,154.5225,86.25,0.015795708832433853,0.75,0.0
13302,159.2,2,12,3,155.7875,371.225,79.6,6.0,0.002686547115320035,0.0,0.0
13303,61.72,1,26,4,400.91319444444446,0.0,61.72,26.0,0.0,0.0,0.0
13304,1217.99,4,716,59,351.9270833333333,318.0784722222222,304.4975,179.0,0.009402075856470347,0.0,0.42857142857142855
13305,3616.41,16,2228,153,4.899305555555555,635.0180555555555,226.025625,139.25,0.023584236121878092,0.0625,0.0
13306,53.65,1,74,4,430.91319444444446,0.0,53.65,74.0,0.0,0.0,0.0
13307,273.34,3,140,15,120.81666666666666,472.15694444444443,91.11333333333333,46.666666666666664,0.0042269272880445475,0.0,0.0
13308,1670.3700000000001,4,1073,65,23.138194444444444,574.00625,417.59250000000003,268.25,0.005217334594189193,0.0,0.2
13309,1706.3700000000001,6,1914,95,7.844444444444444,385.18333333333334,284.39500000000004,319.0,0.012947218505890984,0.0,0.0
13310,1541.2,5,816,80,28.810416666666665,374.0138888888889,308.24,163.2,0.010666271619569645,0.0,0.375
13311,598.57,2,305,25,4.996527777777778,145.93680555555557,299.285,152.5,0.006805646796383555,0.0,0.0
13312,124.75,1,41,5,451.9263888888889,0.0,124.75,41.0,0.0,0.0,0.0
13313,3445.32,12,2308,105,22.834722222222222,715.0208333333334,287.11,192.33333333333334,0.01536268148622305,0.08333333333333333,0.2
13314,775.94,3,560,55,2.0145833333333334,72.08958333333334,258.6466666666667,186.66666666666666,0.027363680415015818,0.0,0.25
13315,310.26,1,232,22,689.8861111111111,0.0,310.26,232.0,0.0,0.0,0.0
13316,12940.82,10,19931,115,37.96527777777778,602.1520833333333,1294.0819999999999,1993.1,0.014921609737731985,0.1,0.16666666666666666
13317,6486.091,19,3149,222,66.96875,660.1,341.3732105263158,165.73684210526315,0.027227348358795946,0.15789473684210525,0.3870967741935484
13318,640.76,3,304,14,1.7493055555555554,36.22569444444444,213.58666666666667,101.33333333333333,0.05372633149892734,0.3333333333333333,0.0
13319,21323.22,58,8974,345,5.969444444444444,727.95,367.6417241379311,154.72413793103448,0.07819466355717127,0.05172413793103448,0.2564102564102564
13320,2211.6,6,1509,98,78.77986111111112,400.31805555555553,368.59999999999997,251.5,0.012458946042381182,0.0,0.3333333333333333
13321,567.36,2,372,10,72.89305555555555,14.004166666666666,283.68,186.0,0.06664815329075258,0.0,0.0
13322,199.48000000000002,1,117,25,17.936805555555555,0.0,199.48000000000002,117.0,0.0,0.0,0.0
13323,787.85,5,175,6,3.8180555555555555,81.15902777777778,157.57,35.0,0.04868606783930216,0.0,0.0
13324,10513.47,18,8448,36,36.84861111111111,527.2534722222222,584.0816666666666,469.3333333333333,0.03218152060314059,0.1111111111111111,0.21739130434782608
13325,675.3,1,240,12,82.09305555555555,0.0,675.3,240.0,0.0,0.0,0.0
13326,281.76,1,140,13,432.86805555555554,0.0,281.76,140.0,0.0,1.0,0.0
13327,9134.48,20,4203,175,39.10347222222222,682.7819444444444,456.724,210.15,0.027786636009286585,0.1,0.09090909090909091
13328,1308.48,1,680,17,316.89444444444445,0.0,1308.48,680.0,0.0,0.0,0.0
13329,4808.77,8,3311,68,32.09791666666667,703.7833333333333,601.09625,413.875,0.009932130441979804,0.0,0.42857142857142855
13330,2796.1,6,1951,80,93.01597222222222,562.09375,466.01666666666665,325.1666666666667,0.008879516066374382,0.16666666666666666,0.0
13331,262.4,1,54,12,402.1986111111111,0.0,262.4,54.0,0.0,0.0,0.0
13332,350.9,1,179,21,14.972222222222221,0.0,350.9,179.0,0.0,0.0,0.0
13333,1015.74,3,685,54,411.9763888888889,247.1652777777778,338.58,228.33333333333334,0.00805914517094902,0.3333333333333333,0.0
13334,6201.8,5,3198,307,82.8951388888889,570.125,1240.3600000000001,639.6,0.007003720726636025,0.2,0.16666666666666666
13336,795.12,1,559,51,77.94791666666667,0.0,795.12,559.0,0.0,0.0,0.0
13337,1575.26,1,980,87,546.9743055555556,0.0,1575.26,980.0,0.0,0.0,0.5
13338,2445.62,4,1151,113,158.15555555555557,545.8618055555555,611.405,287.75,0.005485846642649156,0.0,0.6
13339,860.12,1,326,54,201.1798611111111,0.0,860.12,326.0,0.0,0.0,0.0
13340,22100.56,12,9636,190,45.982638888888886,609.93125,1841.7133333333334,803.0,0.018005299286949227,0.16666666666666666,0.0
13341,775.85,1,301,42,261.125,0.0,775.85,301.0,0.0,0.0,0.0
13343,353.43,1,135,19,178.01805555555555,0.0,353.43,135.0,0.0,0.0,0.5
13344,2511.69,3,952,115,68.12847222222223,209.9701388888889,837.23,317.3333333333333,0.009480014615022531,0.0,0.0
13345,389.5,1,141,20,288.1590277777778,0.0,389.5,141.0,0.0,0.0,0.5
13346,299.4,6,180,4,463.04791666666665,133.96319444444444,49.9,30.0,0.03704713733682537,0.0,0.0
13347,341.36,1,205,8,70.97361111111111,0.0,341.36,205.0,0.0,0.0,0.0
13348,233.76,1,136,14,64.80694444444444,0.0,233.76,136.0,0.0,0.0,0.0
13349,247.32,1,225,16,11.196527777777778,0.0,247.32,225.0,0.0,0.0,0.0
13350,979.12,2,287,36,16.84513888888889,63.125,489.56,143.5,0.015594541910331383,0.0,0.3333333333333333
13351,373.94,1,117,16,66.99652777777777,0.0,373.94,117.0,0.0,0.0,0.0
13352,397.97999999999996,1,321,24,60.954861111111114,0.0,397.97999999999996,321.0,0.0,0.0,0.5
13354,743.53,1,604,51,71.98125,0.0,743.53,604.0,0.0,0.0,0.0
13355,674.7,1,314,32,122.91805555555555,0.0,674.7,314.0,0.0,0.0,0.0
13356,768.24,1,325,42,80.92847222222223,0.0,768.24,325.0,0.0,0.0,0.0
13357,3805.5099999999998,5,2112,284,257.95416666666665,369.9763888888889,761.102,422.4,0.010782357367757008,0.2,0.0
13358,439.03,1,285,29,269.04027777777776,0.0,439.03,285.0,0.0,0.0,0.0
13359,1043.31,2,381,52,64.13888888888889,339.7673611111111,521.655,190.5,0.00293455334671544,0.0,0.5
13360,1553.65,4,942,58,432.00902777777776,269.05625,388.4125,235.5,0.011108796778448934,0.0,0.42857142857142855
13361,1450.5,2,324,29,472.9125,145.29652777777778,725.25,162.0,0.006835432222417369,0.0,0.0
13362,5394.07,7,2481,186,9.922916666666667,415.96805555555557,770.5814285714285,354.42857142857144,0.014389591528794172,0.14285714285714285,0.3
13363,1723.86,3,1146,78,18.006944444444443,392.06458333333336,574.62,382.0,0.005088222355316927,0.0,0.0
13364,134.95999999999998,1,71,10,71.77569444444444,0.0,134.95999999999998,71.0,0.0,0.0,0.5
13365,2225.37,2,1247,122,34.00972222222222,184.025,1112.685,623.5,0.005404675043912985,0.5,0.5
13366,56.160000000000004,1,144,1,50.96736111111111,0.0,56.160000000000004,144.0,0.0,0.0,0.0
13367,510.20000000000005,1,253,20,432.11805555555554,0.0,510.20000000000005,253.0,0.0,0.0,0.0
13368,1121.5,4,606,45,257.11875,166.96944444444443,280.375,151.5,0.017860391274868114,0.0,0.2
13369,308.28000000000003,1,149,14,366.05555555555554,0.0,308.28000000000003,149.0,0.0,0.0,0.5
13370,754.87,1,343,39,372.1,0.0,754.87,343.0,0.0,0.0,0.5
13371,2297.66,2,1019,75,505.80347222222224,127.08611111111111,1148.83,509.5,0.007807247728307779,0.0,0.5
13372,378.64,1,159,23,90.00277777777778,0.0,378.64,159.0,0.0,1.0,0.0
13373,7587.1900000000005,6,4263,292,61.08263888888889,672.9284722222222,1264.5316666666668,710.5,0.007419184981920889,0.3333333333333333,0.0
13374,422.8,2,135,17,415.1152777777778,34.982638888888886,211.4,67.5,0.027791180160185277,0.0,0.0
13375,1792.23,2,1124,62,89.1048611111111,356.08819444444447,896.115,562.0,0.002800428621158405,0.0,0.3333333333333333
13376,1019.76,3,493,45,99.85694444444445,135.1340277777778,339.92,164.33333333333334,0.014691403998306407,0.0,0.0
13377,1552.88,2,748,71,397.0208333333333,249.09305555555557,776.44,374.0,0.003998511665102434,0.0,0.5
13379,572.56,3,601,85,26.961805555555557,110.05486111111111,190.85333333333332,200.33333333333334,0.018009117115539743,0.6666666666666666,0.0
13380,62.4,1,48,3,433.10555555555555,0.0,62.4,48.0,0.0,1.0,0.0
13381,8224.37,12,5125,154,32.03611111111111,706.8604166666667,685.3641666666667,427.0833333333333,0.015539786857696167,0.08333333333333333,0.2
13382,1387.58,5,863,74,281.11597222222224,451.0048611111111,277.51599999999996,172.6,0.008849462349071344,0.0,0.0
13383,305.28000000000003,1,288,1,544.0451388888889,0.0,305.28000000000003,288.0,0.0,0.0,0.0
13384,6680.83,11,4142,192,31.073611111111113,469.9458333333333,607.3481818181818,376.54545454545456,0.02123386447485999,0.09090909090909091,0.26666666666666666
13385,534.57,1,281,35,330.12361111111113,0.0,534.57,281.0,0.0,0.0,0.0
13386,835.46,2,514,24,414.99861111111113,22.988194444444446,417.73,257.0,0.04168717250962568,0.0,0.0
13387,186.94,1,123,71,417.94652777777776,0.0,186.94,123.0,0.0,0.0,0.0
13388,1185.65,3,701,68,131.9986111111111,472.1069444444444,395.2166666666667,233.66666666666666,0.0042273740081083385,0.6666666666666666,0.25
13389,797.96,3,429,50,11.950694444444444,221.07569444444445,265.9866666666667,143.0,0.009005938290560338,0.0,0.0
13390,544.08,1,224,13,75.175,0.0,544.08,224.0,0.0,0.0,0.0
13391,59.8,1,4,1,204.08333333333334,0.0,59.8,4.0,0.0,0.0,0.0
13392,91.14,1,82,8,677.9694444444444,0.0,91.14,82.0,0.0,1.0,0.0
13393,1131.45,4,662,53,584.1361111111111,148.64027777777778,282.8625,165.5,0.020048078261757363,0.0,0.3333333333333333
13394,6621.7,19,5354,254,2.051388888888889,736.9847222222222,348.5105263157895,281.7894736842105,0.024390748829865118,0.21052631578947367,0.20833333333333334
13395,1180.23,3,1660,77,185.90694444444443,236.0861111111111,393.41,553.3333333333334,0.008435753535400874,0.0,0.0
13396,1360.99,2,600,42,29.827083333333334,290.1402777777778,680.495,300.0,0.003434770371289136,0.0,0.5
13397,3191.87,10,1336,68,73.07916666666667,616.0458333333333,319.187,133.6,0.014585626405385877,0.1,0.23076923076923078
13398,670.34,2,341,37,192.98125,256.15486111111113,335.17,170.5,0.003888707355868032,0.0,0.0
13399,275.4,3,120,10,464.95208333333335,54.84166666666667,91.8,40.0,0.0358155499179227,0.0,0.0
13400,310.83,1,284,23,583.1597222222222,0.0,310.83,284.0,0.0,0.0,0.5
13402,1226.8500000000001,4,917,55,127.87430555555555,437.2048611111111,306.71250000000003,229.25,0.00684611300840709,0.0,0.0
13403,229.5,3,114,9,18.181944444444444,705.7951388888889,76.5,38.0,0.002829674243577966,0.0,0.0
13404,252.49,2,111,11,1.8840277777777779,211.15277777777777,126.245,55.5,0.0047135842880523734,0.0,0.0
13405,1213.811,6,855,33,74.82569444444445,650.1166666666667,202.30183333333332,142.5,0.007679115365909847,0.16666666666666666,0.3333333333333333
13406,568.92,2,292,7,427.92083333333335,204.30208333333334,284.46,146.0,0.004870871175605054,0.0,0.3333333333333333
13407,2244.7,3,1690,85,579.00625,83.06111111111112,748.2333333333332,563.3333333333334,0.02379221465864781,0.0,0.5
13408,50174.782,106,28675,321,2.15625,733.9819444444445,473.347,270.5188679245283,0.1428606522835973,0.14150943396226415,0.21481481481481482
13410,2201.96,9,1244,25,24.886805555555554,707.0763888888889,244.66222222222223,138.22222222222223,0.011298216019536499,0.2222222222222222,0.25
13411,213.55,1,72,17,107.95347222222222,0.0,213.55,72.0,0.0,0.0,0.0
13412,487.34999999999997,1,176,33,620.8486111111112,0.0,487.34999999999997,176.0,0.0,0.0,0.0
13413,429.44,6,455,38,640.0229166666667,47.77361111111111,71.57333333333334,75.83333333333333,0.10251445169006465,0.16666666666666666,0.25
13414,2494.14,6,2702,48,134.04513888888889,469.78125,415.69,450.3333333333333,0.010620643876535016,0.16666666666666666,0.14285714285714285
13415,784.17,4,496,85,473.05,255.8875,196.0425,124.0,0.011678263831443726,0.0,0.2
13416,940.8000000000001,3,208,16,44.1625,692.8291666666667,313.6,69.33333333333333,0.002882553942793315,0.0,0.0
13417,1669.49,6,532,57,5.167361111111111,664.8402777777778,278.24833333333333,88.66666666666667,0.007509308413554301,0.0,0.14285714285714285
13418,11559.66,31,7354,328,12.102083333333333,716.8972222222222,372.8922580645161,237.2258064516129,0.04178871163080447,0.03225806451612903,0.16216216216216217
13419,221.06,1,275,16,64.00069444444445,0.0,221.06,275.0,0.0,0.0,0.0
13420,159.85,2,101,8,150.16805555555555,20.884027777777778,79.925,50.5,0.04569542728397804,0.0,0.5
13421,4058.75,8,2351,174,40.93680555555556,622.9833333333333,507.34375,293.875,0.01121824835065039,0.5,0.2727272727272727
13422,2626.3,1,1326,127,64.96388888888889,0.0,2626.3,1326.0,0.0,0.0,0.5
13423,217.03,1,141,12,429.15833333333336,0.0,217.03,141.0,0.0,0.0,0.0
13424,572.77,1,529,40,450.0840277777778,0.0,572.77,529.0,0.0,0.0,0.5
13425,3390.4300000000003,5,2358,124,108.81736111111111,471.1097222222222,678.086,471.6,0.008472606709245437,0.2,0.375
13426,8167.38,22,4868,162,1.1604166666666667,729.7381944444444,371.24454545454546,221.27272727272728,0.028738062632630818,0.09090909090909091,0.08333333333333333
13427,1006.53,6,880,35,19.991666666666667,702.9708333333333,167.755,146.66666666666666,0.007102566986084888,0.3333333333333333,0.0
13428,478.54,3,356,122,10.9375,504.0416666666667,159.51333333333335,118.66666666666667,0.003960069301212771,0.0,0.0
13429,1006.8,4,1390,55,11.152777777777779,64.71597222222222,251.7,347.5,0.045651002314252204,0.25,0.0
13430,679.45,2,751,48,19.188194444444445,67.74513888888889,339.725,375.5,0.014546483084662552,0.0,0.5
13431,3316.24,8,1570,113,67.95902777777778,592.0805555555555,414.53,196.25,0.011802781147398939,0.0,0.1111111111111111
13432,439.1,2,217,98,571.9805555555556,40.94166666666667,219.55,108.5,0.023842638585336775,0.0,0.0
13433,658.3199999999999,4,190,22,501.8298611111111,195.33055555555555,164.57999999999998,47.5,0.015280352014035287,0.0,0.2
13434,1666.8600000000001,5,864,17,74.93055555555556,581.1916666666667,333.372,172.8,0.006870589582468545,0.4,0.0
13435,4447.33,9,2754,96,5.920138888888889,494.9090277777778,494.1477777777778,306.0,0.016131991054586903,0.4444444444444444,0.18181818181818182
13436,196.89,1,76,12,2.095138888888889,0.0,196.89,76.0,0.0,0.0,0.0
13437,3408.06,7,1283,143,14.95138888888889,175.97916666666666,486.86571428571426,183.28571428571428,0.03390229546792231,0.0,0.0
13438,46.5,1,10,1,547.7527777777777,0.0,46.5,10.0,0.0,0.0,0.0
13439,986.61,3,952,132,255.9375,270.9888888888889,328.87,317.3333333333333,0.007353241553985049,0.0,0.0
13440,1295.25,7,573,49,423.98541666666665,28.10902777777778,185.03571428571428,81.85714285714286,0.2061216212992342,0.0,0.3
13441,720.9,2,520,33,92.13333333333334,339.9583333333333,360.45,260.0,0.002932909690822437,0.0,0.0
13442,419.87,3,115,33,667.9493055555556,70.96111111111111,139.95666666666668,38.333333333333336,0.027792789315216553,0.0,0.0
13443,1273.16,6,805,176,449.0131944444444,228.95902777777778,212.19333333333336,134.16666666666666,0.021743003735568835,0.16666666666666666,0.14285714285714285
13444,619.08,2,331,51,374.9916666666667,131.9361111111111,309.54,165.5,0.007522410514658253,0.0,0.0
13445,241.89999999999998,1,198,7,626.8861111111111,0.0,241.89999999999998,198.0,0.0,0.0,0.0
13446,3881.89,11,2403,113,430.74930555555557,233.29097222222222,352.8990909090909,218.45454545454547,0.04268196894293954,0.09090909090909091,0.3888888888888889
13447,1129.14,3,584,55,23.966666666666665,12.144444444444444,376.38000000000005,194.66666666666666,0.1521555367709214,0.3333333333333333,0.25
13448,8745.93,13,4195,321,17.011805555555554,717.0131944444445,672.7638461538462,322.6923076923077,0.016712784796782013,0.07692307692307693,0.3157894736842105
13449,291.88,1,222,19,24.181944444444444,0.0,291.88,222.0,0.0,0.0,0.0
13450,4120.04,13,4318,57,27.038888888888888,576.69375,316.92615384615385,332.15384615384613,0.020772251733725697,0.23076923076923078,0.07142857142857142
13451,7090.06,11,5229,561,26.869444444444444,601.9895833333334,644.5509090909092,475.3636363636364,0.016584034411871403,0.5454545454545454,0.15384615384615385
13452,729.8,3,6,2,259.93819444444443,213.18472222222223,243.26666666666665,2.0,0.009337734172864803,0.0,0.0
13453,781.6899999999999,3,341,33,166.13611111111112,236.84097222222223,260.56333333333333,113.66666666666667,0.008408980089987765,0.0,0.4
13454,219.87,1,198,23,641.9236111111111,0.0,219.87,198.0,0.0,0.0,0.0
13455,2212.9900000000002,6,795,79,25.061805555555555,706.0993055555556,368.8316666666667,132.5,0.007071142568965737,0.3333333333333333,0.45454545454545453
13456,1766.72,6,765,43,18.147222222222222,189.73888888888888,294.4533333333333,127.5,0.026213846736376084,0.0,0.14285714285714285
13457,148.22,2,96,9,689.1680555555556,48.834722222222226,74.11,48.0,0.020066330369833615,0.0,0.5
13458,11959.27,16,6760,290,7.889583333333333,381.06111111111113,747.454375,422.5,0.039260734902793325,0.0,0.3333333333333333
13459,1160.4099999999999,2,986,57,625.1013888888889,57.86736111111111,580.2049999999999,493.0,0.016987342070804188,0.0,0.0
13460,183.44,2,286,16,29.814583333333335,20.310416666666665,91.72,143.0,0.04692540815328967,0.0,0.0
13461,4160.0,6,3132,30,39.15902777777778,558.7083333333334,693.3333333333334,522.0,0.008933224149482617,0.16666666666666666,0.25
13462,1153.85,5,697,64,253.0625,473.06388888888887,230.76999999999998,139.4,0.008437681278308714,0.0,0.16666666666666666
13464,3097.64,6,1440,128,58.90902777777778,559.9854166666667,516.2733333333333,240.0,0.008912887664192102,0.0,0.14285714285714285
13465,931.12,2,584,34,446.90069444444447,139.98819444444445,465.56,292.0,0.007092792442235609,1.0,0.0
13466,1013.35,5,660,49,184.84097222222223,444.1173611111111,202.67000000000002,132.0,0.008986394037777177,0.2,0.2857142857142857
13467,1071.91,2,580,89,11.11736111111111,25.711805555555557,535.955,290.0,0.037436630703236703,0.0,0.0
13468,12793.28,72,5617,290,2.0909722222222222,734.8798611111112,177.68444444444447,78.01388888888889,0.09648314045827604,0.041666666666666664,0.1724137931034483
13469,82.4,1,52,6,653.9076388888889,0.0,82.4,52.0,0.0,0.0,0.0
13470,165.0,2,100,7,99.91180555555556,15.910416666666666,82.5,50.0,0.059135148453862266,0.0,0.0
13471,2501.84,4,1583,214,1.8791666666666667,46.106944444444444,625.46,395.75,0.06368487778989887,0.5,0.0
13472,592.24,2,310,24,464.13125,91.99513888888889,296.12,155.0,0.010753250244561767,0.0,0.0
13473,2657.7599999999998,8,1000,65,61.0625,663.6791666666667,332.21999999999997,125.0,0.01053139672649085,0.0,0.2
13474,646.59,3,318,116,236.95625,258.96736111111113,215.53,106.0,0.007693273461144961,0.6666666666666666,0.0
13475,1431.78,4,1012,64,191.95694444444445,107.05277777777778,357.945,253.0,0.02776420987686059,0.0,0.0
13476,2061.4700000000003,5,713,86,179.03472222222223,466.09791666666666,412.29400000000004,142.6,0.008563514966080453,0.0,0.2857142857142857
13477,2819.17,11,2091,112,38.03194444444444,646.0083333333333,256.28818181818184,190.0909090909091,0.015455751471516338,0.09090909090909091,0.15384615384615385
13478,2215.78,5,1189,114,469.9770833333333,207.8972222222222,443.15600000000006,237.8,0.019148172280361156,0.2,0.2857142857142857
13479,851.37,4,716,45,201.08680555555554,276.76875,212.8425,179.0,0.010800351011407871,0.0,0.42857142857142855
13480,627.82,2,362,40,417.0395833333333,262.97083333333336,313.91,181.0,0.0037882973182011897,0.0,0.0
13481,3830.84,11,2055,162,46.15486111111111,689.8541666666666,348.2581818181818,186.8181818181818,0.014474834896414464,0.0,0.21428571428571427
13482,336.09,2,187,20,232.82430555555555,395.27222222222224,168.045,93.5,0.002523517783790604,0.0,0.0
13483,140.34,1,160,10,66.03958333333334,0.0,140.34,160.0,0.0,0.0,0.0
13484,790.72,3,224,38,241.84722222222223,398.1972222222222,263.5733333333333,74.66666666666667,0.005010054901851633,0.3333333333333333,0.25
13485,3019.2200000000003,11,1798,131,233.95277777777778,503.0083333333333,274.4745454545455,163.45454545454547,0.019840941783369984,0.18181818181818182,0.26666666666666666
13486,1122.41,3,669,69,78.98402777777778,76.82916666666667,374.1366666666667,223.0,0.025697307136356335,0.0,0.0
13487,846.87,5,362,31,58.02986111111111,677.0708333333333,169.374,72.4,0.005899088713691416,0.2,0.0
13488,14205.96,23,7375,370,17.922916666666666,666.1861111111111,617.6504347826086,320.6521739130435,0.032974307518724995,0.13043478260869565,0.20689655172413793
13489,449.52,4,560,11,105.98194444444445,189.10694444444445,112.38,140.0,0.01578059133382526,0.0,0.0
13490,154.25,1,25,8,654.9180555555556,0.0,154.25,25.0,0.0,0.0,0.0
13491,4467.66,27,2349,144,52.17916666666667,681.0055555555556,165.46888888888887,87.0,0.03812285660755452,0.07407407407407407,0.0
13492,1269.84,3,408,38,136.93402777777777,78.17986111111111,423.28,136.0,0.0252589480700585,0.0,0.0
13493,618.63,2,380,6,275.8854166666667,11.953472222222222,309.315,190.0,0.07719937811612072,0.0,0.0
13494,316.26000000000005,1,162,18,312.0361111111111,0.0,316.26000000000005,162.0,0.0,0.0,0.0
13495,4863.31,10,2465,59,8.061805555555555,724.9645833333333,486.331,246.5,0.012397298995876178,0.0,0.23076923076923078
13496,653.33,2,341,28,11.077777777777778,349.0284722222222,326.665,170.5,0.0028569104497451598,0.0,0.3333333333333333
13497,1166.83,6,525,52,283.15694444444443,386.9423611111111,194.47166666666666,87.5,0.012888512576145154,0.0,0.14285714285714285
13498,327.38,1,362,17,730.8916666666667,0.0,327.38,362.0,0.0,0.0,0.0
13499,1159.11,5,1365,31,18.061805555555555,252.10347222222222,231.82199999999997,273.0,0.015803813218682523,0.0,0.2857142857142857
13500,1466.3,4,838,77,23.885416666666668,378.0965277777778,366.575,209.5,0.007913551774229298,0.0,0.2
13501,2885.11,3,1253,90,288.74375,282.2326388888889,961.7033333333334,417.6666666666667,0.007061333071802478,0.0,0.4
13502,780.5,5,490,28,17.090972222222224,531.9909722222222,156.1,98.0,0.00750481754563802,0.0,0.16666666666666666
13503,1859.24,6,1105,158,71.97708333333334,589.9819444444445,309.87333333333333,184.16666666666666,0.008460495362003445,0.0,0.5
13504,295.93,1,178,22,64.97916666666667,0.0,295.93,178.0,0.0,0.0,0.0
13505,4393.63,4,2486,182,73.0375,159.9923611111111,1098.4075,621.5,0.01863442451116987,0.25,0.5
13506,1338.08,5,942,55,316.95625,144.05555555555554,267.616,188.4,0.027575641516660285,0.4,0.375
13507,2479.16,4,1597,146,3.984027777777778,142.0576388888889,619.79,399.25,0.02097056838978073,0.25,0.0
13508,287.05,2,180,27,244.0361111111111,399.0,143.525,90.0,0.0025,1.0,0.0
13509,1114.72,8,1214,27,9.11111111111111,498.9166666666667,139.34,151.75,0.014002333722287047,0.0,0.0
13510,4558.29,11,3044,176,1.961111111111111,717.0784722222222,414.39,276.72727272727275,0.013926054584331448,0.09090909090909091,0.35294117647058826
13511,282.76,1,60,5,677.0277777777778,0.0,282.76,60.0,0.0,0.0,0.5
13512,713.39,4,419,31,261.11597222222224,322.8618055555556,178.3475,104.75,0.009263210259863066,0.0,0.0
13513,824.59,3,364,32,127.04166666666667,528.8013888888889,274.86333333333334,121.33333333333333,0.0037749995412326943,0.0,0.25
13514,815.9000000000001,4,288,15,74.13263888888889,608.7694444444444,203.97500000000002,72.0,0.004919892309023903,0.25,0.0
13515,1265.82,6,819,64,73.05833333333334,571.9777777777778,210.97,136.5,0.008726341917468197,0.16666666666666666,0.0
13516,1685.26,4,1114,55,21.98263888888889,396.1826388888889,421.315,278.5,0.0075532002314916,0.0,0.0
13517,2128.42,3,1369,125,60.046527777777776,120.12430555555555,709.4733333333334,456.3333333333333,0.016511962572884835,0.0,0.4
13518,627.16,1,382,36,86.09791666666666,0.0,627.16,382.0,0.0,0.0,0.0
13519,343.21,2,133,19,78.76805555555555,364.27708333333334,171.605,66.5,0.0027376477902049242,0.0,0.3333333333333333
13520,6606.0,11,3179,81,59.104166666666664,663.9645833333333,600.5454545454545,289.0,0.01503839490198413,0.09090909090909091,0.26666666666666666
13521,1071.73,3,718,313,1.9583333333333333,8.94513888888889,357.24333333333334,239.33333333333334,0.20110327491096988,0.3333333333333333,0.0
13522,125.80000000000001,1,44,5,30.902083333333334,0.0,125.80000000000001,44.0,0.0,0.0,0.0
13523,4534.57,6,1989,177,33.90208333333333,369.0111111111111,755.7616666666667,331.5,0.013513107714483049,0.16666666666666666,0.14285714285714285
13524,680.1800000000001,5,324,17,41.01111111111111,179.00555555555556,136.036,64.8,0.022221536372334188,0.4,0.0
13525,628.78,2,394,5,15.034027777777778,233.85069444444446,314.39,197.0,0.004258024454070996,0.0,0.0
13526,1182.0,2,1911,29,738.9840277777778,0.011805555555555555,591.0,955.5,0.9883321894303363,0.0,0.5
13527,4541.29,12,2736,266,34.03194444444444,653.9770833333333,378.44083333333333,228.0,0.016794480722926056,0.6666666666666666,0.14285714285714285
13529,307.76,2,74,15,79.14930555555556,125.89236111111111,153.88,37.0,0.007880695033520317,0.0,0.0
13530,402.97999999999996,1,272,18,634.9444444444445,0.0,402.97999999999996,272.0,0.0,0.0,0.0
13531,1433.07,6,497,44,205.82916666666668,531.0666666666667,238.845,82.83333333333333,0.009397318631750405,0.0,0.0
13532,210.31,1,129,66,34.017361111111114,0.0,210.31,129.0,0.0,1.0,0.0
13533,269.09,3,202,61,183.0388888888889,84.96319444444444,89.69666666666666,67.33333333333333,0.023265771042193448,0.0,0.0
13534,7720.9,35,3869,163,2.915277777777778,517.9944444444444,220.59714285714284,110.54285714285714,0.06551129855810917,0.0,0.4166666666666667
13535,89.5,1,10,1,403.0423611111111,0.0,89.5,10.0,0.0,0.0,0.0
13536,3444.39,7,2126,91,1.8416666666666666,74.13055555555556,492.05571428571426,303.7142857142857,0.07986098273375974,0.5714285714285714,0.0
13537,717.85,2,337,38,426.00347222222223,26.086111111111112,358.925,168.5,0.036919290329197,0.5,0.0
13538,3103.13,12,959,105,43.84444444444444,632.1576388888889,258.5941666666667,79.91666666666667,0.01737324060293042,0.08333333333333333,0.0
13539,1569.3600000000001,7,710,69,86.10555555555555,504.9263888888889,224.19428571428574,101.42857142857143,0.011859432778703534,0.0,0.2222222222222222
13540,632.39,3,189,26,467.9375,188.20694444444445,210.79666666666665,63.0,0.01057043654434812,0.3333333333333333,0.0
13541,785.25,2,279,10,427.84236111111113,143.01527777777778,392.625,139.5,0.006943707747056157,0.0,0.3333333333333333
13542,3959.4900000000002,17,804,98,377.0597222222222,352.6465277777778,232.91117647058826,47.294117647058826,0.045242915576012614,0.6470588235294118,0.05555555555555555
13543,1439.6100000000001,2,329,37,634.9694444444444,52.96111111111111,719.8050000000001,164.5,0.01853186451147946,0.0,0.0
13544,790.2,6,331,219,40.03680555555555,605.0180555555555,131.70000000000002,55.166666666666664,0.008250579259418838,0.16666666666666666,0.14285714285714285
13545,364.93,2,252,54,391.0576388888889,153.98472222222222,182.465,126.0,0.006452248877577539,1.0,0.3333333333333333
13546,1086.24,5,587,95,12.916666666666666,411.89375,217.248,117.4,0.009687722325658841,0.2,0.0
13547,167.08,1,79,44,408.94166666666666,0.0,167.08,79.0,0.0,0.0,0.0
13548,901.44,3,558,169,96.91666666666667,375.04583333333335,300.48,186.0,0.005318500626031845,0.6666666666666666,0.0
13549,1005.8,8,554,44,26.145833333333332,361.87708333333336,125.725,69.25,0.019290278503395892,0.125,0.1111111111111111
13550,342.55,1,430,40,383.8930555555556,0.0,342.55,430.0,0.0,1.0,0.0
13551,244.2,2,36,5,319.9194444444444,346.9895833333333,122.1,18.0,0.00287364923519023,0.0,0.0
13552,6948.92,22,2630,162,66.89652777777778,592.0770833333333,315.86,119.54545454545455,0.03540855074347418,0.0,0.3125
13553,499.6,1,201,85,675.0201388888889,0.0,499.6,201.0,0.0,0.0,0.0
13554,1629.35,7,578,156,380.90625,66.10138888888889,232.7642857142857,82.57142857142857,0.08941692712106472,0.14285714285714285,0.3
13555,8891.84,13,4762,264,74.00972222222222,615.9694444444444,683.9876923076923,366.3076923076923,0.01944990972900693,0.3076923076923077,0.1875
13556,200.82,2,134,8,429.8375,6.321527777777778,100.41,67.0,0.1365835151285213,0.0,0.0
13557,3032.26,13,2398,126,28.893055555555556,702.9048611111111,233.25076923076924,184.46153846153845,0.01704775838748726,0.07692307692307693,0.1875
13558,594.52,4,338,123,6.059722222222222,62.93263888888889,148.63,84.5,0.04692438873380185,0.75,0.0
13559,990.0,2,360,1,513.1236111111111,30.916666666666668,495.0,180.0,0.031331592689295036,0.0,0.0
13560,171.42000000000002,1,63,32,7.985416666666667,0.0,171.42000000000002,63.0,0.0,0.0,0.0
13561,1803.4,11,1125,131,216.0076388888889,433.95625,163.94545454545457,102.27272727272727,0.022990818042044458,0.8181818181818182,0.0
13562,4838.18,8,1603,88,82.0826388888889,612.7625,604.7725,200.375,0.011405063033339442,0.0,0.0
13563,777.53,2,209,49,84.92013888888889,55.891666666666666,388.765,104.5,0.017577266735022704,0.0,0.0
13564,16498.97,37,8878,484,144.9284722222222,593.1097222222222,445.91810810810813,239.94594594594594,0.060594867670814644,0.21621621621621623,0.3148148148148148
13565,414.8,3,260,45,19.928472222222222,391.9458333333333,138.26666666666668,86.66666666666667,0.005089760039021494,1.0,0.0
13566,1688.6,5,1257,263,41.03541666666667,598.9840277777778,337.71999999999997,251.4,0.006666844140526889,0.6,0.0
13567,1079.29,4,643,180,428.99930555555557,113.00208333333333,269.8225,160.75,0.026315308565267446,0.0,0.2
13568,187.05,1,66,41,173.92222222222222,0.0,187.05,66.0,0.0,1.0,0.0
13569,726.54,4,345,140,17.988194444444446,411.00138888888887,181.635,86.25,0.007281528851372535,0.0,0.0
13570,239.49,1,161,27,243.96805555555557,0.0,239.49,161.0,0.0,1.0,0.0
13571,4537.26,26,3191,263,13.085416666666667,718.90625,174.51000000000002,122.73076923076923,0.03472674393367192,0.23076923076923078,0.0
13572,1384.25,1,534,32,206.03541666666666,0.0,1384.25,534.0,0.0,0.0,0.0
13573,904.52,6,647,73,50.928472222222226,586.9354166666667,150.75333333333333,107.83333333333333,0.008504335439337513,0.0,0.0
13574,404.45,1,304,84,411.9736111111111,0.0,404.45,304.0,0.0,1.0,0.0
13575,732.0699999999999,5,449,41,23.983333333333334,152.95138888888889,146.414,89.8,0.025982227434706122,0.0,0.0
13576,11202.59,28,4506,145,10.886111111111111,721.0152777777778,400.09250000000003,160.92857142857142,0.037395330585109965,0.10714285714285714,0.125
13577,3489.28,11,1661,102,25.896527777777777,699.9645833333333,317.20727272727277,151.0,0.014266056000213991,0.0,0.21428571428571427
13578,147.66,1,127,9,409.9625,0.0,147.66,127.0,0.0,0.0,0.0
13579,1374.34,5,718,72,15.172916666666667,644.7833333333333,274.868,143.6,0.006194027924742561,0.2,0.16666666666666666
13580,107.75,1,45,5,406.9090277777778,0.0,107.75,45.0,0.0,0.0,0.0
13581,280.53000000000003,2,119,32,309.92291666666665,104.92430555555555,140.26500000000001,59.5,0.009440703856920888,0.0,0.0
13582,241.68,2,106,10,390.0527777777778,227.99722222222223,120.84,53.0,0.004366865197297396,0.0,0.0
13583,1445.031,2,1097,93,156.09027777777777,523.8659722222222,722.5155,548.5,0.0019052482975151063,0.0,0.0
13584,385.7,3,360,74,307.00069444444443,369.17291666666665,128.56666666666666,120.0,0.005402880410618912,0.3333333333333333,0.4
13585,684.54,3,1386,29,531.0118055555556,207.90069444444444,228.17999999999998,462.0,0.009573927005455144,0.3333333333333333,0.25
13586,127.28,1,38,20,541.9604166666667,0.0,127.28,38.0,0.0,0.0,0.0
13587,1673.5,4,664,27,64.01319444444445,599.9680555555556,418.375,166.0,0.004991945865120396,0.25,0.3333333333333333
13588,2478.95,9,2606,131,16.08888888888889,239.78402777777777,275.43888888888887,289.55555555555554,0.03322479515702465,0.0,0.3076923076923077
13589,1120.74,6,293,48,15.027777777777779,719.0722222222222,186.79,48.833333333333336,0.006943747926519717,0.3333333333333333,0.0
13590,6336.04,18,5271,255,11.997222222222222,726.9701388888889,352.0022222222222,292.8333333333333,0.023352606229078764,0.1111111111111111,0.14285714285714285
13591,2093.94,7,850,89,65.01666666666667,660.8625,299.13428571428574,121.42857142857143,0.009065327012785888,0.0,0.125
13592,247.95999999999998,4,84,15,36.12569444444444,228.825,61.989999999999995,21.0,0.013053410203415643,0.25,0.0
13593,5493.29,14,2170,212,108.96875,538.8743055555556,392.3778571428571,155.0,0.024079679040517405,0.21428571428571427,0.125
13594,533.32,2,396,31,53.10486111111111,432.9972222222222,266.66,198.0,0.0023041622130197965,0.0,0.3333333333333333
13595,784.48,3,341,114,517.0097222222222,129.9125,261.49333333333334,113.66666666666667,0.015277379929342118,0.6666666666666666,0.0
13596,664.11,2,384,133,6.034027777777778,7.002777777777778,332.055,192.0,0.1249566122874002,1.0,0.0
13597,396.71,2,231,17,400.9138888888889,2.225,198.355,115.5,0.31007751937984496,0.0,0.3333333333333333
13598,761.96,5,393,78,47.93194444444445,604.1291666666667,152.392,78.6,0.006610158988094828,0.6,0.16666666666666666
13599,9811.04,33,6248,235,1.8611111111111112,737.1527777777778,297.30424242424243,189.33333333333334,0.043351459160441794,0.0,0.36538461538461536
13600,518.42,2,599,35,312.8909722222222,321.9243055555556,259.21,299.5,0.0030967009382573745,0.0,0.0
13601,1159.99,4,957,160,45.80486111111111,501.10277777777776,289.9975,239.25,0.005974872342426573,0.0,0.0
13602,1025.17,4,538,49,65.04375,495.99861111111113,256.2925,134.5,0.006036234172351253,0.0,0.0
13603,164.34,1,164,27,26.87013888888889,0.0,164.34,164.0,0.0,1.0,0.0
13604,717.62,1,242,21,659.0333333333333,0.0,717.62,242.0,0.0,0.0,0.5
13605,522.67,2,425,50,387.8152777777778,184.0625,261.335,212.5,0.005403579871664978,0.0,0.0
13606,276.75,3,276,40,29.794444444444444,282.2527777777778,92.25,92.0,0.0070608310205842835,0.3333333333333333,0.0
13607,1075.81,2,466,110,40.85625,362.18680555555557,537.905,233.0,0.002753403991288536,0.5,0.3333333333333333
13608,232.05,1,110,31,541.0152777777778,0.0,232.05,110.0,0.0,0.0,0.0
13609,167.35,1,19,7,593.975,0.0,167.35,19.0,0.0,1.0,0.0
13610,2103.71,14,869,309,12.883333333333333,691.0597222222223,150.26500000000001,62.07142857142857,0.01878450599358196,0.5,0.17647058823529413
13611,3297.9300000000003,10,1988,170,89.91597222222222,647.2875,329.793,198.8,0.013882729498872027,0.1,0.2857142857142857
13612,818.29,1,444,50,633.025,0.0,818.29,444.0,0.0,0.0,0.5
13613,1039.8500000000001,5,445,50,453.0340277777778,207.97291666666666,207.97000000000003,89.0,0.019141236404238985,0.0,0.0
13614,2332.74,6,821,227,24.91875,527.0451388888889,388.78999999999996,136.83333333333334,0.009468887471478263,0.3333333333333333,0.0
13615,6272.53,8,2910,259,319.18680555555557,361.69305555555553,784.06625,363.75,0.019300066248243274,0.125,0.3333333333333333
13616,283.85,2,172,31,568.99375,122.91875,141.925,86.0,0.008069803802895043,0.5,0.0
13617,1278.75,8,593,48,40.958333333333336,454.93541666666664,159.84375,74.125,0.015353051647482968,0.625,0.1111111111111111
13618,177.34,1,246,13,174.0701388888889,0.0,177.34,246.0,0.0,1.0,0.0
13619,224.94,2,79,39,545.0493055555555,129.89097222222222,112.47,39.5,0.007639946308155112,0.5,0.0
13620,112.34,1,74,5,528.9083333333333,0.0,112.34,74.0,0.0,0.0,0.0
13621,213.85,1,343,19,117.18333333333334,0.0,213.85,343.0,0.0,0.0,0.0
13622,658.95,1,379,32,696.9777777777778,0.0,658.95,379.0,0.0,0.0,0.5
13623,2533.06,10,1010,211,31.03472222222222,706.91875,253.30599999999998,101.0,0.012713323386334942,0.1,0.3333333333333333
13624,462.08,1,820,22,388.96319444444447,0.0,462.08,820.0,0.0,0.0,0.5
13625,301.26,1,144,21,597.0833333333334,0.0,301.26,144.0,0.0,0.0,0.0
13626,707.04,2,398,44,253.11458333333334,126.74513888888889,353.52,199.0,0.007828086522100755,0.0,0.3333333333333333
13627,2245.9,7,1632,118,59.9375,581.0118055555556,320.84285714285716,233.14285714285714,0.010309069236615809,0.14285714285714285,0.3
13628,310.14,1,106,16,676.9208333333333,0.0,310.14,106.0,0.0,0.0,0.0
13629,13370.86,19,7722,28,23.978472222222223,642.8243055555556,703.7294736842106,406.42105263157896,0.027957937972639617,0.10526315789473684,0.0
13630,2031.78,7,1391,51,5.898611111111111,280.1020833333333,290.2542857142857,198.71428571428572,0.021344558990283778,0.42857142857142855,0.36363636363636365
13631,3070.42,11,467,6,100.12013888888889,167.69722222222222,279.1290909090909,42.45454545454545,0.05927779881773723,0.09090909090909091,0.08333333333333333
13632,3645.81,8,1633,166,25.082638888888887,586.9944444444444,455.72625,204.125,0.011904874384678616,0.25,0.2
13634,5033.77,16,2090,269,33.96527777777778,664.9680555555556,314.610625,130.625,0.022523602858829147,0.6875,0.058823529411764705
13635,2999.16,4,1884,135,68.07986111111111,671.0479166666667,749.79,471.0,0.004463967413037885,0.0,0.3333333333333333
13636,949.12,5,592,57,37.09722222222222,248.83402777777778,189.824,118.4,0.01601062927888237,0.2,0.16666666666666666
13637,804.3,3,405,79,52.97083333333333,174.01805555555555,268.09999999999997,135.0,0.011427392411894012,0.3333333333333333,0.0
13638,122.64,1,93,8,16.091666666666665,0.0,122.64,93.0,0.0,0.0,0.0
13639,1346.27,2,997,49,74.96805555555555,362.1465277777778,673.135,498.5,0.002753709380396266,0.0,0.0
13640,405.0,1,108,4,611.8868055555556,0.0,405.0,108.0,0.0,0.0,0.0
13641,1016.47,5,1098,41,641.2173611111111,93.76388888888889,203.294,219.6,0.04221017147882163,0.2,0.2857142857142857
13642,472.2,4,231,93,216.01111111111112,217.0076388888889,118.05,57.75,0.013760985694308623,1.0,0.2
13643,2156.77,10,902,71,31.884027777777778,700.1173611111111,215.677,90.2,0.012836652605117427,0.0,0.3333333333333333
13644,2624.26,4,2067,144,16.946527777777778,89.09305555555555,656.065,516.75,0.0332989039110796,0.0,0.2
13645,252.1,1,158,5,120.86041666666667,0.0,252.1,158.0,0.0,0.0,0.0
13646,326.25,2,79,58,400.02569444444447,0.009027777777777777,163.125,39.5,0.9910529938059187,0.0,0.3333333333333333
13647,3041.68,8,1795,98,10.034722222222221,593.9618055555555,380.21,224.375,0.011765461134876773,0.125,0.1111111111111111
13648,1764.02,8,960,95,400.9194444444444,337.85625,220.5025,120.0,0.02065772728111109,0.125,0.2727272727272727
13649,1453.68,6,782,97,257.0409722222222,270.8027777777778,242.28,130.33333333333334,0.018395691320299643,0.16666666666666666,0.0
13650,3288.0,10,1746,127,17.019444444444446,666.1513888888888,328.8,174.6,0.013490191506592083,0.0,0.375
13651,226.85,3,62,14,35.91041666666667,346.21875,75.61666666666666,20.666666666666668,0.0057600576005760054,0.0,0.25
13652,2262.05,5,1458,116,46.16597222222222,606.6347222222222,452.41,291.6,0.006582902282758511,0.0,0.0
13653,152.2,1,72,9,488.18819444444443,0.0,152.2,72.0,0.0,0.0,0.0
13654,6308.0,11,4762,262,43.85138888888889,694.1951388888889,573.4545454545455,432.90909090909093,0.014384450409107755,0.2727272727272727,0.0
13655,2280.51,6,1225,103,114.93402777777777,477.1847222222222,380.08500000000004,204.16666666666666,0.010456210262770374,0.0,0.25
13656,1078.85,4,862,81,165.09652777777777,430.9034722222222,269.7125,215.5,0.006945996485197149,0.0,0.42857142857142855
13657,382.14,2,209,16,11.0125,190.99791666666667,191.07,104.5,0.005208389847980121,0.5,0.0
13658,6025.5,9,2171,164,10.109027777777778,662.8722222222223,669.5,241.22222222222223,0.012050511728327907,0.1111111111111111,0.3076923076923077
13659,4884.68,12,2527,224,206.0090277777778,455.14722222222224,407.0566666666667,210.58333333333334,0.02411502134422975,0.08333333333333333,0.29411764705882354
13660,306.64,1,136,39,400.8611111111111,0.0,306.64,136.0,0.0,0.0,0.5
13661,325.24,1,118,17,603.9111111111112,0.0,325.24,118.0,0.0,0.0,0.0
13662,2233.61,11,1169,126,86.03194444444445,572.9465277777778,203.05545454545455,106.27272727272727,0.01742322588607388,0.0,0.35294117647058826
13663,2047.51,5,893,87,179.87916666666666,467.23125,409.502,178.6,0.008542787351335478,0.2,0.16666666666666666
13665,1711.6599999999999,3,1652,97,386.9888888888889,117.98402777777778,570.5533333333333,550.6666666666666,0.016808978796173622,0.0,0.0
13666,127.89999999999999,5,54,19,60.88263888888889,675.2020833333333,25.58,10.8,0.005915391417136766,0.0,0.0
13667,299.05,1,149,82,149.88055555555556,0.0,299.05,149.0,0.0,0.0,0.0
13668,12948.48,35,6096,411,3.027083333333333,725.9048611111111,369.9565714285714,174.17142857142858,0.046773658863732546,0.2857142857142857,0.2553191489361702
13669,413.55,3,393,13,51.1375,356.76875,137.85,131.0,0.005590203168946421,0.0,0.0
13670,349.7,1,282,25,75.89236111111111,0.0,349.7,282.0,0.0,1.0,0.0
13671,172.6,1,95,61,395.0833333333333,0.0,172.6,95.0,0.0,0.0,0.0
13672,419.92,3,138,13,301.95625,429.09236111111113,139.97333333333333,46.0,0.004650163966719034,0.0,0.5714285714285714
13673,387.44,2,114,47,19.027083333333334,13.854861111111111,193.72,57.0,0.06731803094759478,0.0,0.0
13674,240.68,1,102,14,433.08958333333334,0.0,240.68,102.0,0.0,1.0,0.5
13675,486.82000000000005,2,330,25,151.9951388888889,133.0298611111111,243.41000000000003,165.0,0.00746102392190795,0.0,0.0
13676,243.9,2,104,13,539.8055555555555,80.02569444444444,121.95,52.0,0.012341764015187226,0.0,0.3333333333333333
13677,551.24,2,217,98,405.0541666666667,115.75486111111111,275.62,108.5,0.008564953874154657,0.5,0.0
13678,232.6,1,924,16,152.10833333333332,0.0,232.6,924.0,0.0,0.0,0.0
13679,281.26,3,102,44,494.02569444444447,241.80625,93.75333333333333,34.0,0.008237020257921697,0.0,0.0
13680,11419.67,12,5244,354,1.9604166666666667,733.98125,951.6391666666667,437.0,0.014966368189664701,0.0,0.07692307692307693
13681,827.83,4,360,37,18.06736111111111,137.82777777777778,206.9575,90.0,0.021609508183600783,0.5,0.0
13682,59.5,1,10,3,187.94722222222222,0.0,59.5,10.0,0.0,1.0,0.0
13683,258.6,1,180,10,458.11805555555554,0.0,258.6,180.0,0.0,0.0,0.0
13684,594.88,4,234,81,286.1090277777778,335.80902777777777,148.72,58.5,0.008907124668817847,0.75,0.3333333333333333
13685,3119.44,7,5056,29,3.0479166666666666,57.94583333333333,445.63428571428574,722.2857142857143,0.10178836502438679,0.0,0.0
13686,409.04,3,378,27,183.15277777777777,218.80972222222223,136.34666666666666,126.0,0.009098778615342815,0.0,0.0
13687,11880.84,1,87167,45,438.84722222222223,0.0,11880.84,87167.0,0.0,0.0,0.0
13688,375.5,1,130,5,635.94375,0.0,375.5,130.0,0.0,1.0,0.0
13689,1259.5,2,722,6,63.97847222222222,381.12083333333334,629.75,361.0,0.0026169732523525497,0.0,0.0
13690,172.25,1,67,9,59.90763888888889,0.0,172.25,67.0,0.0,0.0,0.0
13691,212.78,1,145,54,396.8027777777778,0.0,212.78,145.0,0.0,0.0,0.0
13692,3114.4,5,2101,83,25.064583333333335,395.9090277777778,622.88,420.2,0.010077876087614535,0.2,0.375
13693,2011.82,9,880,78,374.7701388888889,358.2861111111111,223.53555555555556,97.77777777777777,0.022266376997595542,0.3333333333333333,0.3076923076923077
13694,195640.69,143,188201,896,4.1375,731.7541666666667,1368.1167132867133,1316.090909090909,0.19378941322976667,0.02097902097902098,0.12804878048780488
13695,2770.73,16,1791,47,31.933333333333334,546.1381944444445,173.170625,111.9375,0.02741537723432151,0.0625,0.0
13696,2020.4,3,552,24,422.12916666666666,244.81041666666667,673.4666666666667,184.0,0.008136351693801964,0.0,0.25
13697,151.29999999999998,1,177,12,39.15,0.0,151.29999999999998,177.0,0.0,0.0,0.0
13698,451.73,2,227,31,597.0402777777778,85.11805555555556,225.865,113.5,0.011611966776872833,0.0,0.0
13699,764.15,2,219,33,155.83263888888888,395.15833333333336,382.075,109.5,0.0025242432529081382,0.0,0.3333333333333333
13700,2596.9700000000003,13,2786,163,26.993055555555557,644.0881944444444,199.7669230769231,214.30769230769232,0.018602107592954022,0.38461538461538464,0.07142857142857142
13701,161.0,1,80,9,447.0076388888889,0.0,161.0,80.0,0.0,1.0,0.5
13702,135.18,1,74,5,446.0486111111111,0.0,135.18,74.0,0.0,0.0,0.0
13703,425.56,2,128,36,318.9861111111111,96.99930555555555,212.78,64.0,0.01020415394100015,0.0,0.3333333333333333
13704,2308.06,9,1531,111,5.9006944444444445,83.02291666666666,256.4511111111111,170.11111111111111,0.09521211970940469,0.1111111111111111,0.1
13705,1717.19,7,906,55,8.0125,616.8006944444444,245.31285714285715,129.42857142857142,0.009711869950867381,0.0,0.0
13706,631.17,2,301,38,303.1451388888889,324.00208333333336,315.585,150.5,0.003076903353183633,0.0,0.0
13707,3365.86,5,2210,142,267.78263888888887,269.25416666666666,673.172,442.0,0.014800881885879033,0.0,0.0
13708,285.33,1,301,49,271.9611111111111,0.0,285.33,301.0,0.0,1.0,0.0
13709,7571.35,18,4122,296,4.098611111111111,693.9916666666667,420.6305555555556,229.0,0.02446072494874039,0.1111111111111111,0.18181818181818182
13710,509.52,3,336,13,32.19027777777778,580.8069444444444,169.84,112.0,0.003437566393968981,0.0,0.0
13711,1792.26,9,819,80,219.09652777777777,505.64375,199.14,91.0,0.015790187878563587,0.1111111111111111,0.4
13712,766.42,2,1128,32,247.01180555555555,364.05347222222224,383.21,564.0,0.002739324718410735,0.0,0.0
13713,740.76,3,284,70,408.85555555555555,174.97916666666666,246.92,94.66666666666667,0.011364981650290044,0.0,0.0
13714,161.35,1,50,30,465.9534722222222,0.0,161.35,50.0,0.0,0.0,0.0
13715,8153.04,17,4800,277,281.7284722222222,357.15833333333336,479.5905882352941,282.3529411764706,0.044672979827357545,0.17647058823529413,0.19047619047619047
13716,138.28,1,138,21,269.9590277777778,0.0,138.28,138.0,0.0,0.0,0.0
13717,1763.3,8,2144,110,32.94236111111111,453.18958333333336,220.4125,268.0,0.015412066363623854,0.0,0.2727272727272727
13718,306.55,2,173,9,246.9763888888889,49.05972222222222,153.275,86.5,0.019976139611020172,0.0,0.0
13719,2783.08,11,1588,194,15.891666666666667,556.0347222222222,253.00727272727272,144.36363636363637,0.017952202261478815,0.18181818181818182,0.0
13720,799.9,4,501,42,117.00277777777778,138.14513888888888,199.975,125.25,0.021560221391532623,0.0,0.0
13721,741.54,2,512,41,36.947916666666664,358.8375,370.77,256.0,0.002779032202035641,0.0,0.0
13722,5635.41,10,3059,137,132.00416666666666,514.9381944444444,563.5409999999999,305.9,0.017443949870179862,0.2,0.09090909090909091
13723,1194.08,6,593,51,217.82361111111112,394.10555555555555,199.01333333333332,98.83333333333333,0.012654846103010447,0.0,0.0
13724,213.01,1,130,39,637.8902777777778,0.0,213.01,130.0,0.0,0.0,0.0
13725,1980.56,8,806,95,50.115972222222226,258.90625,247.57,100.75,0.0269327882649994,0.25,0.2727272727272727
13726,1079.6599999999999,2,1054,39,39.08402777777778,61.988194444444446,539.8299999999999,527.0,0.01587599087130525,0.0,0.0
13727,1074.15,8,368,74,29.127777777777776,701.8479166666667,134.26875,46.0,0.009959480328544285,0.125,0.1111111111111111
13728,2855.17,16,1269,75,37.08402777777778,693.7333333333333,178.448125,79.3125,0.021591018136455233,0.0,0.0
13729,724.73,3,419,36,436.0875,248.82430555555555,241.57666666666668,139.66666666666666,0.008005626176173812,0.3333333333333333,0.4
13730,752.6,2,488,38,136.17708333333334,25.825,376.3,244.0,0.037278657968313145,0.0,0.0
13731,610.59,2,278,36,219.9284722222222,27.18263888888889,305.295,139.0,0.035482837641376934,0.0,0.0
13732,491.86,1,498,33,28.875694444444445,0.0,491.86,498.0,0.0,0.0,0.0
13733,487.03000000000003,2,335,28,411.02222222222224,324.86805555555554,243.51500000000001,167.5,0.0030687266915290358,0.0,0.3333333333333333
13734,6695.6900000000005,4,302,24,509.03194444444443,94.14027777777778,1673.9225000000001,75.5,0.03153238638851987,0.0,0.3333333333333333
13735,9762.77,13,4135,362,25.066666666666666,701.9048611111111,750.9823076923077,318.0769230769231,0.017072011681682066,0.15384615384615385,0.4090909090909091
13736,2752.47,7,1549,325,5.896527777777778,728.1333333333333,393.21,221.28571428571428,0.008228947609033557,0.5714285714285714,0.4166666666666667
13737,339.59999999999997,1,125,29,200.84583333333333,0.0,339.59999999999997,125.0,0.0,0.0,0.0
13738,434.78000000000003,1,237,88,396.89375,0.0,434.78000000000003,237.0,0.0,0.0,0.0
13739,292.2,2,76,6,18.96875,509.13194444444446,146.1,38.0,0.001960277161409766,0.0,0.0
13740,1582.77,5,987,83,241.09583333333333,496.9236111111111,316.554,197.4,0.008033360762053528,0.0,0.0
13741,668.4300000000001,3,218,34,72.14652777777778,145.81666666666666,222.81000000000003,72.66666666666667,0.013622431604041321,0.0,0.25
13742,3107.87,12,1115,200,17.071527777777778,303.8388888888889,258.9891666666667,92.91666666666667,0.03608463487087897,0.3333333333333333,0.14285714285714285
13743,1341.6,7,1776,8,3.1118055555555557,256.8076388888889,191.65714285714284,253.71428571428572,0.023273166093367416,0.0,0.125
13744,1080.52,2,1153,54,95.89652777777778,197.04930555555555,540.26,576.5,0.005049247697157344,0.5,0.0
13745,777.36,2,1146,46,162.83819444444444,383.975,388.68,573.0,0.002597571270861744,0.0,0.5
13746,176.69,1,83,9,414.03819444444446,0.0,176.69,83.0,0.0,0.0,0.0
13747,169.79999999999998,2,60,4,374.09236111111113,51.05694444444445,84.89999999999999,30.0,0.019209732931351885,0.0,0.0
13748,2064.35,9,1028,40,96.12847222222223,642.7090277777778,229.3722222222222,114.22222222222223,0.012427975459063738,0.0,0.0
13750,3602.1800000000003,11,1370,51,54.02361111111111,563.89375,327.4709090909091,124.54545454545455,0.017702444043680782,0.09090909090909091,0.15384615384615385
13751,296.25,1,152,9,288.87083333333334,0.0,296.25,152.0,0.0,0.0,0.0
13752,1579.8300000000002,7,1005,75,124.94027777777778,403.16180555555553,225.69000000000003,143.57142857142858,0.014845539379339615,0.2857142857142857,0.0
13753,2094.57,4,1450,64,288.00138888888887,449.10277777777776,523.6425,362.5,0.00666514438060443,0.0,0.0
13754,447.05,3,315,16,152.04097222222222,285.8486111111111,149.01666666666668,105.0,0.006972318925488183,0.0,0.0
13755,2108.06,9,1242,232,4.016666666666667,59.861805555555556,234.2288888888889,138.0,0.13144532809986192,0.0,0.1
13756,8655.95,23,5138,142,2.8375,722.0597222222223,376.3456521739131,223.3913043478261,0.030426255707324004,0.0,0.08
13757,195.55,1,54,8,675.0090277777778,0.0,195.55,54.0,0.0,0.0,0.0
13758,8698.13,15,4667,213,12.06875,727.0451388888889,579.8753333333333,311.1333333333333,0.019229576920692302,0.26666666666666666,0.21052631578947367
13759,659.4100000000001,2,287,24,33.91875,37.96319444444445,329.70500000000004,143.5,0.025665246760653748,0.5,0.0
13760,1363.6399999999999,5,623,95,54.859027777777776,539.1270833333333,272.72799999999995,124.6,0.0074056645619665126,0.6,0.16666666666666666
13761,1952.17,6,1079,118,50.950694444444444,606.1201388888888,325.3616666666667,179.83333333333334,0.008235602279889231,0.5,0.0
13762,2472.48,5,2608,23,219.14930555555554,479.87638888888887,494.496,521.6,0.008318145977685418,0.6,0.16666666666666666
13763,5217.4400000000005,3,3224,50,63.90069444444445,371.8986111111111,1739.1466666666668,1074.6666666666667,0.005363388171494337,0.0,0.5
13764,2919.62,6,2084,295,71.03263888888888,571.9631944444444,486.6033333333333,347.3333333333333,0.008726564024497405,0.3333333333333333,0.0
13765,352.821,1,297,17,653.9611111111111,0.0,352.821,297.0,0.0,0.0,0.0
13766,190.35,1,137,16,495.93402777777777,0.0,190.35,137.0,0.0,1.0,0.0
13767,33903.57,73,14595,117,2.9097222222222223,736.1722222222222,464.43246575342465,199.93150684931507,0.09767052776752003,0.1232876712328767,0.23958333333333334
13768,875.97,2,373,30,727.0895833333333,4.011111111111111,437.985,186.5,0.19955654101995565,0.5,0.75
13769,5478.12,20,2452,121,2.904166666666667,721.13125,273.906,122.6,0.02631100648254732,0.0,0.3103448275862069
13770,785.37,4,468,48,422.90277777777777,308.0180555555556,196.3425,117.0,0.00970817059413105,0.0,0.0
13771,5728.82,9,3140,182,64.93888888888888,588.0701388888889,636.5355555555556,348.8888888888889,0.013580725743609573,0.0,0.1
13772,3100.02,8,1446,394,34.046527777777776,620.9083333333333,387.5025,180.75,0.011255678087606694,0.25,0.1111111111111111
13773,301.54,2,174,19,397.0423611111111,263.05694444444447,150.77,87.0,0.0037870619237222606,0.0,0.0
13774,345.0,1,192,22,82.03055555555555,0.0,345.0,192.0,0.0,0.0,0.0
13775,1049.66,1,455,63,591.0243055555555,0.0,1049.66,455.0,0.0,0.0,0.0
13776,623.98,2,2,1,428.86041666666665,0.002777777777777778,311.99,1.0,0.997229916897507,0.0,0.75
13777,49638.26,61,23190,44,1.0173611111111112,737.1097222222222,813.7419672131148,380.1639344262295,0.08128872739862901,0.09836065573770492,0.1643835616438356
13778,1124.49,4,511,33,103.89236111111111,462.07708333333335,281.1225,127.75,0.006478403073642347,0.5,0.2
13779,161.13,1,53,27,516.0597222222223,0.0,161.13,53.0,0.0,0.0,0.0
13780,732.07,3,479,90,7.959027777777778,399.74861111111113,244.02333333333334,159.66666666666666,0.004990659841477235,0.0,0.0
13781,778.83,3,300,56,251.02916666666667,470.8486111111111,259.61,100.0,0.004238647635923716,0.3333333333333333,0.25
13782,1786.08,13,643,187,13.03888888888889,720.9597222222222,137.39076923076922,49.46153846153846,0.016621425864400713,0.9230769230769231,0.07142857142857142
13783,1542.09,4,3437,4,488.14375,185.81666666666666,385.5225,859.25,0.016058524400035686,0.0,0.0
13784,2910.23,14,2827,13,10.136805555555556,440.87916666666666,207.87357142857144,201.92857142857142,0.029419807451132002,0.07142857142857142,0.06666666666666667
13785,542.49,4,151,26,429.1423611111111,31.725,135.6225,37.75,0.09167303284950343,0.25,0.0
13786,3127.99,6,1515,80,367.95625,368.93125,521.3316666666666,252.5,0.01351602493706601,0.3333333333333333,0.25
13787,1222.5,6,998,71,76.03055555555555,619.0784722222222,203.75,166.33333333333334,0.008063495547718534,0.16666666666666666,0.3333333333333333
13788,3.75,1,1,1,505.875,0.0,3.75,1.0,0.0,0.0,0.0
13789,239.45999999999998,1,258,18,388.8881944444444,0.0,239.45999999999998,258.0,0.0,0.0,0.0
13790,348.8,1,748,45,4.876388888888889,0.0,348.8,748.0,0.0,0.0,0.0
13791,1516.0,2,1200,7,128.04583333333332,40.795833333333334,758.0,600.0,0.0239258299272256,0.0,0.3333333333333333
13792,383.95,3,156,23,66.92986111111111,356.1430555555556,127.98333333333333,52.0,0.005599996888890617,0.0,0.0
13793,96.0,1,52,7,647.1840277777778,0.0,96.0,52.0,0.0,0.0,0.0
13794,126.03,1,63,9,547.0138888888889,0.0,126.03,63.0,0.0,0.0,0.0
13795,836.3,4,1250,23,388.80902777777777,249.1951388888889,209.075,312.5,0.011990640638834687,0.25,0.0
13796,289.7,1,218,22,499.9201388888889,0.0,289.7,218.0,0.0,0.0,0.0
13797,1179.45,3,573,71,437.09444444444443,210.9284722222222,393.15000000000003,191.0,0.00943714631181249,0.0,0.25
13798,75428.87,110,48187,168,1.8743055555555554,729.9791666666666,685.717,438.06363636363636,0.1491150568586656,0.11818181818181818,0.12
13799,2803.57,9,1539,64,117.02986111111112,527.8111111111111,311.5077777777778,171.0,0.015128275166516084,0.1111111111111111,0.3076923076923077
13800,1679.56,3,891,73,310.0159722222222,427.1,559.8533333333334,297.0,0.00467180565288484,0.0,0.0
13801,324.8,1,168,23,67.10763888888889,0.0,324.8,168.0,0.0,0.0,0.0
13802,26259.11,19,14129,212,139.08055555555555,523.0298611111111,1382.0584210526315,743.6315789473684,0.03434918758605518,0.21052631578947367,0.20833333333333334
13803,1338.91,3,831,73,255.9951388888889,363.12291666666664,446.30333333333334,277.0,0.0054926507189078785,0.0,0.25
13804,3161.12,9,1797,149,31.0125,406.0875,351.23555555555555,199.66666666666666,0.01965179476156846,0.1111111111111111,0.0
13805,924.6,2,1900,10,52.916666666666664,76.97291666666666,462.3,950.0,0.01282496593368424,0.0,0.0
13806,256.38,1,56,10,64.04652777777778,0.0,256.38,56.0,0.0,0.0,0.0
13807,422.2,3,116,24,367.87638888888887,368.1298611111111,140.73333333333332,38.666666666666664,0.005418147407472905,0.0,0.25
13808,1747.66,5,782,70,6.022222222222222,91.00763888888889,349.53200000000004,156.4,0.04347465110837717,0.4,0.0
13809,679.7,3,281,23,305.9826388888889,155.06458333333333,226.5666666666667,93.66666666666667,0.012815207379423583,0.3333333333333333,0.0
13810,1499.01,3,312,32,29.178472222222222,27.816666666666666,499.67,104.0,0.06940427993059572,0.0,0.25
13811,814.5,3,68,7,184.12222222222223,55.63472222222222,271.5,22.666666666666668,0.03531402506314834,0.0,0.25
13812,539.0,3,333,33,42.93263888888889,63.06458333333333,179.66666666666666,111.0,0.031218496959448474,0.0,0.0
13813,2765.47,8,1292,84,40.09166666666667,694.0152777777778,345.68375,161.5,0.010071721045300762,0.25,0.3333333333333333
13814,2257.32,3,1214,56,92.95972222222223,434.98333333333335,752.44,404.6666666666667,0.004587331320004587,0.0,0.4
13815,7475.74,8,5381,203,22.938194444444445,643.1618055555556,934.4675,672.625,0.010866834915744297,0.0,0.2
13816,571.6700000000001,2,269,25,24.175,40.75069444444444,285.83500000000004,134.5,0.023951697410222718,0.0,0.5
13817,382.98,2,211,20,29.792361111111113,322.25208333333336,191.49,105.5,0.0030935608819226477,0.0,0.0
13818,61.28,1,60,5,430.0104166666667,0.0,61.28,60.0,0.0,0.0,0.0
13819,2642.35,6,2309,47,302.09166666666664,436.7638888888889,440.39166666666665,384.8333333333333,0.011421682159967004,0.0,0.14285714285714285
13820,652.75,3,285,68,418.9611111111111,262.05555555555554,217.58333333333334,95.0,0.007602956705385428,0.3333333333333333,0.4
13821,1379.08,6,477,158,145.12569444444443,559.8423611111111,229.84666666666666,79.5,0.00891516109819926,0.0,0.14285714285714285
13822,632.0,2,611,90,6.0256944444444445,34.84583333333333,316.0,305.5,0.02789724514704173,1.0,0.0
13823,3403.4500000000003,7,1564,108,19.102777777777778,705.825,486.2071428571429,223.42857142857142,0.008488664096487814,0.0,0.125
13824,3314.76,12,1442,59,33.00625,604.8916666666667,276.23,120.16666666666667,0.018155060723176585,0.08333333333333333,0.14285714285714285
13825,255.59,2,182,38,622.075,108.85555555555555,127.795,91.0,0.00910286234449277,0.5,0.0
13826,189.5,1,82,10,176.9597222222222,0.0,189.5,82.0,0.0,0.0,0.5
13827,409.8,3,138,83,58.00833333333333,85.875,136.6,46.0,0.02302158273381295,0.0,0.0
13828,209.49,1,311,15,22.866666666666667,0.0,209.49,311.0,0.0,0.0,0.0
13829,102.0,1,12,1,421.7715277777778,0.0,102.0,12.0,0.0,0.0,0.5
13830,156.85000000000002,1,47,11,582.0180555555555,0.0,156.85000000000002,47.0,0.0,0.0,0.5
13831,6585.54,18,2393,121,16.88125,713.0354166666667,365.86333333333334,132.94444444444446,0.023808342840136897,0.16666666666666666,0.1
13832,609.89,2,420,54,19.884722222222223,403.03819444444446,304.945,210.0,0.0024750135352302706,0.5,0.3333333333333333
13833,700.41,2,243,43,159.97430555555556,244.96944444444443,350.205,121.5,0.004065545630103107,1.0,0.0
13834,324.19,2,221,15,577.0993055555556,92.89930555555556,162.095,110.5,0.01064970602373997,0.0,0.3333333333333333
13835,1095.27,7,520,60,25.884027777777778,620.2993055555555,156.46714285714285,74.28571428571429,0.009657181243160895,0.14285714285714285,0.125
13836,620.37,2,273,29,399.9715277777778,15.002777777777778,310.185,136.5,0.062489151189029674,0.0,0.3333333333333333
13837,266.59000000000003,2,182,17,212.02777777777777,105.99652777777777,133.29500000000002,91.0,0.009346097679701444,0.0,0.0
13838,1690.07,10,694,328,6.076388888888889,573.9722222222222,169.007,69.4,0.01565293009324122,1.0,0.0
13839,139.95000000000002,1,25,7,486.95694444444445,0.0,139.95000000000002,25.0,0.0,0.0,0.0
13840,651.4,1,358,40,416.96944444444443,0.0,651.4,358.0,0.0,0.0,0.0
13841,85.0,1,100,1,253.02777777777777,0.0,85.0,100.0,0.0,0.0,0.0
13842,5319.34,18,2716,214,59.08263888888889,602.7895833333333,295.5188888888889,150.88888888888889,0.028155503952466885,0.05555555555555555,0.05263157894736842
13843,319.75,1,145,18,381.79305555555555,0.0,319.75,145.0,0.0,0.0,0.0
13844,361.62,1,196,20,11.978472222222223,0.0,361.62,196.0,0.0,0.0,0.0
13845,312.98,1,182,9,65.18402777777777,0.0,312.98,182.0,0.0,0.0,0.0
13846,1307.79,4,705,81,25.02986111111111,375.09722222222223,326.9475,176.25,0.007976660881125596,0.0,0.2
13847,310.72,1,96,19,720.0895833333333,0.0,310.72,96.0,0.0,1.0,0.0
13848,3015.0,8,9200,3,92.99444444444444,637.8618055555555,376.875,1150.0,0.010956986220068025,0.125,0.0
13849,3469.3,5,1883,189,52.077083333333334,572.9555555555555,693.86,376.6,0.006969180734087038,0.2,0.16666666666666666
13850,1595.48,1,944,93,129.94861111111112,0.0,1595.48,944.0,0.0,0.0,0.5
13851,4606.46,8,2525,111,96.00972222222222,584.0291666666667,575.8075,315.625,0.01196521540948813,0.0,0.1111111111111111
13852,187.35000000000002,1,85,11,611.1555555555556,0.0,187.35000000000002,85.0,0.0,0.0,0.5
13853,1090.14,1,312,23,57.93888888888889,0.0,1090.14,312.0,0.0,0.0,0.5
13854,11944.56,39,3642,61,9.155555555555555,691.9013888888888,306.2707692307692,93.38461538461539,0.05484185860983105,0.10256410256410256,0.13333333333333333
13855,1310.3400000000001,4,575,64,501.12291666666664,230.70625,327.58500000000004,143.75,0.012947428047366007,0.0,0.2
13856,1142.03,11,1105,33,169.1159722222222,450.7659722222222,103.82090909090908,100.45454545454545,0.02213535461914124,0.09090909090909091,0.26666666666666666
13857,1001.01,6,782,99,393.9972222222222,177.93958333333333,166.835,130.33333333333334,0.027942392101617166,0.16666666666666666,0.14285714285714285
13858,216.17,1,75,11,57.85625,0.0,216.17,75.0,0.0,0.0,0.0
13859,515.86,2,167,34,326.85833333333335,203.0263888888889,257.93,83.5,0.004901326761924859,0.0,0.0
13860,1245.9,5,591,58,1.9951388888888888,85.14583333333333,249.18,118.2,0.04643288996372431,0.0,0.16666666666666666
13861,273.26,2,225,21,429.9375,101.11319444444445,136.63,112.5,0.009793053732581625,0.5,0.3333333333333333
13862,2556.09,9,1927,113,18.851388888888888,371.1118055555556,284.01,214.11111111111111,0.021498914790021667,0.1111111111111111,0.18181818181818182
13863,1239.55,4,553,59,248.10416666666666,345.8826388888889,309.8875,138.25,0.008648458192111885,0.25,0.3333333333333333
13864,662.4000000000001,1,192,1,387.0,0.0,662.4000000000001,192.0,0.0,0.0,0.0
13865,501.56,4,204,26,58.97152777777778,231.06041666666667,125.39,51.0,0.012927667902575659,0.0,0.0
13866,145.67000000000002,1,57,7,74.91388888888889,0.0,145.67000000000002,57.0,0.0,0.0,0.0
13867,1005.09,3,501,51,31.87638888888889,186.93055555555554,335.03000000000003,167.0,0.010642228955731284,0.0,0.0
13868,3192.54,2,1964,32,7.845833333333333,31.15763888888889,1596.27,982.0,0.031096810417431488,0.0,0.0
13869,7996.87,10,4302,502,123.95625,567.9583333333334,799.687,430.2,0.01581838154522153,0.3,0.0
13870,5712.08,15,3449,159,2.9770833333333333,667.0520833333334,380.80533333333335,229.93333333333334,0.020956449877598114,0.13333333333333333,0.16666666666666666
13871,7885.85,17,3502,183,23.084027777777777,696.9027777777778,463.8735294117647,206.0,0.0229258293697387,0.11764705882352941,0.19047619047619047
13872,919.57,3,339,51,527.8854166666666,198.23541666666668,306.52333333333337,113.0,0.010038375874436649,0.0,0.5
13873,1038.92,8,472,55,120.1125,526.9006944444444,129.865,59.0,0.013260069694294881,0.25,0.1111111111111111
13874,2049.15,7,864,46,358.7708333333333,314.9868055555556,292.7357142857143,123.42857142857143,0.018988134613567284,0.0,0.3
13875,4814.37,14,3072,159,54.13472222222222,668.9625,343.88357142857143,219.42857142857142,0.019404071123383774,0.14285714285714285,0.0
13876,122.7,1,36,7,64.10277777777777,0.0,122.7,36.0,0.0,0.0,0.0
13877,449.68,3,478,23,86.87569444444445,603.2055555555555,149.89333333333335,159.33333333333334,0.003310131761633734,0.0,0.4
13878,2416.9,4,927,93,55.02152777777778,549.9368055555556,604.225,231.75,0.005445270618605431,0.25,0.0
13879,395.5,1,204,25,646.0840277777778,0.0,395.5,204.0,0.0,0.0,0.0
13880,4293.86,17,2535,148,21.9625,540.96875,252.57999999999998,149.11764705882354,0.029521997347633052,0.11764705882352941,0.0
13881,45179.1,43,29760,182,4.0,641.9229166666667,1050.6767441860466,692.0930232558139,0.06532664944929246,0.0,0.1568627450980392
13882,1191.13,5,953,54,3.0652777777777778,61.825,238.22600000000003,190.6,0.06366892160764026,0.0,0.16666666666666666
13883,6560.02,15,3584,200,11.086805555555555,720.7215277777777,437.3346666666667,238.93333333333334,0.019398063465152285,0.2,0.4230769230769231
13884,1825.03,10,752,108,7.847222222222222,462.85625,182.503,75.2,0.019402562755163912,0.4,0.2857142857142857
13885,506.8,2,182,28,189.9048611111111,11.260416666666666,253.4,91.0,0.08156329651656755,0.0,0.0
13886,243.56,1,126,16,71.98125,0.0,243.56,126.0,0.0,0.0,0.0
13887,349.55,1,147,19,204.8111111111111,0.0,349.55,147.0,0.0,0.0,0.0
13888,2001.59,7,795,124,120.10902777777778,455.9277777777778,285.94142857142856,113.57142857142857,0.013131178036888883,0.14285714285714285,0.0
13889,1991.23,6,979,57,93.15069444444444,593.7784722222223,331.87166666666667,163.16666666666666,0.008406491212297761,0.0,0.25
13890,2927.38,14,1392,100,1.8847222222222222,732.0145833333333,209.09857142857143,99.42857142857143,0.017734981398164543,0.07142857142857142,0.36363636363636365
13891,859.21,3,476,97,378.8701388888889,203.99652777777777,286.40333333333336,158.66666666666666,0.009756262809329426,0.0,0.0
13892,1267.6499999999999,6,3125,33,27.041666666666668,549.0541666666667,211.27499999999998,520.8333333333334,0.009090013862271139,0.16666666666666666,0.0
13893,821.1,1,190,21,298.05555555555554,0.0,821.1,190.0,0.0,0.0,0.0
13894,564.62,3,354,25,24.129166666666666,286.86805555555554,188.20666666666668,118.0,0.00694762743347888,0.0,0.4
13895,4008.52,6,2060,154,28.82847222222222,708.1583333333333,668.0866666666667,343.3333333333333,0.007050611640559819,0.0,0.25
13896,388.55,1,149,21,626.1631944444445,0.0,388.55,149.0,0.0,0.0,0.0
13897,1160.72,3,820,58,50.93055555555556,627.0291666666667,386.9066666666667,273.3333333333333,0.0031845654726757647,0.3333333333333333,0.0
13898,686.4,2,544,43,326.0986111111111,85.78194444444445,343.2,272.0,0.011523134292527567,0.5,0.0
13899,388.52,2,156,19,16.96527777777778,258.1736111111111,194.26,78.0,0.0038584175129283784,0.0,0.0
13900,1610.59,6,938,80,183.725,441.2361111111111,268.4316666666667,156.33333333333334,0.011306177569799944,0.0,0.14285714285714285
13901,5676.34,15,3344,280,72.91805555555555,631.2215277777777,378.42266666666666,222.93333333333334,0.022144136801556243,0.0,0.25
13902,34095.26,5,220600,58,632.9868055555555,92.12986111111111,6819.052000000001,44120.0,0.04295077811001663,0.0,0.375
13903,165.45000000000002,1,103,10,400.79583333333335,0.0,165.45000000000002,103.0,0.0,0.0,0.0
13904,332.64,2,332,24,37.96458333333333,257.09930555555553,166.32,166.0,0.003874477685430081,0.0,0.0
13905,312.65,1,135,12,733.0479166666667,0.0,312.65,135.0,0.0,0.0,0.6666666666666666
13906,42.0,1,100,1,409.90972222222223,0.0,42.0,100.0,0.0,0.0,0.0
13907,136.8,1,68,4,692.0194444444444,0.0,136.8,68.0,0.0,1.0,0.0
13908,2369.55,4,1478,104,80.0423611111111,196.98958333333334,592.3875,369.5,0.015152312305992528,0.0,0.2
13909,282.85,2,301,35,423.81111111111113,98.02083333333333,141.425,150.5,0.010098884914790659,0.0,0.0
13911,4234.99,20,4487,178,57.87986111111111,590.9666666666667,211.74949999999998,224.35,0.03209640182442705,0.1,0.09090909090909091
13912,124.95,1,29,7,424.1715277777778,0.0,124.95,29.0,0.0,0.0,0.0
13913,42.22,1,10,3,507.11041666666665,0.0,42.22,10.0,0.0,0.0,0.0
13914,626.45,2,380,28,12.09375,24.75486111111111,313.225,190.0,0.0388276215385445,0.0,0.3333333333333333
13915,70.80000000000001,1,24,2,394.8979166666667,0.0,70.80000000000001,24.0,0.0,0.0,0.5
13916,1275.81,4,673,72,464.1152777777778,211.9986111111111,318.9525,168.25,0.014084598882360997,0.0,0.2
13917,272.04,2,228,16,50.12083333333333,141.88194444444446,136.02,114.0,0.006998784933171324,0.0,0.0
13918,1212.8400000000001,2,1140,30,50.017361111111114,203.76388888888889,606.4200000000001,570.0,0.004883673607813878,0.0,0.0
13919,1360.68,4,1133,65,59.93472222222222,481.20416666666665,340.17,283.25,0.006221431101970984,0.0,0.2
13920,1774.68,4,1772,81,432.00902777777776,130.8673611111111,443.67,443.0,0.02275013297242073,0.0,0.2
13921,730.7,4,210,36,402.84583333333336,319.17569444444445,182.675,52.5,0.009369855526371155,0.0,0.2
13922,865.2,3,467,30,352.09166666666664,115.83472222222223,288.40000000000003,155.66666666666666,0.017118198785083392,0.3333333333333333,0.4
13923,351.13,1,185,20,54.011805555555554,0.0,351.13,185.0,0.0,0.0,0.0
13924,1838.8500000000001,6,1575,90,2.1326388888888888,70.77222222222223,306.475,262.5,0.06966483473953092,0.0,0.45454545454545453
13925,678.25,4,331,28,93.00208333333333,42.02638888888889,169.5625,82.75,0.06972465218373737,0.0,0.3333333333333333
13926,223.85000000000002,1,104,11,23.981944444444444,0.0,223.85000000000002,104.0,0.0,0.0,0.0
13927,708.26,2,463,37,75.03472222222223,362.825,354.13,231.5,0.0027485741771456056,0.0,0.3333333333333333
13928,464.57,4,129,23,11.095138888888888,122.77361111111111,116.1425,32.25,0.0242377997464008,0.0,0.0
13929,3494.1,11,1566,38,169.89166666666668,525.3340277777778,317.6454545454545,142.36363636363637,0.018999341620036917,0.0,0.21428571428571427
13930,337.34,2,274,15,58.12847222222222,78.94791666666667,168.67,137.0,0.01250814332247557,0.0,0.0
13931,5257.38,11,3488,205,96.10972222222222,640.9902777777778,477.94363636363636,317.09090909090907,0.015576559873483718,0.0,0.08333333333333333
13932,307.4,1,72,16,295.03333333333336,0.0,307.4,72.0,0.0,0.0,0.0
13933,608.7900000000001,2,205,23,109.94930555555555,39.019444444444446,304.39500000000004,102.5,0.024987853126952175,0.0,0.0
13934,922.1,1,390,31,264.1743055555556,0.0,922.1,390.0,0.0,0.0,0.0
13935,6116.92,3,2252,67,597.0618055555556,55.80555555555556,2038.9733333333334,750.6666666666666,0.035207823960880194,0.0,0.0
13936,939.66,3,661,56,180.16875,234.76805555555555,313.21999999999997,220.33333333333334,0.00848291340948319,0.0,0.25
13937,880.13,2,587,54,169.84375,233.1652777777778,440.065,293.5,0.004270487962562055,0.0,0.3333333333333333
13938,71.66,1,70,7,35.925694444444446,0.0,71.66,70.0,0.0,0.0,0.0
13939,1560.96,7,1608,91,23.97013888888889,589.0347222222222,222.99428571428572,229.71428571428572,0.01016889307361855,0.0,0.3
13940,839.14,4,516,39,17.899305555555557,126.96527777777777,209.785,129.0,0.023443859553915453,0.0,0.0
13941,10027.18,15,4782,42,22.12986111111111,701.73125,668.4786666666666,318.8,0.019922267580956447,0.3333333333333333,0.11764705882352941
13942,320.0,1,1000,1,535.0104166666666,0.0,320.0,1000.0,0.0,0.0,0.0
13943,246.54,1,94,15,578.0555555555555,0.0,246.54,94.0,0.0,0.0,0.0
13944,200.43,1,153,35,653.9083333333333,0.0,200.43,153.0,0.0,0.0,0.0
13945,854.15,2,413,49,395.11805555555554,85.00069444444445,427.075,206.5,0.011627813082904693,0.0,0.0
13946,1876.23,6,2847,49,79.97013888888888,656.1013888888889,312.705,474.5,0.0076091758205756345,0.3333333333333333,0.14285714285714285
13947,90.6,1,44,5,65.92222222222222,0.0,90.6,44.0,0.0,0.0,0.0
13948,548.76,4,248,23,361.10555555555555,374.9194444444444,137.19,62.0,0.007980433160177639,0.25,0.2
13949,2427.32,6,2474,124,3.1354166666666665,91.90277777777777,404.55333333333334,412.3333333333333,0.05381970399162805,0.16666666666666666,0.0
13950,745.06,4,323,33,11.920833333333333,235.13541666666666,186.265,80.75,0.012704574529092594,0.0,0.2
13951,674.45,3,459,38,176.83819444444444,118.05694444444444,224.8166666666667,153.0,0.016798684103078592,0.3333333333333333,0.0
13952,12823.521,14,5947,238,218.15972222222223,505.9715277777778,915.9657857142857,424.7857142857143,0.025642465676491255,0.14285714285714285,0.17647058823529413
13953,6640.68,12,5224,8,7.865277777777778,721.1291666666667,553.39,435.3333333333333,0.015232731909688362,0.0,0.0
13954,439.92,2,150,24,2.0,69.08194444444445,219.96,75.0,0.01426901048375909,0.0,0.3333333333333333
13955,544.0699999999999,3,272,82,154.81319444444443,220.98888888888888,181.35666666666665,90.66666666666667,0.009009459932929577,0.0,0.0
13956,1019.27,5,486,123,5.979166666666667,266.0201388888889,203.85399999999998,97.2,0.014980143507694228,1.0,0.0
13957,458.25,3,157,21,418.1166666666667,240.97916666666666,152.75,52.333333333333336,0.008265174343521309,0.3333333333333333,0.0
13958,4709.2300000000005,8,2264,172,380.11041666666665,354.87430555555557,588.6537500000001,283.0,0.019669866272228605,0.375,0.3333333333333333
13959,1064.77,6,694,120,79.90555555555555,431.99652777777777,177.46166666666667,115.66666666666667,0.011547436709622062,0.16666666666666666,0.0
13960,230.22,2,142,11,21.89097222222222,50.11666666666667,115.11,71.0,0.019563090968373,0.0,0.0
13961,538.4,1,226,19,392.9236111111111,0.0,538.4,226.0,0.0,0.0,0.5
13962,362.8,3,160,23,22.16875,413.925,120.93333333333334,53.333333333333336,0.004820148219557751,0.0,0.0
13963,2860.57,17,2007,129,308.9215277777778,288.9326388888889,168.26882352941178,118.05882352941177,0.0551852322019243,0.11764705882352941,0.05555555555555555
13964,438.9,2,228,22,387.95625,43.052083333333336,219.45,114.0,0.022700401986285174,0.0,0.3333333333333333
13965,996.61,3,425,23,477.09027777777777,226.8048611111111,332.2033333333333,141.66666666666666,0.008779443907584158,0.0,0.4
13966,384.26,1,760,21,435.9875,0.0,384.26,760.0,0.0,0.0,0.0
13967,166.3,2,66,4,146.03333333333333,250.94305555555556,83.15,33.0,0.003969150877347725,0.5,0.0
13968,123.66,1,174,8,423.97777777777776,0.0,123.66,174.0,0.0,0.0,0.0
13969,12973.460000000001,35,6640,472,7.902083333333334,617.0805555555555,370.67028571428574,189.71428571428572,0.05500901087147037,0.0,0.10256410256410256
13970,846.55,2,469,10,386.9784722222222,51.06111111111111,423.275,234.5,0.019208195496745278,0.0,0.0
13971,4667.57,14,3084,184,19.030555555555555,664.09375,333.3978571428571,220.28571428571428,0.019546116618897713,0.07142857142857142,0.2222222222222222
13972,190.25,2,187,15,71.03888888888889,131.01388888888889,95.125,93.5,0.007574960547080484,0.5,0.0
13973,264.7,1,109,11,287.8951388888889,0.0,264.7,109.0,0.0,0.0,0.0
13974,677.72,2,356,43,49.922916666666666,532.8652777777778,338.86,178.0,0.0018731317462010546,0.0,0.5
13975,5256.4,12,3884,434,31.979861111111113,644.0041666666667,438.0333333333333,323.6666666666667,0.017054153396941878,0.08333333333333333,0.14285714285714285
13976,1192.36,4,452,49,207.15069444444444,461.83680555555554,298.09,113.0,0.006481766281311658,0.0,0.0
13977,519.8100000000001,1,303,13,411.9458333333333,0.0,519.8100000000001,303.0,0.0,1.0,0.0
13978,196.79000000000002,2,315,14,15.051388888888889,30.855555555555554,98.39500000000001,157.5,0.03139169863969306,0.0,0.0
13979,3379.93,7,2270,356,73.97083333333333,663.1458333333334,482.84714285714284,324.2857142857143,0.009034160419084664,0.14285714285714285,0.36363636363636365
13980,768.82,5,463,57,60.96944444444444,595.9694444444444,153.764,92.6,0.006700510448608481,0.4,0.4444444444444444
13981,331.14,1,234,22,416.11597222222224,0.0,331.14,234.0,0.0,0.0,0.5
13982,3954.29,9,2478,123,39.85138888888889,649.0972222222222,439.36555555555555,275.3333333333333,0.01230585168884996,0.0,0.3076923076923077
13983,6753.89,21,3925,238,30.072222222222223,700.8840277777778,321.61380952380955,186.9047619047619,0.028494735894363684,0.09523809523809523,0.3
13984,1893.8,12,1301,53,27.008333333333333,706.0326388888889,157.81666666666666,108.41666666666667,0.015557980487699472,0.16666666666666666,0.07692307692307693
13985,10020.86,22,4936,149,4.822222222222222,664.1319444444445,455.49363636363637,224.36363636363637,0.03157268294720137,0.045454545454545456,0.08333333333333333
13986,320.46,1,430,12,17.90972222222222,0.0,320.46,430.0,0.0,0.0,0.0
13987,682.54,2,492,46,380.1041666666667,21.018055555555556,341.27,246.0,0.045417271178956664,0.0,0.0
13988,4757.8,8,3385,218,20.10763888888889,605.9652777777778,594.725,423.125,0.011532784915849569,0.25,0.2727272727272727
13989,2026.06,5,2207,61,66.12708333333333,497.8986111111111,405.212,441.4,0.008017661125757572,0.0,0.0
13990,311.3,1,190,16,213.89652777777778,0.0,311.3,190.0,0.0,0.0,0.0
13991,852.88,6,995,58,12.855555555555556,131.13888888888889,142.14666666666668,165.83333333333334,0.03783897414336767,0.5,0.14285714285714285
13992,219.5,3,154,10,30.89375,432.9298611111111,73.16666666666667,51.333333333333336,0.00460903979937874,0.0,0.0
13993,6775.71,19,2135,110,43.15555555555556,693.88125,356.6163157894737,112.36842105263158,0.025903706568568368,0.15789473684210525,0.20833333333333334
13994,2274.14,6,932,122,4.072916666666667,144.6923611111111,379.0233333333333,155.33333333333334,0.03431888921195251,0.0,0.0
13995,3902.01,14,2359,146,15.936111111111112,706.06875,278.71500000000003,168.5,0.01838576517488575,0.07142857142857142,0.2222222222222222
13996,895.76,2,613,29,386.84930555555553,13.055555555555555,447.88,306.5,0.07114624505928854,0.0,0.0
13997,376.46,3,143,36,519.7805555555556,31.022916666666667,125.48666666666666,47.666666666666664,0.06245527291653113,0.0,0.0
13998,566.7,3,204,30,447.1041666666667,129.8763888888889,188.9,68.0,0.015281595228746378,0.3333333333333333,0.0
13999,9502.26,29,5043,174,10.965277777777779,724.0402777777778,327.6641379310345,173.89655172413794,0.03861854418049572,0.06896551724137931,0.19444444444444445
14000,2046.3400000000001,5,1838,28,211.83333333333334,526.2916666666666,409.26800000000003,367.6,0.007585934413275386,0.0,0.375
14001,4228.85,9,1779,60,46.09652777777778,447.90416666666664,469.87222222222226,197.66666666666666,0.01782117564068055,0.0,0.1
14002,529.73,2,877,47,134.87152777777777,22.038888888888888,264.865,438.5,0.04340487099107789,0.0,0.0
14003,209.41,1,149,16,733.1645833333333,0.0,209.41,149.0,0.0,0.0,0.0
14004,6258.45,11,3425,127,43.923611111111114,392.2090277777778,568.9499999999999,311.3636363636364,0.02543176604188117,0.09090909090909091,0.0
14005,2874.72,5,2478,53,10.00625,206.0888888888889,574.944,495.6,0.01931537718639339,0.4,0.0
14006,2196.67,7,2181,55,116.13263888888889,536.9958333333333,313.81,311.57142857142856,0.011152502730039732,0.0,0.0
14007,79.48,1,16,5,513.1555555555556,0.0,79.48,16.0,0.0,0.0,0.0
14008,509.04,1,326,32,432.9868055555556,0.0,509.04,326.0,0.0,1.0,0.5
14009,1099.91,3,951,71,198.87708333333333,264.15208333333334,366.6366666666667,317.0,0.007542840979626472,0.0,0.25
14010,445.15,2,177,20,565.9930555555555,0.009722222222222222,222.575,88.5,0.9903713892709767,1.0,0.3333333333333333
14011,457.82,2,644,32,480.8881944444444,127.07708333333333,228.91,322.0,0.007807798038290742,0.5,0.3333333333333333
14012,328.8,1,160,11,278.01666666666665,0.0,328.8,160.0,0.0,0.0,0.0
14013,1084.57,5,775,56,110.90902777777778,513.2076388888889,216.914,155.0,0.0077789587269517955,0.4,0.16666666666666666
14014,1948.21,3,2004,76,77.98055555555555,499.1763888888889,649.4033333333333,668.0,0.003998589386521977,0.3333333333333333,0.0
14015,917.34,1,378,20,53.11666666666667,0.0,917.34,378.0,0.0,0.0,0.0
14016,11403.41,11,5722,354,162.05625,538.8868055555556,1036.6736363636364,520.1818181818181,0.018522401172056384,0.09090909090909091,0.15384615384615385
14017,229.75,1,73,14,571.9152777777778,0.0,229.75,73.0,0.0,0.0,0.0
14018,367.15000000000003,1,224,13,645.9354166666667,0.0,367.15000000000003,224.0,0.0,0.0,0.0
14019,1421.61,3,1037,37,47.109027777777776,91.77361111111111,473.86999999999995,345.6666666666667,0.021557854394658443,0.3333333333333333,0.25
14020,1249.01,4,648,63,17.144444444444446,512.7451388888888,312.2525,162.0,0.005839471311569588,0.0,0.2
14021,1716.58,7,878,84,155.87777777777777,437.18333333333334,245.22571428571428,125.42857142857143,0.013692898710585372,0.0,0.0
14022,792.15,2,681,45,225.92430555555555,261.2090277777778,396.075,340.5,0.003813751221592188,0.0,0.0
14023,584.07,2,345,30,7.9527777777777775,242.92222222222222,292.035,172.5,0.004099667471416208,0.5,0.0
14024,645.74,3,238,33,122.05555555555556,269.02708333333334,215.24666666666667,79.33333333333333,0.007406664454954364,0.6666666666666666,0.0
14025,4057.9,8,1914,60,465.11041666666665,119.01041666666667,507.2375,239.25,0.058328270115441366,0.0,0.2
14026,713.11,2,427,43,471.0965277777778,154.84791666666666,356.555,213.5,0.006416511823759808,0.0,0.0
14027,104.82,1,62,6,61.15902777777778,0.0,104.82,62.0,0.0,0.0,0.0
14028,10396.5,3,7170,3,550.9701388888889,0.06319444444444444,3465.5,2390.0,1.8811234487263224,0.0,0.4
14029,467.66,2,198,15,63.919444444444444,80.90902777777778,233.83,99.0,0.012208666457536732,0.0,0.0
14030,7521.8,20,4215,591,18.834722222222222,710.9729166666667,376.09000000000003,210.75,0.026686408366423112,0.2,0.09090909090909091
14031,39019.51,44,13783,280,7.817361111111111,729.0680555555556,886.8070454545455,313.25,0.05889861865998033,0.0,0.2
14032,4546.41,16,3740,79,2.89375,723.1395833333333,284.150625,233.75,0.02071423844965433,0.0625,0.36
14033,109.44,1,576,1,555.9027777777778,0.0,109.44,576.0,0.0,0.0,0.0
14034,648.89,3,420,82,22.95,135.0388888888889,216.29666666666665,140.0,0.014701678441622085,0.0,0.25
14035,2794.75,9,1405,70,29.115972222222222,583.8916666666667,310.52777777777777,156.11111111111111,0.013677746591249092,0.1111111111111111,0.18181818181818182
14036,626.65,1,268,38,285.14166666666665,0.0,626.65,268.0,0.0,0.0,0.0
14037,836.95,6,590,96,176.95347222222222,556.0958333333333,139.49166666666667,98.33333333333333,0.00897511648953277,0.16666666666666666,0.14285714285714285
14038,3069.88,5,1708,99,78.96736111111112,595.1951388888889,613.976,341.6,0.006709212704173806,0.2,0.375
14039,267.28000000000003,2,192,10,33.959722222222226,542.1479166666667,133.64000000000001,96.0,0.0018411190935556996,0.5,0.0
14040,12523.81,35,4972,335,41.00555555555555,698.0194444444444,357.82314285714284,142.05714285714285,0.048639562561842584,0.2571428571428571,0.16666666666666666
14041,141.41,1,94,21,266.97569444444446,0.0,141.41,94.0,0.0,0.0,0.0
14042,431.98,1,180,21,725.9048611111111,0.0,431.98,180.0,0.0,0.0,0.0
14043,302.6,2,152,37,491.77222222222224,238.0986111111111,151.3,76.0,0.0041823747756330205,0.0,0.3333333333333333
14044,3077.7,10,2100,533,27.03125,657.86875,307.77,210.0,0.01365977670059477,0.8,0.09090909090909091
14045,10986.63,16,4459,16,109.89097222222222,591.2215277777777,686.664375,278.6875,0.0253283599066134,0.0,0.15789473684210525
14046,154.99,1,460,14,284.91805555555555,0.0,154.99,460.0,0.0,0.0,0.0
14047,3968.11,14,1541,91,9.046527777777778,668.0680555555556,283.43642857142856,110.07142857142857,0.019430011479483277,0.07142857142857142,0.2631578947368421
14048,748.69,3,467,126,305.9145833333333,77.03125,249.56333333333336,155.66666666666666,0.025630756908289948,0.0,0.25
14049,13023.4,13,8480,573,17.020833333333332,600.8944444444444,1001.8,652.3076923076923,0.019937050608726154,0.0,0.2777777777777778
14050,746.36,2,689,49,32.11805555555556,74.84305555555555,373.18,344.5,0.01318512278645595,0.0,0.0
14051,21770.98,37,5709,82,1.1041666666666667,735.9354166666667,588.4048648648649,154.2972972972973,0.0488509565232141,0.08108108108108109,0.11904761904761904
14052,466.66,2,174,115,20.01388888888889,371.03680555555553,233.33,87.0,0.0026879061024801536,1.0,0.0
14053,572.3,4,490,3,124.93263888888889,362.1423611111111,143.075,122.5,0.008261222928718268,0.75,0.0
14054,92.46,1,62,6,65.87569444444445,0.0,92.46,62.0,0.0,0.0,0.0
14055,1520.96,3,720,33,106.90694444444445,616.9951388888888,506.9866666666667,240.0,0.0032362714108008315,0.0,0.0
14056,8152.71,23,4252,320,1.9680555555555554,282.92847222222224,354.46565217391304,184.8695652173913,0.07748430380304115,0.0,0.20689655172413793
14057,8346.66,22,6438,244,24.095833333333335,712.8854166666666,379.39363636363635,292.6363636363636,0.02941648548874265,0.09090909090909091,0.043478260869565216
14058,469.19,2,211,23,463.1381944444444,67.91805555555555,234.595,105.5,0.014509985691541888,0.5,0.0
14059,183.6,1,128,8,267.1138888888889,0.0,183.6,128.0,0.0,0.0,0.0
14060,8898.24,30,7419,100,5.014583333333333,634.1125,296.608,247.3,0.04566120175559448,0.06666666666666667,0.0625
14061,917.4300000000001,3,133,17,507.81111111111113,230.97152777777777,305.81,44.333333333333336,0.008621747759992098,0.0,0.0
14062,25585.65,24,12794,141,10.115277777777777,719.8166666666667,1066.0687500000001,533.0833333333334,0.03190825221392402,0.0,0.1111111111111111
14063,22710.2,9,3850,30,438.85555555555555,293.10555555555555,2523.355555555556,427.77777777777777,0.02720111826819547,0.0,0.3076923076923077
14064,3260.24,15,3911,131,29.983333333333334,657.9944444444444,217.3493333333333,260.73333333333335,0.021244488656960523,0.06666666666666667,0.2857142857142857
14065,891.02,3,582,42,389.8590277777778,42.173611111111114,297.00666666666666,194.0,0.04632459385555734,0.0,0.25
14066,152.55,1,45,7,267.0201388888889,0.0,152.55,45.0,0.0,0.0,0.0
14067,374.7,2,361,51,64.10347222222222,32.93125,187.35,180.5,0.02947135752440597,0.5,0.0
14068,1516.72,4,510,93,320.8666666666667,357.24444444444447,379.18,127.5,0.00837417033682774,0.75,0.2
14069,225.81,2,58,37,515.0263888888888,46.9875,112.905,29.0,0.02083876009377442,0.0,0.0
14070,321.6,1,85,40,685.0159722222222,0.0,321.6,85.0,0.0,1.0,0.0
14071,1437.57,8,994,271,4.0159722222222225,261.0375,179.69625,124.25,0.026713733721318512,0.375,0.1111111111111111
14072,390.85,1,65,19,667.0131944444445,0.0,390.85,65.0,0.0,0.0,0.0
14073,151.04,1,130,13,32.87569444444444,0.0,151.04,130.0,0.0,0.0,0.5
14074,219.39999999999998,1,228,6,623.9548611111111,0.0,219.39999999999998,228.0,0.0,0.0,0.0
14075,1734.87,6,1494,59,5.175,536.74375,289.145,249.0,0.009298108997082718,0.16666666666666666,0.0
14076,118.67,1,79,43,129.89652777777778,0.0,118.67,79.0,0.0,0.0,0.0
14077,615.0799999999999,6,376,43,41.010416666666664,354.8569444444444,102.51333333333332,62.666666666666664,0.014050589929629964,0.16666666666666666,0.0
14078,1553.47,9,586,107,102.02361111111111,519.8826388888889,172.60777777777778,65.11111111111111,0.015358546057639876,0.2222222222222222,0.0
14079,618.73,2,302,13,125.02777777777777,557.7854166666667,309.365,151.0,0.0017895957377794844,0.5,0.0
14080,1115.68,5,268,74,33.07013888888889,704.8388888888888,223.13600000000002,53.6,0.005667015607905487,0.2,0.16666666666666666
14081,4867.57,10,3381,465,302.85625,426.90972222222223,486.75699999999995,338.1,0.021032473749979713,0.1,0.375
14082,413.36,2,246,48,365.075,27.96875,206.68,123.0,0.034519956850053934,0.0,0.0
14083,1082.19,11,760,169,4.983333333333333,717.0694444444445,98.3809090909091,69.0909090909091,0.013926229666737587,0.0,0.0
14084,150.5,1,306,7,512.9263888888889,0.0,150.5,306.0,0.0,0.0,0.0
14085,9720.67,33,6434,479,2.9611111111111112,729.0034722222222,294.5657575757576,194.96969696969697,0.04383540793660609,0.0,0.029411764705882353
14086,39.95,1,1,1,463.08194444444445,0.0,39.95,1.0,0.0,0.0,0.0
14087,829.47,3,718,175,3.00625,732.8847222222222,276.49,239.33333333333334,0.0027252236481282066,0.3333333333333333,0.4
14088,64036.8,16,15276,436,10.856944444444444,410.8541666666667,4002.3,954.75,0.03642065860690981,0.0625,0.2
14089,158.75,1,133,13,57.09166666666667,0.0,158.75,133.0,0.0,0.0,0.0
14090,76.32000000000001,1,72,1,325.0826388888889,0.0,76.32000000000001,72.0,0.0,0.0,0.0
14091,9530.08,2,3316,13,654.8979166666667,44.06666666666667,4765.04,1658.0,0.022189349112426034,0.5,0.0
14092,7229.45,24,3606,169,8.025694444444444,715.8256944444445,301.2270833333333,150.25,0.03208590341871813,0.125,0.1111111111111111
14093,433.86,1,391,95,12.849305555555556,0.0,433.86,391.0,0.0,1.0,0.0
14094,311.77,1,158,41,440.0361111111111,0.0,311.77,158.0,0.0,1.0,0.5
14095,2.95,1,1,1,723.0006944444444,0.0,2.95,1.0,0.0,0.0,0.0
14096,65164.79,17,16352,1119,4.814583333333333,97.26944444444445,3833.2229411764706,961.8823529411765,0.16281764988551883,0.0,0.5
14097,422.85999999999996,2,352,39,481.9375,164.1486111111111,211.42999999999998,176.0,0.006055152345951037,0.5,0.0
14098,147.35,1,104,21,37.109027777777776,0.0,147.35,104.0,0.0,0.0,0.0
14099,5750.91,20,3666,273,16.95625,713.0819444444444,287.5455,183.3,0.026607590554305355,0.0,0.09090909090909091
14100,191.95000000000002,1,63,24,138.07569444444445,0.0,191.95000000000002,63.0,0.0,0.0,0.0
14101,9961.93,13,10542,19,74.01527777777778,547.9527777777778,766.3023076923077,810.9230769230769,0.021859803767780066,0.23076923076923078,0.07142857142857142
14102,1105.8799999999999,5,769,35,5.883333333333334,39.11944444444445,221.176,153.8,0.0997022779200997,0.2,0.375
14104,743.53,5,496,117,155.0,405.86041666666665,148.706,99.2,0.009831381565135463,0.0,0.0
14105,5988.83,5,3534,200,239.7861111111111,482.0423611111111,1197.766,706.8,0.008280847234182646,0.2,0.4444444444444444
14106,214.79999999999998,1,24,1,737.9451388888889,0.0,214.79999999999998,24.0,0.0,0.0,0.0
14107,4877.3,11,3489,102,52.02638888888889,678.9111111111112,443.39090909090913,317.1818181818182,0.01470780494182246,0.18181818181818182,0.15384615384615385
14108,1044.96,4,660,49,31.089583333333334,707.6902777777777,261.24,165.0,0.004233160936547661,0.0,0.2
14109,144.2,1,88,9,73.10555555555555,0.0,144.2,88.0,0.0,0.0,0.5
14110,12987.95,33,5825,177,4.016666666666667,735.1083333333333,393.57424242424247,176.5151515151515,0.04347186215797041,0.09090909090909091,0.05714285714285714
14111,692.85,4,458,10,14.9625,227.0888888888889,173.2125,114.5,0.013152766952455182,0.0,0.2
14112,5834.59,13,3539,199,23.01388888888889,631.9263888888889,448.8146153846154,272.2307692307692,0.01895955076397773,0.15384615384615385,0.5185185185185185
14113,7092.610000000001,16,3439,76,4.022222222222222,728.1916666666667,443.28812500000004,214.9375,0.020570723289487215,0.0,0.4838709677419355
14114,1364.09,7,650,72,274.13055555555553,332.94097222222223,194.86999999999998,92.85714285714286,0.017967247205614763,0.14285714285714285,0.0
14115,622.6700000000001,2,509,22,502.0097222222222,165.0361111111111,311.33500000000004,254.5,0.006022786207819585,0.0,0.0
14116,1382.74,5,707,61,20.097916666666666,101.90625,276.548,141.4,0.03887033100516247,0.2,0.0
14117,90.0,1,72,3,144.12569444444443,0.0,90.0,72.0,0.0,0.0,0.0
14118,458.45,1,97,15,429.03541666666666,0.0,458.45,97.0,0.0,0.0,0.0
14119,183.37,2,177,11,376.09513888888887,342.8201388888889,91.685,88.5,0.002908497458094409,0.0,0.3333333333333333
14121,2780.15,4,2082,148,4.021527777777778,56.06944444444444,695.0375,520.5,0.052567534679970794,0.0,0.3333333333333333
14122,362.42,3,114,12,406.90208333333334,331.0340277777778,120.80666666666667,38.0,0.0060234790192604925,0.0,0.4
14123,436.18,1,234,24,733.8854166666666,0.0,436.18,234.0,0.0,1.0,0.0
14124,419.58000000000004,1,1618,4,84.97083333333333,0.0,419.58000000000004,1618.0,0.0,0.0,0.0
14125,2720.63,3,1628,159,11.002083333333333,67.87986111111111,906.8766666666667,542.6666666666666,0.02903606319376531,0.0,0.0
14126,1172.46,4,887,37,8.04513888888889,436.87083333333334,293.115,221.75,0.006851335534642065,0.0,0.2
14127,1900.0800000000002,6,828,96,123.08402777777778,302.9555555555556,316.68,138.0,0.016449773358678168,0.3333333333333333,0.0
14128,924.21,3,814,50,61.03472222222222,490.91319444444446,308.07,271.3333333333333,0.004065757988579173,0.3333333333333333,0.25
14129,2591.34,9,1414,40,2.075,577.8388888888888,287.9266666666667,157.11111111111111,0.013820771467785126,0.1111111111111111,0.0
14130,1858.77,4,1215,189,319.8645833333333,408.98055555555555,464.6925,303.75,0.007317420202855149,0.0,0.0
14131,168.22,1,105,45,649.0354166666667,0.0,168.22,105.0,0.0,0.0,0.0
14132,3586.0299999999997,11,3368,100,2.96875,181.06319444444443,326.00272727272727,306.1818181818182,0.054925983423033065,0.0,0.08333333333333333
14133,911.14,4,398,33,130.05277777777778,603.975,227.785,99.5,0.004958882598454482,0.25,0.3333333333333333
14134,11123.35,15,5814,130,383.01666666666665,347.12569444444443,741.5566666666667,387.6,0.04021535963423173,0.06666666666666667,0.0
14135,8839.67,24,8534,138,2.05,736.1111111111111,368.31958333333336,355.5833333333333,0.031202894181489298,0.125,0.04
14136,1570.81,5,1148,86,401.0395833333333,331.1069444444444,314.162,229.6,0.012044313035041424,0.0,0.2857142857142857
14137,332.7,1,462,11,696.0138888888889,0.0,332.7,462.0,0.0,0.0,0.5
14138,965.8800000000001,2,600,40,2.004166666666667,62.12916666666667,482.94000000000005,300.0,0.01584053857831166,0.0,0.0
14139,1086.8,4,1049,48,46.96944444444444,496.17847222222224,271.7,262.25,0.006034050482095491,0.0,0.0
14140,935.05,2,811,60,4.15625,27.90625,467.525,405.5,0.034594594594594595,0.0,0.3333333333333333
14141,915.13,4,355,27,3.122916666666667,102.80069444444445,228.7825,88.75,0.028901540746489332,0.0,0.3333333333333333
14142,671.34,2,518,42,373.84513888888887,273.05555555555554,335.67,259.0,0.003648895195621326,0.0,0.5
14143,115.8,1,30,7,134.1263888888889,0.0,115.8,30.0,0.0,0.0,0.0
14144,30.599999999999998,1,12,1,486.8979166666667,0.0,30.599999999999998,12.0,0.0,0.0,0.0
14145,7600.05,7,1655,11,47.02777777777778,564.0993055555556,1085.7214285714285,236.42857142857142,0.010617602854955433,0.14285714285714285,0.125
14146,9450.3,12,5780,337,9.105555555555556,686.7597222222222,787.525,481.6666666666667,0.01599395783815003,0.08333333333333333,0.07692307692307693
14147,2590.2,9,995,24,78.77777777777777,562.1854166666667,287.79999999999995,110.55555555555556,0.014204913272345918,0.1111111111111111,0.25
14148,466.29,2,223,15,234.03333333333333,180.9125,233.145,111.5,0.005497148354291211,0.0,0.0
14149,446.62,1,218,28,221.12916666666666,0.0,446.62,218.0,0.0,0.0,0.6666666666666666
14150,658.64,2,496,23,36.114583333333336,324.00069444444443,329.32,248.0,0.003076916502315166,0.0,0.0
14151,679.45,2,405,44,673.8854166666666,43.19513888888889,339.725,202.5,0.022626922895617605,0.0,0.3333333333333333
14152,1997.3400000000001,7,1844,104,75.99722222222222,583.95625,285.3342857142857,263.42857142857144,0.01025717735300717,0.14285714285714285,0.2222222222222222
14153,233.4,1,312,17,483.9270833333333,0.0,233.4,312.0,0.0,0.0,0.0
14154,6460.7,8,3222,236,239.85,456.15208333333334,807.5875,402.75,0.01531219096489589,0.0,0.2
14155,118.75,1,25,6,266.9423611111111,0.0,118.75,25.0,0.0,0.0,0.0
14156,313437.62,156,164325,1446,10.080555555555556,728.9333333333333,2009.2155128205127,1053.3653846153845,0.21234815964928305,0.08333333333333333,0.22772277227722773
14157,978.69,5,521,75,20.054166666666667,626.7798611111111,195.738,104.2,0.006371660271038923,0.4,0.16666666666666666
14158,507.66,1,781,41,40.90416666666667,0.0,507.66,781.0,0.0,1.0,0.0
14159,7860.8,20,6520,706,20.009722222222223,717.0034722222222,393.04,326.0,0.026462267572599563,0.2,0.2
14160,8421.47,7,4661,80,610.9305555555555,88.1,1203.0671428571427,665.8571428571429,0.06734006734006734,0.14285714285714285,0.0
14161,2996.93,7,1480,202,216.04791666666668,510.99652777777777,428.1328571428571,211.42857142857142,0.011718829473398664,1.0,0.0
14162,289.36,2,142,25,174.05138888888888,118.96111111111111,144.68,71.0,0.008336034826101051,1.0,0.0
14163,2594.62,5,950,42,87.89722222222223,374.91875,518.924,190.0,0.010640597203518048,0.2,0.0
14164,1631.77,2,1033,28,71.01805555555555,10.004166666666666,815.885,516.5,0.09087466868610375,0.0,0.0
14165,120.44,1,53,23,276.0076388888889,0.0,120.44,53.0,0.0,0.0,0.0
14166,251.15,2,82,39,505.7138888888889,121.18888888888888,125.575,41.0,0.008184050195507867,0.0,0.0
14167,1274.29,8,340,48,39.93125,641.9319444444444,159.28625,42.5,0.010887622026696277,0.0,0.0
14168,370.45,2,147,11,421.0840277777778,143.93125,185.225,73.5,0.006899823192030704,0.0,0.3333333333333333
14169,621.51,2,205,50,431.1701388888889,13.795833333333333,310.755,102.5,0.0675865953252605,0.0,0.0
14170,570.18,3,270,123,375.9861111111111,19.961111111111112,190.05999999999997,90.0,0.0954147892923403,0.0,0.0
14171,498.79,2,211,61,98.83819444444444,632.1201388888888,249.395,105.5,0.0015794790570948774,0.0,0.0
14172,369.02,3,78,38,605.975,37.102777777777774,123.00666666666666,26.0,0.05248961143107094,0.3333333333333333,0.25
14173,586.0,6,194,30,11.03888888888889,719.9638888888888,97.66666666666667,32.333333333333336,0.006935160105876778,0.0,0.14285714285714285
14174,134.46,1,94,26,33.98125,0.0,134.46,94.0,0.0,1.0,0.0
14175,7678.88,8,3009,237,60.03819444444444,568.05,959.86,376.125,0.012301203760653722,0.125,0.5294117647058824
14176,756.46,5,265,33,297.9847222222222,83.99375,151.292,53.0,0.04706228399146996,0.0,0.16666666666666666
14177,2209.69,13,1043,141,86.90208333333334,565.1333333333333,169.97615384615386,80.23076923076923,0.02119642016015073,0.07692307692307693,0.07142857142857142
14178,1600.26,7,1494,191,9.034027777777778,173.96527777777777,228.60857142857142,213.42857142857142,0.03429251835681683,0.14285714285714285,0.0
14179,701.57,2,319,135,41.02986111111111,11.921527777777778,350.785,159.5,0.07739022948352771,0.5,0.0
14180,6117.5,33,847,125,11.079166666666667,537.8333333333334,185.37878787878788,25.666666666666668,0.05938756572842561,0.06060606060606061,0.21428571428571427
14181,308.35,2,120,48,411.1826388888889,151.82986111111111,154.175,60.0,0.00654322390094286,0.0,0.0
14182,678.77,4,174,42,444.0451388888889,152.83958333333334,169.6925,43.5,0.01950083284806955,0.0,0.2
14183,278.34000000000003,2,60,27,411.9201388888889,69.96458333333334,139.17000000000002,30.0,0.014091536271027213,1.0,0.0
14184,452.89,1,127,24,67.00486111111111,0.0,452.89,127.0,0.0,0.0,0.0
14185,197.65,1,6,3,331.95694444444445,0.0,197.65,6.0,0.0,0.0,0.0
14186,1550.63,5,1550,75,427.97222222222223,217.0923611111111,310.12600000000003,310.0,0.018340853295462867,0.0,0.0
14187,123.5,1,50,8,474.03055555555557,0.0,123.5,50.0,0.0,0.0,0.0
14188,2054.36,6,1162,34,31.00347222222222,279.9576388888889,342.3933333333334,193.66666666666666,0.017796277117695186,0.0,0.4
14189,5503.15,16,4392,199,2.8715277777777777,386.26875,343.946875,274.5,0.03873279215015412,0.0625,0.36
14190,79.9,1,2,1,666.9326388888888,0.0,79.9,2.0,0.0,0.0,0.0
14191,4817.66,15,3724,147,2.14375,726.9409722222222,321.1773333333333,248.26666666666668,0.019232328628599506,0.0,0.11764705882352941
14192,293.74,1,218,14,388.79583333333335,0.0,293.74,218.0,0.0,0.0,0.0
14193,1210.19,3,653,49,68.1361111111111,328.87708333333336,403.3966666666667,217.66666666666666,0.006062864324464288,0.0,0.0
14194,18670.59,36,10037,432,5.091666666666667,697.9319444444444,518.6275,278.80555555555554,0.05007640626273024,0.1111111111111111,0.3333333333333333
14195,2615.6,6,2144,10,202.09791666666666,432.72013888888887,435.93333333333334,357.3333333333333,0.011528171167723682,0.3333333333333333,0.4
14196,335.52,1,142,6,107.10069444444444,0.0,335.52,142.0,0.0,0.0,0.0
14197,390.05,1,143,20,411.1173611111111,0.0,390.05,143.0,0.0,0.0,0.0
14198,1569.73,9,623,58,18.84375,685.2694444444444,174.41444444444446,69.22222222222223,0.011657228898594253,0.1111111111111111,0.3076923076923077
14199,1091.7,4,254,15,218.9625,312.06319444444443,272.925,63.5,0.009582729791420351,0.25,0.3333333333333333
14200,379.2,1,140,21,617.9923611111111,0.0,379.2,140.0,0.0,0.0,0.0
14201,1193.54,10,806,47,60.97430555555555,528.01875,119.354,80.6,0.017012629514549345,0.1,0.16666666666666666
14202,847.76,3,166,27,381.8173611111111,243.27569444444444,282.58666666666664,55.333333333333336,0.008187470327527242,0.0,0.0
14203,339.34,1,80,16,397.96875,0.0,339.34,80.0,0.0,1.0,0.0
14204,1024.83,4,469,186,2.966666666666667,735.0083333333333,256.2075,117.25,0.004076040805697399,0.0,0.0
14205,2414.2,9,1342,79,17.07986111111111,625.9409722222222,268.2444444444444,149.11111111111111,0.012760371955981148,0.3333333333333333,0.25
14206,1185.01,3,930,62,239.84166666666667,163.20902777777778,395.00333333333333,310.0,0.012179598326996841,0.0,0.4
14207,157.8,1,36,2,688.1368055555556,0.0,157.8,36.0,0.0,0.0,0.0
14208,567.05,2,529,34,95.00138888888888,456.9840277777778,283.525,264.5,0.0021834822599647915,0.5,0.0
14209,4993.27,15,1739,133,11.105555555555556,675.9930555555555,332.8846666666667,115.93333333333334,0.020679680367638762,0.06666666666666667,0.21052631578947367
14210,5556.570000000001,16,2511,143,106.00972222222222,597.0965277777777,347.28562500000004,156.9375,0.025079563754921576,0.0625,0.23809523809523808
14211,4402.29,18,2575,155,53.97708333333333,677.0243055555555,244.57166666666666,143.05555555555554,0.02507284747863226,0.16666666666666666,0.3076923076923077
14212,2190.14,2,2046,18,90.00347222222223,356.0395833333333,1095.07,1023.0,0.0028008099008629997,0.5,0.0
14213,1192.2,1,244,5,405.09236111111113,0.0,1192.2,244.0,0.0,1.0,0.5
14214,1004.38,5,751,64,31.096527777777776,246.92013888888889,200.876,150.2,0.01613422781193541,0.0,0.2857142857142857
14215,3250.33,9,2181,167,12.021527777777777,720.1138888888889,361.1477777777778,242.33333333333334,0.011093948020231045,0.0,0.1
14216,2150.04,5,712,65,3.9125,410.9923611111111,430.008,142.4,0.009708917877050714,0.0,0.16666666666666666
14217,3298.59,23,1230,122,2.0395833333333333,525.9576388888889,143.41695652173914,53.47826086956522,0.041749086409275465,0.13043478260869565,0.30303030303030304
14218,169.48000000000002,1,160,12,43.11805555555556,0.0,169.48000000000002,160.0,0.0,0.0,0.0
14219,633.83,3,363,39,4.852083333333334,489.0701388888889,211.27666666666667,121.0,0.0040810484893743955,0.0,0.0
14220,1515.0,4,468,26,247.97708333333333,321.99791666666664,378.75,117.0,0.009287985603622316,0.0,0.0
14221,6517.49,17,3808,166,42.96388888888889,569.9805555555556,383.38176470588235,224.0,0.028021970002870305,0.11764705882352941,0.10526315789473684
14222,683.17,1,607,41,177.8388888888889,0.0,683.17,607.0,0.0,0.0,0.0
14223,991.13,3,585,50,92.96666666666667,171.9,330.37666666666667,195.0,0.01156737998843262,0.3333333333333333,0.25
14224,1841.71,9,826,189,110.97638888888889,433.9847222222222,204.63444444444445,91.77777777777777,0.01839145052987174,0.6666666666666666,0.0
14225,2031.07,4,1167,70,435.09583333333336,261.8125,507.7675,291.75,0.011414982164090369,0.0,0.2
14226,2985.13,6,1714,89,29.052777777777777,412.87638888888887,497.5216666666667,285.6666666666667,0.012080901772201174,0.0,0.3333333333333333
14227,6368.71,15,4048,246,26.87638888888889,643.2569444444445,424.5806666666667,269.8666666666667,0.021730460371013116,0.06666666666666667,0.3181818181818182
14228,745.5,3,260,38,438.12847222222223,108.8861111111111,248.5,86.66666666666667,0.01820066230187821,0.0,0.0
14229,2594.04,7,934,41,52.11527777777778,419.92847222222224,370.57714285714286,133.42857142857142,0.01425420325767937,0.0,0.36363636363636365
14230,979.8000000000001,3,246,27,436.15486111111113,112.79930555555555,326.6,82.0,0.017574799690000063,0.0,0.0
14231,1235.6200000000001,4,610,66,184.07291666666666,267.05069444444445,308.90500000000003,152.5,0.01119191280670893,0.0,0.3333333333333333
14232,2048.07,5,1941,81,43.07013888888889,221.93402777777777,409.61400000000003,388.2,0.017942527840510866,0.2,0.375
14233,2904.27,7,1261,42,49.87222222222222,594.9715277777777,414.8957142857143,180.14285714285714,0.010067595044972087,0.0,0.3
14234,754.12,4,951,122,22.789583333333333,35.16319444444444,188.53,237.75,0.0829572731637062,0.0,0.0
14235,4717.99,9,3014,107,75.92569444444445,544.0423611111111,524.2211111111111,334.8888888888889,0.01467775822725298,0.1111111111111111,0.1
14236,1555.34,5,774,39,81.15069444444444,424.78194444444443,311.068,154.8,0.00939448009055235,0.0,0.2857142857142857
14237,471.14,2,238,26,373.9791666666667,217.13611111111112,235.57,119.0,0.004584293700416407,0.0,0.3333333333333333
14238,434.23,3,189,13,326.9236111111111,408.15416666666664,144.74333333333334,63.0,0.004888133038687537,0.3333333333333333,0.0
14239,4263.17,21,1729,97,43.923611111111114,691.0861111111111,203.00809523809525,82.33333333333333,0.028898138076909184,0.09523809523809523,0.125
14240,1247.49,3,655,46,30.961805555555557,393.0395833333333,415.83,218.33333333333334,0.0050756322070012,0.0,0.0
14241,333.70000000000005,2,242,12,184.04444444444445,512.8576388888889,166.85000000000002,121.0,0.0019460642876931705,0.0,0.0
14242,280.55,2,123,13,235.04444444444445,91.12013888888889,140.275,61.5,0.010855389625564442,0.0,0.0
14243,7217.75,17,3631,235,9.068055555555556,467.8965277777778,424.5735294117647,213.58823529411765,0.034122666840439506,0.11764705882352941,0.2608695652173913
14244,366.41999999999996,1,814,16,661.0486111111111,0.0,366.41999999999996,814.0,0.0,0.0,0.5
14245,1693.45,2,976,107,220.17361111111111,43.91597222222222,846.725,488.0,0.022263795049397794,0.0,0.6
14246,1474.06,3,804,57,111.04166666666667,135.14236111111111,491.3533333333333,268.0,0.014690504731056644,0.3333333333333333,0.0
14247,753.56,5,378,82,278.8951388888889,273.0097222222222,150.712,75.6,0.014598022170746173,1.0,0.16666666666666666
14248,1032.95,3,692,41,318.9201388888889,197.0125,344.31666666666666,230.66666666666666,0.01010037245123414,0.0,0.0
14249,5400.461,12,2383,178,411.0111111111111,268.92569444444445,450.0384166666667,198.58333333333334,0.040751955913793145,0.3333333333333333,0.0
14250,1904.05,3,1200,94,7.930555555555555,82.03194444444445,634.6833333333333,400.0,0.02408711506615593,0.3333333333333333,0.0
14251,2879.7000000000003,5,1674,37,2.1791666666666667,55.82361111111111,575.94,334.8,0.07039327353164031,0.0,0.0
14252,350.99,1,111,10,381.96805555555557,0.0,350.99,111.0,0.0,0.0,0.0
14253,363.40000000000003,2,88,11,493.91319444444446,129.9909722222222,181.70000000000002,44.0,0.007634113886135071,0.0,0.0
14254,601.03,1,263,23,433.04027777777776,0.0,601.03,263.0,0.0,1.0,0.0
14255,1000.63,1,1,1,546.8722222222223,0.0,1000.63,1.0,0.0,0.0,0.75
14256,2460.79,5,1147,100,260.98125,434.1125,492.158,229.4,0.009193024792438737,0.0,0.4444444444444444
14257,5954.45,9,3332,167,64.83055555555555,584.0541666666667,661.6055555555555,370.22222222222223,0.01367394756895729,0.1111111111111111,0.1
14258,32051.34,25,17488,97,9.890972222222222,726.2854166666667,1282.0536,699.52,0.032999424228796,0.08,0.21875
14259,120.0,1,68,5,142.0875,0.0,120.0,68.0,0.0,0.0,0.0
14260,824.28,3,544,50,471.91319444444446,77.14722222222223,274.76,181.33333333333334,0.025592720292894465,0.0,0.0
14261,1163.45,2,406,52,51.11527777777778,27.97013888888889,581.725,203.0,0.03451830189131529,0.0,0.0
14262,2618.23,8,1645,87,8.939583333333333,232.07916666666668,327.27875,205.625,0.030032714206546414,0.0,0.0
14263,322.93,1,171,16,423.9451388888889,0.0,322.93,171.0,0.0,0.0,0.0
14264,1517.3600000000001,6,553,59,155.10416666666666,456.87430555555557,252.89333333333335,92.16666666666667,0.010920027482069163,0.3333333333333333,0.25
14265,1373.35,4,715,74,109.97083333333333,502.9534722222222,343.3375,178.75,0.0059529305091822575,0.0,0.0
14266,40.56,1,24,1,428.97083333333336,0.0,40.56,24.0,0.0,0.0,0.0
14267,1516.24,3,530,25,163.11180555555555,97.93819444444445,505.41333333333336,176.66666666666666,0.02021464017238596,0.0,0.6666666666666666
14268,354.85,1,147,19,471.08680555555554,0.0,354.85,147.0,0.0,0.0,0.0
14269,295.73,1,123,16,439.99791666666664,0.0,295.73,123.0,0.0,1.0,0.5
14270,492.65000000000003,1,197,29,332.13680555555555,0.0,492.65000000000003,197.0,0.0,0.0,0.0
14271,214.18,2,148,38,226.00208333333333,183.82361111111112,107.09,74.0,0.005410564126456907,0.0,0.0
14272,920.81,4,1097,62,74.1125,508.83819444444447,230.2025,274.25,0.005884219802851394,0.0,0.0
14273,559.97,4,264,22,51.979166666666664,190.99722222222223,139.9925,66.0,0.015625226059404793,0.0,0.0
14274,256.6,1,178,15,686.9993055555556,0.0,256.6,178.0,0.0,0.0,0.0
14275,1189.3799999999999,6,538,14,396.15555555555557,211.85694444444445,198.23,89.66666666666667,0.023489954781837043,0.3333333333333333,0.0
14276,2102.68,7,1406,75,99.12847222222223,561.8576388888889,300.3828571428571,200.85714285714286,0.010659889082867066,0.14285714285714285,0.46153846153846156
14277,17197.61,9,89806,334,15.909027777777778,710.9708333333333,1910.8455555555556,9978.444444444445,0.011236415349411551,0.3333333333333333,0.35714285714285715
14278,205.83,1,131,13,410.02986111111113,0.0,205.83,131.0,0.0,0.0,0.0
14279,191.86,2,46,3,521.1722222222222,160.67222222222222,95.93,23.0,0.006185354455173362,0.0,0.0
14280,134.04,1,52,8,197.0923611111111,0.0,134.04,52.0,0.0,0.0,0.0
14281,245.15,1,45,7,408.9201388888889,0.0,245.15,45.0,0.0,0.0,0.0
14282,7250.76,25,5166,100,3.823611111111111,659.2375,290.0304,206.64,0.03635055567125466,0.08,0.038461538461538464
14283,628.4399999999999,4,550,36,463.9194444444444,106.1,157.10999999999999,137.5,0.028011204481792718,0.0,0.0
14284,1299.65,3,510,59,31.19375,622.8368055555555,433.2166666666667,170.0,0.0032059666601731,0.0,0.25
14285,3284.42,8,954,48,21.916666666666668,710.0256944444444,410.5525,119.25,0.009844932545608507,0.125,0.1111111111111111
14286,8479.76,7,8795,270,24.094444444444445,712.0791666666667,1211.3942857142858,1256.4285714285713,0.008414213008139583,0.14285714285714285,0.4166666666666667
14287,176.63,3,261,9,8.975694444444445,190.07222222222222,58.876666666666665,87.0,0.010467246241967843,0.0,0.25
14288,426.6,1,188,16,213.9777777777778,0.0,426.6,188.0,0.0,0.0,0.5
14289,911.26,6,292,33,9.045833333333333,280.9659722222222,151.87666666666667,48.666666666666664,0.017732636178025816,0.0,0.0
14290,4516.56,8,1600,120,11.95,720.0958333333333,564.57,200.0,0.009707447576893964,0.0,0.42857142857142855
14291,7904.1,23,6146,241,2.1,728.9861111111111,343.6565217391304,267.2173913043478,0.03013755969481916,0.043478260869565216,0.08
14292,9226.25,16,3429,120,8.041666666666666,623.0277777777778,576.640625,214.3125,0.0240373914978856,0.25,0.4074074074074074
14293,2903.01,9,1558,88,3.8979166666666667,726.1805555555555,322.5566666666667,173.11111111111111,0.011001394273927078,0.2222222222222222,0.1
14294,375.34,1,190,23,407.85069444444446,0.0,375.34,190.0,0.0,0.0,0.0
14295,2362.91,5,1029,66,40.875,691.2506944444444,472.582,205.8,0.005778253502815394,0.2,0.375
14296,456.40000000000003,2,314,27,421.94166666666666,152.98611111111111,228.20000000000002,157.0,0.0064940921800306665,0.0,0.3333333333333333
14297,1305.33,4,865,48,18.155555555555555,257.02430555555554,326.3325,216.25,0.011626811642959993,0.0,0.3333333333333333
14298,91194.49,82,100272,1370,8.984722222222222,719.9743055555556,1112.1279268292683,1222.8292682926829,0.11234797048361447,0.0,0.023809523809523808
14299,14070.25,27,8136,164,8.864583333333334,729.2131944444444,521.1203703703703,301.3333333333333,0.03560603971252688,0.1111111111111111,0.34146341463414637
14300,43.2,1,32,3,19.161805555555556,0.0,43.2,32.0,0.0,0.0,0.0
14301,1992.18,4,1686,37,117.88680555555555,549.1013888888889,498.045,421.5,0.005453540130228519,0.5,0.42857142857142855
14302,742.9000000000001,3,298,25,431.19444444444446,306.99583333333334,247.63333333333335,99.33333333333333,0.006493594339750267,0.0,0.0
14303,277.94,2,218,21,407.88402777777776,27.2125,138.97,109.0,0.035445281346920696,0.0,0.0
14304,1725.01,3,775,69,223.04166666666666,348.0416666666667,575.0033333333333,258.3333333333333,0.005729974931359675,0.3333333333333333,0.4
14305,1858.96,3,1089,96,71.88958333333333,64.05208333333333,619.6533333333333,363.0,0.030744595676541236,0.0,0.4
14306,3151.4,6,2065,43,51.97708333333333,625.9868055555555,525.2333333333333,344.1666666666667,0.0079746494753899,0.16666666666666666,0.14285714285714285
14307,4287.92,10,2816,205,89.13333333333334,643.8555555555556,428.79200000000003,281.6,0.013956613884246256,0.0,0.09090909090909091
14308,1147.02,2,2,1,549.8347222222222,0.00625,573.51,1.0,0.9937888198757763,0.0,0.6
14309,3780.81,11,2583,125,8.970138888888888,542.13125,343.71,234.8181818181818,0.018411755906146073,0.0,0.08333333333333333
14310,492.1,1,230,22,433.0111111111111,0.0,492.1,230.0,0.0,1.0,0.0
14311,516.45,2,235,31,243.10833333333332,324.9902777777778,258.225,117.5,0.0030675761461870454,0.0,0.3333333333333333
14312,3090.29,11,1904,148,47.12777777777778,457.7784722222222,280.93545454545455,173.0909090909091,0.02179701229563409,0.0,0.0
14314,229.8,2,332,10,107.09097222222222,324.11041666666665,114.9,166.0,0.003075878067066958,0.0,0.3333333333333333
14315,3197.82,8,1344,83,45.03055555555556,589.9701388888889,399.7275,168.0,0.01184493012313792,0.0,0.2
14316,1370.34,5,4494,21,422.8465277777778,208.05069444444445,274.068,898.8,0.019134114864483295,0.0,0.16666666666666666
14317,508.58000000000004,1,255,24,65.0875,0.0,508.58000000000004,255.0,0.0,0.0,0.0
14318,158.02,1,152,9,460.8875,0.0,158.02,152.0,0.0,1.0,0.0
14319,494.85,1,329,26,424.96666666666664,0.0,494.85,329.0,0.0,0.0,0.5
14320,1346.75,5,713,68,207.14305555555555,480.90277777777777,269.35,142.6,0.00830042943193936,0.0,0.2857142857142857
14321,2218.06,7,3275,162,11.127083333333333,462.86875,316.86571428571426,467.85714285714283,0.012934693272612135,0.0,0.125
14322,474.1,4,158,10,429.8979166666667,230.26944444444445,118.525,39.5,0.012971882244135629,0.0,0.3333333333333333
14323,605.0600000000001,2,350,32,115.05069444444445,123.99513888888889,302.53000000000003,175.0,0.008000311123210348,0.0,0.5
14324,701.61,2,402,41,410.04583333333335,283.92569444444445,350.805,201.0,0.00350968697979249,0.0,0.0
14325,245.48000000000002,1,320,18,570.1458333333334,0.0,245.48000000000002,320.0,0.0,0.0,0.0
14326,940.98,3,572,54,242.90694444444443,290.12083333333334,313.66,190.66666666666666,0.006869999570625027,0.0,0.25
14327,1894.93,6,1296,99,163.95277777777778,536.9958333333333,315.82166666666666,216.0,0.00929375227503311,0.0,0.0
14328,445.05,1,1,1,438.8673611111111,0.0,445.05,1.0,0.0,0.0,0.6666666666666666
14329,9887.62,15,5913,349,17.875,706.0131944444445,659.1746666666667,394.2,0.01980161064886617,0.0,0.4642857142857143
14330,200.63,1,103,13,624.1527777777778,0.0,200.63,103.0,0.0,0.0,0.0
14331,462.65999999999997,2,252,27,124.98125,10.91875,231.32999999999998,126.0,0.08390141583639224,0.5,0.0
14332,1917.41,5,875,47,23.038888888888888,393.9534722222222,383.482,175.0,0.010127775247787626,0.0,0.0
14333,415.2,1,58,15,68.09166666666667,0.0,415.2,58.0,0.0,0.0,0.5
14334,4318.48,12,2986,148,17.117361111111112,551.9979166666667,359.8733333333333,248.83333333333334,0.019891575842283914,0.08333333333333333,0.14285714285714285
14335,454.86,2,375,55,16.964583333333334,80.02361111111111,227.43,187.5,0.012342081354886264,0.5,0.0
14336,1614.91,4,1759,77,17.04861111111111,259.7861111111111,403.7275,439.75,0.011503680112480428,0.0,0.0
14338,928.1,3,622,43,161.94583333333333,375.15,309.3666666666667,207.33333333333334,0.005317027781470159,0.0,0.4
14339,620.27,2,456,21,243.07222222222222,186.09444444444443,310.135,228.0,0.0053448941414021445,0.0,0.6
14340,134.7,1,58,6,219.12916666666666,0.0,134.7,58.0,0.0,0.0,0.0
14341,4452.02,18,2813,185,45.87638888888889,693.1444444444444,247.33444444444447,156.27777777777777,0.024490579930529992,0.2777777777777778,0.1
14342,918.44,6,521,27,21.978472222222223,451.0125,153.07333333333335,86.83333333333333,0.011061640994441525,0.16666666666666666,0.3333333333333333
14343,1079.66,4,626,193,421.9895833333333,268.84583333333336,269.915,156.5,0.011117459042972067,0.25,0.0
14344,2993.05,20,1546,140,127.9576388888889,498.9194444444444,149.6525,77.3,0.03800612320873919,0.0,0.0
14345,108.97999999999999,1,50,6,39.12430555555556,0.0,108.97999999999999,50.0,0.0,0.0,0.0
14346,2315.75,5,1878,123,121.12708333333333,376.9604166666667,463.15,375.6,0.010583118823068994,0.4,0.0
14347,82.6,1,48,6,737.0840277777778,0.0,82.6,48.0,0.0,0.0,0.0
14348,409.57,1,183,18,260.8520833333333,0.0,409.57,183.0,0.0,0.0,0.0
14349,133.5,1,86,31,10.88263888888889,0.0,133.5,86.0,0.0,0.0,0.0
14350,972.03,3,543,55,274.94166666666666,155.93194444444444,324.01,181.0,0.01274437787080387,0.0,0.25
14351,51.0,1,12,1,165.0375,0.0,51.0,12.0,0.0,0.0,0.0
14352,1078.96,4,538,44,157.88125,116.02986111111112,269.74,134.5,0.025634483126932228,0.0,0.0
14353,376.5,3,344,18,215.86388888888888,216.14444444444445,125.5,114.66666666666667,0.009210458987872896,0.3333333333333333,0.0
14354,163.62,2,210,9,6.054166666666666,24.830555555555556,81.81,105.0,0.03871384019787074,0.5,0.0
14355,840.0500000000001,3,617,57,366.0236111111111,261.88055555555553,280.0166666666667,205.66666666666666,0.007608018005642614,0.0,0.0
14356,701.23,2,277,33,80.14722222222223,1.7743055555555556,350.615,138.5,0.36045056320400504,0.0,0.5
14357,225.12,1,147,39,43.85208333333333,0.0,225.12,147.0,0.0,0.0,0.0
14358,400.06,2,338,21,389.87430555555557,38.93402777777778,200.03,169.0,0.02504130075645596,0.0,0.3333333333333333
14359,912.18,3,371,44,19.98125,68.1763888888889,304.06,123.66666666666667,0.02891159877125705,0.3333333333333333,0.5
14360,2118.03,4,1139,104,32.15138888888889,62.88472222222222,529.5075,284.75,0.04695958432071657,0.0,0.0
14361,214.70999999999998,1,251,14,579.0145833333333,0.0,214.70999999999998,251.0,0.0,0.0,0.0
14362,151.5,1,96,37,22.904166666666665,0.0,151.5,96.0,0.0,0.0,0.0
14363,227.47000000000003,2,105,8,402.8256944444444,49.09861111111111,113.73500000000001,52.5,0.019960633195641928,0.0,0.0
14364,3717.35,8,1967,61,109.07569444444445,102.92013888888889,464.66875,245.875,0.0673594172875806,0.25,0.0
14365,634.68,2,557,50,395.12361111111113,287.00555555555553,317.34,278.5,0.003472155243918906,0.0,0.0
14366,136.0,1,16,1,525.8104166666667,0.0,136.0,16.0,0.0,0.0,0.0
14367,9227.82,16,4426,270,8.979861111111111,267.96319444444447,576.73875,276.625,0.055769712398691475,0.0625,0.15789473684210525
14368,155.0,1,36,8,320.12361111111113,0.0,155.0,36.0,0.0,0.0,0.0
14369,469.13,2,255,24,642.8770833333333,19.221527777777776,234.565,127.5,0.04945224767334044,0.5,0.0
14370,1175.78,6,266,37,451.08125,226.09583333333333,195.96333333333334,44.333333333333336,0.02201713667137589,0.16666666666666666,0.3333333333333333
14371,100.5,1,34,4,295.84375,0.0,100.5,34.0,0.0,0.0,0.0
14372,860.08,2,378,36,443.85625,156.01388888888889,430.04,189.0,0.006368863334807608,0.0,0.3333333333333333
14373,76.55,1,17,4,358.88194444444446,0.0,76.55,17.0,0.0,0.0,0.0
14374,108.0,1,20,7,541.9340277777778,0.0,108.0,20.0,0.0,0.0,0.0
14375,1106.82,3,647,176,185.9625,355.96527777777777,368.94,215.66666666666666,0.005602785829620839,0.0,0.0
14376,215.46,1,50,17,683.8847222222222,0.0,215.46,50.0,0.0,0.0,0.0
14377,617.05,2,219,11,191.97083333333333,70.99583333333334,308.525,109.5,0.01388969269054922,0.0,0.0
14378,131.25,1,57,9,622.0194444444444,0.0,131.25,57.0,0.0,1.0,0.0
14379,1265.16,4,712,93,44.83819444444445,436.05,316.29,178.0,0.00686420318041414,0.0,0.0
14380,48.96,1,1,1,682.81875,0.0,48.96,1.0,0.0,0.0,0.5
14381,625.9399999999999,2,449,104,52.81944444444444,399.03819444444446,312.96999999999997,224.5,0.0024997613075140395,0.0,0.0
14382,1193.6299999999999,2,1667,227,26.855555555555554,363.9902777777778,596.8149999999999,833.5,0.0027397990053007496,1.0,0.3333333333333333
14383,1247.69,3,817,49,38.87291666666667,125.23263888888889,415.8966666666667,272.3333333333333,0.01584376289368725,0.0,0.0
14384,58.5,1,30,3,501.12291666666664,0.0,58.5,30.0,0.0,0.0,0.0
14385,202.11,3,159,13,9.884722222222223,14.153472222222222,67.37,53.0,0.13198295220200723,0.0,0.0
14386,142.4,1,54,7,297.12847222222223,0.0,142.4,54.0,0.0,0.0,0.0
14387,1727.6,3,795,125,33.014583333333334,76.92777777777778,575.8666666666667,265.0,0.02566478933485421,0.0,0.0
14388,6388.2,16,4190,184,10.970833333333333,678.0680555555556,399.2625,261.875,0.0220890967809232,0.0625,0.2
14389,1898.01,5,1388,48,65.89791666666666,525.0138888888889,379.602,277.6,0.007604361946505426,0.0,0.5454545454545454
14390,6150.03,13,2830,197,10.959027777777777,414.9715277777778,473.0792307692308,217.69230769230768,0.02884812829403722,0.07692307692307693,0.2777777777777778
14391,135.6,1,168,14,577.1305555555556,0.0,135.6,168.0,0.0,0.0,0.0
14392,266.4,1,114,14,432.99583333333334,0.0,266.4,114.0,0.0,1.0,0.0
14393,67.95,1,13,5,218.7736111111111,0.0,67.95,13.0,0.0,0.0,0.0
14394,93.8,1,58,6,565.0881944444444,0.0,93.8,58.0,0.0,0.0,0.0
14395,7801.93,20,3872,320,2.9277777777777776,598.0569444444444,390.0965,193.6,0.03171651739655616,0.15,0.16666666666666666
14396,1969.38,7,959,202,65.86180555555555,672.075,281.34000000000003,137.0,0.008914311183746238,0.5714285714285714,0.0
14397,2612.96,19,1890,18,3.1444444444444444,210.87291666666667,137.52421052631578,99.47368421052632,0.08495658757706566,0.15789473684210525,0.17391304347826086
14398,707.79,2,267,50,401.9611111111111,126.07569444444445,353.895,133.5,0.007869325478580678,0.0,0.0
14399,2108.21,8,965,119,394.9770833333333,280.0097222222222,263.52625,120.625,0.024910170170071223,0.0,0.1111111111111111
14400,1732.47,3,1706,71,149.875,482.15208333333334,577.49,568.6666666666666,0.004139483340735535,0.0,0.4
14401,6795.9,22,6401,171,4.972222222222222,721.0055555555556,308.9045454545454,290.95454545454544,0.02908564877155454,0.0,0.12
14402,285.6,1,240,8,652.9791666666666,0.0,285.6,240.0,0.0,0.0,0.0
14403,1880.51,6,737,20,130.9951388888889,508.95625,313.41833333333335,122.83333333333333,0.009804762663463777,0.0,0.3333333333333333
14404,2724.13,13,1577,123,34.013888888888886,685.9097222222222,209.54846153846154,121.3076923076923,0.017469544558459286,0.6153846153846154,0.13333333333333333
14405,195.0,1,100,2,387.0486111111111,0.0,195.0,100.0,0.0,0.0,0.0
14406,156.75,1,77,8,119.83055555555555,0.0,156.75,77.0,0.0,0.0,0.0
14407,2157.73,6,1415,67,107.95,169.08541666666667,359.62166666666667,235.83333333333334,0.02939699415734741,0.0,0.3333333333333333
14408,4102.27,11,2438,63,11.047916666666667,721.9743055555556,372.9336363636364,221.63636363636363,0.01383175020627558,0.09090909090909091,0.0
14409,3427.29,9,2233,76,71.77222222222223,496.06458333333336,380.81,248.11111111111111,0.01609448805696778,0.0,0.1
14410,2631.9,11,1369,307,92.90416666666667,344.9736111111111,239.26363636363638,124.45454545454545,0.02890393856307281,0.09090909090909091,0.35294117647058826
14411,1063.0,1,196,14,311.07916666666665,0.0,1063.0,196.0,0.0,0.0,0.0
14412,1426.19,3,1428,75,43.08680555555556,381.925,475.3966666666667,476.0,0.005222954886727166,0.0,0.25
14413,764.52,4,277,93,362.96736111111113,326.96527777777777,191.13,69.25,0.009147309801596545,0.25,0.0
14414,2399.33,8,2877,99,92.02847222222222,283.08125,299.91625,359.625,0.024640837788484807,0.125,0.1111111111111111
14415,11980.09,23,6263,445,1.925,722.0208333333334,520.8734782608695,272.30434782608694,0.030427892234548334,0.391304347826087,0.28125
14416,490.22,2,326,13,22.894444444444446,20.008333333333333,245.11,163.0,0.04760015866719556,0.0,0.0
14417,524.65,1,543,106,388.0798611111111,0.0,524.65,543.0,0.0,0.0,0.0
14418,1937.25,3,1711,114,4.049305555555556,104.76458333333333,645.75,570.3333333333334,0.018909921799594224,0.0,0.0
14419,1254.64,7,552,118,11.061111111111112,372.00902777777776,179.23428571428573,78.85714285714286,0.016085401567209612,0.0,0.0
14420,1639.17,4,1120,85,99.77986111111112,592.2263888888889,409.7925,280.0,0.005057091282838901,0.25,0.42857142857142855
14421,2469.37,6,1342,72,57.97638888888889,634.0791666666667,411.56166666666667,223.66666666666666,0.007873034201772745,0.16666666666666666,0.14285714285714285
14422,10271.52,19,6067,317,1.0583333333333333,721.9680555555556,540.6063157894737,319.3157894736842,0.024897365605134697,0.05263157894736842,0.09523809523809523
14423,916.6099999999999,3,419,12,218.9013888888889,476.1409722222222,305.53666666666663,139.66666666666666,0.00419163332523145,0.0,0.25
14424,322.08,1,48,1,18.043055555555554,0.0,322.08,48.0,0.0,0.0,0.0
14425,661.39,3,325,35,435.1013888888889,302.9534722222222,220.46333333333334,108.33333333333333,0.0065799544429543085,0.0,0.4
14426,11727.94,17,7023,452,24.01736111111111,621.9090277777777,689.8788235294118,413.11764705882354,0.025685933718250727,0.058823529411764705,0.37037037037037035
14427,1263.52,4,538,43,50.93541666666667,581.1902777777777,315.88,134.5,0.005152954479849801,0.0,0.0
14428,1224.06,5,428,108,7.98125,317.8597222222222,244.81199999999998,85.6,0.01254470138819317,0.0,0.2857142857142857
14429,516.28,1,286,22,404.1125,0.0,516.28,286.0,0.0,0.0,0.0
14430,1220.9,3,446,29,512.0520833333334,95.81666666666666,406.9666666666667,148.66666666666666,0.02065760027543467,0.3333333333333333,0.4
14431,2614.2,4,1202,72,303.09027777777777,384.99375,653.55,300.5,0.007772146569730728,0.0,0.2
14432,2248.5,6,2013,256,10.198611111111111,79.74652777777777,374.75,335.5,0.06192216727585466,0.6666666666666666,0.0
14433,280.7,1,131,72,466.0104166666667,0.0,280.7,131.0,0.0,0.0,0.0
14434,1372.8,6,368,3,22.1625,50.72569444444444,228.79999999999998,61.333333333333336,0.09666375780358462,0.0,0.0
14435,90.42,1,282,3,502.01180555555555,0.0,90.42,282.0,0.0,0.0,0.0
14436,271.70000000000005,2,297,11,99.10902777777778,454.9451388888889,135.85000000000002,148.5,0.002193246324408547,0.0,0.0
14437,873.34,5,420,34,366.1409722222222,217.8798611111111,174.668,84.0,0.01827486539736728,0.2,0.2857142857142857
14438,131.9,1,82,9,306.9125,0.0,131.9,82.0,0.0,1.0,0.0
14439,9443.04,5,2244,105,320.0493055555556,367.9013888888889,1888.6080000000002,448.8,0.010843006072836387,0.0,0.0
14440,5982.03,13,1605,63,8.880555555555556,729.1451388888889,460.1561538461538,123.46153846153847,0.01643508853357732,0.0,0.13333333333333333
14441,4611.6900000000005,11,1260,103,1.1548611111111111,689.9354166666667,419.2445454545455,114.54545454545455,0.014473132739733875,0.09090909090909091,0.42105263157894735
14442,5367.0199999999995,7,1431,128,205.05138888888888,485.9423611111111,766.7171428571428,204.42857142857142,0.012321786887279895,0.0,0.4166666666666667
14443,2082.97,5,1357,119,54.111111111111114,325.8277777777778,416.59399999999994,271.4,0.012238861785853915,0.2,0.375
14444,120.44,1,172,11,456.74583333333334,0.0,120.44,172.0,0.0,0.0,0.0
14445,221.65,1,83,32,456.0701388888889,0.0,221.65,83.0,0.0,0.0,0.0
14446,1200.28,5,1091,259,1.0527777777777778,385.9763888888889,240.05599999999998,218.2,0.010336547951891983,0.0,0.0
14447,1711.73,6,913,81,19.181944444444444,381.7888888888889,285.28833333333336,152.16666666666666,0.0130620301297495,0.0,0.0
14448,375.35,2,104,20,9.958333333333334,354.85,187.675,52.0,0.002810172825628776,0.0,0.0
14449,2230.96,8,1604,301,19.030555555555555,417.95208333333335,278.87,200.5,0.016708354674609766,0.0,0.0
14450,1128.44,7,522,47,181.0861111111111,429.9423611111111,161.2057142857143,74.57142857142857,0.013922975649295713,0.42857142857142855,0.0
14451,3258.68,12,1737,245,60.96666666666667,631.1270833333333,271.5566666666667,144.75,0.017401564163324227,0.5,0.3333333333333333
14452,658.95,4,285,108,11.030555555555555,510.9534722222222,164.7375,71.25,0.005859907516552204,0.0,0.0
14453,119.93,1,49,22,190.94097222222223,0.0,119.93,49.0,0.0,0.0,0.0
14454,977.3,5,400,93,376.975,357.0208333333333,195.45999999999998,80.0,0.011172534186790806,1.0,0.16666666666666666
14455,617.72,4,706,65,432.87638888888887,63.09861111111111,154.43,176.5,0.04680288617798097,0.75,0.2
14456,3017.28,9,2885,580,5.952083333333333,137.03680555555556,335.25333333333333,320.55555555555554,0.057955557344307324,0.4444444444444444,0.35714285714285715
14457,113.64,1,88,4,311.1326388888889,0.0,113.64,88.0,0.0,0.0,0.0
14458,228.07,1,317,46,381.0048611111111,0.0,228.07,317.0,0.0,0.0,0.0
14459,5375.741,2,2303,113,155.96875,496.00625,2687.8705,1151.5,0.002012047132204072,0.0,0.3333333333333333
14460,1093.5,9,1879,33,110.93819444444445,613.8006944444444,121.5,208.77777777777777,0.013012347045621155,0.2222222222222222,0.25
14461,6676.91,13,3005,515,148.81875,542.1826388888888,513.6084615384615,231.15384615384616,0.022092016829821155,0.0,0.07142857142857142
14462,2242.81,12,1063,182,66.87152777777777,366.0708333333333,186.90083333333334,88.58333333333333,0.029966968228203005,0.16666666666666666,0.25
14463,786.5699999999999,4,210,7,98.89583333333333,401.15625,196.64249999999998,52.5,0.007459787085243609,0.0,0.0
14464,111.0,2,62,4,568.7847222222222,59.111111111111114,55.5,31.0,0.0166358595194085,0.0,0.0
14465,3925.85,11,2539,128,247.00833333333333,454.89930555555554,356.8954545454545,230.8181818181818,0.021934668200062454,0.09090909090909091,0.0
14466,4267.15,13,2507,77,29.946527777777778,696.9326388888888,328.2423076923077,192.84615384615384,0.017193636364540913,0.23076923076923078,0.0
14467,2203.2400000000002,12,1187,144,18.00138888888889,720.0027777777777,183.60333333333335,98.91666666666667,0.015256529293692042,0.0,0.0
14468,204.24,1,164,12,734.0201388888889,0.0,204.24,164.0,0.0,1.0,0.0
14469,2093.46,4,973,120,416.93055555555554,263.1375,523.365,243.25,0.011357720884009275,0.0,0.0
14470,712.04,3,282,56,12.096527777777778,418.9111111111111,237.34666666666666,94.0,0.0047629127857747675,0.0,0.0
14471,400.95,2,187,38,591.8180555555556,141.19861111111112,200.475,93.5,0.00703241749118506,0.0,0.0
14472,2118.72,9,1271,173,104.07569444444445,585.9111111111112,235.4133333333333,141.22222222222223,0.013630684184620044,0.8888888888888888,0.0
14473,234.34000000000003,2,88,7,74.90277777777777,208.05138888888888,117.17000000000002,44.0,0.004783512825793764,0.0,0.0
14474,1258.8899999999999,2,448,122,46.975,533.0513888888889,629.4449999999999,224.0,0.0018724789801231154,0.5,0.3333333333333333
14475,1151.15,4,541,40,72.08611111111111,337.0597222222222,287.7875,135.25,0.008874171641269829,0.0,0.42857142857142855
14476,193.0,1,110,17,257.8826388888889,0.0,193.0,110.0,0.0,1.0,0.0
14477,1969.6,7,1120,7,20.06875,684.8125,281.37142857142857,160.0,0.00874874692426866,0.14285714285714285,0.3
14478,1276.66,4,1226,59,382.88958333333335,356.08958333333334,319.165,306.5,0.008401253186933718,0.0,0.0
14479,1124.71,4,562,127,254.1548611111111,479.8048611111111,281.1775,140.5,0.006239537580937057,0.5,0.0
14480,1299.52,4,670,52,11.84375,707.0020833333333,324.88,167.5,0.004237275667150226,0.0,0.2
14481,2284.69,5,1568,114,165.09166666666667,512.9131944444445,456.938,313.6,0.007783415649259832,0.2,0.16666666666666666
14482,4306.72,12,2869,185,18.983333333333334,451.9590277777778,358.8933333333334,239.08333333333334,0.024284757175425175,0.08333333333333333,0.14285714285714285
14483,257.1,2,193,13,282.1,455.00694444444446,128.55,96.5,0.0021929490596208027,0.0,0.3333333333333333
14484,1070.98,4,744,47,50.94375,672.1347222222222,267.745,186.0,0.004456760141708466,0.0,0.0
14485,162.8,1,70,44,39.017361111111114,0.0,162.8,70.0,0.0,0.0,0.0
14486,175.5,2,90,4,512.1305555555556,41.96666666666667,87.75,45.0,0.023273855702094646,0.0,0.0
14487,1266.27,7,761,129,27.022916666666667,352.9451388888889,180.8957142857143,108.71428571428571,0.016951779642560737,0.7142857142857143,0.125
14488,1064.28,1,799,46,68.13888888888889,0.0,1064.28,799.0,0.0,0.0,0.5
14489,1574.93,4,1011,65,207.91597222222222,405.2076388888889,393.7325,252.75,0.007385385484640279,0.0,0.0
14490,1273.47,2,933,72,406.90694444444443,22.144444444444446,636.735,466.5,0.04320691310609697,0.0,0.0
14491,340.93,2,139,17,175.89444444444445,197.13333333333333,170.465,69.5,0.005047106325706595,0.0,0.0
14492,1921.91,7,751,70,430.9784722222222,188.95694444444445,274.55857142857144,107.28571428571429,0.03158610503842245,0.14285714285714285,0.3
14493,5087.86,10,3148,292,7.858333333333333,634.3201388888889,508.78599999999994,314.8,0.01416608643280236,0.1,0.2857142857142857
14494,401.46,3,210,17,26.145138888888887,705.8305555555555,133.82,70.0,0.0028295324590602022,0.0,0.0
14495,174.8,3,68,7,51.015277777777776,609.1520833333333,58.26666666666667,22.666666666666668,0.0032778712957493524,0.0,0.25
14496,2363.89,7,905,64,312.1590277777778,321.8236111111111,337.6985714285714,129.28571428571428,0.01858600112720655,0.14285714285714285,0.3
14497,697.0600000000001,2,332,40,309.8256944444444,364.29305555555555,348.53000000000003,166.0,0.0027375280881788214,0.0,0.3333333333333333
14498,3900.83,10,2120,276,43.02847222222222,507.8361111111111,390.08299999999997,212.0,0.01768742391405222,0.0,0.0
14499,2101.79,7,1231,199,26.992361111111112,443.0444444444444,300.2557142857143,175.85714285714286,0.013512160944850367,0.42857142857142855,0.3
14500,356.85,3,117,6,88.83680555555556,101.27569444444444,118.95,39.0,0.019554988219477584,0.0,0.0
14501,251.21,2,161,9,184.03333333333333,136.0548611111111,125.605,80.5,0.007296348279024519,0.0,0.3333333333333333
14502,2429.83,11,1480,368,20.041666666666668,293.83194444444445,220.89363636363635,134.54545454545453,0.03391762727354095,0.6363636363636364,0.21428571428571427
14503,3543.26,6,2004,113,3.9722222222222223,175.14583333333334,590.5433333333334,334.0,0.02838557066824364,0.16666666666666666,0.0
14504,673.26,4,308,85,47.86805555555556,231.05694444444444,168.315,77.0,0.012927861336716922,0.75,0.0
14505,11879.08,19,5325,898,17.87847222222222,713.0395833333333,625.2147368421053,280.2631578947368,0.025208686493220788,0.3684210526315789,0.2962962962962963
14506,2960.25,7,936,251,17.991666666666667,582.1909722222222,422.89285714285717,133.71428571428572,0.01028822510255479,0.14285714285714285,0.0
14507,3216.7400000000002,11,1491,182,24.020138888888887,705.8034722222222,292.4309090909091,135.54545454545453,0.014148204406183158,0.36363636363636365,0.21428571428571427
14508,822.92,5,347,142,22.709722222222222,518.2819444444444,164.584,69.4,0.007702944504029335,0.4,0.16666666666666666
14509,110.95,1,38,25,534.9784722222222,0.0,110.95,38.0,0.0,0.0,0.0
14510,979.85,3,793,67,376.0027777777778,60.96597222222222,326.6166666666667,264.3333333333333,0.03227577859712432,0.0,0.25
14511,1314.81,5,784,53,11.822916666666666,122.20277777777778,262.962,156.8,0.03246680044190923,0.2,0.16666666666666666
14512,1215.97,7,736,55,188.0076388888889,544.9513888888889,173.71,105.14285714285714,0.010989989442486994,0.2857142857142857,0.0
14513,788.01,6,593,15,101.05902777777777,467.72777777777776,131.335,98.83333333333333,0.01066717236965308,0.16666666666666666,0.14285714285714285
14514,4380.04,9,2362,212,61.864583333333336,665.1138888888889,486.6711111111111,262.44444444444446,0.012009958257054807,0.3333333333333333,0.1
14515,3724.06,12,1893,109,18.050694444444446,532.9583333333334,310.3383333333333,157.75,0.02060085836909871,0.0,0.2
14516,151.17,1,63,35,516.9465277777778,0.0,151.17,63.0,0.0,1.0,0.0
14517,330.45,2,91,17,33.9375,108.10972222222222,165.225,45.5,0.00916508611362161,0.5,0.0
14518,174.37,1,278,16,64.92152777777778,0.0,174.37,278.0,0.0,0.0,0.0
14519,203.14,2,81,38,684.0638888888889,45.02638888888889,101.57,40.5,0.02172666646549383,0.0,0.0
14520,270.6,2,146,3,2.1277777777777778,289.0215277777778,135.3,73.0,0.0034480199027371048,0.0,0.0
14521,199.45000000000002,1,211,17,491.84375,0.0,199.45000000000002,211.0,0.0,0.0,0.5
14522,1748.42,8,956,34,24.976388888888888,659.9784722222222,218.5525,119.5,0.010590360040722457,0.125,0.0
14523,241.09,1,251,12,108.98402777777778,0.0,241.09,251.0,0.0,0.0,0.0
14524,2909.86,13,1169,250,32.014583333333334,385.03125,223.8353846153846,89.92307692307692,0.03108556625920829,0.15384615384615385,0.0
14525,8026.54,17,5106,340,20.050694444444446,706.9,472.14941176470586,300.3529411764706,0.022602062438197488,0.17647058823529413,0.19047619047619047
14526,258.65,1,178,41,389.97083333333336,0.0,258.65,178.0,0.0,0.0,0.0
14527,27246.88,122,6647,607,3.0215277777777776,735.0090277777778,223.3350819672131,54.48360655737705,0.16440015738031596,0.03278688524590164,0.35789473684210527
14528,364.21999999999997,1,278,18,37.82013888888889,0.0,364.21999999999997,278.0,0.0,0.0,0.0
14529,578.61,3,325,177,60.890972222222224,50.053472222222226,192.87,108.33333333333333,0.039174612674619476,0.3333333333333333,0.0
14530,6088.87,16,2989,269,26.091666666666665,661.9673611111111,380.554375,186.8125,0.02262554822436583,0.0,0.15789473684210525
14531,376.34,1,260,29,480.1069444444444,0.0,376.34,260.0,0.0,0.0,0.0
14532,3845.78,11,1111,209,236.98958333333334,462.0541666666667,349.61636363636364,101.0,0.02159574563810929,0.9090909090909091,0.08333333333333333
14533,3466.37,11,6038,74,25.03125,585.9944444444444,315.12454545454545,548.9090909090909,0.017035936361313283,0.18181818181818182,0.26666666666666666
14534,6187.66,26,2822,437,3.0215277777777776,631.91875,237.98692307692306,108.53846153846153,0.03949954081783799,0.038461538461538464,0.3157894736842105
14535,5973.2300000000005,9,3214,589,60.88263888888889,593.025,663.6922222222223,357.1111111111111,0.01346744665628551,0.0,0.18181818181818182
14536,170.95,1,39,18,260.0201388888889,0.0,170.95,39.0,0.0,0.0,0.0
14537,641.4,2,228,23,58.080555555555556,565.8819444444445,320.7,114.0,0.0017640357217233648,0.0,0.3333333333333333
14538,1370.8400000000001,5,284,45,65.09652777777778,618.7840277777777,274.168,56.8,0.006453861055990606,0.4,0.0
14539,537.48,2,428,31,16.125,28.90763888888889,268.74,214.0,0.03343627371305175,0.0,0.0
14540,3709.64,11,1595,197,10.10763888888889,722.8854166666666,337.24,145.0,0.013814341012763876,0.09090909090909091,0.08333333333333333
14541,2491.38,14,1123,99,59.1125,642.9229166666667,177.9557142857143,80.21428571428571,0.02018875188865127,0.0,0.0
14542,103.25,1,19,5,186.18819444444443,0.0,103.25,19.0,0.0,0.0,0.0
14543,14587.87,39,2639,106,29.00347222222222,709.9569444444444,374.0479487179487,67.66666666666667,0.05344908759516224,0.0,0.22
14544,2938.53,3,2412,148,24.905555555555555,445.9625,979.5100000000001,804.0,0.004474648320608552,0.0,0.0
14545,349.25,1,236,23,674.89375,0.0,349.25,236.0,0.0,0.0,0.0
14546,5184.84,11,2688,410,5.993055555555555,727.9930555555555,471.34909090909093,244.36363636363637,0.013717551798047154,0.7272727272727273,0.45
14547,3974.75,8,2639,198,4.072222222222222,50.85486111111111,496.84375,329.875,0.13499216563324448,0.625,0.1111111111111111
14548,2541.29,9,986,66,151.02152777777778,582.9298611111111,282.36555555555555,109.55555555555556,0.01370027555154907,0.2222222222222222,0.0
14549,913.6,4,394,117,311.9604166666667,425.9868055555556,228.4,98.5,0.007025978229225792,0.25,0.0
14550,1345.06,4,771,77,11.026388888888889,473.0048611111111,336.265,192.75,0.006329049016433551,0.0,0.0
14551,878.09,7,486,69,18.968055555555555,663.0625,125.44142857142857,69.42857142857143,0.009035294117647058,0.5714285714285714,0.2222222222222222
14552,507.93,3,258,124,152.00069444444443,440.96180555555554,169.31,86.0,0.004525277919629179,0.0,0.0
14553,1818.6,9,1118,233,19.979166666666668,490.05069444444445,202.06666666666666,124.22222222222223,0.01629159695833622,0.7777777777777778,0.1
14554,2279.4900000000002,4,1443,147,10.8375,42.15277777777778,569.8725000000001,360.75,0.06952043772127454,0.0,0.0
14555,2304.03,6,842,94,57.85138888888889,664.1979166666666,384.00500000000005,140.33333333333334,0.0075165599210761215,0.0,0.14285714285714285
14556,815.69,3,323,158,596.9118055555556,92.13055555555556,271.8966666666667,107.66666666666667,0.021475228919974946,0.0,0.0
14557,788.38,1,510,16,85.87638888888888,0.0,788.38,510.0,0.0,0.0,0.5
14558,655.5,3,162,13,654.9993055555556,77.09027777777777,218.5,54.0,0.025611382836816365,0.0,0.4
14559,75.6,1,72,2,390.8645833333333,0.0,75.6,72.0,0.0,1.0,0.0
14560,6114.03,44,4580,60,7.894444444444445,730.2131944444444,138.95522727272726,104.0909090909091,0.05880637866863195,0.18181818181818182,0.043478260869565216
14561,1080.76,3,1014,67,76.00763888888889,108.96736111111112,360.25333333333333,338.0,0.018187214640707786,0.3333333333333333,0.0
14562,6638.150000000001,26,2574,245,4.072916666666667,666.8715277777778,255.31346153846155,99.0,0.03743234882789957,0.19230769230769232,0.13333333333333333
14563,640.54,2,279,95,510.0340277777778,82.96527777777777,320.27,139.5,0.011909684889587296,0.5,0.0
14564,2605.62,2,1295,107,435.15833333333336,300.9826388888889,1302.81,647.5,0.0033114486438008068,0.0,0.6
14565,3859.2200000000003,5,1940,139,96.15486111111112,377.9715277777778,771.844,388.0,0.01055488264106619,0.0,0.2857142857142857
14566,4092.0,4,2400,9,111.07291666666667,423.0215277777778,1023.0,600.0,0.0070751124729974725,0.25,0.0
14567,1530.3600000000001,2,412,33,57.10347222222222,73.85625,765.1800000000001,206.0,0.013358937964431827,0.0,0.3333333333333333
14568,919.7,1,645,47,435.81597222222223,0.0,919.7,645.0,0.0,0.0,0.5
14569,597.3299999999999,4,257,31,1.9111111111111112,602.13125,149.33249999999998,64.25,0.004974041719774925,0.0,0.0
14570,613.75,3,431,64,281.0777777777778,162.91041666666666,204.58333333333334,143.66666666666666,0.012201787053395528,0.0,0.0
14571,160.0,1,56,30,425.90555555555557,0.0,160.0,56.0,0.0,1.0,0.0
14572,5526.88,11,2878,336,3.923611111111111,618.0368055555556,502.44363636363636,261.6363636363636,0.016154128333331463,0.36363636363636365,0.26666666666666666
14573,2163.12,13,683,183,180.06597222222223,520.7784722222223,166.39384615384614,52.53846153846154,0.022998265813636853,0.3076923076923077,0.23529411764705882
14574,143.70000000000002,1,63,11,733.0055555555556,0.0,143.70000000000002,63.0,0.0,0.0,0.0
14575,420.22,1,163,71,488.9159722222222,0.0,420.22,163.0,0.0,1.0,0.0
14576,35.400000000000006,1,12,1,372.7909722222222,0.0,35.400000000000006,12.0,0.0,0.0,0.0
14577,1364.15,7,569,104,13.002083333333333,716.0263888888888,194.87857142857143,81.28571428571429,0.008367892859979197,0.2857142857142857,0.0
14578,168.63,1,240,24,3.813888888888889,0.0,168.63,240.0,0.0,0.0,0.0
14579,105.56,1,56,24,432.9263888888889,0.0,105.56,56.0,0.0,1.0,0.0
14580,14.850000000000001,1,3,1,518.8958333333334,0.0,14.850000000000001,3.0,0.0,0.0,0.0
14581,409.65,2,304,59,17.007638888888888,527.86875,204.825,152.0,0.001890828300972595,0.5,0.0
14582,114.11,1,73,6,41.0375,0.0,114.11,73.0,0.0,1.0,0.0
14583,1660.29,8,1071,353,6.0125,615.8861111111111,207.53625,133.875,0.011347313343449855,0.375,0.0
14584,1738.16,8,960,127,169.76180555555555,491.18888888888887,217.27,120.0,0.014222182089080526,0.0,0.1111111111111111
14585,1143.27,5,630,88,50.928472222222226,366.09444444444443,228.654,126.0,0.01089637846754544,0.0,0.0
14586,237.36,1,444,19,277.1152777777778,0.0,237.36,444.0,0.0,0.0,0.6666666666666666
14587,1580.29,9,749,170,19.052777777777777,312.9291666666667,175.58777777777777,83.22222222222223,0.025483455662768936,0.0,0.1
14588,135.39,1,62,16,578.9041666666667,0.0,135.39,62.0,0.0,0.0,0.0
14589,39.75,1,5,3,372.0472222222222,0.0,39.75,5.0,0.0,0.0,0.0
14590,2993.37,20,901,124,425.03055555555557,307.9138888888889,149.6685,45.05,0.06150581337841362,0.0,0.2857142857142857
14591,1320.21,4,1228,138,15.953472222222222,197.99166666666667,330.0525,307.0,0.015076008208048913,0.0,0.0
14592,557.94,3,407,132,35.84375,28.935416666666665,185.98000000000002,135.66666666666666,0.06681049481522723,0.0,0.0
14593,3665.5299999999997,12,1848,436,22.00138888888889,708.99375,305.4608333333333,154.0,0.015493094129349731,0.08333333333333333,0.3333333333333333
14594,363.33,2,183,48,7.973611111111111,365.9819444444444,181.665,91.5,0.0027249297005983494,0.0,0.0
14595,2164.45,8,1228,119,20.02638888888889,668.9256944444444,270.55625,153.5,0.01044892001911489,0.5,0.0
14596,222.22000000000003,1,75,50,627.0256944444444,0.0,222.22000000000003,75.0,0.0,0.0,0.0
14597,2184.63,6,1436,79,11.984027777777778,425.9972222222222,364.105,239.33333333333334,0.011709678048907423,0.0,0.0
14598,384.04,2,354,83,44.97986111111111,525.0083333333333,192.02,177.0,0.0019011105654219674,0.0,0.3333333333333333
14599,457.89,2,292,77,390.9173611111111,118.95486111111111,228.945,146.0,0.008336469157958723,1.0,0.0
14600,865.1700000000001,2,487,53,306.12638888888887,87.74444444444444,432.58500000000004,243.5,0.011268311005383749,0.0,0.0
14601,213.96,1,168,7,11.126388888888888,0.0,213.96,168.0,0.0,0.0,0.0
14602,205.35999999999999,1,80,31,656.8770833333333,0.0,205.35999999999999,80.0,0.0,1.0,0.0
14603,660.0,1,400,2,275.09930555555553,0.0,660.0,400.0,0.0,0.0,0.0
14604,143.85999999999999,1,88,20,633.9930555555555,0.0,143.85999999999999,88.0,0.0,0.0,0.0
14605,921.5600000000001,4,416,88,374.94652777777776,357.00555555555553,230.39000000000001,104.0,0.008379758228457039,0.0,0.0
14606,29951.37,192,15217,1262,1.7236111111111112,735.2833333333333,155.99671874999999,79.25520833333333,0.259411005726962,0.171875,0.25868725868725867
14607,23763.13,22,15335,106,16.09375,708.9652777777778,1080.1422727272727,697.0454545454545,0.029578911331735704,0.09090909090909091,0.18518518518518517
14608,3352.94,11,927,15,4.831944444444445,729.1791666666667,304.8127272727273,84.27272727272727,0.013695268855246714,0.18181818181818182,0.08333333333333333
14609,1486.2,10,12720,6,72.99722222222222,596.1291666666667,148.62,1272.0,0.01507211588782438,0.1,0.09090909090909091
14610,24.35,2,15,10,396.0777777777778,118.78611111111111,12.175,7.5,0.008348213250469586,0.0,0.0
14611,604.3299999999999,2,582,37,444.1465277777778,154.95833333333334,302.16499999999996,291.0,0.006411969008816457,0.0,0.3333333333333333
14612,877.7,1,134,14,415.8673611111111,0.0,877.7,134.0,0.0,0.0,0.0
14613,76.32000000000001,1,72,1,680.9916666666667,0.0,76.32000000000001,72.0,0.0,0.0,0.0
14614,295.13,1,189,19,386.9902777777778,0.0,295.13,189.0,0.0,0.0,0.0
14615,951.76,5,495,40,394.96805555555557,153.98402777777778,190.352,99.0,0.02580911115392715,0.0,0.16666666666666666
14616,527.78,5,170,3,243.12222222222223,306.0083333333333,105.556,34.0,0.013028962297440352,0.0,0.0
14617,190.47000000000003,2,81,7,403.04791666666665,13.042361111111111,95.23500000000001,40.5,0.0712130952969685,0.0,0.0
14618,1342.32,7,704,40,9.961805555555555,537.1486111111111,191.76,100.57142857142857,0.011149336588664325,0.14285714285714285,0.2222222222222222
14619,1291.24,2,594,58,246.2173611111111,295.7055555555556,645.62,297.0,0.0033703447113674237,0.0,0.3333333333333333
14620,412.78000000000003,2,214,26,206.0361111111111,78.14444444444445,206.39000000000001,107.0,0.012635125649305069,0.0,0.3333333333333333
14621,3000.57,9,1706,134,1.8527777777777779,682.3013888888889,333.3966666666667,189.55555555555554,0.011707864392034585,0.1111111111111111,0.4375
14622,320.58000000000004,1,146,21,185.00555555555556,0.0,320.58000000000004,146.0,0.0,0.0,0.0
14623,2016.98,10,1025,193,32.954166666666666,569.8638888888889,201.698,102.5,0.015765579458033877,0.0,0.16666666666666666
14624,814.07,6,645,39,57.9625,547.125,135.67833333333334,107.5,0.009122006841505131,0.0,0.0
14625,4497.88,11,2155,167,196.8875,527.0895833333333,408.89818181818185,195.9090909090909,0.01893618112457246,0.0,0.3888888888888889
14626,5410.92,11,3135,181,24.09236111111111,705.8194444444445,491.9018181818182,285.0,0.014147884694739737,0.09090909090909091,0.26666666666666666
14627,462.75,1,284,29,379.84583333333336,0.0,462.75,284.0,0.0,0.0,0.6666666666666666
14628,1998.0,5,1147,65,91.91111111111111,592.0125,399.6,229.4,0.0067452203789970695,0.0,0.0
14629,955.26,2,378,133,4.829861111111111,43.02916666666667,477.63,189.0,0.02271221728021198,0.5,0.3333333333333333
14630,338.65,1,111,21,484.84166666666664,0.0,338.65,111.0,0.0,0.0,0.0
14631,2025.69,6,1407,65,51.06458333333333,436.85555555555555,337.615,234.5,0.0114192909889106,0.0,0.14285714285714285
14632,114.56,1,96,8,263.1673611111111,0.0,114.56,96.0,0.0,0.0,0.0
14633,344.90000000000003,1,96,20,266.82152777777776,0.0,344.90000000000003,96.0,0.0,0.0,0.0
14634,2124.46,4,1906,105,438.09027777777777,104.03611111111111,531.115,476.5,0.02856160579694814,0.0,0.42857142857142855
14635,215.22,1,118,15,454.0854166666667,0.0,215.22,118.0,0.0,1.0,0.0
14636,609.85,2,241,27,36.859722222222224,232.26388888888889,304.925,120.5,0.004286990175647514,0.0,0.0
14637,106.67999999999999,1,100,7,677.8736111111111,0.0,106.67999999999999,100.0,0.0,1.0,0.0
14638,443.6,1,166,16,51.111111111111114,0.0,443.6,166.0,0.0,0.0,0.0
14639,4978.96,9,2410,203,52.90555555555556,609.1048611111111,553.2177777777778,267.77777777777777,0.013112500014227974,0.0,0.18181818181818182
14640,3649.36,10,1645,165,24.988194444444446,661.8909722222222,364.93600000000004,164.5,0.013576893300913611,0.0,0.375
14641,110.46,1,90,7,22.08888888888889,0.0,110.46,90.0,0.0,0.0,0.0
14642,96.12,1,76,2,59.07083333333333,0.0,96.12,76.0,0.0,0.0,0.0
14643,1679.89,5,1377,57,170.92291666666668,558.1173611111111,335.978,275.4,0.007154133064390924,0.0,0.16666666666666666
14644,2247.72,7,770,50,68.18055555555556,668.6708333333333,321.1028571428571,110.0,0.008959625686749087,0.0,0.4166666666666667
14645,876.89,3,587,45,157.14930555555554,477.90416666666664,292.2966666666667,195.66666666666666,0.0041762008752621,0.0,0.25
14646,528602.52,151,367193,961,2.026388888888889,735.8055555555555,3500.678940397351,2431.7417218543046,0.20358152686145145,0.019867549668874173,0.0736196319018405
14647,506.04,2,175,42,201.96527777777777,322.00902777777776,253.02,87.5,0.0030958887028011343,1.0,0.0
14648,4466.65,15,3265,286,416.9847222222222,312.96736111111113,297.77666666666664,217.66666666666666,0.04459062225594044,0.0,0.21052631578947367
14649,3651.19,9,2415,374,5.013888888888889,683.9722222222222,405.6877777777778,268.3333333333333,0.011679305730159375,0.1111111111111111,0.18181818181818182
14650,62.5,1,22,4,589.6826388888888,0.0,62.5,22.0,0.0,0.0,0.0
14651,2025.52,9,880,216,67.87361111111112,564.1756944444444,225.05777777777777,97.77777777777777,0.014154890379466564,0.0,0.0
14652,114.18,1,53,29,77.93680555555555,0.0,114.18,53.0,0.0,0.0,0.0
14653,3593.06,12,1969,271,1.9618055555555556,736.0791666666667,299.4216666666667,164.08333333333334,0.014923770060882198,0.16666666666666666,0.0
14654,246.86,1,273,27,738.9951388888888,0.0,246.86,273.0,0.0,0.0,0.0
14655,3878.51,7,2341,72,8.848611111111111,588.0826388888889,554.0728571428572,334.42857142857144,0.010185328176225038,0.14285714285714285,0.4166666666666667
14656,790.0,5,309,148,169.95763888888888,434.0701388888889,158.0,61.8,0.009193919882011362,0.0,0.0
14657,1450.19,6,879,143,18.002083333333335,417.7013888888889,241.69833333333335,146.5,0.011941684772693346,0.0,0.14285714285714285
14658,247.15,2,47,27,5.885416666666667,111.99513888888889,123.575,23.5,0.00884993823480607,1.0,0.0
14659,2529.93,9,1195,147,9.022916666666667,306.9819444444444,281.1033333333333,132.77777777777777,0.0259755487109183,0.2222222222222222,0.25
14660,285.74,2,228,24,87.05277777777778,14.0375,142.87,114.0,0.06650041562759768,0.0,0.0
14661,107.95,1,35,4,27.040972222222223,0.0,107.95,35.0,0.0,1.0,0.0
14662,1376.43,7,907,199,29.025694444444444,707.8097222222223,196.63285714285715,129.57142857142858,0.00846489517834084,0.0,0.0
14663,490.6,2,397,60,430.9784722222222,0.00625,245.3,198.5,0.9937888198757763,0.0,0.0
14664,636.24,2,465,78,20.077083333333334,13.835416666666667,318.12,232.5,0.06740626316528578,1.0,0.0
14665,2749.65,7,1144,94,61.15,531.9145833333333,392.8071428571429,163.42857142857142,0.011258839948553357,0.14285714285714285,0.2222222222222222
14666,195.25,1,161,14,24.99513888888889,0.0,195.25,161.0,0.0,0.0,0.0
14667,20395.34,54,11939,578,11.055555555555555,726.9527777777778,377.6914814814815,221.09259259259258,0.0728069204733213,0.07407407407407407,0.11475409836065574
14668,111.63,1,49,10,445.90763888888887,0.0,111.63,49.0,0.0,0.0,0.0
14669,3216.78,7,2043,334,242.04652777777778,495.9423611111111,459.54,291.85714285714283,0.012073834853975073,0.0,0.0
14670,583.33,3,423,159,280.9423611111111,452.0097222222222,194.44333333333336,141.0,0.004414916285215856,0.0,0.0
14671,1127.45,2,571,48,549.9659722222223,18.804166666666667,563.725,285.5,0.05049442457395329,0.0,0.0
14672,1113.14,4,646,93,235.10486111111112,445.9486111111111,278.285,161.5,0.0067121810548689724,0.0,0.0
14673,3037.32,7,1822,86,3.9298611111111112,406.17847222222224,433.90285714285716,260.2857142857143,0.014735553103420047,0.0,0.0
14674,173.66,1,103,14,509.93402777777777,0.0,173.66,103.0,0.0,1.0,0.0
14675,1015.58,2,660,196,16.994444444444444,372.025,507.79,330.0,0.002680785470142752,0.0,0.0
14676,8356.79,12,8792,77,31.972916666666666,608.1659722222222,696.3991666666667,732.6666666666666,0.01805747612571378,0.08333333333333333,0.25
14677,184.91,1,139,14,593.1263888888889,0.0,184.91,139.0,0.0,0.0,0.0
14678,403.39,1,179,24,579.9291666666667,0.0,403.39,179.0,0.0,1.0,0.5
14679,1289.44,3,794,49,382.0409722222222,349.7763888888889,429.81333333333333,264.6666666666667,0.0057016380330932575,0.0,0.4
14680,55688.5,58,26894,222,25.827083333333334,710.1826388888888,960.1465517241379,463.6896551724138,0.08014818821934903,0.0,0.3333333333333333
14681,875.1500000000001,6,172,19,71.87361111111112,582.2902777777778,145.85833333333335,28.666666666666668,0.008572061271189065,0.0,0.0
14682,1514.81,6,949,79,188.0263888888889,484.8923611111111,252.46833333333333,158.16666666666666,0.010290344940937708,0.3333333333333333,0.0
14683,146.56,1,386,21,588.8138888888889,0.0,146.56,386.0,0.0,0.0,0.0
14684,1430.03,6,1005,272,26.053472222222222,364.8930555555556,238.33833333333334,167.5,0.01366519512759876,0.6666666666666666,0.0
14685,4536.64,8,1969,109,576.9875,150.06666666666666,567.08,246.125,0.04633715798764342,0.75,0.38461538461538464
14686,852.53,5,457,185,414.7631944444444,245.0013888888889,170.506,91.4,0.01626007079905827,0.0,0.16666666666666666
14687,1402.06,3,850,34,107.03541666666666,445.0576388888889,467.3533333333333,283.3333333333333,0.004483725477680232,0.3333333333333333,0.0
14688,7190.42,28,5041,197,8.016666666666667,448.99375,256.80071428571426,180.03571428571428,0.06000083334490757,0.03571428571428571,0.17647058823529413
14689,112.8,1,76,13,209.0611111111111,0.0,112.8,76.0,0.0,1.0,0.0
14690,777.68,4,341,69,44.88263888888889,366.1381944444444,194.42,85.25,0.008171310000964669,0.0,0.2
14691,2114.33,5,707,50,31.01388888888889,182.10763888888889,422.866,141.4,0.021845074428747512,0.2,0.0
14692,1715.1399999999999,12,890,101,137.90416666666667,480.0444444444444,142.9283333333333,74.16666666666667,0.022866909964429253,0.08333333333333333,0.07692307692307693
14693,1165.36,7,388,43,265.0,261.18194444444447,166.48,55.42857142857143,0.022884871087190298,0.5714285714285714,0.125
14694,244.31,1,193,15,617.7111111111111,0.0,244.31,193.0,0.0,0.0,0.0
14695,1534.22,3,661,76,519.9388888888889,213.1340277777778,511.4066666666667,220.33333333333334,0.00933994480352064,0.0,0.25
14696,2473.28,8,1867,137,4.9631944444444445,417.0833333333333,309.16,233.375,0.016743073549930237,0.125,0.2
14697,188.60999999999999,2,181,22,218.8826388888889,0.006944444444444444,94.30499999999999,90.5,0.993103448275862,0.0,0.0
14698,1217.27,5,602,148,2.0166666666666666,49.980555555555554,243.454,120.4,0.07846128698305455,0.4,0.0
14699,702.6,4,484,45,214.9138888888889,311.11805555555554,175.65,121.0,0.009611747691623096,0.0,0.0
14700,3076.06,5,1606,111,32.923611111111114,453.09791666666666,615.212,321.2,0.008808672872499049,0.0,0.0
14701,4487.11,15,1744,455,11.008333333333333,674.0159722222222,299.1406666666666,116.26666666666667,0.02074024997350886,0.13333333333333333,0.16666666666666666
14702,6368.78,29,2878,338,1.7229166666666667,727.9631944444444,219.61310344827587,99.24137931034483,0.03841071841952088,0.10344827586206896,0.09375
14703,318.17,1,183,22,15.14375,0.0,318.17,183.0,0.0,0.0,0.0
14704,1752.92,11,1164,319,11.999305555555555,612.8125,159.35636363636365,105.81818181818181,0.01629161999796355,0.2727272727272727,0.0
14705,179.0,1,100,1,199.0076388888889,0.0,179.0,100.0,0.0,0.0,0.0
14706,367.54,1,246,25,619.0701388888889,0.0,367.54,246.0,0.0,0.0,0.0
14707,139.2,2,96,1,436.05069444444445,141.02083333333334,69.6,48.0,0.0070412204782162235,0.0,0.0
14708,1793.22,5,1159,27,3.1868055555555554,452.91319444444446,358.644,231.8,0.008812257605544379,0.0,0.16666666666666666
14709,8886.33,25,4141,105,15.88125,719.0104166666666,355.4532,165.64,0.03333285108722386,0.24,0.07407407407407407
14710,1899.79,13,1135,310,14.914583333333333,721.9034722222223,146.1376923076923,87.3076923076923,0.01659972660403984,0.15384615384615385,0.0
14711,2839.62,11,966,221,10.911111111111111,252.05972222222223,258.1472727272727,87.81818181818181,0.039516363616405877,0.09090909090909091,0.08333333333333333
14712,1328.0700000000002,4,411,24,29.99375,388.9236111111111,332.01750000000004,102.75,0.0076938146716771455,0.5,0.0
14713,5115.76,21,3329,222,9.85,726.8777777777777,243.60761904761907,158.52380952380952,0.027477140545573892,0.0,0.16
14714,906.24,4,642,64,24.988194444444446,663.0527777777778,226.56,160.5,0.004517713200506987,0.0,0.42857142857142855
14715,1825.45,8,1030,102,25.02777777777778,664.9944444444444,228.18125,128.75,0.010510598186504726,0.0,0.0
14716,543.28,3,643,85,43.80625,401.2236111111111,181.09333333333333,214.33333333333334,0.004972358520861461,0.0,0.0
14717,81.3,1,32,11,733.9895833333334,0.0,81.3,32.0,0.0,1.0,0.5
14718,226.42,1,202,11,410.98819444444445,0.0,226.42,202.0,0.0,0.0,0.0
14719,1581.84,5,1025,177,2.004861111111111,247.93472222222223,316.368,205.0,0.016068469534070175,0.0,0.16666666666666666
14720,663.81,3,219,34,6.033333333333333,120.99722222222222,221.26999999999998,73.0,0.016393815888339897,0.6666666666666666,0.0
14721,109.07,1,57,24,379.9875,0.0,109.07,57.0,0.0,0.0,0.0
14722,489.52,3,214,72,147.9111111111111,339.0625,163.17333333333332,71.33333333333333,0.005881271825032163,0.0,0.0
14723,1803.06,11,1168,287,10.89375,725.1673611111111,163.91454545454545,106.18181818181819,0.013770930140262662,0.18181818181818182,0.0
14724,341.9,1,184,40,590.975,0.0,341.9,184.0,0.0,0.0,0.0
14725,1252.74,4,1335,85,25.005555555555556,510.0472222222222,313.185,333.75,0.0058702990047669,0.0,0.2
14726,116.5,1,82,15,655.0104166666666,0.0,116.5,82.0,0.0,0.0,0.0
14727,463.72999999999996,3,458,43,274.9201388888889,272.05694444444447,154.57666666666665,152.66666666666666,0.007324479529605648,0.0,0.25
14728,190.58,1,68,14,413.8701388888889,0.0,190.58,68.0,0.0,0.0,0.0
14729,586.24,3,372,126,374.0048611111111,251.9673611111111,195.41333333333333,124.0,0.007906158293367887,0.0,0.0
14730,1897.57,8,1078,317,1.9243055555555555,275.0763888888889,237.19625,134.75,0.02535530121997233,0.0,0.0
14731,380.02,3,256,38,47.87222222222222,165.11666666666667,126.67333333333333,85.33333333333333,0.012039731112671816,0.3333333333333333,0.0
14732,5517.07,19,2273,162,8.927777777777777,722.1569444444444,290.3721052631579,119.63157894736842,0.024890862403082165,0.0,0.20833333333333334
14733,14335.15,15,5799,140,16.882638888888888,385.99791666666664,955.6766666666666,386.6,0.03617590533971436,0.06666666666666667,0.16666666666666666
14734,1056.42,4,378,48,426.03194444444443,125.86736111111111,264.105,94.5,0.023646743919995182,0.5,0.2
14735,12240.16,56,4513,198,4.028472222222222,732.0256944444444,218.5742857142857,80.58928571428571,0.07503147627271668,0.07142857142857142,0.05084745762711865
14736,374.05,2,148,70,485.8951388888889,0.005555555555555556,187.025,74.0,0.994475138121547,0.0,0.0
14737,3554.17,4,1071,28,4.106944444444444,396.94930555555555,888.5425,267.75,0.0075386486623261265,0.0,0.0
14738,1821.9,9,757,58,43.1625,689.9409722222222,202.43333333333334,84.11111111111111,0.011578413094059532,0.0,0.25
14739,11573.62,25,9696,129,4.830555555555556,733.1465277777778,462.94480000000004,387.84,0.032691021603884325,0.08,0.10714285714285714
14740,4161.06,11,2081,173,197.77291666666667,455.27569444444447,378.27818181818185,189.1818181818182,0.021916573952456254,0.09090909090909091,0.15384615384615385
14741,1713.09,7,1006,48,12.168055555555556,405.96875,244.72714285714284,143.71428571428572,0.0147431467403824,0.14285714285714285,0.0
14742,579.85,1,374,34,435.94652777777776,0.0,579.85,374.0,0.0,0.0,0.0
14743,50.48,1,40,3,593.1,0.0,50.48,40.0,0.0,0.0,0.0
14744,3660.08,14,2399,57,16.999305555555555,553.9479166666666,261.4342857142857,171.35714285714286,0.023425621773815113,0.0,0.17647058823529413
14745,2551.41,12,1969,74,113.11458333333333,524.9805555555556,212.61749999999998,164.08333333333334,0.02091332062338595,0.08333333333333333,0.29411764705882354
14746,593.5,4,398,7,406.92083333333335,17.15138888888889,148.375,99.5,0.16527660876884231,0.0,0.0
14747,328.2,1,84,18,249.9451388888889,0.0,328.2,84.0,0.0,0.0,0.5
14748,2681.9,10,2422,129,29.761805555555554,616.0590277777778,268.19,242.2,0.014585314523979674,0.0,0.375
14749,310.15,1,403,18,480.0097222222222,0.0,310.15,403.0,0.0,0.0,0.0
14750,112.03,1,65,32,736.7868055555556,0.0,112.03,65.0,0.0,0.0,0.0
14751,126.45,2,65,7,684.9673611111111,41.97847222222222,63.225,32.5,0.023267462715506795,1.0,0.0
14752,389.64,1,260,5,44.03819444444444,0.0,389.64,260.0,0.0,0.0,0.0
14753,869.51,2,412,45,87.91666666666667,373.15694444444443,434.755,206.0,0.0026726752365503186,0.5,0.0
14754,1547.93,6,1010,110,45.03402777777778,646.0395833333333,257.98833333333334,168.33333333333334,0.007727502503388832,0.16666666666666666,0.14285714285714285
14755,9972.550000000001,25,4401,219,10.059722222222222,726.7729166666667,398.90200000000004,176.04,0.032977319504996695,0.12,0.16666666666666666
14756,2653.76,3,1423,102,15.775694444444444,409.2659722222222,884.5866666666667,474.3333333333333,0.004874886379601309,0.0,0.25
14757,420.5,1,160,19,75.9263888888889,0.0,420.5,160.0,0.0,1.0,0.0
14758,2864.97,7,840,91,145.18680555555557,465.99583333333334,409.28142857142853,120.0,0.012848080371880548,0.0,0.0
14759,1625.97,3,569,92,5.032638888888889,228.04722222222222,541.99,189.66666666666666,0.008731823859708696,0.0,0.0
14760,89.2,1,40,5,297.84930555555553,0.0,89.2,40.0,0.0,0.0,0.5
14761,447.92,3,206,21,59.02777777777778,385.90833333333336,149.30666666666667,68.66666666666667,0.005169183053694889,0.3333333333333333,0.0
14762,417.57,2,428,28,264.1875,362.6972222222222,208.785,214.0,0.0027495398339583447,0.0,0.0
14764,278.3,1,190,6,47.03888888888889,0.0,278.3,190.0,0.0,0.0,0.5
14765,254.11,3,135,38,29.70625,147.00277777777777,84.70333333333333,45.0,0.013513259886263397,0.0,0.0
14766,6375.7300000000005,11,3999,251,8.864583333333334,543.2041666666667,579.6118181818182,363.54545454545456,0.0183754565152478,0.09090909090909091,0.21428571428571427
14767,382.81,1,117,18,474.9138888888889,0.0,382.81,117.0,0.0,1.0,0.0
14768,192.60000000000002,2,52,4,17.997222222222224,109.97847222222222,96.30000000000001,26.0,0.009010756590680125,0.0,0.3333333333333333
14769,15514.11,17,11058,834,3.1013888888888888,721.0465277777778,912.594705882353,650.4705882352941,0.02215923681434041,0.29411764705882354,0.19047619047619047
14770,3637.64,8,1598,152,232.93680555555557,419.8076388888889,454.705,199.75,0.016634679015055373,0.125,0.1111111111111111
14771,594.62,2,622,46,621.9986111111111,115.13055555555556,297.31,311.0,0.008610998158203171,0.5,0.3333333333333333
14772,139.26,1,82,9,112.90694444444445,0.0,139.26,82.0,0.0,0.0,0.0
14773,140.55,1,53,10,593.0979166666667,0.0,140.55,53.0,0.0,0.0,0.5
14774,241.45,1,99,13,529.0166666666667,0.0,241.45,99.0,0.0,0.0,0.0
14775,1011.9,3,1174,57,58.890972222222224,313.9506944444444,337.3,391.3333333333333,0.006350200317951003,0.0,0.0
14776,3708.3,15,4658,68,51.88611111111111,395.05694444444447,247.22,310.53333333333336,0.03534845227783603,0.06666666666666667,0.21052631578947367
14777,307.56,1,212,16,404.0,0.0,307.56,212.0,0.0,0.0,0.75
14778,730.86,2,306,34,127.89375,181.15277777777777,365.43,153.0,0.0054898970644300426,0.0,0.0
14779,386.15,3,84,40,281.00555555555553,43.02638888888889,128.71666666666667,28.0,0.04542730054575854,0.0,0.0
14780,447.68,2,310,26,55.00277777777778,24.896527777777777,223.84,155.0,0.038615215467539085,0.5,0.0
14782,200.10000000000002,1,114,6,320.06805555555553,0.0,200.10000000000002,114.0,0.0,0.0,0.0
14783,307.3,1,262,17,659.8569444444445,0.0,307.3,262.0,0.0,0.0,0.5
14784,449.93,3,363,25,26.97222222222222,363.1534722222222,149.97666666666666,121.0,0.005492189839067396,0.3333333333333333,0.0
14785,77.4,2,84,2,10.978472222222223,4.986805555555556,38.7,42.0,0.16703398677647605,0.0,0.0
14786,90.96,1,112,7,550.9638888888888,0.0,90.96,112.0,0.0,0.0,0.0
14787,110.65,1,59,14,471.925,0.0,110.65,59.0,0.0,0.0,0.0
14788,1156.32,3,719,53,7.822222222222222,588.9513888888889,385.44,239.66666666666666,0.003390109825432886,0.3333333333333333,0.0
14789,197.64,1,116,6,29.160416666666666,0.0,197.64,116.0,0.0,0.0,0.0
14790,2526.62,10,2642,65,17.14027777777778,711.7854166666667,252.66199999999998,264.2,0.012626520955056014,0.1,0.0
14791,303.63,1,127,19,607.1013888888889,0.0,303.63,127.0,0.0,0.0,0.0
14792,6.2,1,2,2,64.14652777777778,0.0,6.2,2.0,0.0,0.0,0.5
14793,625.9,2,361,39,21.916666666666668,513.9138888888889,312.95,180.5,0.001942072299035977,0.0,0.3333333333333333
14794,1953.9,10,783,85,3.1104166666666666,484.76875,195.39000000000001,78.3,0.018527334251122577,0.1,0.23076923076923078
14795,131.45000000000002,1,17,6,166.99027777777778,0.0,131.45000000000002,17.0,0.0,1.0,0.0
14796,10169.33,27,7188,487,1.8881944444444445,724.0173611111111,376.64185185185187,266.22222222222223,0.03586121022006178,0.0,0.3076923076923077
14797,300.31,1,99,16,507.94652777777776,0.0,300.31,99.0,0.0,0.0,0.0
14798,724.31,8,601,30,53.077777777777776,596.0972222222222,90.53875,75.125,0.011723383964085508,0.0,0.1111111111111111
14799,338.15,2,495,20,51.856944444444444,686.2069444444444,169.075,247.5,0.0014551657373142897,0.0,0.0
14800,7191.33,17,6501,337,48.00277777777778,387.9222222222222,423.01941176470586,382.4117647058824,0.041139330914493046,0.7058823529411765,0.2608695652173913
14801,189.34,1,173,56,61.893055555555556,0.0,189.34,173.0,0.0,1.0,0.0
14802,1502.98,2,2,1,438.84444444444443,0.001388888888888889,751.49,1.0,0.9986130374479889,0.0,0.6666666666666666
14803,845.55,3,370,35,162.95277777777778,130.02569444444444,281.84999999999997,123.33333333333333,0.015264181643761561,0.3333333333333333,0.0
14804,353.27,1,121,12,9.0625,0.0,353.27,121.0,0.0,0.0,0.0
14805,1082.55,7,416,88,15.854166666666666,606.1569444444444,154.65,59.42857142857143,0.009882123650072171,0.7142857142857143,0.0
14806,303.43,2,423,17,75.8875,363.9875,151.715,211.5,0.0027398198568444124,1.0,0.0
14807,504.14,2,234,37,391.00208333333336,259.0513888888889,252.07,117.0,0.003845393805711478,1.0,0.0
14808,2718.6,8,2120,176,40.02013888888889,132.9777777777778,339.825,265.0,0.052247470558965,0.5,0.4666666666666667
14809,686.76,2,232,18,621.8791666666667,0.001388888888888889,343.38,116.0,0.9986130374479889,1.0,0.0
14810,2354.03,13,1162,125,41.06319444444444,388.9215277777778,181.07923076923078,89.38461538461539,0.03077542311754324,0.6923076923076923,0.0
14811,170.5,1,74,28,387.9868055555556,0.0,170.5,74.0,0.0,0.0,0.0
14812,178.85,1,135,36,599.0256944444444,0.0,178.85,135.0,0.0,0.0,0.0
14813,888.91,4,392,110,370.03680555555553,241.00555555555556,222.2275,98.0,0.01239640963246941,0.5,0.0
14814,154.21,1,93,28,581.9444444444445,0.0,154.21,93.0,0.0,0.0,0.0
14815,778.5,2,744,53,37.05138888888889,31.0,389.25,372.0,0.03125,0.0,0.0
14816,271.85,1,5,4,197.98194444444445,0.0,271.85,5.0,0.0,0.0,0.0
14817,3959.86,7,2462,142,200.96875,427.05902777777777,565.6942857142857,351.7142857142857,0.014016758462374575,0.14285714285714285,0.2222222222222222
14818,1153.56,6,543,87,74.07569444444445,573.9256944444444,192.26,90.5,0.008696776032651564,0.0,0.0
14819,456.41,4,170,52,64.96458333333334,653.9076388888889,114.1025,42.5,0.0045807986070979054,0.0,0.0
14820,1274.76,9,724,51,21.88125,656.1194444444444,141.64,80.44444444444444,0.012174346791340997,0.5555555555555556,0.0
14821,1230.15,7,459,65,367.1715277777778,309.7986111111111,175.7357142857143,65.57142857142857,0.019305105574796113,0.0,0.0
14822,157.70000000000002,1,94,9,485.99861111111113,0.0,157.70000000000002,94.0,0.0,0.0,0.0
14823,321.43,3,88,56,180.98472222222222,14.016666666666667,107.14333333333333,29.333333333333332,0.1331853496115427,1.0,0.0
14824,4022.9100000000003,10,1954,84,10.9375,627.0506944444444,402.29100000000005,195.4,0.014330053417043256,0.1,0.16666666666666666
14825,4735.08,24,2774,187,4.05,608.8916666666667,197.295,115.58333333333333,0.03771161545083143,0.041666666666666664,0.1111111111111111
14826,385.2,2,152,10,582.1597222222222,113.82777777777778,192.6,76.0,0.00870869417968939,0.0,0.0
14828,9839.460000000001,13,9718,72,197.10694444444445,535.95625,756.8815384615385,747.5384615384615,0.022348189447464296,0.07692307692307693,0.07142857142857142
14829,1455.8700000000001,7,957,77,29.856944444444444,407.12638888888887,207.98142857142858,136.71428571428572,0.014701328224168031,0.0,0.2222222222222222
14830,188.88,1,164,39,53.93125,0.0,188.88,164.0,0.0,0.0,0.0
14831,1676.57,3,885,67,680.9298611111111,57.21527777777778,558.8566666666667,295.0,0.03435524275319098,0.0,0.5714285714285714
14832,322.69,1,1,1,630.9,0.0,322.69,1.0,0.0,0.0,0.6666666666666666
14833,94.8,1,58,7,499.1138888888889,0.0,94.8,58.0,0.0,0.0,0.0
14834,2206.16,7,872,55,18.09722222222222,389.7034722222222,315.1657142857143,124.57142857142857,0.015356914966415636,0.0,0.2222222222222222
14835,297.0,2,180,1,529.1125,88.60694444444445,148.5,90.0,0.011159849342033882,0.0,0.3333333333333333
14836,102.44999999999999,3,45,5,10.836805555555555,20.138194444444444,34.15,15.0,0.09461546042905483,0.0,0.0
14837,3460.32,9,3030,171,90.07777777777778,595.0263888888888,384.48,336.6666666666667,0.013422224500686258,0.5555555555555556,0.25
14838,769.9200000000001,2,361,69,423.8777777777778,313.24583333333334,384.96000000000004,180.5,0.003182221986502075,0.0,0.0
14839,915.28,3,927,61,418.9923611111111,285.85555555555555,305.0933333333333,309.0,0.006972150133632877,0.6666666666666666,0.0
14840,362.71,2,179,20,268.03472222222223,271.84583333333336,181.355,89.5,0.0036650733778232514,0.0,0.3333333333333333
14841,7163.0,14,4164,196,53.90763888888889,683.9263888888889,511.64285714285717,297.42857142857144,0.018980141823837515,0.0,0.0
14842,2824.69,4,1166,128,44.009027777777774,264.87847222222223,706.1725,291.5,0.011283350528254084,0.0,0.5
14843,211.79999999999998,1,132,9,437.0076388888889,0.0,211.79999999999998,132.0,0.0,0.0,0.0
14844,6702.43,10,4369,158,64.08958333333334,542.9104166666667,670.243,436.9,0.016546842502403503,0.0,0.16666666666666666
14845,150.0,1,600,1,600.1048611111111,0.0,150.0,600.0,0.0,0.0,0.0
14846,437.4,1,193,12,427.82152777777776,0.0,437.4,193.0,0.0,0.0,0.5
14847,1348.95,3,533,56,149.08194444444445,415.9326388888889,449.65000000000003,177.66666666666666,0.004796937954605643,0.0,0.25
14848,310.56,1,260,11,405.01944444444445,0.0,310.56,260.0,0.0,1.0,0.0
14849,15407.61,43,11838,279,22.07777777777778,676.9708333333333,358.316511627907,275.30232558139534,0.06194956764364249,0.13953488372093023,0.14
14850,1770.96,7,1393,129,312.06180555555557,256.91180555555553,252.99428571428572,199.0,0.02326376641455278,0.42857142857142855,0.2222222222222222
14851,829.4100000000001,3,631,38,23.9375,607.1027777777778,276.47,210.33333333333334,0.0032889177176738216,0.0,0.0
14852,6132.43,18,4366,152,58.979166666666664,585.9368055555556,340.6905555555556,242.55555555555554,0.02896393587706418,0.05555555555555555,0.14285714285714285
14853,1376.87,5,345,26,24.829166666666666,581.3125,275.37399999999997,69.0,0.0068691638939572825,0.0,0.2857142857142857
14854,4303.06,11,2987,170,78.82638888888889,608.3,391.1872727272728,271.54545454545456,0.016412276382734285,0.09090909090909091,0.21428571428571427
14855,6520.3,7,3510,168,119.95,491.14722222222224,931.4714285714286,501.42857142857144,0.012191473870172092,0.2857142857142857,0.0
14856,1290.53,3,711,65,36.91458333333333,20.220833333333335,430.1766666666667,237.0,0.09424700569408992,0.0,0.0
14857,3651.851,7,2081,170,60.14375,574.9326388888888,521.693,297.2857142857143,0.01041788500053657,0.0,0.3
14858,180.75,1,105,11,506.0826388888889,0.0,180.75,105.0,0.0,0.0,0.0
14859,1705.64,5,888,51,13.063888888888888,542.0361111111112,341.12800000000004,177.6,0.007365992644237901,0.4,0.16666666666666666
14860,170.32,1,232,11,19.939583333333335,0.0,170.32,232.0,0.0,1.0,0.5
14861,1380.73,10,1076,62,52.99722222222222,679.0291666666667,138.073,107.6,0.013234726451684057,0.1,0.2857142857142857
14862,841.1999999999999,2,772,47,26.117361111111112,122.94513888888889,420.59999999999997,386.0,0.008068085678587637,0.0,0.0
14863,266.76,1,132,11,29.906944444444445,0.0,266.76,132.0,0.0,0.0,0.0
14865,92.52000000000001,4,204,4,7.850694444444445,731.0138888888889,23.130000000000003,51.0,0.004098282895360971,0.0,0.0
14866,20746.54,19,9089,40,11.04513888888889,459.99375,1091.923157894737,478.36842105263156,0.03904608251196464,0.05263157894736842,0.05
14867,2952.06,16,996,67,186.04930555555555,548.8277777777778,184.50375,62.25,0.02728126989259263,0.125,0.15789473684210525
14868,4184.01,12,2230,132,3.917361111111111,416.99791666666664,348.6675,185.83333333333334,0.026315920633575726,0.08333333333333333,0.07692307692307693
14869,2778.14,6,2130,187,9.009722222222223,715.0368055555556,463.0233333333333,355.0,0.006982881272591318,0.5,0.3333333333333333
14870,1838.95,6,483,43,262.0826388888889,422.0736111111111,306.4916666666667,80.5,0.011818274334975854,0.0,0.3333333333333333
14871,1228.17,9,446,123,3.963888888888889,735.0729166666666,136.46333333333334,49.55555555555556,0.010868488459306852,0.0,0.0
14872,816.6,3,662,34,484.0111111111111,149.91180555555556,272.2,220.66666666666666,0.013252773649068393,0.0,0.25
14873,854.13,2,311,48,210.95694444444445,423.12569444444443,427.065,155.5,0.0023577916006948937,0.0,0.0
14874,116.18,1,148,6,535.9111111111112,0.0,116.18,148.0,0.0,0.0,0.0
14875,2862.4,3,1332,88,108.02083333333333,334.0777777777778,954.1333333333333,444.0,0.0059687634711675566,0.0,0.5714285714285714
14876,256.7,2,162,12,521.9118055555556,40.047222222222224,128.35,81.0,0.024362184475874668,0.0,0.0
14877,425.85,2,168,57,418.9868055555556,224.03055555555557,212.925,84.0,0.004443840959869647,1.0,0.0
14878,4076.5,25,2416,159,13.065972222222221,644.0006944444444,163.06,96.64,0.03720926226392952,0.68,0.10714285714285714
14879,185.06,1,104,27,685.0520833333334,0.0,185.06,104.0,0.0,1.0,0.0
14880,690.59,3,365,45,77.96388888888889,211.05208333333334,230.1966666666667,121.66666666666667,0.00943164513435182,0.0,0.0
14881,255.4,1,316,17,20.072222222222223,0.0,255.4,316.0,0.0,1.0,0.0
14882,3546.65,14,1614,32,27.002083333333335,592.90625,253.33214285714286,115.28571428571429,0.02188897658510918,0.2857142857142857,0.06666666666666667
14883,761.59,6,790,39,19.102083333333333,193.0236111111111,126.93166666666667,131.66666666666666,0.025770059485887314,0.0,0.14285714285714285
14884,120.6,1,72,8,669.9958333333333,0.0,120.6,72.0,0.0,0.0,0.0
14885,1598.12,3,1308,24,132.03125,334.07916666666665,532.7066666666666,436.0,0.0059687387308969275,0.3333333333333333,0.25
14886,364.8,1,160,18,253.1625,0.0,364.8,160.0,0.0,0.0,0.0
14887,1862.0,1,1100,6,79.8875,0.0,1862.0,1100.0,0.0,0.0,0.0
14888,369.2,1,184,20,207.9111111111111,0.0,369.2,184.0,0.0,0.0,0.0
14889,135.9,1,90,10,336.8965277777778,0.0,135.9,90.0,0.0,0.0,0.0
14890,817.25,3,636,55,254.03680555555556,406.12291666666664,272.4166666666667,212.0,0.004912521300385326,0.0,0.0
14891,1106.73,4,788,55,148.77916666666667,288.2270833333333,276.6825,197.0,0.010372472610189514,0.25,0.0
14892,202.35000000000002,1,79,13,691.1611111111112,0.0,202.35000000000002,79.0,0.0,0.0,0.0
14893,1809.6100000000001,3,1047,98,10.013194444444444,608.1444444444444,603.2033333333334,349.0,0.003283293508199114,0.0,0.5
14894,1492.81,3,603,39,85.9576388888889,652.13125,497.6033333333333,201.0,0.0030621716538597717,0.0,0.4
14895,25119.54,38,10714,441,8.14375,721.7923611111111,661.0405263157895,281.94736842105266,0.05119035838054767,0.23684210526315788,0.20833333333333334
14896,1826.0,8,931,150,205.10416666666666,528.9013888888888,228.25,116.375,0.013210005006172533,0.375,0.2
14897,3140.54,8,1162,94,8.095833333333333,716.7270833333333,392.5675,145.25,0.009753010806684295,0.0,0.1111111111111111
14898,3365.95,14,2207,185,23.913888888888888,712.9263888888889,240.42499999999998,157.64285714285714,0.018209160219210273,0.14285714285714285,0.2222222222222222
14899,1331.38,1,570,126,395.8958333333333,0.0,1331.38,570.0,0.0,0.0,0.0
14900,13.919999999999998,1,48,1,522.9034722222223,0.0,13.919999999999998,48.0,0.0,0.0,0.0
14901,1919.0,12,880,103,11.82013888888889,487.24861111111113,159.91666666666666,73.33333333333333,0.022529505972310324,0.0,0.07692307692307693
14902,1035.6200000000001,3,716,51,26.094444444444445,527.9159722222222,345.2066666666667,238.66666666666666,0.003781318971323685,0.0,0.4
14903,2795.33,5,1531,227,21.863194444444446,257.17847222222224,559.066,306.2,0.015493158533206734,0.4,0.5
14904,1630.49,4,2522,127,2.9965277777777777,425.0048611111111,407.6225,630.5,0.007042173162473694,0.0,0.0
14905,1971.39,8,1009,45,158.00625,578.9201388888889,246.42375,126.125,0.012070627540909009,0.0,0.2
14906,68.44,1,1,1,445.84722222222223,0.0,68.44,1.0,0.0,0.0,0.6666666666666666
14907,5547.72,16,2583,153,3.941666666666667,599.0236111111111,346.7325,161.4375,0.024999016242416388,0.0625,0.30434782608695654
14908,381.9,2,182,14,74.99583333333334,388.84513888888887,190.95,91.0,0.002565121121812971,0.0,0.0
14909,1404.68,3,888,61,437.82916666666665,226.04791666666668,468.2266666666667,296.0,0.008808713285558297,0.3333333333333333,0.4
14910,434.35,4,238,25,3.113888888888889,51.958333333333336,108.5875,59.5,0.05664830841856806,0.25,0.42857142857142855
14911,291420.81,398,147972,2550,1.8722222222222222,737.1756944444444,732.2130904522613,371.7889447236181,0.537812343305051,0.0678391959798995,0.2196078431372549
14912,1889.25,6,1819,44,17.145833333333332,665.7020833333333,314.875,303.1666666666667,0.007499601583665867,0.0,0.45454545454545453
14913,4073.13,8,3955,176,36.18125,449.9923611111111,509.14125,494.375,0.015521327196660452,0.0,0.0
14915,1811.25,11,707,65,91.96944444444445,645.1368055555556,164.6590909090909,64.27272727272727,0.015476598630535972,0.0,0.15384615384615385
14916,3042.95,8,2415,113,71.14583333333333,546.9326388888888,380.36875,301.875,0.012775292988924278,0.125,0.2727272727272727
14917,1123.75,2,891,29,597.0569444444444,0.07222222222222222,561.875,445.5,0.9326424870466321,0.0,0.0
14918,5955.81,9,2551,79,116.04166666666667,495.02222222222224,661.7566666666667,283.44444444444446,0.01612830966354554,0.1111111111111111,0.0
14919,359.35,1,129,13,539.9888888888889,0.0,359.35,129.0,0.0,0.0,0.0
14920,1607.17,3,886,90,213.09583333333333,352.7965277777778,535.7233333333334,295.3333333333333,0.005652966727972567,0.3333333333333333,0.0
14921,1316.07,2,953,78,30.98125,171.01805555555555,658.035,476.5,0.005813343237547738,0.5,0.0
14922,843.74,2,376,49,394.06666666666666,114.06180555555555,421.87,188.0,0.008690981296284003,0.0,0.0
14923,749.1,1,418,44,51.04097222222222,0.0,749.1,418.0,0.0,0.0,0.0
14924,931.01,3,312,30,246.14236111111111,393.8569444444444,310.33666666666664,104.0,0.005065125555317151,0.0,0.0
14926,359.4,2,204,2,382.2340277777778,216.88472222222222,179.7,102.0,0.004589582921651995,0.0,0.3333333333333333
14927,308.2,1,196,20,397.0138888888889,0.0,308.2,196.0,0.0,0.0,0.0
14928,223.91000000000003,1,268,21,628.15,0.0,223.91000000000003,268.0,0.0,0.0,0.5
14929,836.69,2,487,34,32.81180555555556,389.2076388888889,418.345,243.5,0.002562738143331809,0.0,0.0
14930,5236.7300000000005,6,2193,213,109.09652777777778,497.96458333333334,872.7883333333334,365.5,0.010020751305829155,0.0,0.3333333333333333
14931,1257.68,5,417,30,5.104861111111111,236.0326388888889,251.536,83.4,0.016875313116161333,0.0,0.16666666666666666
14932,666.13,2,257,29,366.04305555555555,20.105555555555554,333.065,128.5,0.04738088970781785,0.0,0.0
14933,1770.0,4,600,1,444.0854166666667,0.7208333333333333,442.5,150.0,1.7433414043583537,0.0,0.2
14934,3503.5,5,2100,115,82.11111111111111,359.91805555555555,700.7,420.0,0.011082848138043031,0.0,0.4444444444444444
14935,2849.83,2,1931,25,297.92083333333335,322.1222222222222,1424.915,965.5,0.0030948041676696126,0.0,0.0
14936,12410.81,12,6274,267,34.09722222222222,549.9194444444445,1034.2341666666666,522.8333333333334,0.019966621456050743,0.25,0.14285714285714285
14937,1621.88,3,484,33,57.014583333333334,73.92569444444445,540.6266666666667,161.33333333333334,0.02669311262083731,0.0,0.25
14938,2322.43,2,1369,71,562.9666666666667,0.0020833333333333333,1161.215,684.5,0.9979209979209979,0.0,0.5
14940,531.49,2,384,32,418.0854166666667,315.7923611111111,265.745,192.0,0.0031566417715775097,0.5,0.0
14941,182.1,1,80,7,579.0555555555555,0.0,182.1,80.0,0.0,0.0,0.0
14942,746.56,4,354,12,402.0826388888889,328.0131944444444,186.64,88.5,0.009118175351799046,0.0,0.2
14943,107.62,1,46,5,663.8652777777778,0.0,107.62,46.0,0.0,1.0,0.0
14944,9784.67,19,4864,184,30.15277777777778,631.0159722222222,514.9826315789473,256.0,0.028480292889925644,0.0,0.20833333333333334
14945,179.4,1,156,11,414.05833333333334,0.0,179.4,156.0,0.0,0.0,0.0
14946,100.9,1,22,3,14.970138888888888,0.0,100.9,22.0,0.0,0.0,0.0
14947,1049.79,6,416,47,72.87638888888888,552.1798611111111,174.965,69.33333333333333,0.009038651533620646,0.0,0.0
14948,1101.97,6,673,56,23.815277777777776,196.1,183.66166666666666,112.16666666666667,0.02536783358701167,0.0,0.14285714285714285
14949,515.0,4,250,16,469.8833333333333,252.00694444444446,128.75,62.5,0.011857382043751544,0.0,0.3333333333333333
14950,371.2,1,136,19,19.959722222222222,0.0,371.2,136.0,0.0,1.0,0.5
14951,311.69,1,311,20,79.89930555555556,0.0,311.69,311.0,0.0,0.0,0.0
14952,17629.35,32,6977,240,60.09513888888889,676.7909722222222,550.9171875,218.03125,0.04573681454971676,0.03125,0.2558139534883721
14953,971.32,4,1014,202,25.910416666666666,410.11319444444445,242.83,253.5,0.007297260317937578,0.5,0.2
14954,462.12,2,209,111,12.930555555555555,690.9111111111112,231.06,104.5,0.0014452723535457348,0.5,0.0
14955,163.77,1,74,30,733.0520833333334,0.0,163.77,74.0,0.0,0.0,0.0
14956,1325.0,1,2500,4,421.84027777777777,0.0,1325.0,2500.0,0.0,0.0,0.0
14957,261.69,2,97,27,253.78541666666666,391.29791666666665,130.845,48.5,0.0025490831266628787,0.0,0.0
14958,941.99,6,248,52,147.9375,588.9291666666667,156.99833333333333,41.333333333333336,0.008475593821292104,0.0,0.0
14959,695.42,4,494,37,64.76875,232.22430555555556,173.855,123.5,0.01286315331866378,0.25,0.2
14960,221.27,2,221,23,8.997222222222222,162.96944444444443,110.635,110.5,0.00609869725050399,0.0,0.0
14961,16410.15,22,8372,328,11.130555555555556,724.9236111111111,745.9159090909092,380.54545454545456,0.028928663675585702,0.045454545454545456,0.21428571428571427
14962,366.91,4,123,14,271.13055555555553,313.78125,91.7275,30.75,0.009530427876501539,0.0,0.0
14963,3123.57,12,2287,304,10.02361111111111,515.98125,260.2975,190.58333333333334,0.02127736740935962,0.08333333333333333,0.07692307692307693
14964,206.21,1,143,13,247.9423611111111,0.0,206.21,143.0,0.0,0.0,0.0
14965,596.09,2,363,80,96.97916666666667,0.003472222222222222,298.045,181.5,0.9965397923875432,1.0,0.0
14966,1064.26,6,1060,125,15.020833333333334,709.9388888888889,177.37666666666667,176.66666666666666,0.007032953293375739,0.0,0.0
14967,1982.6100000000001,6,652,22,50.07222222222222,686.8743055555556,330.435,108.66666666666667,0.007268769831374635,0.0,0.14285714285714285
14968,501.24,2,257,83,30.95277777777778,428.0208333333333,250.62,128.5,0.0023308891370854173,0.0,0.0
14969,906.23,1,665,13,704.0048611111112,0.0,906.23,665.0,0.0,0.0,0.0
14970,4919.35,12,982,71,68.9625,595.0048611111112,409.9458333333334,81.83333333333333,0.01845622530576862,0.5833333333333334,0.25
14971,1097.98,3,639,144,35.821527777777774,8.14861111111111,365.99333333333334,213.0,0.21861241839987858,0.0,0.0
14972,145.07,2,40,20,128.9138888888889,252.9423611111111,72.535,20.0,0.003937901481361967,0.0,0.0
14973,1314.45,3,369,29,107.87430555555555,118.1451388888889,438.15000000000003,123.0,0.016786249264144456,0.0,0.0
14974,89.94,1,37,17,37.99236111111111,0.0,89.94,37.0,0.0,0.0,0.0
14975,472.39,2,507,25,57.94583333333333,363.99791666666664,236.195,253.5,0.002739741665192153,0.0,0.0
14976,790.86,7,234,47,57.84236111111111,269.22777777777776,112.98,33.42857142857143,0.022203490882177587,0.0,0.125
14977,31.929999999999996,1,17,4,726.0923611111111,0.0,31.929999999999996,17.0,0.0,0.0,0.0
14978,3112.19,10,736,175,72.98819444444445,518.0951388888889,311.219,73.6,0.017337862225534018,0.0,0.16666666666666666
14979,429.66,1,209,42,735.9972222222223,0.0,429.66,209.0,0.0,0.0,0.0
14980,150.68,1,79,24,737.9451388888889,0.0,150.68,79.0,0.0,0.0,0.0
14981,372.92,2,241,20,246.96180555555554,177.11180555555555,186.46,120.5,0.005614450972976556,0.0,0.3333333333333333
14982,237.78,1,125,39,572.8736111111111,0.0,237.78,125.0,0.0,1.0,0.0
14983,183.20000000000002,1,90,30,689.8041666666667,0.0,183.20000000000002,90.0,0.0,0.0,0.0
14984,1260.51,6,348,48,19.931944444444444,678.0458333333333,210.085,58.0,0.007363273220388903,0.6666666666666666,0.0
14985,292.01,2,256,78,198.93125,159.7763888888889,146.005,128.0,0.006219818761392202,0.0,0.0
14986,563.1,2,338,87,376.8923611111111,307.9798611111111,281.55,169.0,0.003236456888820963,1.0,0.0
14987,1550.6499999999999,8,607,4,16.11875,721.79375,193.83124999999998,75.875,0.00968464378669572,0.25,0.1111111111111111
14988,2038.65,7,1260,171,212.03125,390.93819444444443,291.2357142857143,180.0,0.015308536103516889,0.0,0.0
14989,342.4,1,200,18,662.0902777777778,0.0,342.4,200.0,0.0,0.0,0.0
14990,304.17,2,129,41,612.9555555555555,118.01597222222222,152.085,64.5,0.008402233593763676,0.0,0.0
14991,314.67,1,191,21,430.9923611111111,0.0,314.67,191.0,0.0,0.0,0.0
14992,210.5,1,145,27,442.79305555555555,0.0,210.5,145.0,0.0,0.0,0.0
14993,36.13,1,21,9,564.0020833333333,0.0,36.13,21.0,0.0,0.0,0.0
14994,946.72,5,568,233,382.99375,240.9465277777778,189.344,113.6,0.016532578651733767,0.0,0.375
14995,231.98000000000002,2,102,53,39.049305555555556,241.93402777777777,115.99000000000001,51.0,0.004116343886228829,0.0,0.0
14996,442.28999999999996,2,404,37,481.9625,0.0020833333333333333,221.14499999999998,202.0,0.9979209979209979,1.0,0.0
14997,776.5999999999999,4,1408,36,46.97361111111111,609.0534722222222,194.14999999999998,352.0,0.004917601712964597,0.0,0.2
14998,753.18,4,352,111,170.80555555555554,435.0576388888889,188.295,88.0,0.006879824437072698,0.0,0.0
14999,129.48000000000002,1,88,9,593.0854166666667,0.0,129.48000000000002,88.0,0.0,0.0,0.0
15000,490.52,1,218,76,48.047222222222224,0.0,490.52,218.0,0.0,1.0,0.0
15001,199.10999999999999,2,70,44,394.9576388888889,0.013888888888888888,99.55499999999999,35.0,0.9863013698630138,0.0,0.0
15002,4138.08,9,2214,220,116.0875,580.9611111111111,459.78666666666663,246.0,0.01374662300841026,0.0,0.0
15003,1027.03,6,525,253,473.87916666666666,209.11111111111111,171.17166666666665,87.5,0.023796932839767318,0.0,0.14285714285714285
15004,1220.77,1,623,154,147.94791666666666,0.0,1220.77,623.0,0.0,0.0,0.0
15005,13754.58,56,8666,591,16.01736111111111,722.9208333333333,245.6175,154.75,0.0759751584254724,0.08928571428571429,0.2631578947368421
15006,757.78,2,387,165,51.90416666666667,402.08680555555554,378.89,193.5,0.002480855205919596,0.5,0.0
15007,156.91,1,69,12,159.86805555555554,0.0,156.91,69.0,0.0,1.0,0.0
15008,360.0,2,1500,6,480.9868055555556,157.08055555555555,180.0,750.0,0.006325888699502715,0.0,0.0
15009,1259.43,3,639,148,12.96875,12.82986111111111,419.81,213.0,0.1446146121014311,0.6666666666666666,0.0
15010,308.94,1,184,20,36.00555555555555,0.0,308.94,184.0,0.0,0.0,0.0
15011,416.6,2,289,17,396.06944444444446,20.961805555555557,208.3,144.5,0.04553359683794466,0.0,0.0
15012,646.26,3,383,165,54.019444444444446,523.0229166666667,215.42,127.66666666666667,0.0038166269763965474,0.0,0.0
15013,1610.82,10,1715,177,488.03125,189.99305555555554,161.082,171.5,0.04712213213104025,0.3,0.0
15014,257.67,2,149,29,43.696527777777774,133.01875,128.835,74.5,0.007461642494054003,0.0,0.0
15015,2354.97,13,1584,158,501.9583333333333,223.9611111111111,181.15153846153845,121.84615384615384,0.0533425530338577,0.07692307692307693,0.35
15016,620.89,5,243,93,173.03055555555557,370.9583333333333,124.178,48.6,0.01075389268511258,0.0,0.16666666666666666
15017,125.58,1,63,20,34.09513888888889,0.0,125.58,63.0,0.0,1.0,0.0
15018,496.21000000000004,3,189,30,39.00208333333333,329.0833333333333,165.40333333333334,63.0,0.0060590759909113865,0.0,0.25
15019,252.81,1,150,64,267.0104166666667,0.0,252.81,150.0,0.0,0.0,0.0
15020,198.47,1,111,27,379.97291666666666,0.0,198.47,111.0,0.0,0.0,0.0
15021,2500.59,12,1079,355,9.039583333333333,489.8041666666667,208.38250000000002,89.91666666666667,0.022412197668791864,0.16666666666666666,0.29411764705882354
15022,1133.44,5,640,115,12.010416666666666,665.85625,226.68800000000002,128.0,0.005998294235076899,0.8,0.0
15023,11578.65,20,4758,486,3.810416666666667,671.0680555555556,578.9325,237.9,0.028270946436062816,0.1,0.13043478260869565
15024,3559.39,16,1924,168,10.030555555555555,414.8277777777778,222.461875,120.25,0.036072626220791194,0.0,0.0
15025,979.79,2,503,132,33.895833333333336,535.0777777777778,489.895,251.5,0.0018654009575724915,0.5,0.0
15026,1048.8899999999999,5,655,109,80.95694444444445,368.0,209.77799999999996,131.0,0.01084010840108401,0.0,0.0
15027,3195.6,10,2782,69,31.106944444444444,593.8173611111112,319.56,278.2,0.015130694879497324,0.0,0.23076923076923078
15028,962.94,6,673,65,8.947222222222223,385.9819444444444,160.49,112.16666666666667,0.01292049944908426,0.0,0.0
15029,365.1,1,234,10,620.0236111111111,0.0,365.1,234.0,0.0,0.0,0.5
15030,1979.91,8,1225,25,72.08333333333333,573.7361111111111,247.48875,153.125,0.012179502670307629,0.125,0.1111111111111111
15031,3102.94,14,1576,237,4.938194444444444,727.0284722222223,221.63857142857142,112.57142857142857,0.01785644448811049,0.14285714285714285,0.125
15032,11010.05,8,6601,39,256.90763888888887,472.98333333333335,1376.25625,825.125,0.014768451773972362,0.0,0.2
15033,2557.18,10,1672,315,5.006944444444445,324.96666666666664,255.718,167.2,0.027610185090500054,0.2,0.09090909090909091
15034,8231.2,14,4748,416,16.027083333333334,561.9451388888889,587.9428571428572,339.14285714285717,0.023092836409705407,0.14285714285714285,0.17647058823529413
15035,252.73000000000002,1,245,26,90.07083333333334,0.0,252.73000000000002,245.0,0.0,1.0,0.0
15036,429.56,3,316,107,72.88055555555556,107.14097222222222,143.18666666666667,105.33333333333333,0.018494377837570557,0.0,0.0
15037,397.76,2,298,40,376.9895833333333,0.035416666666666666,198.88,149.0,0.96579476861167,1.0,0.0
15038,1146.53,9,381,190,59.053472222222226,366.87361111111113,127.39222222222222,42.333333333333336,0.021746599262276824,0.8888888888888888,0.1
15039,39141.48,93,17780,562,10.05486111111111,719.9944444444444,420.8761290322581,191.18279569892474,0.12760153799921406,0.03225806451612903,0.1308411214953271
15040,7.49,1,1,1,542.0486111111111,0.0,7.49,1.0,0.0,0.0,0.0
15041,289.4,2,194,98,170.85694444444445,274.125,144.7,97.0,0.003634711494775102,0.0,0.0
15042,315.45,2,238,9,199.85069444444446,396.1,157.725,119.0,0.002518257365902795,0.0,0.0
15043,2870.3199999999997,6,1019,39,31.933333333333334,501.94166666666666,478.3866666666666,169.83333333333334,0.009941510778254602,0.0,0.0
15044,16024.15,35,5241,344,19.979166666666668,703.9215277777778,457.8328571428571,149.74285714285713,0.04823231900319874,0.14285714285714285,0.2553191489361702
15045,735.66,2,114,11,152.0534722222222,105.99236111111111,367.83,57.0,0.009346461650299542,0.5,0.3333333333333333
15046,7623.79,25,4585,248,9.875,685.05625,304.9516,183.4,0.03498255427306435,0.4,0.10714285714285714
15047,343.62,1,222,22,270.0840277777778,0.0,343.62,222.0,0.0,0.0,0.0
15048,381.0,4,192,86,65.91319444444444,303.1111111111111,95.25,48.0,0.009864815491413957,0.0,0.2
15049,121.17000000000002,1,63,3,274.02569444444447,0.0,121.17000000000002,63.0,0.0,0.0,0.0
15050,4087.19,5,2600,116,25.85625,455.17847222222224,817.438,520.0,0.00876849795325599,0.0,0.2857142857142857
15051,3926.91,9,3052,226,23.883333333333333,715.0895833333333,436.3233333333333,339.1111111111111,0.011171786583964415,0.0,0.1
15052,207.73000000000002,1,79,27,319.87361111111113,0.0,207.73000000000002,79.0,0.0,0.0,0.0
15053,693.95,3,984,49,5.029166666666667,277.00138888888887,231.3166666666667,328.0,0.007194208662027069,0.0,0.0
15054,302.1,2,198,105,12.908333333333333,28.020138888888887,151.05,99.0,0.03445882887841298,1.0,0.0
15055,549.12,3,225,77,475.0722222222222,248.80416666666667,183.04,75.0,0.008006271579403866,0.6666666666666666,0.0
15056,113.64999999999999,1,69,6,520.8694444444444,0.0,113.64999999999999,69.0,0.0,0.0,0.0
15057,3255.96,5,1394,62,275.8979166666667,458.99305555555554,651.192,278.8,0.00869578345083712,0.2,0.16666666666666666
15058,3387.58,16,1645,232,25.911805555555556,628.0347222222222,211.72375,102.8125,0.02384606043209945,0.4375,0.058823529411764705
15059,3491.2,19,1599,308,41.052083333333336,692.9708333333333,183.7473684210526,84.15789473684211,0.025937689504241895,0.6842105263157895,0.2962962962962963
15060,294.25,4,257,81,8.960416666666667,0.9888888888888889,73.5625,64.25,1.5083798882681565,0.0,0.0
15061,126389.02,127,74280,131,4.030555555555556,734.9916666666667,995.1891338582677,584.8818897637796,0.17119759055242925,0.023622047244094488,0.07971014492753623
15062,2585.62,8,1872,98,71.8326388888889,539.0486111111111,323.2025,234.0,0.012961796134607224,0.0,0.0
15063,370.79999999999995,1,56,5,213.97569444444446,0.0,370.79999999999995,56.0,0.0,0.0,0.0
15064,1254.41,4,810,75,410.9291666666667,306.9270833333333,313.6025,202.5,0.00974256621900477,0.0,0.0
15065,3326.86,5,1446,156,38.12847222222222,373.02222222222224,665.3720000000001,289.2,0.0106945517200404,0.0,0.2857142857142857
15066,893.59,1,317,42,53.97569444444444,0.0,893.59,317.0,0.0,0.0,0.5
15067,3862.88,5,2151,170,78.97916666666667,528.8930555555555,772.576,430.2,0.007548693001470423,0.2,0.16666666666666666
15068,1174.9,4,832,178,46.91875,575.0618055555556,293.725,208.0,0.005207774532294832,0.5,0.0
15069,1109.53,1,520,70,179.94027777777777,0.0,1109.53,520.0,0.0,0.0,0.0
15070,737.0500000000001,3,339,26,373.06041666666664,351.8986111111111,245.68333333333337,113.0,0.005667350159591006,0.0,0.0
15071,1455.56,4,416,41,94.04652777777778,476.95694444444445,363.89,104.0,0.0062767159989422575,0.0,0.0
15072,187.51999999999998,1,164,13,479.8777777777778,0.0,187.51999999999998,164.0,0.0,0.0,0.0
15073,2788.02,8,1410,115,10.0875,672.0805555555555,348.5025,176.25,0.01039994387331878,0.0,0.1111111111111111
15074,1553.1299999999999,3,1039,63,105.92013888888889,362.12361111111113,517.7099999999999,346.3333333333333,0.005507766333013322,0.3333333333333333,0.0
15075,773.03,1,447,27,78.01597222222222,0.0,773.03,447.0,0.0,0.0,0.0
15076,1447.74,3,866,68,173.18541666666667,349.7583333333333,482.58,288.6666666666667,0.005701931529305552,0.0,0.4
15077,2428.08,2,528,28,495.0673611111111,235.75208333333333,1214.04,264.0,0.004223827667831153,0.0,0.5
15078,17286.73,53,8777,118,7.88125,728.1513888888888,326.1647169811321,165.60377358490567,0.07131577994967514,0.018867924528301886,0.171875
15079,3625.4,11,1459,119,213.00347222222223,519.0576388888888,329.58181818181816,132.63636363636363,0.019228637851306546,0.0,0.35294117647058826
15080,546.25,2,287,31,428.04027777777776,74.07569444444445,273.125,143.5,0.013319890110906583,0.0,0.0
15081,1854.57,12,749,75,22.820833333333333,513.2798611111111,154.54749999999999,62.416666666666664,0.021389132322300736,0.08333333333333333,0.07692307692307693
15082,93.35000000000001,1,43,6,669.1020833333333,0.0,93.35000000000001,43.0,0.0,0.0,0.0
15083,88.2,1,38,5,257.02222222222224,0.0,88.2,38.0,0.0,0.0,0.0
15084,965.2,2,600,31,380.0361111111111,266.05069444444445,482.6,300.0,0.0037446073753162764,0.0,0.0
15085,347.54,1,169,9,730.04375,0.0,347.54,169.0,0.0,0.0,0.0
15086,218.53,2,95,10,565.0159722222222,60.93819444444444,109.265,47.5,0.016145126750456887,0.0,0.0
15087,306.94,1,470,15,282.09444444444443,0.0,306.94,470.0,0.0,0.0,0.0
15088,1160.07,2,460,53,21.983333333333334,45.96458333333333,580.035,230.0,0.021292640731047332,0.0,0.3333333333333333
15089,2420.84,6,1359,139,10.846527777777778,118.09513888888888,403.47333333333336,226.5,0.041983241689359,0.0,0.0
15090,381.32,1,208,23,308.94930555555555,0.0,381.32,208.0,0.0,0.0,0.0
15091,1046.6100000000001,3,582,55,68.00208333333333,607.0423611111111,348.87000000000006,194.0,0.003289244513071892,0.0,0.5
15092,776.46,3,230,39,215.94444444444446,247.0673611111111,258.82,76.66666666666667,0.008062326261068203,0.3333333333333333,0.25
15093,13702.38,23,10778,104,18.986805555555556,713.0159722222222,595.7556521739131,468.60869565217394,0.03081163567185997,0.13043478260869565,0.3235294117647059
15094,83.0,2,28,4,463.8298611111111,181.16597222222222,41.5,14.0,0.005489499426271067,0.0,0.0
15095,3141.64,10,2233,90,104.03402777777778,584.1,314.164,223.3,0.015381985985301657,0.3,0.09090909090909091
15096,219.39000000000001,1,120,11,43.09930555555555,0.0,219.39000000000001,120.0,0.0,0.0,0.0
15097,908.35,3,424,59,4.949305555555555,578.9868055555555,302.78333333333336,141.33333333333334,0.0034483543088264703,0.0,0.4
15098,39916.5,3,121,1,182.88680555555555,0.007638888888888889,13305.5,40.333333333333336,1.984838042729152,0.0,0.4
15099,410.48,1,343,23,84.98402777777778,0.0,410.48,343.0,0.0,0.0,0.0
15100,2193.8999999999996,7,270,11,334.09375,367.83472222222224,313.41428571428565,38.57142857142857,0.016267448910043267,0.0,0.5
15101,1477.94,6,676,52,9.105555555555556,581.8041666666667,246.32333333333335,112.66666666666667,0.008579211141535537,0.0,0.45454545454545453
15102,554.67,2,339,26,531.0236111111111,16.083333333333332,277.335,169.5,0.05853658536585366,0.5,0.0
15103,703.36,2,329,35,31.914583333333333,55.04097222222222,351.68,164.5,0.01784408728732698,0.0,0.0
15104,993.54,2,635,66,197.01458333333332,85.92569444444445,496.77,317.5,0.01150407835555591,0.0,0.3333333333333333
15105,3094.91,9,1747,129,18.830555555555556,608.1916666666667,343.87888888888887,194.11111111111111,0.013132155999069804,0.0,0.0
15106,1422.52,5,1181,90,18.148611111111112,251.85,284.504,236.2,0.015819655922483685,0.0,0.2857142857142857
15107,824.35,9,330,32,311.9194444444444,140.16597222222222,91.59444444444445,36.666666666666664,0.05667088090752119,0.1111111111111111,0.25
15108,1300.25,4,499,50,142.1013888888889,85.97916666666667,325.0625,124.75,0.034491017964071856,0.25,0.2
15109,983.1,3,258,46,246.11944444444444,489.8923611111111,327.7,86.0,0.0040742129200647915,0.3333333333333333,0.25
15110,1505.8500000000001,6,337,23,24.065277777777776,461.81041666666664,250.97500000000002,56.166666666666664,0.010803559772945186,0.0,0.3333333333333333
15111,2442.37,5,1058,109,29.82777777777778,563.1569444444444,488.474,211.6,0.007090225582420179,0.0,0.0
15112,209.4,1,72,7,611.9395833333333,0.0,209.4,72.0,0.0,0.0,0.0
15113,3509.43,3,2344,77,10.185416666666667,44.705555555555556,1169.81,781.3333333333334,0.04375835663060654,0.3333333333333333,0.25
15114,3400.12,12,3532,151,30.90625,390.93125,283.3433333333333,294.3333333333333,0.028066146805083802,0.08333333333333333,0.0
15115,531.85,2,245,35,18.910416666666666,714.1520833333333,265.925,122.5,0.0013983039738051056,0.0,0.3333333333333333
15116,1352.75,4,648,37,18.01736111111111,187.14930555555554,338.1875,162.0,0.01594478380423349,0.0,0.0
15117,2485.9700000000003,8,3093,89,15.193055555555556,619.7729166666667,310.74625000000003,386.625,0.011276265139896165,0.125,0.1111111111111111
15118,244.8,1,1440,1,134.9138888888889,0.0,244.8,1440.0,0.0,0.0,0.0
15119,266.4,1,88,14,246.15416666666667,0.0,266.4,88.0,0.0,0.0,0.0
15120,358.82,1,296,21,134.1263888888889,0.0,358.82,296.0,0.0,0.0,0.5
15121,457.72,2,199,28,50.91597222222222,238.09027777777777,228.86,99.5,0.004182520549536728,0.0,0.0
15122,4487.27,11,2033,155,114.83472222222223,505.11319444444445,407.9336363636364,184.8181818181818,0.019758425802308716,0.0,0.3125
15123,4656.17,5,2524,149,7.9847222222222225,626.1409722222222,931.234,504.8,0.00637815128841978,0.0,0.0
15124,450.82,4,462,30,23.111805555555556,628.9722222222222,112.705,115.5,0.00476211473169011,0.0,0.0
15125,17024.87,24,8433,151,25.95347222222222,593.0194444444444,709.3695833333333,351.375,0.03871927125468209,0.0,0.3333333333333333
15126,449.49,2,273,25,537.0131944444445,150.80694444444444,224.745,136.5,0.00658731393125406,0.0,0.0
15127,711.5,2,464,27,66.09722222222223,454.0159722222222,355.75,232.0,0.002197725049334349,0.0,0.0
15128,1783.68,5,1583,87,60.955555555555556,369.88055555555553,356.736,316.6,0.010785143464877132,0.0,0.4444444444444444
15129,6860.18,23,4002,86,50.923611111111114,559.8923611111111,298.2686956521739,174.0,0.039223212019537324,0.0,0.0
15130,330.11,1,197,22,170.10763888888889,0.0,330.11,197.0,0.0,0.0,0.0
15131,80.28,1,88,7,395.02986111111113,0.0,80.28,88.0,0.0,0.0,0.0
15132,977.9300000000001,5,679,49,18.819444444444443,244.2138888888889,195.586,135.8,0.01631228972439027,0.0,0.0
15133,1806.9,5,960,45,128.0875,392.92569444444445,361.38,192.0,0.010154199272634962,0.2,0.0
15134,1596.29,10,1057,47,15.163194444444445,407.8409722222222,159.629,105.7,0.022013449266303286,0.0,0.0
15135,305.68,2,84,17,239.73194444444445,317.23819444444445,152.84,42.0,0.003142300382094998,0.0,0.3333333333333333
15136,1286.7,4,776,61,3.0166666666666666,93.84791666666666,321.675,194.0,0.03162958244558174,0.25,0.2
15137,823.4,2,596,34,521.13125,159.74722222222223,411.7,298.0,0.006220947312032349,0.0,0.6
15138,502.52,1,300,31,394.1486111111111,0.0,502.52,300.0,0.0,0.0,0.5
15139,178.96,2,208,13,240.04930555555555,96.95486111111111,89.48,104.0,0.010208783807734571,0.0,0.0
15140,3243.69,8,2010,103,52.946527777777774,390.0416666666667,405.46125,251.25,0.017900905700586042,0.125,0.1111111111111111
15141,1388.47,7,1197,44,458.05347222222224,163.81597222222223,198.35285714285715,171.0,0.03640423873427855,0.14285714285714285,0.2222222222222222
15142,2619.92,6,2155,115,46.99930555555556,454.15694444444443,436.65333333333336,359.1666666666667,0.010985221825194607,0.0,0.14285714285714285
15143,563.63,2,320,27,226.0326388888889,206.92013888888889,281.815,160.0,0.004809538918855731,0.5,0.0
15144,12160.31,29,5251,199,8.901388888888889,718.1506944444444,419.3210344827586,181.06896551724137,0.03893481604941014,0.06896551724137931,0.12121212121212122
15145,1194.73,4,756,54,4.811805555555556,244.08402777777778,298.6825,189.0,0.012240699760002947,0.0,0.0
15146,1327.16,2,1473,90,165.02847222222223,126.95972222222223,663.58,736.5,0.007814959134276194,0.0,0.3333333333333333
15147,623.5,1,366,28,240.8701388888889,0.0,623.5,366.0,0.0,0.0,0.5
15148,301.29,1,187,20,11.186805555555555,0.0,301.29,187.0,0.0,0.0,0.0
15149,1554.6100000000001,5,380,62,134.07777777777778,515.9895833333334,310.922,76.0,0.0077370997964981555,0.4,0.0
15150,8977.94,13,6167,495,17.99861111111111,526.0354166666667,690.6107692307693,474.38461538461536,0.022768868316091973,0.15384615384615385,0.07142857142857142
15151,2085.61,2,795,56,423.84236111111113,86.17916666666666,1042.805,397.5,0.011470630406729437,0.5,0.0
15152,5263.83,14,2994,214,10.0125,691.8868055555556,375.98785714285714,213.85714285714286,0.01876208335296069,0.14285714285714285,0.2222222222222222
15153,329.25,1,198,22,31.820138888888888,0.0,329.25,198.0,0.0,0.0,0.0
15154,1343.72,3,333,166,75.86458333333333,402.93333333333334,447.9066666666667,111.0,0.004951312097705892,0.3333333333333333,0.25
15155,383.96999999999997,1,192,24,383.99375,0.0,383.96999999999997,192.0,0.0,1.0,0.0
15156,961.49,3,597,51,1.7694444444444444,32.236805555555556,320.49666666666667,199.0,0.06017425461231483,0.3333333333333333,0.0
15157,2654.11,5,3466,152,4.0569444444444445,725.8638888888889,530.822,693.2,0.005503093579341998,0.0,0.2857142857142857
15158,606.02,2,219,11,45.95625,356.0048611111111,303.01,109.5,0.0028010823070803194,0.0,0.3333333333333333
15159,22116.73,34,13512,413,2.03125,430.1069444444444,650.4920588235294,397.4117647058824,0.07654713157665828,0.058823529411764705,0.10526315789473684
15160,589.27,4,307,17,357.94097222222223,63.950694444444444,147.3175,76.75,0.046188882592564866,0.0,0.0
15161,119.92,1,144,33,388.8625,0.0,119.92,144.0,0.0,0.0,0.0
15162,312.9,1,74,12,731.9833333333333,0.0,312.9,74.0,0.0,0.0,0.5
15163,304.47,2,186,29,18.98611111111111,173.90833333333333,152.235,93.0,0.005717280480251561,0.0,0.0
15164,2028.1100000000001,9,912,243,69.03125,621.9381944444444,225.34555555555556,101.33333333333333,0.012842365536976983,0.4444444444444444,0.1
15165,487.75,1,160,27,373.94930555555555,0.0,487.75,160.0,0.0,0.0,0.0
15166,167.16,1,140,12,468.0131944444444,0.0,167.16,140.0,0.0,1.0,0.0
15167,1627.62,5,863,262,321.00625,352.93611111111113,325.524,172.6,0.011301474685481528,0.2,0.0
15168,106.56,1,52,5,26.058333333333334,0.0,106.56,52.0,0.0,0.0,0.0
15169,569.22,2,356,58,382.9902777777778,344.075,284.61,178.0,0.00289792074186771,0.5,0.0
15170,81.15,1,33,4,407.09444444444443,0.0,81.15,33.0,0.0,0.0,0.0
15171,1289.5,1,290,5,331.8847222222222,0.0,1289.5,290.0,0.0,0.0,0.5
15172,1624.05,5,1611,106,9.040972222222223,227.99652777777777,324.81,322.2,0.01746751376021592,0.2,0.0
15173,1494.6,7,840,68,381.1034722222222,236.91319444444446,213.5142857142857,120.0,0.025219282242881533,0.14285714285714285,0.125
15174,481.46,2,382,34,323.15555555555557,87.97638888888889,240.73,191.0,0.011238936671713782,0.0,0.0
15175,224.14,1,454,23,72.05486111111111,0.0,224.14,454.0,0.0,0.0,0.0
15176,988.04,1,448,52,668.0930555555556,0.0,988.04,448.0,0.0,0.0,0.5
15177,948.93,1,485,26,426.00138888888887,0.0,948.93,485.0,0.0,1.0,0.0
15178,40.5,1,30,3,260.9013888888889,0.0,40.5,30.0,0.0,0.0,0.0
15179,7491.92,13,5416,225,18.997916666666665,718.0180555555555,576.3015384615385,416.61538461538464,0.016689427904182597,0.07692307692307693,0.23529411764705882
15180,816.9300000000001,3,654,46,367.91180555555553,221.97916666666666,272.31,218.0,0.008969447818368682,0.0,0.0
15181,1200.2,5,688,15,66.95277777777778,664.7888888888889,240.04000000000002,137.6,0.006007910415380251,0.0,0.375
15182,2998.952,11,1186,78,154.9673611111111,502.0652777777778,272.632,107.81818181818181,0.019878135983015237,0.09090909090909091,0.21428571428571427
15183,639.93,3,297,33,548.0881944444444,36.96666666666667,213.30999999999997,99.0,0.05267778753292361,0.0,0.25
15184,685.39,4,462,72,29.964583333333334,694.0659722222222,171.3475,115.5,0.004316137057333687,0.0,0.0
15185,310.62,1,666,21,70.94722222222222,0.0,310.62,666.0,0.0,0.0,0.0
15186,1403.2,5,716,29,14.911111111111111,682.1972222222222,280.64,143.2,0.0058548247415135535,0.2,0.0
15187,4777.18,16,1887,61,2.0375,210.92152777777778,298.57375,117.9375,0.07078091667840887,0.0625,0.1111111111111111
15188,310.43,1,233,23,725.9722222222222,0.0,310.43,233.0,0.0,0.0,0.0
15189,17524.38,46,6902,90,1.9777777777777779,507.9895833333333,380.96478260869566,150.04347826086956,0.0884104537175368,0.043478260869565216,0.20689655172413793
15190,834.4399999999999,1,790,40,434.9868055555556,0.0,834.4399999999999,790.0,0.0,0.0,0.0
15191,588.05,3,287,33,463.88402777777776,225.1263888888889,196.01666666666665,95.66666666666667,0.008844611236341525,0.0,0.0
15192,1666.39,5,1448,56,120.04791666666667,560.0611111111111,333.278,289.6,0.007129348159737006,0.0,0.0
15193,499.32,1,144,19,61.18541666666667,0.0,499.32,144.0,0.0,0.0,0.0
15194,12021.53,28,8922,274,3.9027777777777777,733.1895833333333,429.34035714285716,318.64285714285717,0.03677524254350744,0.03571428571428571,0.28205128205128205
15195,3861.0,1,1404,1,3.0208333333333335,0.0,3861.0,1404.0,0.0,0.0,0.0
15196,313.7,2,130,34,433.0833333333333,293.98333333333335,156.85,65.0,0.003390022035143228,1.0,0.0
15197,1877.51,6,1058,44,11.118055555555555,717.8777777777777,312.91833333333335,176.33333333333334,0.006955285243975951,0.0,0.4
15198,571.35,5,327,28,92.92222222222222,597.1951388888889,114.27000000000001,65.4,0.006686781185533799,0.2,0.16666666666666666
15199,3122.4,10,894,17,59.90138888888889,516.2069444444444,312.24,89.4,0.017401158466012694,0.0,0.0
15200,549.05,1,195,30,495.1333333333333,0.0,549.05,195.0,0.0,0.0,0.0
15201,1842.95,7,1660,44,87.91458333333334,524.0020833333333,263.2785714285714,237.14285714285714,0.011428526077277472,0.14285714285714285,0.5
15202,6001.49,3,3,1,420.9895833333333,0.018055555555555554,2000.4966666666667,1.0,1.9645293315143249,0.0,0.625
15203,4400.18,15,4182,150,26.190277777777776,705.5902777777778,293.3453333333334,278.8,0.019813462540172383,0.06666666666666667,0.0
15204,316.58,1,258,9,357.9590277777778,0.0,316.58,258.0,0.0,0.0,0.0
15205,653.24,2,378,37,85.71805555555555,42.14513888888889,326.62,189.0,0.023177582127508894,0.0,0.3333333333333333
15206,420.29999999999995,4,162,3,10.964583333333334,265.1958333333333,105.07499999999999,40.5,0.011269898414387905,0.25,0.0
15207,683.9200000000001,3,428,19,416.97291666666666,130.83333333333334,227.97333333333336,142.66666666666666,0.015170670037926675,0.0,0.4
15208,970.52,6,356,27,1.8097222222222222,422.21319444444447,161.75333333333333,59.333333333333336,0.011814376455260433,0.0,0.14285714285714285
15209,178.98000000000002,1,94,13,730.8083333333333,0.0,178.98000000000002,94.0,0.0,0.0,0.0
15210,1176.19,3,841,66,225.86041666666668,350.06180555555557,392.06333333333333,280.3333333333333,0.005697002545848012,0.0,0.0
15211,894.4100000000001,2,240,52,60.97152777777778,304.8909722222222,447.20500000000004,120.0,0.0032691386500727612,0.0,0.0
15212,208.28,2,84,7,241.96180555555554,135.125,104.14,42.0,0.0073461891643709825,0.5,0.3333333333333333
15213,328.35,2,272,22,319.0201388888889,11.052777777777777,164.175,136.0,0.08296842590458632,0.0,0.3333333333333333
15214,1661.44,8,1254,109,2.029861111111111,241.09791666666666,207.68,156.75,0.028913920848141678,0.125,0.0
15215,2422.43,7,776,85,47.047916666666666,566.0138888888889,346.06142857142856,110.85714285714286,0.01058175137783221,0.2857142857142857,0.36363636363636365
15216,486.09,2,217,24,88.04791666666667,531.0756944444445,243.045,108.5,0.0018794318373142919,0.0,0.0
15217,426.24,1,190,28,563.9576388888889,0.0,426.24,190.0,0.0,0.0,0.0
15218,11468.83,22,6530,139,11.043055555555556,672.0104166666666,521.3104545454545,296.8181818181818,0.031203083161788606,0.045454545454545456,0.12
15219,685.45,2,271,26,176.82847222222222,472.225,342.725,135.5,0.002113159702044482,0.0,0.0
15220,1778.96,6,1393,110,52.00763888888889,229.09375,296.49333333333334,232.16666666666666,0.021730272986554392,0.0,0.14285714285714285
15221,2062.2000000000003,4,244,21,366.9875,271.10277777777776,515.5500000000001,61.0,0.011025245771103647,0.25,0.42857142857142855
15222,3550.91,11,4458,98,319.19930555555555,404.7597222222222,322.81,405.27272727272725,0.02464512728181361,0.0,0.35294117647058826
15223,1417.95,5,385,26,226.0548611111111,509.0083333333333,283.59000000000003,77.0,0.007843009101158477,0.4,0.16666666666666666
15224,871.36,5,443,24,358.90833333333336,334.95,174.272,88.6,0.011906533710373568,0.2,0.375
15225,409.40000000000003,1,226,23,234.91597222222222,0.0,409.40000000000003,226.0,0.0,0.0,0.0
15226,154.41,1,71,8,311.04791666666665,0.0,154.41,71.0,0.0,0.0,0.0
15227,2488.4900000000002,9,1217,86,37.03541666666667,597.15,276.4988888888889,135.22222222222223,0.013374571595753573,0.1111111111111111,0.0
15228,5580.2699999999995,6,3375,184,66.95416666666667,433.14930555555554,930.045,562.5,0.011516775302915184,0.0,0.14285714285714285
15229,160.5,1,114,9,586.9583333333334,0.0,160.5,114.0,0.0,1.0,0.0
15230,429.6,2,351,23,239.92430555555555,1.1493055555555556,214.8,175.5,0.46526655896607433,0.0,0.0
15231,250.26,1,190,14,621.9013888888888,0.0,250.26,190.0,0.0,1.0,0.5
15232,612.06,2,686,26,113.84930555555556,27.170833333333334,306.03,343.0,0.03549770743972785,0.0,0.0
15233,59.400000000000006,1,12,1,401.96805555555557,0.0,59.400000000000006,12.0,0.0,0.0,0.0
15234,197.0,1,196,14,277.1645833333333,0.0,197.0,196.0,0.0,0.0,0.0
15235,2772.76,16,1676,161,218.12916666666666,170.87222222222223,173.2975,104.75,0.08727413776384264,0.0625,0.0
15236,321.05,1,269,15,299.08194444444445,0.0,321.05,269.0,0.0,0.0,0.0
15237,1412.32,4,1071,94,2.1277777777777778,225.77916666666667,353.08,267.75,0.013228728388483657,0.0,0.0
15238,1071.99,3,692,49,29.931944444444444,154.9361111111111,357.33,230.66666666666666,0.012825765537880543,0.0,0.4
15239,780.59,2,594,48,10.941666666666666,68.18125,390.295,297.0,0.014454783629957538,0.0,0.3333333333333333
15240,4459.98,12,3214,134,45.125,689.7868055555556,371.66499999999996,267.8333333333333,0.015923871028708205,0.08333333333333333,0.4
15241,3050.16,11,3328,120,67.15625,587.7958333333333,277.2872727272727,302.54545454545456,0.016983815838823586,0.0,0.08333333333333333
15242,302.04,1,196,4,422.88680555555555,0.0,302.04,196.0,0.0,0.0,0.0
15243,927.2800000000001,2,543,56,74.94305555555556,360.8638888888889,463.64000000000004,271.5,0.002763469997159767,0.0,0.0
15244,912.08,3,472,44,65.9798611111111,600.9381944444444,304.0266666666667,157.33333333333334,0.0033226002577322563,0.0,0.25
15245,4610.84,8,3021,72,134.74583333333334,461.18958333333336,576.355,377.625,0.015145300224024232,0.125,0.0
15246,780.4,3,359,45,238.92013888888889,317.13680555555555,260.1333333333333,119.66666666666667,0.006286603640554706,0.0,0.0
15247,976.06,3,514,13,122.99861111111112,414.9472222222222,325.3533333333333,171.33333333333334,0.004808302335365732,0.3333333333333333,0.25
15248,1893.93,3,1065,103,411.9868055555556,122.94097222222223,631.3100000000001,355.0,0.016136713825465752,0.3333333333333333,0.25
15249,9266.0,18,4980,304,32.045138888888886,591.8708333333333,514.7777777777778,276.6666666666667,0.028674036643732127,0.0,0.14285714285714285
15250,60.0,1,48,3,641.21875,0.0,60.0,48.0,0.0,0.0,0.0
15251,20324.54,21,12108,183,9.908333333333333,670.0972222222222,967.8352380952381,576.5714285714286,0.029801941265340758,0.19047619047619047,0.3225806451612903
15252,2103.41,5,1430,106,36.97222222222222,575.1291666666667,420.68199999999996,286.0,0.006942887517990034,0.0,0.2857142857142857
15253,2055.09,8,1588,102,16.852777777777778,570.2118055555555,256.88625,198.5,0.012254648681835036,0.125,0.3333333333333333
15254,1088.35,3,711,64,127.90694444444445,433.2055555555556,362.7833333333333,237.0,0.004606113335977584,0.0,0.25
15255,3706.02,9,2214,137,67.00486111111111,670.1479166666667,411.78,246.0,0.011919876082954887,0.2222222222222222,0.18181818181818182
15256,170.4,2,92,6,149.04375,413.00416666666666,85.2,46.0,0.002415434627268244,0.0,0.0
15257,685.9,2,71,11,283.99444444444447,130.95486111111111,342.95,35.5,0.007578349077704391,0.0,0.3333333333333333
15258,623.16,2,142,32,169.01388888888889,48.92638888888889,311.58,71.0,0.020029487857122986,0.0,0.0
15259,1182.3799999999999,4,631,50,513.16875,169.9625,295.59499999999997,157.75,0.01754770783066462,0.0,0.0
15260,8767.73,25,4468,186,100.95486111111111,633.0902777777778,350.7092,178.72,0.0378495000492832,0.16,0.16666666666666666
15261,1508.0,4,806,87,135.89583333333334,299.13958333333335,377.0,201.5,0.009995349386049545,0.0,0.0
15262,418.82,3,218,22,324.0236111111111,164.84791666666666,139.60666666666665,72.66666666666667,0.01205924102151821,0.3333333333333333,0.0
15263,156.51,1,89,12,107.1,0.0,156.51,89.0,0.0,0.0,0.0
15264,848.4,2,443,52,64.95902777777778,466.0138888888889,424.2,221.5,0.002141263940520446,0.5,0.3333333333333333
15265,3345.64,4,1570,179,151.91944444444445,586.9013888888888,836.41,392.5,0.005102896602557591,0.0,0.0
15266,852.21,5,236,38,338.96527777777777,363.05625,170.442,47.2,0.010987313086919947,0.2,0.16666666666666666
15267,1717.36,5,944,8,22.86875,160.23263888888889,343.472,188.8,0.02480887261763756,0.0,0.0
15268,961.9000000000001,3,428,21,479.09513888888887,126.9625,320.6333333333334,142.66666666666666,0.015629578978216273,0.0,0.25
15269,1225.3600000000001,3,372,33,24.1375,366.8569444444444,408.4533333333334,124.0,0.005436896136405684,0.3333333333333333,0.0
15270,8524.86,21,4010,66,16.143055555555556,706.7652777777778,405.9457142857143,190.95238095238096,0.0282579558901158,0.09523809523809523,0.3225806451612903
15271,4528.54,24,2412,369,7.94375,483.96805555555557,188.68916666666667,100.5,0.047425804105081376,0.08333333333333333,0.07692307692307693
15272,2030.95,6,665,257,57.99375,605.9722222222222,338.4916666666667,110.83333333333333,0.008237609262733972,0.3333333333333333,0.0
15273,228.96,1,216,1,600.0548611111111,0.0,228.96,216.0,0.0,0.0,0.0
15274,716.57,2,619,44,4.8284722222222225,14.11111111111111,358.285,309.5,0.0661764705882353,0.0,0.0
15275,615.14,1,498,41,38.0625,0.0,615.14,498.0,0.0,0.0,0.5
15276,619.8,4,317,160,66.84097222222222,368.1770833333333,154.95,79.25,0.008126181541152902,0.0,0.2
15277,476.34,2,373,23,47.1125,378.75416666666666,238.17,186.5,0.0026332824963518067,0.5,0.0
15278,496.15999999999997,4,458,29,562.1159722222222,103.79861111111111,124.03999999999999,114.5,0.028626333576303755,0.0,0.0
15279,1580.54,5,802,74,355.08472222222224,321.0229166666667,316.108,160.4,0.012421476214813904,0.0,0.2857142857142857
15280,397.52,3,507,48,172.81666666666666,399.12291666666664,132.50666666666666,169.0,0.004998464013662469,0.3333333333333333,0.0
15281,8543.57,16,5233,427,59.15277777777778,368.8722222222222,533.973125,327.0625,0.04055454586418734,0.1875,0.2727272727272727
15282,348.59,1,395,27,570.8493055555556,0.0,348.59,395.0,0.0,0.0,0.0
15283,148.33,3,27,9,390.9138888888889,127.96388888888889,49.443333333333335,9.0,0.015508217201197577,0.3333333333333333,0.25
15284,24.75,1,5,1,500.97569444444446,0.0,24.75,5.0,0.0,0.0,0.0
15285,94.92,1,120,6,408.1277777777778,0.0,94.92,120.0,0.0,0.0,0.0
15286,240.55,1,55,3,50.07083333333333,0.0,240.55,55.0,0.0,0.0,0.0
15287,856.03,5,1010,23,22.886111111111113,715.1395833333333,171.206,202.0,0.005585503291665091,0.0,0.16666666666666666
15288,3715.38,10,1336,128,43.827777777777776,622.0631944444444,371.538,133.6,0.014444762714679156,0.2,0.0
15289,1593.09,5,1627,67,29.959027777777777,592.0861111111111,318.618,325.4,0.0067443831933717705,0.2,0.2857142857142857
15290,10496.28,26,6567,106,5.049305555555556,649.0583333333333,403.70307692307694,252.57692307692307,0.03845808709474791,0.07692307692307693,0.13333333333333333
15291,13517.76,40,4905,116,26.075,710.9951388888888,337.944,122.625,0.05477565487436029,0.075,0.24528301886792453
15292,178.39,1,55,24,201.90972222222223,0.0,178.39,55.0,0.0,1.0,0.0
15293,247.5,1,178,19,666.0388888888889,0.0,247.5,178.0,0.0,0.0,0.0
15294,233.35,1,97,15,411.0451388888889,0.0,233.35,97.0,0.0,0.0,0.5
15295,207.04,1,139,50,654.9909722222222,0.0,207.04,139.0,0.0,0.0,0.0
15296,10323.03,12,5452,342,51.04375,636.9159722222222,860.2525,454.3333333333333,0.017243650384988447,0.0,0.4
15297,641.94,3,292,30,10.845833333333333,53.28472222222222,213.98000000000002,97.33333333333333,0.0368427785595497,0.0,0.25
15298,9061.77,23,6000,199,2.814583333333333,729.0090277777778,393.99,260.8695652173913,0.030136613607327917,0.13043478260869565,0.20689655172413793
15299,6156.53,10,3356,9,67.93819444444445,629.1145833333334,615.653,335.6,0.014283116496668925,0.0,0.3333333333333333
15300,496.44,1,292,28,64.82083333333334,0.0,496.44,292.0,0.0,0.0,0.0
15301,6909.67,17,3763,231,51.12013888888889,399.7611111111111,406.4511764705882,221.35294117647058,0.039924033436378,0.11764705882352941,0.10526315789473684
15302,308.0,1,102,15,730.9854166666667,0.0,308.0,102.0,0.0,0.0,0.5
15303,1224.18,3,514,63,290.95208333333335,393.17847222222224,408.06,171.33333333333334,0.005073843806651316,0.3333333333333333,0.25
15304,796.4000000000001,9,112,8,61.10208333333333,360.99930555555557,88.4888888888889,12.444444444444445,0.022099489908475115,0.0,0.18181818181818182
15305,93.6,1,40,5,555.9583333333334,0.0,93.6,40.0,0.0,0.0,0.0
15306,3484.73,9,3074,123,64.99583333333334,594.8222222222222,387.1922222222222,341.55555555555554,0.013426823810234224,0.1111111111111111,0.1
15307,205.3,1,37,12,96.05,0.0,205.3,37.0,0.0,0.0,0.0
15308,310.47,1,175,19,274.9875,0.0,310.47,175.0,0.0,0.0,0.5
15309,797.96,4,440,49,611.06875,124.92361111111111,199.49,110.0,0.023823967352341036,0.0,0.6
15310,1634.64,1,1476,45,479.05,0.0,1634.64,1476.0,0.0,0.0,0.0
15311,114966.42,208,70149,864,1.0347222222222223,738.0270833333333,552.7231730769231,337.2548076923077,0.28009798919187107,0.038461538461538464,0.22962962962962963
15312,2930.19,12,1693,118,75.98611111111111,648.1576388888889,244.1825,141.08333333333334,0.01694503667680445,0.3333333333333333,0.14285714285714285
15313,52.0,1,25,1,110.86666666666666,0.0,52.0,25.0,0.0,1.0,0.0
15314,820.4499999999999,3,750,49,199.92430555555555,228.95694444444445,273.4833333333333,250.0,0.008697280287976615,0.0,0.25
15315,570.5,2,862,35,64.99930555555555,51.89861111111111,285.25,431.0,0.018904088009031955,0.0,0.3333333333333333
15316,165.0,1,100,1,327.0527777777778,0.0,165.0,100.0,0.0,0.0,0.0
15317,129.75,1,45,5,677.8715277777778,0.0,129.75,45.0,0.0,1.0,0.5
15318,312.62,1,642,33,4.055555555555555,0.0,312.62,642.0,0.0,0.0,0.0
15319,204.5,1,175,16,284.00138888888887,0.0,204.5,175.0,0.0,0.0,0.0
15320,267.13,1,326,36,44.97430555555555,0.0,267.13,326.0,0.0,0.0,0.0
15321,6709.7300000000005,12,3653,242,71.13194444444444,603.9951388888888,559.1441666666667,304.4166666666667,0.018181964271981068,0.0,0.3333333333333333
15322,1390.86,2,971,76,86.1361111111111,390.85,695.43,485.5,0.0025519969376036748,0.0,0.3333333333333333
15323,434.6,3,188,29,563.1173611111111,99.02777777777777,144.86666666666667,62.666666666666664,0.019994445987225773,0.0,0.25
15324,140.22000000000003,1,74,8,701.9256944444444,0.0,140.22000000000003,74.0,0.0,0.0,0.0
15325,1601.46,8,1382,164,104.03819444444444,557.9340277777778,200.1825,172.75,0.012523839401638783,0.125,0.1111111111111111
15326,1700.52,5,1351,94,334.05,404.9298611111111,340.104,270.2,0.009853919071268128,0.0,0.5
15327,208.75,1,116,10,53.03819444444444,0.0,208.75,116.0,0.0,0.0,0.0
15328,107.24,1,88,8,408.15625,0.0,107.24,88.0,0.0,0.0,0.0
15329,2958.83,11,1217,98,39.88472222222222,686.1375,268.98454545454547,110.63636363636364,0.014553128012952284,0.0,0.45
15330,714.96,2,1312,10,32.791666666666664,28.22222222222222,357.48,656.0,0.034220532319391636,0.0,0.0
15331,767.91,3,701,41,500.13055555555553,109.80277777777778,255.97,233.66666666666666,0.01805008899696658,0.0,0.25
15332,4892.68,6,2306,113,366.9215277777778,147.07083333333333,815.4466666666667,384.3333333333333,0.0337676224779807,0.5,0.0
15333,1028.56,1,344,16,208.97430555555556,0.0,1028.56,344.0,0.0,1.0,0.0
15334,350.82,3,273,67,157.0611111111111,16.896527777777777,116.94,91.0,0.11175352140002329,0.3333333333333333,0.0
15335,170.22,1,79,34,54.0,0.0,170.22,79.0,0.0,0.0,0.0
15336,240.5,1,84,15,402.0076388888889,0.0,240.5,84.0,0.0,0.0,0.0
15337,373.02,1,200,21,411.88958333333335,0.0,373.02,200.0,0.0,1.0,0.5
15338,277.93,1,148,56,677.9340277777778,0.0,277.93,148.0,0.0,1.0,0.0
15339,1821.02,7,1138,162,66.99930555555555,602.9673611111111,260.1457142857143,162.57142857142858,0.009934311663732749,0.0,0.36363636363636365
15340,105.5,1,76,7,562.0993055555556,0.0,105.5,76.0,0.0,0.0,0.0
15341,2402.7200000000003,2,1008,22,81.13194444444444,368.7076388888889,1201.3600000000001,504.0,0.002704839973026735,0.0,0.3333333333333333
15342,406.09,1,283,24,130.10486111111112,0.0,406.09,283.0,0.0,0.0,0.5
15343,364.5,1,84,21,87.95486111111111,0.0,364.5,84.0,0.0,0.0,0.0
15344,563.94,3,116,21,1.0868055555555556,73.83125,187.98000000000002,38.666666666666664,0.026726801971101645,0.0,0.4
15345,393.54,1,81,20,46.05694444444445,0.0,393.54,81.0,0.0,0.0,0.5
15346,596.12,3,260,36,333.06388888888887,98.83819444444444,198.70666666666668,86.66666666666667,0.020032413558048787,0.3333333333333333,0.25
15347,1162.0,4,542,29,366.8923611111111,71.10763888888889,290.5,135.5,0.04160446862811191,0.0,0.3333333333333333
15348,158.04,1,84,9,72.98125,0.0,158.04,84.0,0.0,0.0,0.0
15349,463.90999999999997,2,321,65,158.86388888888888,29.01388888888889,231.95499999999998,160.5,0.033317908375751965,0.5,0.0
15350,547.6,2,272,26,373.97013888888887,9.92986111111111,273.8,136.0,0.09149247093207956,0.5,0.0
15351,3430.22,10,1350,201,12.998611111111112,420.0236111111111,343.022,135.0,0.021376473343735672,0.6,0.3333333333333333
15352,111.15,1,40,34,549.0569444444444,0.0,111.15,40.0,0.0,0.0,0.0
15353,2794.4700000000003,7,1391,274,255.02430555555554,483.02916666666664,399.21000000000004,198.71428571428572,0.012395947213924782,0.0,0.125
15354,284.4,3,3,1,603.8513888888889,0.004861111111111111,94.8,1.0,1.990324809951624,0.0,0.5714285714285714
15355,277.05,2,45,9,29.9625,23.931944444444444,138.525,22.5,0.040109186117765025,0.0,0.0
15356,3239.57,13,1892,290,31.985416666666666,390.99930555555557,249.1976923076923,145.53846153846155,0.030612299128931278,0.07692307692307693,0.0
15358,16425.86,42,14902,359,5.156944444444444,727.8645833333334,391.0919047619048,354.8095238095238,0.056251875777107656,0.023809523809523808,0.23636363636363636
15359,181.35,8,145,10,663.0854166666667,30.97013888888889,22.66875,18.125,0.2189543193518257,0.0,0.1111111111111111
15360,427.93,1,223,13,40.135416666666664,0.0,427.93,223.0,0.0,0.0,0.0
15361,689.07,4,373,10,362.12361111111113,181.85069444444446,172.2675,93.25,0.016406828582822202,0.0,0.0
15362,613.08,2,368,38,449.09236111111113,290.06180555555557,306.54,184.0,0.0034356964085043027,0.0,0.0
15363,678.11,2,383,32,373.0152777777778,120.15763888888888,339.055,191.5,0.008253709870634562,0.0,0.3333333333333333
15364,913.19,2,493,29,96.12777777777778,158.83819444444444,456.595,246.5,0.006256326927839352,0.0,0.0
15365,4557.13,13,2131,126,26.18125,647.6569444444444,350.54846153846154,163.92307692307693,0.018499763400016703,0.07692307692307693,0.13333333333333333
15366,2389.08,7,2447,86,75.90902777777778,576.2020833333333,341.29714285714283,349.57142857142856,0.010394972875617652,0.14285714285714285,0.0
15367,5081.33,11,2944,214,57.94236111111111,671.9951388888888,461.9390909090909,267.6363636363636,0.014858948337294,0.09090909090909091,0.15384615384615385
15368,722.74,2,406,8,21.92222222222222,372.9513888888889,361.37,203.0,0.002674144366654905,0.0,0.0
15369,6251.26,11,3288,44,492.9555555555556,239.2576388888889,568.2963636363637,298.90909090909093,0.04162198565775744,0.09090909090909091,0.15384615384615385
15370,3739.01,8,1397,90,41.077777777777776,369.9513888888889,467.37625,174.625,0.0188703970646049,0.125,0.1111111111111111
15371,59.400000000000006,1,12,1,662.9833333333333,0.0,59.400000000000006,12.0,0.0,0.0,0.0
15372,6017.06,8,6410,45,137.84097222222223,526.21875,752.1325,801.25,0.01327722126726335,0.125,0.2
15373,3084.54,17,726,107,8.90625,578.1305555555556,181.4435294117647,42.705882352941174,0.027627621866111556,0.23529411764705882,0.05555555555555555
15374,307.32,2,290,8,129.11875,495.9138888888889,153.66,145.0,0.002012421110297447,0.0,0.0
15375,60.959999999999994,1,84,6,690.8833333333333,0.0,60.959999999999994,84.0,0.0,0.0,0.0
15376,1221.56,3,615,100,40.90694444444444,182.0548611111111,407.18666666666667,205.0,0.010925686364515798,1.0,0.0
15377,1211.75,4,253,15,383.16319444444446,32.884027777777774,302.9375,63.25,0.08853729018506754,0.0,0.2
15378,246.5,2,130,8,463.05555555555554,39.113194444444446,123.25,65.0,0.024929453110122395,0.0,0.0
15379,4877.84,8,3000,177,169.98402777777778,231.05138888888888,609.73,375.0,0.030165731967895043,0.125,0.1111111111111111
15380,3248.96,11,954,27,9.025694444444444,729.9326388888888,295.36,86.72727272727273,0.013681151268879277,0.0,0.15384615384615385
15381,1890.5700000000002,5,802,20,214.03819444444446,369.8888888888889,378.11400000000003,160.4,0.01078490113840623,0.0,0.16666666666666666
15382,13733.550000000001,12,9178,315,15.077777777777778,720.8645833333334,1144.4625,764.8333333333334,0.015238315127202412,0.0,0.4
15384,2027.79,4,1767,83,170.07847222222222,422.9298611111111,506.9475,441.75,0.007076642329787913,0.0,0.2
15385,942.08,3,428,18,40.90208333333333,637.0895833333333,314.0266666666667,142.66666666666666,0.0031343561346858953,0.6666666666666666,0.0
15386,394.14,1,446,31,186.96041666666667,0.0,394.14,446.0,0.0,0.0,0.0
15387,468.65,1,335,20,492.8645833333333,0.0,468.65,335.0,0.0,0.0,0.0
15388,140.54,1,88,10,270.95625,0.0,140.54,88.0,0.0,0.0,0.0
15389,2733.8,5,3940,2,172.85555555555555,509.1486111111111,546.76,788.0,0.007840852474905189,0.0,0.0
15390,1216.66,2,894,77,396.8965277777778,12.91388888888889,608.33,447.0,0.07187063286085046,0.0,0.0
15391,289.87,1,109,12,584.9069444444444,0.0,289.87,109.0,0.0,0.0,0.5
15392,2911.62,7,2144,100,5.075694444444444,426.9243055555556,415.94571428571425,306.2857142857143,0.01402117131956424,0.0,0.125
15393,891.34,5,378,37,16.834722222222222,707.9527777777778,178.268,75.6,0.005642124730137958,0.0,0.0
15394,5286.8,11,2372,129,10.042361111111111,714.6972222222222,480.6181818181818,215.63636363636363,0.013972389006834828,0.2727272727272727,0.15384615384615385
15395,107.45,1,17,7,326.00694444444446,0.0,107.45,17.0,0.0,0.0,0.0
15396,796.38,2,278,16,113.07916666666667,471.0777777777778,398.19,139.0,0.0021182950078847645,0.0,0.0
15397,94.0,1,20,6,290.1423611111111,0.0,94.0,20.0,0.0,0.0,0.0
15398,1345.53,2,769,60,16.835416666666667,62.077083333333334,672.765,384.5,0.015853618258083693,0.0,0.3333333333333333
15399,815.77,3,611,45,1.9902777777777778,77.87986111111111,271.92333333333335,203.66666666666666,0.025355014218176375,0.0,0.0
15400,1302.3,8,662,16,92.95347222222222,468.225,162.7875,82.75,0.014918216207576322,0.125,0.1111111111111111
15401,216.95000000000002,2,93,14,452.9638888888889,116.11527777777778,108.47500000000001,46.5,0.008538595638200728,0.0,0.0
15402,1830.54,6,2034,79,149.02291666666667,443.00347222222223,305.09,339.0,0.011261173195279691,0.0,0.14285714285714285
15403,170.88,2,492,6,492.0201388888889,238.98333333333332,85.44,246.0,0.004166956038613793,0.0,0.0
15404,257.06,1,334,16,376.07430555555555,0.0,257.06,334.0,0.0,0.0,0.0
15405,659.84,2,348,29,189.92083333333332,386.95,329.92,174.0,0.002577651759247326,0.0,0.0
15406,975.87,4,547,108,31.977777777777778,422.0111111111111,243.9675,136.75,0.007092012292821307,0.5,0.3333333333333333
15407,1046.74,4,552,142,34.03819444444444,271.9423611111111,261.685,138.0,0.010991331604912516,0.5,0.0
15408,267.18,1,106,34,264.90833333333336,0.0,267.18,106.0,0.0,1.0,0.0
15409,131.25,1,59,9,721.8854166666666,0.0,131.25,59.0,0.0,0.0,0.5
15410,4685.72,10,1902,80,84.91875,515.2430555555555,468.572,190.2,0.017433648555939683,0.1,0.0
15411,1348.93,4,529,86,26.896527777777777,156.1173611111111,337.2325,132.25,0.019094007045335006,0.5,0.2
15412,190.53,1,108,10,171.89305555555555,0.0,190.53,108.0,0.0,0.0,0.0
15413,6798.72,5,2694,20,692.0534722222222,47.052083333333336,1359.7440000000001,538.8,0.08324300888792542,0.4,0.2857142857142857
15414,774.9000000000001,3,443,37,10.125,232.83680555555554,258.3,147.66666666666666,0.008552973494691514,0.0,0.0
15415,559.61,1,551,46,313.9423611111111,0.0,559.61,551.0,0.0,1.0,0.0
15416,4572.82,7,2420,189,65.13333333333334,611.9048611111111,653.26,345.7142857142857,0.009789447564704963,0.0,0.2222222222222222
15417,508.8,1,284,28,85.89166666666667,0.0,508.8,284.0,0.0,0.0,0.0
15418,449.42,2,264,64,425.96666666666664,161.08819444444444,224.71,132.0,0.006169480778211451,1.0,0.0
15419,135.86,1,230,8,25.14375,0.0,135.86,230.0,0.0,0.0,0.0
15420,743.0,6,844,52,434.8777777777778,300.09513888888887,123.83333333333333,140.66666666666666,0.016606046907469724,0.5,0.0
15421,3805.34,10,1927,170,59.145833333333336,673.7569444444445,380.534,192.7,0.013338136160139968,0.3,0.0
15422,1619.97,7,710,80,323.85625,347.18402777777777,231.42428571428573,101.42857142857143,0.01723226662145856,0.2857142857142857,0.125
15423,266.89,3,198,13,38.950694444444444,583.0131944444445,88.96333333333332,66.0,0.0034245801619303216,0.3333333333333333,0.25
15424,597.78,3,873,33,254.99166666666667,208.82291666666666,199.26,291.0,0.009531847291863179,0.0,0.0
15425,1941.1200000000001,4,1041,114,400.77569444444447,263.2340277777778,485.28000000000003,260.25,0.011353571775861571,0.5,0.0
15426,2156.35,9,1041,327,19.884722222222223,567.0180555555555,239.59444444444443,115.66666666666667,0.014084059338880562,0.7777777777777778,0.18181818181818182
15427,1430.54,3,967,233,33.93125,13.9875,476.84666666666664,322.3333333333333,0.13344453711426188,1.0,0.0
15428,762.75,4,347,39,15.830555555555556,706.9638888888888,190.6875,86.75,0.00423750426693138,0.0,0.0
15429,397.35,2,380,77,27.01527777777778,48.94861111111111,198.675,190.0,0.020020576703834496,1.0,0.3333333333333333
15430,954.75,2,309,36,468.0888888888889,60.81805555555555,477.375,154.5,0.016176503628479635,0.5,0.3333333333333333
15431,153.24,1,84,2,503.00416666666666,0.0,153.24,84.0,0.0,1.0,0.0
15432,320.76,2,92,16,23.84722222222222,518.0805555555555,160.38,46.0,0.001926483258325351,0.0,0.5
15433,533.3,2,534,40,214.08680555555554,53.85625,266.65,267.0,0.01822946337017204,0.0,0.3333333333333333
15434,2567.06,11,1423,82,8.970138888888888,675.9152777777778,233.36909090909091,129.36363636363637,0.014772897478143294,0.09090909090909091,0.15384615384615385
15435,149.29,1,54,29,22.840972222222224,0.0,149.29,54.0,0.0,0.0,0.0
15436,1067.75,3,574,243,12.864583333333334,221.9673611111111,355.9166666666667,191.33333333333334,0.008969922727853168,0.6666666666666666,0.0
15437,393.45,2,177,56,262.98541666666665,378.1013888888889,196.725,88.5,0.0026378167669891886,0.0,0.0
15438,156.57999999999998,1,59,25,131.93819444444443,0.0,156.57999999999998,59.0,0.0,1.0,0.0
15439,1269.05,4,572,49,405.09166666666664,248.93958333333333,317.2625,143.0,0.012002900701002742,0.25,0.0
15440,383.68,3,197,50,55.02361111111111,154.03194444444443,127.89333333333333,65.66666666666667,0.012900567087428219,0.6666666666666666,0.0
15441,1254.21,3,587,45,396.875,334.03819444444446,418.07,195.66666666666666,0.00596946865510773,0.0,0.0
15442,594.0,1,120,2,249.01805555555555,0.0,594.0,120.0,0.0,0.0,0.0
15443,5114.23,14,2699,408,2.0902777777777777,640.9375,365.3021428571428,192.78571428571428,0.020251192678414954,0.5,0.125
15444,1411.21,2,759,191,9.800694444444444,31.05902777777778,705.605,379.5,0.031192461821726414,0.5,0.0
15445,284.5,2,118,12,264.90555555555557,326.00416666666666,142.25,59.0,0.003058065009365324,0.5,0.0
15446,399.75,3,265,90,377.03541666666666,349.92083333333335,133.25,88.33333333333333,0.005699291150663136,1.0,0.4
15447,492.88,5,228,27,331.05833333333334,294.8652777777778,98.576,45.6,0.01351966689042967,0.0,0.16666666666666666
15448,788.81,2,487,49,313.0888888888889,361.88402777777776,394.405,243.5,0.002755701335558307,0.0,0.0
15449,974.52,3,812,47,26.908333333333335,235.1798611111111,324.84,270.6666666666667,0.008468122517267031,0.3333333333333333,0.4
15450,429.84,1,376,30,30.81875,0.0,429.84,376.0,0.0,0.0,0.0
15451,226.86,2,76,56,434.96527777777777,164.98055555555555,113.43,38.0,0.006024802101986511,0.0,0.0
15452,1785.1100000000001,6,1087,158,30.025694444444444,481.90972222222223,297.5183333333334,181.16666666666666,0.010353902126864063,0.3333333333333333,0.0
15453,1371.77,7,837,169,2.0770833333333334,185.93194444444444,195.96714285714285,119.57142857142857,0.032097242757688105,0.2857142857142857,0.0
15454,305.99,2,146,35,362.93680555555557,256.04583333333335,152.995,73.0,0.0038903567781361946,0.5,0.0
15455,38.25,1,3,2,598.0048611111112,0.0,38.25,3.0,0.0,0.0,0.0
15456,2091.52,10,2727,128,283.9576388888889,448.0395833333333,209.152,272.7,0.02004277648128645,0.1,0.0
15457,237.07,1,132,56,262.8881944444444,0.0,237.07,132.0,0.0,0.0,0.0
15458,370.43999999999994,2,300,13,25.9875,376.72083333333336,185.21999999999997,150.0,0.002647457888872955,0.0,0.0
15459,202.82999999999998,2,121,6,417.8923611111111,80.0375,101.41499999999999,60.5,0.012339966065093322,0.0,0.0
15460,214.26,1,107,53,354.8625,0.0,214.26,107.0,0.0,0.0,0.0
15461,429.7,2,230,1,461.0131944444444,170.99375,214.85,115.0,0.005814164758893855,0.5,0.3333333333333333
15462,737.05,4,495,32,94.98541666666667,351.1166666666667,184.2625,123.75,0.008519903441094333,0.25,0.0
15463,126.14,1,106,7,29.99513888888889,0.0,126.14,106.0,0.0,0.0,0.0
15464,1044.65,1,348,155,338.87083333333334,0.0,1044.65,348.0,0.0,0.0,0.0
15465,12100.4,32,2638,94,20.110416666666666,710.0201388888889,378.1375,82.4375,0.04359932764836126,0.59375,0.1794871794871795
15466,1560.46,4,941,211,85.94583333333334,651.0694444444445,390.115,235.25,0.004600736969903512,0.0,0.0
15467,524.88,3,310,41,9.939583333333333,142.98263888888889,174.96,103.33333333333333,0.013890563580678613,0.6666666666666666,0.25
15468,1430.48,3,1400,80,51.95902777777778,341.1736111111111,476.82666666666665,466.6666666666667,0.005844986097862928,0.0,0.5714285714285714
15469,874.25,3,287,38,50.85347222222222,388.2583333333333,291.4166666666667,95.66666666666667,0.005137976065594828,0.0,0.5
15470,63.419999999999995,1,232,4,576.1354166666666,0.0,63.419999999999995,232.0,0.0,0.0,0.0
15471,1292.01,3,670,122,2.9430555555555555,548.0798611111111,430.67,223.33333333333334,0.003642457393998799,0.0,0.0
15472,371.56,1,251,76,113.89791666666666,0.0,371.56,251.0,0.0,0.0,0.0
15473,2046.0,8,776,5,14.899305555555555,430.25069444444443,255.75,97.0,0.016231857919713495,0.0,0.2727272727272727
15474,150.35,1,55,19,596.0666666666667,0.0,150.35,55.0,0.0,0.0,0.0
15475,454.10999999999996,1,319,29,77.89583333333333,0.0,454.10999999999996,319.0,0.0,0.0,0.0
15476,2209.98,4,1174,67,380.8979166666667,62.053472222222226,552.495,293.5,0.04757866449332026,0.0,0.2
15477,368.4,1,216,2,650.0923611111111,0.0,368.4,216.0,0.0,1.0,0.0
15478,1983.48,3,894,53,40.93819444444444,534.8125,661.16,298.0,0.00373264901434737,0.3333333333333333,0.0
15479,147.4,1,38,9,733.9041666666667,0.0,147.4,38.0,0.0,1.0,0.0
15480,6279.0,5,1852,199,116.92916666666666,559.9861111111111,1255.8,370.4,0.007130301304746107,0.0,0.2857142857142857
15481,1993.34,1,1450,38,401.91527777777776,0.0,1993.34,1450.0,0.0,0.0,0.0
15482,14417.36,19,6516,74,16.086111111111112,721.7409722222222,758.8084210526316,342.94736842105266,0.024905188292639806,0.21052631578947367,0.20833333333333334
15483,817.8199999999999,10,905,216,161.98819444444445,522.8923611111111,81.782,90.5,0.017179101411045793,0.2,0.0
15484,4652.1,6,4074,180,1.9076388888888889,732.9895833333334,775.35,679.0,0.0068120857755133895,0.16666666666666666,0.14285714285714285
15485,4810.92,7,2153,80,30.929861111111112,707.875,687.2742857142857,307.57142857142856,0.008464115676247575,0.0,0.125
15486,102.0,1,40,1,527.9826388888889,0.0,102.0,40.0,0.0,0.0,0.0
15487,231.32,1,144,14,680.0298611111111,0.0,231.32,144.0,0.0,0.0,0.0
15488,431.92,5,251,10,93.11041666666667,490.88055555555553,86.384,50.2,0.008132055546457191,0.0,0.0
15489,2419.61,8,1264,75,23.164583333333333,670.6631944444445,302.45125,158.0,0.010421890104890948,0.125,0.3333333333333333
15490,210.85,1,82,22,430.98541666666665,0.0,210.85,82.0,0.0,0.0,0.5
15491,3100.09,6,1646,108,95.87083333333334,140.24444444444444,516.6816666666667,274.3333333333333,0.03539962240402769,0.0,0.14285714285714285
15492,659.4599999999999,2,483,32,28.914583333333333,46.03541666666667,329.72999999999996,241.5,0.021260574921380164,0.0,0.0
15493,4121.68,9,1206,289,33.03194444444444,622.0347222222222,457.9644444444445,134.0,0.0128403758485014,0.0,0.18181818181818182
15494,3702.6,5,3052,307,21.915972222222223,707.7743055555555,740.52,610.4,0.0056435454398487215,0.0,0.16666666666666666
15495,246.5,1,194,20,379.9611111111111,0.0,246.5,194.0,0.0,0.0,0.0
15496,146.14000000000001,1,98,22,631.9819444444445,0.0,146.14000000000001,98.0,0.0,0.0,0.0
15497,8657.39,9,2937,66,18.040972222222223,703.8631944444444,961.9322222222222,326.3333333333333,0.011349720148610399,0.0,0.18181818181818182
15498,24972.86,44,12134,597,3.001388888888889,720.80625,567.565,275.77272727272725,0.05957277316454381,0.045454545454545456,0.2
15499,158.65,1,59,40,724.0229166666667,0.0,158.65,59.0,0.0,0.0,0.0
15500,1131.56,4,572,64,8.960416666666667,73.0,282.89,143.0,0.04054054054054054,0.25,0.0
15501,399.95,2,205,64,405.06597222222223,10.936111111111112,199.975,102.5,0.08377938096346288,0.5,0.0
15502,13003.869999999999,14,5559,231,16.00138888888889,539.0666666666667,928.847857142857,397.07142857142856,0.0240711023330453,0.42857142857142855,0.48148148148148145
15503,257.3,2,130,112,363.0784722222222,363.97430555555553,128.65,65.0,0.0027399189060112682,1.0,0.0
15504,402.7,4,141,42,81.96180555555556,584.0493055555555,100.675,35.25,0.00512777294411321,0.0,0.2
15505,3610.96,5,2390,90,53.204166666666666,102.76597222222222,722.192,478.0,0.03854828239293817,0.0,0.2857142857142857
15506,2030.33,6,1637,180,23.027083333333334,454.98125,338.3883333333333,272.8333333333333,0.010965363159121127,0.3333333333333333,0.0
15507,475.86,1,160,41,172.06319444444443,0.0,475.86,160.0,0.0,0.0,0.0
15508,1000.27,6,440,78,189.8798611111111,46.00833333333333,166.71166666666667,73.33333333333333,0.10636411983690836,0.0,0.0
15509,152.41,1,58,26,380.91805555555555,0.0,152.41,58.0,0.0,0.0,0.0
15510,250.0,1,2,1,331.02777777777777,0.0,250.0,2.0,0.0,0.0,0.0
15511,900.53,5,269,117,12.129861111111111,73.77638888888889,180.106,53.8,0.053492821189100835,0.0,0.0
15512,331.58,4,235,29,156.10416666666666,520.8729166666667,82.895,58.75,0.0057485259422193295,0.25,0.0
15513,26437.05,35,10477,278,33.92638888888889,661.9840277777778,755.3442857142857,299.34285714285716,0.05128328673914341,0.14285714285714285,0.14634146341463414
15514,6392.06,18,4087,171,12.92361111111111,722.91875,355.1144444444445,227.05555555555554,0.023483298367392748,0.16666666666666666,0.1
15515,171.81,1,131,7,387.9659722222222,0.0,171.81,131.0,0.0,0.0,0.0
15516,62.43,3,27,15,45.08263888888889,1.9708333333333334,20.81,9.0,0.6732117812061711,0.0,0.0
15517,267.03,1,293,27,233.95,0.0,267.03,293.0,0.0,0.0,0.0
15518,4189.99,15,2810,250,64.98958333333333,655.0305555555556,279.3326666666666,187.33333333333334,0.02134046940564252,0.26666666666666666,0.34782608695652173
15519,344.61,2,116,34,383.9270833333333,63.02638888888889,172.305,58.0,0.015618560055532658,1.0,0.0
15520,343.5,1,314,18,2.077777777777778,0.0,343.5,314.0,0.0,0.0,0.0
15521,7098.24,16,4507,186,40.96388888888889,663.1409722222222,443.64,281.6875,0.02258556635921716,0.125,0.3333333333333333
15522,397.99,2,572,47,33.05833333333333,54.958333333333336,198.995,286.0,0.017870439314966492,0.0,0.0
15523,17259.19,16,15633,65,84.84791666666666,653.0506944444444,1078.699375,977.0625,0.02293400210016001,0.0625,0.1111111111111111
15524,591.4,2,28,9,25.028472222222224,582.1180555555555,295.7,14.0,0.0017149186009122414,0.0,0.0
15525,890.22,4,527,152,2.921527777777778,380.10625,222.555,131.75,0.007871820522492088,0.0,0.2
15526,148.44,2,24,4,33.90694444444444,0.0020833333333333333,74.22,12.0,0.9979209979209979,1.0,0.0
15527,5554.89,23,2211,226,19.022916666666667,705.7819444444444,241.51695652173913,96.1304347826087,0.031126997757834316,0.13043478260869565,0.25806451612903225
15528,229.33,1,123,26,254.85833333333332,0.0,229.33,123.0,0.0,0.0,0.0
15529,4783.66,12,4271,451,23.05625,371.87708333333336,398.6383333333333,355.9166666666667,0.02950033802470653,0.0,0.07692307692307693
15530,1808.68,5,1328,111,22.01736111111111,491.0520833333333,361.736,265.6,0.00812922073798082,0.0,0.0
15531,1972.39,2,1085,196,8.754861111111111,22.038888888888888,986.195,542.5,0.04340487099107789,0.0,0.0
15532,3738.85,10,1337,417,25.915972222222223,523.9993055555556,373.885,133.7,0.0171428798186241,0.5,0.16666666666666666
15533,807.57,3,289,73,19.885416666666668,69.99583333333334,269.19,96.33333333333333,0.028170667292681494,1.0,0.4
15534,162.25,1,63,8,726.0013888888889,0.0,162.25,63.0,0.0,0.0,0.0
15535,1044.3700000000001,6,314,88,173.86666666666667,275.83194444444445,174.0616666666667,52.333333333333336,0.018061499405475644,0.8333333333333334,0.4
15536,259.09,1,242,16,409.8465277777778,0.0,259.09,242.0,0.0,0.0,0.0
15537,110.92,1,29,24,163.98611111111111,0.0,110.92,29.0,0.0,0.0,0.0
15538,3358.3999999999996,6,1016,3,538.0840277777778,125.92430555555555,559.7333333333332,169.33333333333334,0.039393558058991855,0.3333333333333333,0.45454545454545453
15539,538.46,1,410,41,7.968055555555556,0.0,538.46,410.0,0.0,0.0,0.0
15540,460.68,2,444,31,11.957638888888889,364.1118055555556,230.34,222.0,0.0027388870608508428,0.0,0.0
15541,85.13000000000001,1,49,29,114.91111111111111,0.0,85.13000000000001,49.0,0.0,0.0,0.0
15542,855.71,3,418,212,512.9708333333333,225.06875,285.2366666666667,139.33333333333334,0.008846866274086975,0.0,0.25
15543,242.26,2,167,50,288.89166666666665,171.1652777777778,121.13,83.5,0.005808372123040683,0.0,0.0
15544,7807.89,20,6745,175,9.838194444444444,671.0861111111111,390.3945,337.25,0.028270186938677666,0.1,0.23076923076923078
15545,288.96999999999997,2,162,78,54.97638888888889,316.8305555555556,144.48499999999999,81.0,0.0031463305919471416,0.5,0.0
15546,1079.1000000000001,2,198,6,607.0409722222222,0.004166666666666667,539.5500000000001,99.0,0.995850622406639,0.0,0.3333333333333333
15547,10057.05,26,7278,652,7.998611111111111,725.9666666666667,386.80961538461537,279.9230769230769,0.034389472236232746,0.7692307692307693,0.07142857142857142
15548,158.09,1,64,23,596.0208333333334,0.0,158.09,64.0,0.0,0.0,0.0
15549,2334.16,8,936,139,77.85277777777777,620.1291666666667,291.77,117.0,0.011269797613217862,0.0,0.1111111111111111
15550,2211.05,12,1139,166,4.883333333333334,732.0159722222222,184.2541666666667,94.91666666666667,0.015006494287774159,0.0,0.14285714285714285
15551,1679.81,7,796,117,37.009027777777774,513.8972222222222,239.97285714285712,113.71428571428571,0.011652810970905736,0.2857142857142857,0.2222222222222222
15552,252.52,2,166,29,217.91875,405.9375,126.26,83.0,0.0024573798187682385,0.0,0.0
15553,428.93,1,449,51,60.95,0.0,428.93,449.0,0.0,0.0,0.0
15554,217.2,1,74,14,278.15972222222223,0.0,217.2,74.0,0.0,0.0,0.0
15555,11243.91,36,8511,667,12.854861111111111,721.18125,312.3308333333333,236.41666666666666,0.048464287877869994,0.5555555555555556,0.21739130434782608
15556,279.77,1,236,31,24.8625,0.0,279.77,236.0,0.0,0.0,0.0
15557,468.91,1,213,16,29.002777777777776,0.0,468.91,213.0,0.0,0.0,0.0
15558,202.68,1,73,23,639.8923611111111,0.0,202.68,73.0,0.0,0.0,0.5
15559,1109.4,1,526,62,568.9472222222222,0.0,1109.4,526.0,0.0,0.0,0.0
15560,153.52,2,72,10,398.1076388888889,0.0006944444444444445,76.76,36.0,0.9993060374739763,1.0,0.0
15561,1934.3899999999999,8,1334,65,12.071527777777778,651.9479166666666,241.79874999999998,166.75,0.010720610053762583,0.5,0.1111111111111111
15562,671.4300000000001,3,560,32,352.12152777777777,374.7763888888889,223.81000000000003,186.66666666666666,0.0053223141717702975,0.3333333333333333,0.0
15563,2859.46,7,3005,179,22.916666666666668,658.1347222222222,408.4942857142857,429.2857142857143,0.009102843163490856,0.0,0.36363636363636365
15564,70.74000000000001,2,42,4,463.87361111111113,212.99583333333334,35.370000000000005,21.0,0.0046729881812340585,0.0,0.0
15565,173.16,2,60,8,50.928472222222226,20.159027777777776,86.58,30.0,0.047261150677738034,0.0,0.0
15566,227.87,2,153,9,393.02708333333334,331.8875,113.935,76.5,0.00300401787390635,0.0,0.0
15567,186.01,1,223,7,19.084722222222222,0.0,186.01,223.0,0.0,0.0,0.0
15568,758.29,3,461,27,3.057638888888889,70.86805555555556,252.76333333333332,153.66666666666666,0.027828775727123393,0.0,0.0
15569,3583.45,10,1734,123,104.10763888888889,545.9722222222222,358.34499999999997,173.4,0.01645421766289168,0.8,0.0
15570,8736.49,25,4079,442,7.91875,614.0298611111111,349.45959999999997,163.16,0.03902249552020396,0.12,0.07407407407407407
15571,3892.35,14,2411,442,12.116666666666667,721.9111111111112,278.025,172.21428571428572,0.017982847130429434,0.35714285714285715,0.0
15572,3965.2,10,2089,259,5.111805555555556,599.8131944444444,396.52,208.9,0.01497969765514563,0.2,0.0
15573,1188.42,5,770,181,32.05,697.8881944444445,237.68400000000003,154.0,0.00572337611623223,0.0,0.0
15574,1101.44,6,750,191,178.03402777777777,286.89166666666665,183.57333333333335,125.0,0.017367644079080674,0.0,0.14285714285714285
15575,30.1,1,6,3,620.0,0.0,30.1,6.0,0.0,0.0,0.0
15576,921.37,1,394,43,38.03263888888889,0.0,921.37,394.0,0.0,0.0,0.0
15577,396.03000000000003,5,120,58,151.82430555555555,575.0319444444444,79.206,24.0,0.006944059333129191,0.2,0.0
15578,127.1,1,52,13,162.9909722222222,0.0,127.1,52.0,0.0,0.0,0.0
15579,1250.63,5,713,140,69.00347222222223,363.9222222222222,250.12600000000003,142.6,0.010961239838017233,0.8,0.2857142857142857
15580,1375.39,8,955,150,377.0763888888889,293.98541666666665,171.92375,119.375,0.023729986651882508,0.625,0.42857142857142855
15581,7480.4,38,3028,542,121.13333333333334,616.8881944444445,196.85263157894735,79.6842105263158,0.05988138361061815,0.15789473684210525,0.11627906976744186
15582,682.9100000000001,3,453,39,25.12152777777778,195.84652777777777,227.63666666666668,151.0,0.010160199535029758,0.0,0.0
15583,95.96,1,56,37,376.90694444444443,0.0,95.96,56.0,0.0,1.0,0.0
15584,1268.2,6,483,174,24.07986111111111,646.94375,211.36666666666667,80.5,0.007716719236816467,0.3333333333333333,0.14285714285714285
15585,455.3,1,320,31,177.175,0.0,455.3,320.0,0.0,0.0,0.0
15586,1139.1,3,1338,30,593.0763888888889,108.04027777777777,379.7,446.0,0.01834184615776535,0.0,0.25
15587,1522.0800000000002,7,528,3,50.96736111111111,441.2034722222222,217.44000000000003,75.42857142857143,0.013568414489935975,0.14285714285714285,0.0
15588,579.6,1,96,4,678.0215277777778,0.0,579.6,96.0,0.0,1.0,0.0
15589,478.53000000000003,3,243,28,256.1222222222222,54.96388888888889,159.51000000000002,81.0,0.035737330619943414,0.0,0.25
15590,1496.6,5,832,75,382.9173611111111,224.19444444444446,299.32,166.4,0.017762427531762673,0.2,0.16666666666666666
15591,217.9,3,58,6,583.14375,91.00208333333333,72.63333333333334,19.333333333333332,0.02173863816489663,0.0,0.0
15592,388.58,1,354,24,47.16041666666667,0.0,388.58,354.0,0.0,0.0,0.0
15593,199.8,1,60,5,71.04444444444445,0.0,199.8,60.0,0.0,0.0,0.0
15594,1771.78,5,983,85,16.164583333333333,218.94791666666666,354.356,196.6,0.018186123608808905,0.0,0.16666666666666666
15595,357.6,1,144,4,488.0159722222222,0.0,357.6,144.0,0.0,0.0,0.0
15596,2727.72,9,1208,82,101.07986111111111,398.96458333333334,303.08,134.22222222222223,0.020001770990139753,0.0,0.4375
15597,563.37,2,393,35,35.975,540.0111111111111,281.685,196.5,0.0018483908730566225,0.0,0.3333333333333333
15598,548.02,2,404,32,53.86527777777778,374.28055555555557,274.01,202.0,0.0026646730964241566,0.0,0.5
15599,1250.06,3,1098,77,27.045833333333334,419.06180555555557,416.68666666666667,366.0,0.004761204121747957,0.3333333333333333,0.0
15600,1199.31,4,657,55,428.93055555555554,165.11111111111111,299.8275,164.25,0.018060200668896322,0.25,0.2
15601,14191.74,30,10395,310,11.899305555555555,727.0152777777778,473.058,346.5,0.03983432887359278,0.13333333333333333,0.14285714285714285
15602,3137.96,16,2292,62,8.941666666666666,729.19375,196.1225,143.25,0.02054249300271332,0.0,0.36
15603,88.48,2,128,4,79.11527777777778,569.7513888888889,44.24,64.0,0.0017520763321255363,0.0,0.3333333333333333
15604,216.39,1,159,17,52.91875,0.0,216.39,159.0,0.0,0.0,0.0
15605,1741.95,9,641,80,36.93958333333333,658.0097222222222,193.55,71.22222222222223,0.012139426369953235,0.1111111111111111,0.1
15606,5230.99,17,1615,84,61.87708333333333,586.0409722222222,307.70529411764704,95.0,0.027255337799391724,0.23529411764705882,0.10526315789473684
15607,1708.97,9,1470,95,337.00416666666666,364.01944444444445,189.88555555555556,163.33333333333334,0.021916640666022356,0.0,0.3076923076923077
15608,1785.98,5,1262,93,28.979166666666668,387.13194444444446,357.196,252.4,0.010305773738168936,0.0,0.0
15609,298.48,1,148,16,184.99305555555554,0.0,298.48,148.0,0.0,0.0,0.5
15610,112.46000000000001,1,66,6,52.09305555555556,0.0,112.46000000000001,66.0,0.0,0.0,0.0
15611,2997.28,26,747,43,10.009722222222223,673.9069444444444,115.28,28.73076923076923,0.03704214367001212,0.19230769230769232,0.1875
15612,195.15,2,52,4,36.915277777777774,25.085416666666667,97.575,26.0,0.03833559619838671,0.5,0.0
15613,433.71999999999997,1,700,27,610.9993055555556,0.0,433.71999999999997,700.0,0.0,0.0,0.0
15614,3147.36,4,1632,73,438.0861111111111,188.98125,786.84,408.0,0.015791032009737804,0.0,0.42857142857142855
15615,21373.97,47,12090,292,10.922222222222222,726.9680555555556,454.7653191489362,257.2340425531915,0.06318958592886974,0.02127659574468085,0.12962962962962962
15616,317.11,1,137,13,438.9861111111111,0.0,317.11,137.0,0.0,0.0,0.0
15617,828.5500000000001,3,485,41,396.86319444444445,111.11875,276.18333333333334,161.66666666666666,0.017838229555716595,0.0,0.0
15618,776.851,4,454,39,33.17777777777778,103.93125,194.21275,113.5,0.028590148311394364,0.0,0.2
15619,336.40000000000003,1,136,3,11.191666666666666,0.0,336.40000000000003,136.0,0.0,0.0,0.0
15620,1942.36,4,1249,114,57.00625,353.04791666666665,485.59,312.25,0.008473429326303525,0.0,0.5
15621,1293.03,4,501,11,4.950694444444444,17.091666666666665,323.2575,125.25,0.16582220175034548,0.0,0.3333333333333333
15622,7852.61,17,4091,331,43.8375,602.2604166666666,461.9182352941176,240.64705882352942,0.02652254243434117,0.0,0.43333333333333335
15623,2437.05,8,1087,91,141.80833333333334,588.1111111111111,304.63125,135.875,0.011882308562806488,0.125,0.0
15624,588.13,4,357,26,117.05,139.92083333333332,147.0325,89.25,0.021288548534933917,0.0,0.0
15625,3236.4,9,3020,106,104.10347222222222,438.79027777777776,359.6,335.55555555555554,0.01819048852199123,0.2222222222222222,0.35714285714285715
15626,1067.52,3,1138,73,75.11597222222223,346.69930555555555,355.84,379.3333333333333,0.005752096619245157,0.0,0.25
15627,566.9,2,344,23,457.94166666666666,65.09583333333333,283.45,172.0,0.015129546743995461,0.0,0.0
15628,5333.08,17,3569,136,5.101388888888889,721.8645833333334,313.7105882352941,209.94117647058823,0.022134159521579364,0.058823529411764705,0.19047619047619047
15629,2240.9,4,1518,39,450.9611111111111,82.08819444444444,560.225,379.5,0.03610621244159904,0.0,0.0
15630,1481.4,3,987,76,45.88472222222222,599.0458333333333,493.8,329.0,0.0033330787231530923,0.0,0.25
15631,596.67,1,525,39,642.9152777777778,0.0,596.67,525.0,0.0,1.0,0.0
15632,3285.31,8,2109,107,16.124305555555555,259.05694444444447,410.66375,263.625,0.026917181600183717,0.0,0.2
15633,4335.96,13,2048,77,509.9555555555556,221.83541666666667,333.5353846153846,157.53846153846155,0.05385140378268714,0.23076923076923078,0.2777777777777778
15634,554.65,2,227,34,17.84861111111111,366.04027777777776,277.325,113.5,0.0027244966303274316,0.5,0.0
15635,100.35,1,5,2,396.1611111111111,0.0,100.35,5.0,0.0,0.0,0.0
15636,1444.58,4,560,39,90.06458333333333,479.9861111111111,361.145,140.0,0.006237186335941787,0.25,0.0
15637,797.59,5,651,37,53.18194444444445,671.6069444444445,159.518,130.2,0.005947009665955641,0.0,0.0
15638,2265.2,6,1134,20,379.04027777777776,231.88541666666666,377.5333333333333,189.0,0.02146978574942971,0.16666666666666666,0.3333333333333333
15639,1065.08,3,849,61,134.93055555555554,471.0548611111111,355.02666666666664,283.0,0.0042367956878835,0.0,0.4
15640,23494.31,29,12140,303,4.927083333333333,720.9159722222222,810.1486206896552,418.62068965517244,0.03878567738820019,0.20689655172413793,0.14705882352941177
15641,5345.55,12,4422,249,105.9486111111111,627.9395833333333,445.46250000000003,368.5,0.017489756236522453,0.25,0.0
15642,105.78000000000002,1,270,6,730.0409722222222,0.0,105.78000000000002,270.0,0.0,0.0,0.0
15643,664.0,3,246,31,192.21666666666667,90.71111111111111,221.33333333333334,82.0,0.02180760843227526,0.0,0.5
15644,803.54,4,550,166,166.9138888888889,94.97013888888888,200.885,137.5,0.03125972343828014,0.25,0.0
15645,1055.17,3,396,59,19.038194444444443,406.9611111111111,351.72333333333336,132.0,0.0049024280636770935,0.3333333333333333,0.25
15646,784.8100000000001,5,821,65,158.12291666666667,252.8659722222222,156.96200000000002,164.2,0.015756345622006365,0.0,0.16666666666666666
15647,169.0,1,124,11,415.9034722222222,0.0,169.0,124.0,0.0,0.0,0.0
15648,639.5,2,218,23,204.87291666666667,62.87083333333333,319.75,109.0,0.01565659860395329,0.0,0.5
15649,1660.35,4,365,8,336.96944444444443,50.88333333333333,415.0875,91.25,0.05782203662062319,0.0,0.0
15650,553.88,2,210,33,522.0895833333333,106.95486111111111,276.94,105.0,0.009263130809559036,0.5,0.3333333333333333
15651,1259.06,5,871,52,37.172916666666666,559.8020833333334,251.81199999999998,174.2,0.007132641120419042,0.0,0.0
15652,1405.94,5,657,93,91.93611111111112,393.89166666666665,281.188,131.4,0.010129360373098107,0.0,0.16666666666666666
15653,877.4399999999999,2,1200,4,93.08402777777778,23.040972222222223,438.71999999999997,600.0,0.04159565556486322,0.0,0.0
15654,922.53,2,475,15,9.9875,16.911805555555556,461.265,237.5,0.05582910091885395,0.5,0.0
15655,560.67,1,324,34,243.89236111111111,0.0,560.67,324.0,0.0,1.0,0.5
15656,748.5,4,343,46,45.9125,238.975,187.125,85.75,0.012501302218981145,0.0,0.0
15657,30.0,1,24,1,23.021527777777777,0.0,30.0,24.0,0.0,0.0,0.0
15658,2117.27,8,627,79,190.89444444444445,546.16875,264.65875,78.375,0.012793128262533267,0.0,0.38461538461538464
15659,532.49,3,161,14,44.14375,609.8270833333333,177.49666666666667,53.666666666666664,0.003274249054390052,0.0,0.0
15660,2603.69,15,1783,73,25.82777777777778,647.0395833333333,173.57933333333332,118.86666666666666,0.021603618606116523,0.0,0.16666666666666666
15661,1215.95,8,779,27,317.95416666666665,261.24791666666664,151.99375,97.375,0.026692299748170865,0.125,0.0
15662,283.73,2,145,12,661.8354166666667,77.12361111111112,141.865,72.5,0.012800227559601059,0.0,0.0
15663,138.14,1,106,9,106.875,0.0,138.14,106.0,0.0,0.0,0.0
15664,1254.03,4,530,54,51.078472222222224,598.9215277777778,313.5075,132.5,0.005000654020722617,0.25,0.42857142857142855
15665,3987.07,5,2777,163,168.91180555555556,466.99305555555554,797.414,555.4,0.008547135374159754,0.8,0.0
15666,632.9399999999999,2,469,62,472.85833333333335,23.022916666666667,316.46999999999997,234.5,0.04162691874078571,0.5,0.0
15667,301.32,1,240,13,40.079166666666666,0.0,301.32,240.0,0.0,0.0,0.0
15668,76.32000000000001,1,72,1,218.09097222222223,0.0,76.32000000000001,72.0,0.0,0.0,0.0
15669,684.34,4,342,31,40.865972222222226,223.28472222222223,171.085,85.5,0.01337585534260148,0.5,0.2
15670,325.2,2,132,19,297.0833333333333,259.8027777777778,162.6,66.0,0.003834314988976344,0.0,0.3333333333333333
15671,2657.13,7,1699,52,19.00486111111111,252.12916666666666,379.59000000000003,242.71428571428572,0.02370331352570328,0.0,0.3
15672,45.300000000000004,1,10,3,725.8319444444444,0.0,45.300000000000004,10.0,0.0,0.0,0.0
15673,6204.32,9,3274,177,88.85972222222222,567.0722222222222,689.3688888888888,363.77777777777777,0.014082716399518842,0.1111111111111111,0.1
15674,6948.2300000000005,13,3648,262,73.89791666666666,657.9229166666667,534.4792307692308,280.61538461538464,0.01821153840073605,0.07692307692307693,0.2777777777777778
15675,542.04,4,624,32,81.95972222222223,322.9819444444444,135.51,156.0,0.009259775278972166,0.25,0.0
15676,3435.76,3,2252,191,19.006944444444443,265.09791666666666,1145.2533333333333,750.6666666666666,0.007516030283338683,0.0,0.4
15677,1305.63,3,675,63,49.88472222222222,414.14444444444445,435.21000000000004,225.0,0.004817600299761796,0.0,0.0
15678,1825.94,3,1022,77,53.142361111111114,469.85833333333335,608.6466666666666,340.6666666666667,0.004247562076349928,0.0,0.0
15679,781.28,4,1170,98,24.854861111111113,158.32986111111111,195.32,292.5,0.018828862204981804,0.0,0.0
15680,4028.69,10,2743,155,9.96111111111111,728.0631944444444,402.869,274.3,0.012344608901644138,0.2,0.16666666666666666
15681,2989.7,14,1392,48,25.84722222222222,539.0916666666667,213.54999999999998,99.42857142857143,0.024069988119300733,0.0,0.125
15682,318.24,2,222,25,599.8888888888889,88.03680555555556,159.12,111.0,0.011231310397541591,0.0,0.3333333333333333
15683,524.54,2,332,25,117.99583333333334,356.03819444444446,262.27,166.0,0.0028008207960944108,0.5,0.0
15684,173.95,3,77,9,547.7493055555556,188.10972222222222,57.98333333333333,25.666666666666668,0.010575870856865871,0.0,0.5
15685,55.980000000000004,1,36,17,450.96319444444447,0.0,55.980000000000004,36.0,0.0,0.0,0.0
15686,90.0,1,72,1,420.9583333333333,0.0,90.0,72.0,0.0,0.0,0.0
15687,2993.1,9,1310,119,9.178472222222222,321.72222222222223,332.56666666666666,145.55555555555554,0.024789120330521604,0.0,0.18181818181818182
15688,190.57,1,95,26,419.03055555555557,0.0,190.57,95.0,0.0,1.0,0.0
15689,521.03,3,207,20,120.13402777777777,497.9888888888889,173.67666666666665,69.0,0.004008105279565344,0.0,0.0
15690,239.76,2,408,19,4.86875,96.17986111111111,119.88,204.0,0.010290197871929913,0.0,0.0
15691,571.3,4,212,12,252.90069444444444,480.96666666666664,142.825,53.0,0.006224496853171036,0.25,0.2
15692,191.04,1,138,12,28.943055555555556,0.0,191.04,138.0,0.0,0.0,0.0
15693,37.5,1,30,1,659.9256944444444,0.0,37.5,30.0,0.0,0.0,0.0
15694,9978.48,24,2467,55,1.1291666666666667,731.7506944444444,415.77,102.79166666666667,0.03138857482412637,0.041666666666666664,0.1724137931034483
15695,1131.04,4,484,55,267.1791666666667,414.9,282.76,121.0,0.0072132724212551095,0.0,0.0
15696,3881.2200000000003,13,1386,163,33.95,650.9763888888889,298.55538461538464,106.61538461538461,0.018405574503166655,0.23076923076923078,0.38095238095238093
15697,246.75,1,127,14,690.1527777777778,0.0,246.75,127.0,0.0,0.0,0.0
15698,46.2,1,60,2,624.8,0.0,46.2,60.0,0.0,0.0,0.0
15699,309.65,1,113,18,18.183333333333334,0.0,309.65,113.0,0.0,0.0,0.0
15700,696.68,2,357,85,172.83125,1.0534722222222221,348.34,178.5,0.4869800473452824,0.5,0.3333333333333333
15701,1529.0,4,912,193,2.9243055555555557,108.08541666666666,382.25,228.0,0.0275013846183228,0.5,0.0
15702,140.39000000000001,2,103,30,476.9166666666667,205.89375,70.19500000000001,51.5,0.004833398785608555,0.0,0.0
15703,211.5,1,66,5,265.0826388888889,0.0,211.5,66.0,0.0,1.0,0.0
15704,3734.6600000000003,6,1709,129,140.96875,442.9472222222222,622.4433333333334,284.8333333333333,0.0112626000337878,0.5,0.25
15705,143.1,1,62,6,201.8840277777778,0.0,143.1,62.0,0.0,1.0,0.0
15706,1060.56,4,321,50,64.11180555555555,52.81736111111111,265.14,80.25,0.05574409331974141,0.25,0.42857142857142855
15707,916.98,4,594,126,35.927083333333336,51.01111111111111,229.245,148.5,0.05767998290963469,0.0,0.0
15708,3887.15,9,1465,135,41.080555555555556,384.97291666666666,431.90555555555557,162.77777777777777,0.020726842880815256,1.0,0.35714285714285715
15709,327.85,2,169,26,284.09166666666664,305.6715277777778,163.925,84.5,0.003260817876528225,0.0,0.0
15710,898.87,1,641,110,417.8229166666667,0.0,898.87,641.0,0.0,0.0,0.0
15711,420.25,2,199,25,557.025,128.00069444444443,210.125,99.5,0.007751896253788471,0.5,0.0
15712,3472.4100000000003,12,1277,86,9.94513888888889,729.1194444444444,289.3675,106.41666666666667,0.015066028009115709,0.16666666666666666,0.07692307692307693
15713,839.64,4,451,48,143.96944444444443,580.1618055555556,209.91,112.75,0.005162073576277404,0.0,0.3333333333333333
15714,783.96,5,361,45,12.058333333333334,543.9708333333333,156.792,72.2,0.007339842346302937,0.2,0.0
15715,658.02,5,246,33,556.1208333333333,63.90208333333333,131.60399999999998,49.2,0.061631303566269696,0.0,0.0
15716,2485.26,11,1379,188,146.03541666666666,586.9701388888889,225.9327272727273,125.36363636363636,0.01700766644186626,0.7272727272727273,0.0
15717,607.0,5,224,17,234.97847222222222,358.1111111111111,121.4,44.8,0.01113861386138614,0.0,0.0
15718,293.79,1,95,18,540.8541666666666,0.0,293.79,95.0,0.0,0.0,0.0
15719,10195.97,31,5356,449,33.014583333333334,705.9875,328.9022580645161,172.7741935483871,0.04243356494987535,0.03225806451612903,0.20512820512820512
15720,739.22,2,327,152,24.918055555555554,525.9638888888888,369.61,163.5,0.0018976632385731683,0.0,0.0
15721,471.40000000000003,1,388,80,12.025,0.0,471.40000000000003,388.0,0.0,0.0,0.0
15722,5234.0,11,2279,91,36.046527777777776,604.8597222222222,475.8181818181818,207.1818181818182,0.016505470875867397,0.2727272727272727,0.26666666666666666
15723,930.7,4,427,108,365.06805555555553,209.9284722222222,232.675,106.75,0.014222830935974215,0.25,0.0
15724,310.85,3,117,17,201.92361111111111,199.17916666666667,103.61666666666667,39.0,0.009991049684657494,0.3333333333333333,0.4
15725,415.25,1,221,32,15.915972222222223,0.0,415.25,221.0,0.0,0.0,0.0
15726,321.91,1,123,23,390.8597222222222,0.0,321.91,123.0,0.0,1.0,0.0
15727,9371.71,15,5908,426,17.009722222222223,668.0166666666667,624.7806666666667,393.8666666666667,0.02092623502154904,0.13333333333333333,0.0
15728,544.6,2,132,10,380.0909722222222,64.82847222222222,272.3,66.0,0.0151909951156731,0.0,0.3333333333333333
15729,192.55,3,47,10,213.00972222222222,190.95277777777778,64.18333333333334,15.666666666666666,0.010419229266457317,0.0,0.4
15730,1726.58,5,1061,102,66.01319444444445,365.9277777777778,345.316,212.2,0.010901327842294122,0.0,0.2857142857142857
15731,125.3,1,122,8,554.1111111111111,0.0,125.3,122.0,0.0,0.0,0.0
15732,1543.97,10,1264,53,212.93472222222223,461.1763888888889,154.397,126.4,0.019473084771025974,0.1,0.16666666666666666
15733,162.3,1,62,10,283.15625,0.0,162.3,62.0,0.0,0.0,0.0
15734,2263.3,4,516,36,115.08333333333333,432.85069444444446,565.825,129.0,0.006914821247068804,0.0,0.0
15735,327.68,1,206,19,421.96666666666664,0.0,327.68,206.0,0.0,0.0,0.0
15736,1767.12,2,1208,95,435.9375,0.0006944444444444445,883.56,604.0,0.9993060374739763,0.0,0.3333333333333333
15737,1188.1200000000001,8,597,60,15.061805555555555,228.05555555555554,148.51500000000001,74.625,0.030560271646859084,0.0,0.3333333333333333
15738,13043.32,41,9030,70,19.183333333333334,710.6902777777777,318.12975609756097,220.2439024390244,0.05620422429388565,0.14634146341463414,0.08888888888888889
15739,449.12,1,472,8,66.96388888888889,0.0,449.12,472.0,0.0,0.0,0.0
15740,154.88,1,152,9,49.93125,0.0,154.88,152.0,0.0,0.0,0.0
15741,208.62,2,70,11,458.8534722222222,160.18472222222223,104.31,35.0,0.00620406193721834,0.0,0.0
15742,156.87,1,51,41,619.8923611111111,0.0,156.87,51.0,0.0,0.0,0.0
15743,775.96,4,214,59,16.813194444444445,168.29513888888889,193.99,53.5,0.017720532436368112,0.0,0.0
15744,34.8,1,120,3,78.12361111111112,0.0,34.8,120.0,0.0,0.0,0.0
15745,1094.59,4,421,57,19.961805555555557,217.02847222222223,273.6475,105.25,0.013759670787135981,0.75,0.3333333333333333
15746,196.88,1,178,28,134.89513888888888,0.0,196.88,178.0,0.0,0.0,0.5
15747,2499.81,9,1344,116,13.016666666666667,678.0451388888889,277.75666666666666,149.33333333333334,0.011781249201032904,0.2222222222222222,0.1
15748,609.8100000000001,3,261,34,40.99930555555556,408.8326388888889,203.27,87.0,0.004880040802563377,0.3333333333333333,0.0
15749,44534.3,3,18028,5,235.97916666666666,97.01736111111111,14844.766666666668,6009.333333333333,0.020404548513939566,0.0,0.25
15750,6452.991,18,4281,389,3.011111111111111,735.8020833333334,358.4995,237.83333333333334,0.023072681775126176,0.0,0.25
15751,1380.44,11,443,90,461.00416666666666,272.98333333333335,125.49454545454546,40.27272727272727,0.036498570472656484,1.0,0.21428571428571427
15752,3924.91,9,2792,359,40.050694444444446,417.9868055555556,436.1011111111111,310.22222222222223,0.019093680025060455,0.0,0.1
15753,79.2,1,144,1,305.00625,0.0,79.2,144.0,0.0,0.0,0.0
15754,3037.61,9,1762,114,51.923611111111114,604.0479166666667,337.51222222222225,195.77777777777777,0.013222093291509281,0.0,0.25
15755,5993.12,17,4034,281,10.911805555555556,725.2729166666667,352.53647058823526,237.2941176470588,0.02203028590606722,0.058823529411764705,0.15
15756,528.01,4,241,160,61.97222222222222,187.97916666666666,132.0025,60.25,0.01587476573696395,0.5,0.0
15757,2940.36,6,1757,162,66.025,481.93541666666664,490.06,292.8333333333333,0.010353351250382859,0.0,0.0
15758,205.25,1,47,9,25.084722222222222,0.0,205.25,47.0,0.0,0.0,0.0
15759,830.9300000000001,7,523,10,218.90069444444444,519.2118055555555,118.70428571428572,74.71428571428571,0.011533763624592014,0.0,0.3
15760,13916.34,2,2,1,631.0451388888889,0.006944444444444444,6958.17,1.0,0.993103448275862,0.0,0.6
15761,143.05,1,31,5,443.13680555555555,0.0,143.05,31.0,0.0,0.0,0.0
15762,583.75,2,251,37,65.85763888888889,12.040277777777778,291.875,125.5,0.07668548301203536,0.0,0.0
15763,1086.92,2,271,58,32.12916666666667,45.89861111111111,543.46,135.5,0.021322593064234313,0.0,0.3333333333333333
15764,4503.08,8,2945,187,88.78611111111111,390.1666666666667,562.885,368.125,0.017895185342991053,0.0,0.42857142857142855
15765,370.63,1,335,25,667.1006944444445,0.0,370.63,335.0,0.0,0.0,0.0
15766,831.06,3,334,21,64.82430555555555,618.0472222222222,277.02,111.33333333333333,0.0032307713017764757,0.0,0.25
15768,15308.89,34,4215,437,116.08472222222223,620.9430555555556,450.2614705882353,123.97058823529412,0.05305952000786067,0.029411764705882353,0.05555555555555555
15769,88612.52,46,49068,26,7.956944444444445,721.1625,1926.3591304347826,1066.695652173913,0.062312845100652554,0.043478260869565216,0.09803921568627451
15770,321.45,1,67,18,613.04375,0.0,321.45,67.0,0.0,0.0,0.0
15771,1006.54,3,512,26,604.9541666666667,89.07083333333334,335.5133333333333,170.66666666666666,0.022204746264514037,0.0,0.0
15772,280.88,1,110,16,418.97013888888887,0.0,280.88,110.0,0.0,1.0,0.0
15773,774.52,2,410,46,6.001388888888889,403.88958333333335,387.26,205.0,0.002469809155788358,0.5,0.0
15774,1288.34,6,465,88,69.03194444444445,587.9631944444444,214.72333333333333,77.5,0.008489494839684144,0.8333333333333334,0.14285714285714285
15775,150.5,2,260,9,245.99583333333334,386.225,75.25,130.0,0.002582477887533088,0.0,0.0
15776,241.62,1,138,18,133.9611111111111,0.0,241.62,138.0,0.0,0.0,0.0
15777,1762.61,7,599,29,241.83819444444444,327.25416666666666,251.80142857142854,85.57142857142857,0.018278518932229853,0.0,0.2222222222222222
15778,307.95,1,101,17,431.90277777777777,0.0,307.95,101.0,0.0,0.0,0.0
15779,124.08000000000001,2,20,8,463.84027777777777,69.03125,62.040000000000006,10.0,0.0142793395805444,0.0,0.0
15780,475.28000000000003,3,220,26,184.03402777777777,174.0125,158.42666666666668,73.33333333333333,0.011427755160345691,0.0,0.0
15781,345.46,3,180,20,25.911805555555556,280.2375,115.15333333333332,60.0,0.007111427174541091,0.0,0.25
15782,4014.1,4,1844,51,10.084027777777777,420.79583333333335,1003.525,461.0,0.007112445792296826,0.25,0.3333333333333333
15783,246.3,1,212,14,11.125,0.0,246.3,212.0,0.0,0.0,0.0
15784,848.3299999999999,2,381,33,468.09166666666664,204.83055555555555,424.16499999999996,190.5,0.004858365160123618,0.5,0.0
15785,5969.93,16,4479,102,33.053472222222226,691.7951388888889,373.120625,279.9375,0.021651422127552937,0.125,0.38461538461538464
15786,8501.62,5,5957,358,46.94236111111111,490.1666666666667,1700.324,1191.4,0.008143875127248049,0.0,0.4444444444444444
15787,933.26,3,534,156,26.913194444444443,35.07222222222222,311.08666666666664,178.0,0.05544432465732327,1.0,0.0
15788,221.82999999999998,1,115,14,509.00138888888887,0.0,221.82999999999998,115.0,0.0,0.0,0.5
15789,1962.01,6,2499,110,358.9270833333333,265.1347222222222,327.00166666666667,416.5,0.01878747710276228,0.16666666666666666,0.14285714285714285
15790,218.75,1,113,34,10.914583333333333,0.0,218.75,113.0,0.0,0.0,0.0
15791,3608.34,5,1970,121,44.108333333333334,598.0229166666667,721.668,394.0,0.006677540856464172,0.0,0.4444444444444444
15792,933.84,2,606,57,400.18680555555557,218.94375,466.92,303.0,0.004546617032764059,0.0,0.0
15793,2399.57,8,1685,12,15.138194444444444,723.8590277777778,299.94625,210.625,0.009657050173549071,0.0,0.1111111111111111
15794,777.0,2,288,15,736.9902777777778,0.9125,388.5,144.0,0.5228758169934641,0.0,0.0
15795,1979.8700000000001,8,1411,111,150.08819444444444,540.9666666666667,247.48375000000001,176.375,0.01291592348852943,0.375,0.0
15796,5171.63,17,1733,138,1.7048611111111112,617.28125,304.21352941176474,101.94117647058823,0.025878190548395248,0.4117647058823529,0.22727272727272727
15797,2821.08,6,1281,12,113.8236111111111,568.1611111111112,470.18,213.5,0.00878485880779705,0.0,0.0
15798,1535.37,3,915,73,493.15069444444447,188.8875,511.78999999999996,305.0,0.010532552169047462,0.0,0.0
15799,1421.34,4,1341,143,76.00277777777778,342.93055555555554,355.335,335.25,0.008722691111739289,0.75,0.0
15800,1227.07,7,575,198,107.93541666666667,511.04583333333335,175.29571428571427,82.14285714285714,0.011717701052151907,0.14285714285714285,0.0
15801,1063.95,3,570,61,46.956944444444446,63.16597222222222,354.65000000000003,190.0,0.03116916849749456,0.0,0.25
15802,451.42,1,1,1,143.05,0.0,451.42,1.0,0.0,0.0,0.6666666666666666
15803,1929.66,4,1030,48,51.9125,624.9354166666667,482.415,257.5,0.004792826735985142,0.0,0.0
15804,4206.39,13,2565,170,1.0131944444444445,198.09652777777777,323.5684615384616,197.30769230769232,0.06027227161587589,0.07692307692307693,0.3157894736842105
15805,10148.93,30,6205,337,23.845833333333335,706.1493055555555,338.29766666666666,206.83333333333334,0.04100972704373487,0.06666666666666667,0.25
15806,784.58,3,602,24,46.927083333333336,230.21597222222223,261.5266666666667,200.66666666666666,0.008649921459914521,0.0,0.0
15807,1817.52,5,1532,85,50.94444444444444,615.9430555555556,363.504,306.4,0.0064835805573628036,0.0,0.16666666666666666
15808,17180.25,21,6753,348,306.92847222222224,431.91875,818.1071428571429,321.57142857142856,0.04619804524521056,0.14285714285714285,0.125
15809,1274.44,7,700,51,36.84027777777778,499.09513888888887,182.06285714285715,100.0,0.011997717101051606,0.0,0.2222222222222222
15810,2999.04,8,1653,89,79.13333333333334,594.6388888888889,374.88,206.625,0.011752086928135055,0.0,0.38461538461538464
15811,3486.15,7,1781,205,22.888194444444444,365.9479166666667,498.0214285714286,254.42857142857142,0.016351094331052883,0.0,0.3
15812,5201.47,12,3450,87,107.93819444444445,617.0270833333333,433.4558333333334,287.5,0.017798572743238737,0.0,0.07692307692307693
15813,1303.9099999999999,2,603,40,208.1923611111111,31.961111111111112,651.9549999999999,301.5,0.030338783077700996,0.0,0.0
15814,2634.44,6,1728,83,17.189583333333335,586.7402777777778,439.0733333333333,288.0,0.008507159010617407,0.0,0.25
15815,2100.6,5,1856,33,64.00555555555556,196.16597222222222,420.12,371.2,0.020287476357693568,0.0,0.0
15816,144.14999999999998,2,54,11,542.9680555555556,0.029166666666666667,72.07499999999999,27.0,0.9716599190283401,0.0,0.3333333333333333
15817,2766.4,3,1596,133,421.07152777777776,122.9,922.1333333333333,532.0,0.016142050040355124,0.0,0.0
15818,340.5,1,284,11,588.9944444444444,0.0,340.5,284.0,0.0,0.0,0.0
15819,3934.79,10,2928,182,49.916666666666664,582.1541666666667,393.479,292.8,0.01543331166000986,0.1,0.09090909090909091
15820,206.98,1,128,17,320.03472222222223,0.0,206.98,128.0,0.0,0.0,0.0
15821,570.96,2,202,57,44.87638888888889,17.09722222222222,285.48,101.0,0.055257099002302384,0.5,0.0
15822,1840.06,6,950,46,3.9166666666666665,729.9847222222222,306.6766666666667,158.33333333333334,0.006840088237138259,0.3333333333333333,0.25
15823,3882.17,3,1774,155,372.90416666666664,358.9972222222222,1294.0566666666666,591.3333333333334,0.005555598422827337,0.0,0.5
15824,890.94,2,478,24,453.9791666666667,78.92361111111111,445.47,239.0,0.012511947171778608,0.5,0.0
15825,532.94,1,220,20,172.97430555555556,0.0,532.94,220.0,0.0,0.0,0.0
15826,2598.28,4,1824,100,56.864583333333336,511.96180555555554,649.57,456.0,0.005848388647086298,0.0,0.3333333333333333
15827,3603.14,28,1715,124,73.88541666666667,627.1736111111111,128.6835714285714,61.25,0.04298174823396752,0.07142857142857142,0.3333333333333333
15828,1108.82,1,367,74,375.83958333333334,0.0,1108.82,367.0,0.0,0.0,0.0
15829,636.14,2,996,44,99.83680555555556,41.265277777777776,318.07,498.0,0.023660083467516677,0.0,0.0
15830,576.0,1,415,39,38.09027777777778,0.0,576.0,415.0,0.0,0.0,0.5
15831,794.64,3,1092,63,58.983333333333334,265.93194444444447,264.88,364.0,0.007492546477202365,0.3333333333333333,0.25
15832,836.79,1,465,54,254.88958333333332,0.0,836.79,465.0,0.0,0.0,0.0
15833,80.4,1,24,5,738.0354166666667,0.0,80.4,24.0,0.0,0.0,0.0
15834,3764.39,7,1815,333,70.92291666666667,354.025,537.77,259.2857142857143,0.016900218294486305,0.2857142857142857,0.2222222222222222
15835,954.09,4,439,47,44.87708333333333,286.21666666666664,238.5225,109.75,0.010445076307085244,0.0,0.0
15836,137.37,1,26,10,50.81736111111111,0.0,137.37,26.0,0.0,0.0,0.5
15837,777.01,2,405,52,65.15902777777778,420.9479166666667,388.505,202.5,0.002369960747525119,0.0,0.0
15838,73205.5,34,64114,61,11.95138888888889,713.1729166666667,2153.1029411764707,1885.7058823529412,0.04620729690230249,0.058823529411764705,0.10526315789473684
15839,1048.49,3,675,56,33.955555555555556,114.88819444444445,349.49666666666667,225.0,0.01725801329106718,0.3333333333333333,0.4
15840,355.56,2,396,26,59.15416666666667,113.89305555555555,177.78,198.0,0.008703746237443034,0.0,0.3333333333333333
15841,2742.41,9,2391,60,73.02430555555556,657.1569444444444,304.7122222222222,265.6666666666667,0.012155155495248727,0.1111111111111111,0.25
15842,548.8,2,296,24,393.9458333333333,134.2097222222222,274.4,148.0,0.0073959178642232755,0.0,0.3333333333333333
15843,118.95000000000002,1,27,8,304.1048611111111,0.0,118.95000000000002,27.0,0.0,0.0,0.0
15844,130.73999999999998,1,134,11,46.89652777777778,0.0,130.73999999999998,134.0,0.0,0.0,0.0
15845,4426.28,11,2128,129,18.130555555555556,664.7902777777778,402.3890909090909,193.45454545454547,0.015019744706061511,0.0,0.21428571428571427
15846,107.01,1,79,27,385.9236111111111,0.0,107.01,79.0,0.0,0.0,0.0
15847,822.57,5,643,39,38.922916666666666,603.2458333333333,164.514,128.6,0.006619822230190527,0.0,0.0
15848,137.99,1,45,34,622.0805555555555,0.0,137.99,45.0,0.0,1.0,0.0
15850,1006.75,6,1334,269,19.941666666666666,707.0326388888889,167.79166666666666,222.33333333333334,0.007061821341804904,0.5,0.0
15851,109.73,1,67,8,527.0111111111111,0.0,109.73,67.0,0.0,0.0,0.0
15852,257.26,3,60,31,187.0611111111111,340.04583333333335,85.75333333333333,20.0,0.005864314424991753,0.0,0.0
15853,110.8,1,135,29,52.09166666666667,0.0,110.8,135.0,0.0,0.0,0.0
15854,5578.28,21,1691,168,4.965972222222222,725.0631944444444,265.6323809523809,80.52380952380952,0.027545811649774134,0.09523809523809523,0.0
15855,1052.72,6,712,72,137.10416666666666,339.71180555555554,175.45333333333335,118.66666666666667,0.01467515923566879,0.0,0.0
15856,32275.95,52,19550,384,4.820138888888889,732.1298611111112,620.6913461538462,375.96153846153845,0.06956475613025205,0.038461538461538464,0.10344827586206896
15857,570.48,2,584,21,19.022222222222222,411.81597222222223,285.24,292.0,0.002422386892195372,0.0,0.0
15858,3552.41,13,2715,273,16.00138888888889,714.0458333333333,273.2623076923077,208.84615384615384,0.016782141004947234,0.0,0.13333333333333333
15859,438.46,1,174,22,432.99861111111113,0.0,438.46,174.0,0.0,1.0,0.0
15860,2361.3,17,1259,249,41.05902777777778,692.9541666666667,138.9,74.05882352941177,0.02305627773207885,0.5294117647058824,0.0
15861,4369.2,12,3837,452,12.86875,667.8458333333333,364.09999999999997,319.75,0.01644624134859179,0.25,0.2
15862,2512.29,13,1520,417,8.973611111111111,714.0798611111111,193.25307692307692,116.92307692307692,0.016781342410278573,0.0,0.0
15863,355.1,5,162,74,26.000694444444445,697.1034722222222,71.02000000000001,32.4,0.005729809633043494,0.0,0.0
15864,2180.76,7,1486,18,22.970833333333335,358.9375,311.5371428571429,212.28571428571428,0.016669560687619378,0.14285714285714285,0.2222222222222222
15865,2241.42,5,1141,119,41.00486111111111,662.9479166666666,448.284,228.2,0.006024568945229765,0.2,0.0
15866,211.89,1,124,43,101.94513888888889,0.0,211.89,124.0,0.0,0.0,0.0
15867,8923.3,31,5067,547,5.970833333333333,719.9277777777778,287.84838709677416,163.4516129032258,0.04161304491897015,0.0967741935483871,0.11428571428571428
15868,94.53,1,57,4,583.94375,0.0,94.53,57.0,0.0,0.0,0.0
15869,321.11,3,273,29,277.81041666666664,349.0229166666667,107.03666666666668,91.0,0.00571391158912214,0.0,0.0
15870,857.46,4,504,127,33.077777777777776,413.775,214.365,126.0,0.007232837080344765,0.5,0.0
15871,33.099999999999994,1,5,5,437.9402777777778,0.0,33.099999999999994,5.0,0.0,0.0,0.0
15872,729.25,4,467,164,15.038194444444445,535.8763888888889,182.3125,116.75,0.00558787844294802,0.0,0.0
15873,313.91999999999996,4,1152,3,500.00625,1.0298611111111111,78.47999999999999,288.0,1.4779336298323642,0.0,0.2
15874,11284.76,21,5102,262,64.01319444444445,637.9409722222222,537.3695238095238,242.95238095238096,0.031301796049235116,0.0,0.16
15875,108.52,1,74,18,646.8326388888889,0.0,108.52,74.0,0.0,0.0,0.0
15876,1449.1399999999999,2,886,11,409.74444444444447,39.147222222222226,724.5699999999999,443.0,0.024908323531446758,0.0,0.0
15877,490.33,2,368,122,2.0395833333333333,16.024305555555557,245.165,184.0,0.05873954721599021,0.0,0.3333333333333333
15878,330.77,2,243,47,562.0229166666667,171.9923611111111,165.385,121.5,0.0057806020657623775,0.5,0.0
15879,1137.8,4,639,171,404.8534722222222,317.8520833333333,284.45,159.75,0.009408751445615456,0.25,0.0
15880,329.03000000000003,1,202,95,369.99305555555554,0.0,329.03000000000003,202.0,0.0,1.0,0.5
15881,501.39000000000004,5,260,26,312.82708333333335,52.14375,100.278,52.0,0.07526755262848407,0.0,0.375
15882,1124.66,8,650,49,199.05208333333334,530.8347222222222,140.5825,81.25,0.013161983803447708,0.0,0.2
15883,396.48,2,223,42,2.8229166666666665,31.09375,198.24,111.5,0.0311587147030185,0.5,0.0
15884,244.60000000000002,2,152,14,432.87152777777777,303.89722222222224,122.30000000000001,76.0,0.0032797937374160688,0.5,0.3333333333333333
15885,1951.82,15,622,83,93.08819444444444,594.9138888888889,130.12133333333333,41.46666666666667,0.023493327242470715,0.06666666666666667,0.25
15886,1052.8700000000001,4,667,58,60.93402777777778,537.9736111111112,263.21750000000003,166.75,0.005566135221009068,0.0,0.0
15887,1027.15,3,605,27,407.1763888888889,148.86319444444445,342.3833333333334,201.66666666666666,0.013345504928105725,0.3333333333333333,0.0
15888,429.16,3,139,33,81.01388888888889,446.02708333333334,143.05333333333334,46.333333333333336,0.004474001854846602,0.0,0.25
15889,1427.6,8,800,256,157.06944444444446,572.9506944444445,178.45,100.0,0.01219616957999441,0.125,0.1111111111111111
15890,535.65,5,119,10,395.0027777777778,210.16875,107.13,23.8,0.01894219670287389,0.0,0.0
15891,511.68,1,418,60,227.01041666666666,0.0,511.68,418.0,0.0,0.0,0.0
15892,128.2,1,46,38,669.8520833333333,0.0,128.2,46.0,0.0,0.0,0.0
15893,305.28000000000003,1,288,1,482.06805555555553,0.0,305.28000000000003,288.0,0.0,1.0,0.0
15894,258.25,2,164,35,253.95833333333334,115.9888888888889,129.125,82.0,0.008547820305822015,0.5,0.0
15895,179.17,1,94,11,150.09930555555556,0.0,179.17,94.0,0.0,0.0,0.0
15897,208.59,2,223,17,194.95833333333334,0.0125,104.295,111.5,0.9876543209876544,1.0,0.0
15898,4996.45,25,2160,281,1.89375,726.9666666666667,199.858,86.4,0.03296854251568295,0.16,0.13793103448275862
15899,56.25,1,39,4,369.09305555555557,0.0,56.25,39.0,0.0,0.0,0.0
15900,886.5699999999999,4,656,100,24.021527777777777,539.0361111111112,221.64249999999998,164.0,0.005555184066909105,0.0,0.2
15901,687.72,7,695,145,17.00486111111111,527.0027777777777,98.24571428571429,99.28571428571429,0.011363576580510414,0.0,0.2222222222222222
15902,145.01,1,124,18,380.8284722222222,0.0,145.01,124.0,0.0,0.0,0.0
15903,8939.84,12,3926,58,10.195833333333333,684.8826388888889,744.9866666666667,327.1666666666667,0.016037729162848763,0.08333333333333333,0.2
15904,164.68,1,84,30,8.916666666666666,0.0,164.68,84.0,0.0,0.0,0.0
15905,114.69,1,82,22,543.8680555555555,0.0,114.69,82.0,0.0,0.0,0.0
15906,2530.19,10,749,143,20.018055555555556,431.0048611111111,253.019,74.9,0.020833098907387552,0.3,0.16666666666666666
15907,882.72,3,478,175,4.020138888888889,206.97222222222223,294.24,159.33333333333334,0.009616668892747428,0.0,0.0
15908,758.62,2,173,37,491.0375,21.69097222222222,379.31,86.5,0.044070390206579955,0.0,0.0
15909,191.94,1,98,7,174.09166666666667,0.0,191.94,98.0,0.0,1.0,0.0
15910,2661.17,15,2158,394,1.082638888888889,686.9583333333334,177.41133333333335,143.86666666666667,0.020350069650536005,0.0,0.0
15911,1700.24,8,810,162,624.0305555555556,106.94444444444444,212.53,101.25,0.06484817292846114,0.0,0.2
15912,1074.7,9,759,83,178.93125,551.0631944444444,119.41111111111111,84.33333333333333,0.014491094643703984,0.0,0.0
15913,6.300000000000001,1,3,1,534.8465277777777,0.0,6.300000000000001,3.0,0.0,0.0,0.0
15914,205.99,2,149,13,378.8611111111111,0.0006944444444444445,102.995,74.5,0.9993060374739763,0.0,0.0
15915,364.45,1,414,105,402.0673611111111,0.0,364.45,414.0,0.0,0.0,0.0
15916,3145.2400000000002,13,1618,227,16.961111111111112,712.8923611111111,241.94153846153847,124.46153846153847,0.01680925676431535,0.15384615384615385,0.23529411764705882
15917,530.17,5,248,127,248.09027777777777,489.8229166666667,106.03399999999999,49.6,0.008149578726203867,0.0,0.0
15918,582.88,3,240,49,191.04722222222222,441.00138888888887,194.29333333333332,80.0,0.004524872659399637,0.3333333333333333,0.0
15919,525.69,2,385,103,20.056944444444444,349.00138888888887,262.845,192.5,0.002857131519319368,0.5,0.0
15920,569.14,9,238,93,154.88819444444445,571.0986111111112,63.23777777777778,26.444444444444443,0.013983603254101007,0.0,0.0
15921,775.26,4,335,69,173.07430555555555,468.0,193.815,83.75,0.006396588486140725,0.0,0.0
15922,369.5,1,138,11,373.9576388888889,0.0,369.5,138.0,0.0,0.0,0.5
15923,127.08,1,122,21,373.0236111111111,0.0,127.08,122.0,0.0,0.0,0.0
15924,102.82,1,103,14,731.9097222222222,0.0,102.82,103.0,0.0,0.0,0.0
15925,207.15,1,93,12,194.88541666666666,0.0,207.15,93.0,0.0,1.0,0.0
15926,134.44,1,155,7,542.89375,0.0,134.44,155.0,0.0,0.0,0.0
15927,106.54,1,66,13,647.9756944444445,0.0,106.54,66.0,0.0,0.0,0.0
15928,293.53,1,164,11,656.8986111111111,0.0,293.53,164.0,0.0,1.0,0.0
15929,594.0,1,120,1,644.9125,0.0,594.0,120.0,0.0,0.0,0.0
15930,426.63,1,139,21,67.91527777777777,0.0,426.63,139.0,0.0,0.0,0.0
15931,239.9,1,118,14,428.8361111111111,0.0,239.9,118.0,0.0,0.0,0.0
15932,2495.87,8,2325,93,4.817361111111111,285.09930555555553,311.98375,290.625,0.02446702897935109,0.0,0.2727272727272727
15933,1107.46,3,885,63,21.983333333333334,65.04791666666667,369.15333333333336,295.0,0.030281045957795794,0.0,0.0
15934,2190.66,2,2166,29,418.1090277777778,11.92013888888889,1095.33,1083.0,0.07739854877721042,0.0,0.0
15935,416.86,2,115,12,239.97430555555556,2.161111111111111,208.43,57.5,0.3163444639718805,0.0,0.3333333333333333
15936,282.79,2,211,16,379.8409722222222,88.20625,141.395,105.5,0.011209976879422686,0.5,0.0
15937,145.35,1,73,7,64.87638888888888,0.0,145.35,73.0,0.0,0.0,0.0
15938,734.81,9,449,27,112.99583333333334,444.1347222222222,81.64555555555555,49.888888888888886,0.017972087102219366,0.3333333333333333,0.0
15939,9060.39,16,6260,52,90.05555555555556,284.97430555555553,566.274375,391.25,0.05245226479651679,0.1875,0.058823529411764705
15940,35.8,1,4,1,311.85555555555555,0.0,35.8,4.0,0.0,0.0,0.6666666666666666
15941,405.0,1,60,6,637.9201388888889,0.0,405.0,60.0,0.0,0.0,0.5
15942,337.44,1,232,14,134.15902777777777,0.0,337.44,232.0,0.0,0.0,0.0
15943,271.28999999999996,2,183,12,650.0006944444444,28.072916666666668,135.64499999999998,91.5,0.034396273737011825,1.0,0.0
15944,2164.24,4,859,25,277.09513888888887,449.9,541.06,214.75,0.006653359946773121,0.25,0.0
15945,646.27,4,345,24,365.98333333333335,372.9770833333333,161.5675,86.25,0.008021881911213365,0.0,0.0
15946,2304.18,3,1614,25,503.02222222222224,131.06180555555557,768.06,538.0,0.015144424170080295,0.6666666666666666,0.0
15947,1708.24,1,898,29,83.08611111111111,0.0,1708.24,898.0,0.0,1.0,0.0
15948,1509.0900000000001,3,852,63,8.8875,416.1361111111111,503.03000000000003,284.0,0.004794598086156264,0.0,0.0
15949,364.72,2,284,12,17.153472222222224,54.64930555555556,182.36,142.0,0.01796967617146066,0.0,0.0
15950,7120.91,10,3354,225,32.07013888888889,650.9791666666666,712.091,335.4,0.013804122064227512,0.0,0.23076923076923078
15951,1013.17,3,420,44,9.177777777777777,372.59305555555557,337.7233333333333,140.0,0.005353418566696531,0.3333333333333333,0.25
15952,781.91,4,391,65,34.06388888888889,191.9326388888889,195.4775,97.75,0.015549468546520626,0.75,0.0
15953,3440.3399999999997,18,1741,102,15.8875,721.0638888888889,191.13,96.72222222222223,0.0235436230250478,0.2777777777777778,0.14285714285714285
15954,190.75,1,119,20,589.96875,0.0,190.75,119.0,0.0,0.0,0.0
15955,8085.9800000000005,22,3967,222,24.94097222222222,629.9020833333333,367.54454545454547,180.3181818181818,0.03328567230123534,0.045454545454545456,0.12
15956,617.6,2,278,18,551.9888888888889,175.07638888888889,308.8,139.0,0.0056793531847761786,1.0,0.0
15957,921.25,3,453,121,32.025,389.00208333333336,307.0833333333333,151.0,0.0051281777340933,0.0,0.0
15958,462.12,4,154,50,74.96458333333334,476.1125,115.53,38.5,0.006287825198459483,0.0,0.0
15959,542.89,3,269,58,682.8416666666667,0.013194444444444444,180.96333333333334,89.66666666666667,1.9739547635366688,0.0,0.0
15960,410.95,4,258,24,374.8701388888889,61.00486111111111,102.7375,64.5,0.04838330328043276,0.0,0.2
15961,451.28999999999996,1,154,42,379.86875,0.0,451.28999999999996,154.0,0.0,0.0,0.0
15962,289.48,1,228,43,449.95972222222224,0.0,289.48,228.0,0.0,0.0,0.0
15963,470.76,2,298,26,20.053472222222222,25.93611111111111,235.38,149.0,0.037124883984737546,0.5,0.0
15964,269.21000000000004,1,93,20,663.8888888888889,0.0,269.21000000000004,93.0,0.0,1.0,0.0
15965,2771.94,13,1313,202,17.8375,719.2076388888889,213.22615384615386,101.0,0.016661861596626745,0.3076923076923077,0.07142857142857142
15966,426.53000000000003,1,275,27,451.0875,0.0,426.53000000000003,275.0,0.0,0.0,0.5
15967,2966.0,12,1183,316,23.88125,715.0916666666667,247.16666666666666,98.58333333333333,0.015361161862424503,0.16666666666666666,0.07692307692307693
15968,404.55,1,247,70,388.9902777777778,0.0,404.55,247.0,0.0,0.0,0.0
15969,1127.05,5,223,31,3.0722222222222224,519.9138888888889,225.41,44.6,0.007678812343690842,0.2,0.16666666666666666
15970,1017.32,2,498,19,304.02916666666664,295.0263888888889,508.66,249.0,0.003378077217215057,0.0,0.0
15971,5902.83,18,2251,12,18.0,714.1277777777777,327.935,125.05555555555556,0.023771975482237053,0.0,0.1
15972,1769.33,5,468,104,456.9791666666667,143.96805555555557,353.866,93.6,0.027592285656801784,0.2,0.0
15973,680.62,3,195,8,367.0472222222222,62.8625,226.87333333333333,65.0,0.03131728322568017,0.0,0.4
15974,3442.15,7,2262,141,39.984027777777776,249.12708333333333,491.7357142857143,323.14285714285717,0.023987806198515756,0.0,0.125
15975,371.01,1,243,24,84.97013888888888,0.0,371.01,243.0,0.0,0.0,0.0
15976,1694.41,6,1053,265,165.99305555555554,385.9576388888889,282.4016666666667,175.5,0.012921311010572145,0.5,0.0
15977,1054.73,2,1016,48,17.972916666666666,21.87847222222222,527.365,508.0,0.043709212323569585,0.0,0.0
15978,3279.42,3,2444,107,77.8951388888889,567.0291666666667,1093.14,814.6666666666666,0.0035209459608148055,0.3333333333333333,0.4
15979,329.22,1,450,22,603.0520833333334,0.0,329.22,450.0,0.0,0.0,0.0
15980,6543.68,7,4822,101,89.13125,467.7923611111111,934.8114285714286,688.8571428571429,0.012798843363784902,0.0,0.2222222222222222
15981,9362.77,21,4827,151,25.20138888888889,595.9118055555556,445.8461904761905,229.85714285714286,0.03350578731038109,0.047619047619047616,0.2222222222222222
15982,324.51,1,131,45,605.8770833333333,0.0,324.51,131.0,0.0,0.0,0.0
15983,3110.37,8,1872,137,22.802777777777777,711.1958333333333,388.79625,234.0,0.009828757305750408,0.25,0.0
15984,8393.02,30,5730,458,3.0236111111111112,735.9430555555556,279.76733333333334,191.0,0.0393517515110281,0.03333333333333333,0.0625
15985,2715.28,7,2750,50,123.84652777777778,438.02777777777777,387.8971428571429,392.85714285714283,0.013666561214805441,0.14285714285714285,0.125
15986,354.42,2,368,25,30.897916666666667,351.21875,177.21,184.0,0.002839144707656818,0.0,0.0
15987,1535.99,8,1599,143,12.883333333333333,367.1125,191.99875,199.875,0.019015925837889233,0.125,0.0
15988,738.89,3,476,114,19.977083333333333,637.0743055555556,246.29666666666665,158.66666666666666,0.0031344311823662124,1.0,0.0
15989,368.31,2,169,81,376.03263888888887,361.84166666666664,184.155,84.5,0.002756023058726258,0.0,0.0
15990,1997.75,7,1086,117,44.86944444444445,605.1444444444444,285.39285714285717,155.14285714285714,0.009898630689421298,0.2857142857142857,0.0
15991,150.55,1,41,6,534.875,0.0,150.55,41.0,0.0,0.0,0.0
15992,896.6,3,514,53,4.076388888888889,449.9638888888889,298.8666666666667,171.33333333333334,0.004434944901969239,0.3333333333333333,0.0
15993,2777.67,7,2037,335,9.086805555555555,35.766666666666666,396.81,291.0,0.1631912964641886,0.14285714285714285,0.3
15994,1175.68,3,462,93,55.015277777777776,581.0229166666667,391.8933333333334,154.0,0.003436290810427711,1.0,0.4
15995,694.54,1,352,108,414.9534722222222,0.0,694.54,352.0,0.0,0.0,0.0
15996,1386.4,7,643,140,88.9,308.97569444444446,198.05714285714288,91.85714285714286,0.019356356345143547,0.2857142857142857,0.125
15998,8274.14,16,5350,682,37.00347222222222,702.0416666666666,517.13375,334.375,0.02133586202809222,0.125,0.23809523809523808
15999,20.4,1,24,1,736.0131944444445,0.0,20.4,24.0,0.0,0.0,0.0
16000,12393.7,3,5110,9,3.0229166666666667,0.0020833333333333333,4131.233333333334,1703.3333333333333,1.9958419958419957,0.0,0.0
16001,583.39,1,337,29,381.81944444444446,0.0,583.39,337.0,0.0,0.0,0.5
16002,169.21,1,70,42,625.9875,0.0,169.21,70.0,0.0,0.0,0.0
16003,5613.83,10,2210,146,30.12013888888889,706.6291666666667,561.383,221.0,0.012718526064146122,0.1,0.0
16004,2146.39,5,1076,63,475.04305555555555,208.9111111111111,429.27799999999996,215.2,0.019055684946008893,0.4,0.0
16005,2365.4900000000002,10,1269,315,12.960416666666667,438.0180555555556,236.54900000000004,126.9,0.020500295799021174,0.2,0.09090909090909091
16006,332.82,2,205,75,211.98472222222222,176.04791666666668,166.41,102.5,0.005648188461221656,0.0,0.0
16007,3053.06,7,2631,337,48.072916666666664,495.90763888888887,436.15142857142854,375.85714285714283,0.012074678532647052,0.8571428571428571,0.0
16008,5339.13,15,3237,63,24.095833333333335,606.9756944444445,355.942,215.8,0.023027236331861767,0.3333333333333333,0.0
16009,972.11,4,366,68,22.832638888888887,137.22569444444446,243.0275,91.5,0.021703634856439495,0.25,0.0
16010,1694.86,11,919,122,246.10833333333332,165.97222222222223,154.0781818181818,83.54545454545455,0.05989020129762103,0.5454545454545454,0.08333333333333333
16011,5601.01,29,3323,181,8.846527777777778,730.1868055555556,193.13827586206898,114.58620689655173,0.038293907640641306,0.10344827586206896,0.03333333333333333
16012,2978.59,5,1760,207,35.97569444444444,494.0736111111111,595.7180000000001,352.0,0.008079606568046838,0.0,0.0
16013,56078.44,84,25520,54,4.093055555555556,728.0083333333333,667.6004761904762,303.8095238095238,0.1138532938580949,0.0,0.10638297872340426
16014,1100.28,5,462,219,38.03194444444444,639.9729166666667,220.05599999999998,92.4,0.006240513282217462,0.4,0.16666666666666666
16015,704.55,3,907,146,4.0777777777777775,45.918055555555554,234.85,302.3333333333333,0.042627512507030584,0.3333333333333333,0.25
16016,2083.4,11,881,181,3.9270833333333335,399.0472222222222,189.4,80.0909090909091,0.024997048959497836,0.0,0.21428571428571427
16017,1545.58,5,635,99,47.99583333333333,656.0347222222222,309.116,127.0,0.006087958314396542,0.4,0.0
16018,698.13,4,503,48,39.94236111111111,693.0111111111111,174.5325,125.75,0.004322697363154609,0.25,0.0
16019,17329.16,27,6959,256,47.04097222222222,678.9020833333333,641.8207407407407,257.74074074074076,0.038240800605479346,0.0,0.22857142857142856
16020,851.01,3,487,42,17.06388888888889,48.891666666666666,283.67,162.33333333333334,0.04008685485217972,0.0,0.0
16021,487.03,2,276,117,395.91805555555555,149.1548611111111,243.515,138.0,0.006659791049055837,0.5,0.0
16022,602.63,1,255,68,260.9819444444444,0.0,602.63,255.0,0.0,0.0,0.0
16023,719.81,3,358,90,46.84444444444444,220.1263888888889,239.93666666666664,119.33333333333333,0.009044601189616294,0.0,0.0
16024,483.99,3,504,78,12.975,399.0736111111111,161.33,168.0,0.00499908003041107,1.0,0.0
16025,439.65999999999997,1,338,28,30.04513888888889,0.0,439.65999999999997,338.0,0.0,0.0,0.0
16026,236.09,1,243,30,43.95625,0.0,236.09,243.0,0.0,0.0,0.0
16027,2048.36,15,2099,20,92.08541666666666,608.8930555555555,136.55733333333333,139.93333333333334,0.022954844086964247,0.06666666666666667,0.16666666666666666
16028,82.2,1,18,5,596.0451388888889,0.0,82.2,18.0,0.0,0.0,0.0
16029,117763.62,107,54450,57,39.09930555555555,692.9611111111111,1100.5945794392524,508.8785046728972,0.1527463114327572,0.0,0.144
16030,331.24,1,283,28,310.05694444444447,0.0,331.24,283.0,0.0,0.0,0.0
16031,547.9,2,421,91,92.98819444444445,154.94722222222222,273.95,210.5,0.006412425856326036,0.0,0.0
16032,1965.72,6,1467,130,456.78472222222223,67.18680555555555,327.62,244.5,0.07332796952815489,0.3333333333333333,0.0
16033,10608.81,27,4200,605,6.004166666666666,479.8333333333333,392.9188888888889,155.55555555555554,0.05407279029462739,0.2222222222222222,0.25
16034,911.3199999999999,6,585,43,196.85625,213.13680555555555,151.88666666666666,97.5,0.02334955911492199,0.16666666666666666,0.14285714285714285
16035,217.73,1,33,21,560.9034722222223,0.0,217.73,33.0,0.0,0.0,0.0
16036,2556.84,4,1369,120,87.91458333333334,533.0041666666667,639.21,342.25,0.005617933692777053,0.0,0.0
16037,1509.34,5,766,62,270.15069444444447,378.8625,301.868,153.2,0.010530126032445951,0.2,0.2857142857142857
16038,471.78000000000003,3,244,24,8.006944444444445,194.04930555555555,157.26000000000002,81.33333333333333,0.010253817588857518,0.3333333333333333,0.25
16039,456.4,2,409,27,424.0875,204.81041666666667,228.2,204.5,0.004858840559171567,0.5,0.3333333333333333
16040,2416.9,7,1185,95,65.96041666666666,544.1493055555555,345.2714285714286,169.28571428571428,0.011006159117978637,0.0,0.125
16041,3166.4,3,1584,6,31.01736111111111,110.83194444444445,1055.4666666666667,528.0,0.017883977694705597,0.0,0.0
16042,2245.32,8,1430,88,22.791666666666668,431.24305555555554,280.665,178.75,0.01619459216297415,0.125,0.2727272727272727
16043,1856.5900000000001,8,1011,56,38.0,444.05833333333334,232.07375000000002,126.375,0.015728275319714644,0.125,0.0
16044,340.84000000000003,1,170,19,435.7763888888889,0.0,340.84000000000003,170.0,0.0,0.0,0.0
16045,3434.9300000000003,8,2108,111,120.00625,378.99375,429.36625000000004,263.5,0.018421355614401554,0.125,0.1111111111111111
16046,235.78,1,248,22,562.9805555555556,0.0,235.78,248.0,0.0,0.0,0.0
16047,107.14,1,1,1,682.8444444444444,0.0,107.14,1.0,0.0,0.0,0.0
16048,818.7900000000001,4,425,30,373.8902777777778,176.11944444444444,204.69750000000002,106.25,0.016937722503646314,0.0,0.3333333333333333
16049,1852.15,6,1132,383,40.97986111111111,475.9763888888889,308.69166666666666,188.66666666666666,0.010482699178564045,0.6666666666666666,0.0
16050,300.7,3,388,19,174.04583333333332,227.82569444444445,100.23333333333333,129.33333333333334,0.008740277200319262,0.6666666666666666,0.0
16051,188.44,1,80,12,682.1333333333333,0.0,188.44,80.0,0.0,0.0,0.0
16052,362.06,1,282,34,54.90069444444445,0.0,362.06,282.0,0.0,1.0,0.0
16053,3634.84,6,3067,169,33.06180555555556,578.0069444444445,605.8066666666667,511.1666666666667,0.008635475011094186,0.16666666666666666,0.25
16054,2111.88,4,791,109,145.9875,471.7715277777778,527.97,197.75,0.006345559797353372,0.5,0.42857142857142855
16055,134.8,1,22,8,221.14166666666668,0.0,134.8,22.0,0.0,0.0,0.0
16056,650.75,1,345,66,45.89652777777778,0.0,650.75,345.0,0.0,0.0,0.0
16057,3854.85,10,1691,175,16.89375,684.925,385.485,169.1,0.01312096803586398,0.3,0.4117647058823529
16058,62.7,1,18,2,406.83472222222224,0.0,62.7,18.0,0.0,0.0,0.0
16059,3053.57,12,1431,233,66.12083333333334,503.86944444444447,254.46416666666667,119.25,0.021787810930218483,0.25,0.0
16060,541.95,3,243,22,401.02777777777777,93.8638888888889,180.65,81.0,0.021082837984246434,0.0,0.0
16061,89.65,1,19,3,431.88958333333335,0.0,89.65,19.0,0.0,0.0,0.6666666666666666
16062,2863.45,8,2035,134,10.024305555555555,526.9465277777778,357.93125,254.375,0.013258918529996331,0.0,0.0
16063,335.32,1,262,23,260.9125,0.0006944444444444445,335.32,262.0,0.0,0.0,0.0
16064,109.31,1,55,17,725.8604166666667,0.0,109.31,55.0,0.0,0.0,0.0
16065,1992.13,8,1207,214,365.99097222222224,97.98333333333333,249.01625,150.875,0.0707189762586294,0.125,0.2
16066,1521.04,5,935,77,17.038888888888888,107.88958333333333,304.20799999999997,187.0,0.036734459601660704,0.6,0.0
16067,3269.11,3,1236,60,563.0118055555556,112.77222222222223,1089.7033333333334,412.0,0.017578983348796328,0.3333333333333333,0.5
16068,115.73,1,48,34,594.0402777777778,0.0,115.73,48.0,0.0,1.0,0.0
16069,457.7,1,138,25,418.09583333333336,0.0,457.7,138.0,0.0,0.0,0.0
16070,852.15,2,457,32,22.875,9.968055555555555,426.075,228.5,0.09117386349246549,0.0,0.0
16071,1076.8,4,697,62,45.06666666666667,610.8513888888889,269.2,174.25,0.004903151409769529,0.0,0.0
16072,4180.09,4,1580,414,288.9291666666667,260.90625,1045.0225,395.0,0.011454480372270611,0.0,0.0
16073,122.39999999999999,1,48,1,297.88125,0.0,122.39999999999999,48.0,0.0,0.0,0.5
16074,252.5,1,38,23,390.9798611111111,0.0,252.5,38.0,0.0,1.0,0.0
16075,736.9300000000001,2,271,41,503.0548611111111,61.81527777777778,368.46500000000003,135.5,0.01591969398810445,0.5,0.3333333333333333
16076,2234.73,10,1435,71,3.910416666666667,205.1027777777778,223.473,143.5,0.04366753372777875,0.1,0.09090909090909091
16077,2300.4,1,840,8,626.0888888888888,0.0,2300.4,840.0,0.0,0.0,0.5
16078,362.99,2,200,39,284.12708333333336,385.84583333333336,181.495,100.0,0.002585009101386211,0.0,0.0
16079,1352.0,3,864,18,17.00138888888889,23.9875,450.6666666666667,288.0,0.080040020010005,0.3333333333333333,0.0
16080,602.5600000000001,4,298,29,82.08888888888889,368.84930555555553,150.64000000000001,74.5,0.008111411742395082,0.0,0.3333333333333333
16081,4278.96,8,2177,235,56.98888888888889,618.0138888888889,534.87,272.125,0.011308308465525364,0.0,0.0
16082,106.75,1,39,16,670.8986111111111,0.0,106.75,39.0,0.0,1.0,0.0
16083,2351.42,4,1514,61,101.08541666666666,287.95416666666665,587.855,378.5,0.01038226939105106,0.0,0.0
16084,436.18,1,216,38,299.8645833333333,0.0,436.18,216.0,0.0,1.0,0.0
16085,2341.03,12,1382,259,23.976388888888888,664.9729166666667,195.08583333333334,115.16666666666667,0.01651718819896955,0.3333333333333333,0.07692307692307693
16086,2687.73,10,1450,66,59.986805555555556,677.9923611111111,268.773,145.0,0.013254935571399203,0.0,0.09090909090909091
16087,1739.92,5,664,6,389.8375,300.1763888888889,347.98400000000004,132.8,0.013281253602770618,0.0,0.0
16088,1437.43,2,373,3,576.1069444444445,15.972222222222221,718.715,186.5,0.058919803600654665,0.0,0.0
16089,263.49,2,119,42,386.9576388888889,122.91666666666667,131.745,59.5,0.008069939475453933,0.5,0.0
16090,180.56,1,58,18,624.9895833333334,0.0,180.56,58.0,0.0,0.0,0.0
16091,315.06,2,154,16,155.17013888888889,43.97708333333333,157.53,77.0,0.022233544860808745,0.0,0.0
16092,1587.94,6,1188,60,115.08611111111111,464.775,264.6566666666667,198.0,0.010734796843969729,0.3333333333333333,0.4
16093,17.0,1,20,1,107.07013888888889,0.0,17.0,20.0,0.0,0.0,0.0
16094,3695.56,11,2020,101,12.003472222222221,590.9479166666666,335.96,183.63636363636363,0.016893378147711476,0.0,0.42105263157894735
16095,447.05,1,265,30,456.8305555555556,0.0,447.05,265.0,0.0,0.0,0.0
16096,1584.97,4,700,58,264.96666666666664,380.9125,396.2425,175.0,0.007855202435112755,0.25,0.0
16097,185.04999999999998,1,87,10,240.96041666666667,0.0,185.04999999999998,87.0,0.0,0.0,0.0
16098,4010.7,14,2008,83,88.11875,637.0131944444445,286.4785714285714,143.42857142857142,0.020375754158689245,0.0,0.0
16099,1573.2,7,960,44,50.984027777777776,596.0833333333334,224.74285714285716,137.14285714285714,0.010048848569434752,0.0,0.125
16100,582.64,1,438,37,463.0493055555556,0.0,582.64,438.0,0.0,0.0,0.0
16101,3229.16,4,1844,153,71.10555555555555,490.89444444444445,807.29,461.0,0.006098869450311155,0.25,0.42857142857142855
16102,1842.14,3,942,41,42.97986111111111,86.0201388888889,614.0466666666667,314.0,0.02298318556528262,0.0,0.0
16103,6191.71,22,2639,111,7.940277777777778,693.0888888888888,281.44136363636363,119.95454545454545,0.030255490811295385,0.0,0.18518518518518517
16104,2774.46,9,1047,187,62.10208333333333,671.9875,308.2733333333333,116.33333333333333,0.011887293597577965,1.0,0.18181818181818182
16105,2386.19,5,2125,92,249.10902777777778,355.8652777777778,477.238,425.0,0.011208711659784465,0.0,0.0
16106,108.38,1,74,6,66.09236111111112,0.0,108.38,74.0,0.0,0.0,0.0
16107,3204.1600000000003,7,1176,16,18.131944444444443,165.6236111111111,457.7371428571429,168.0,0.03600930240312081,0.2857142857142857,0.0
16108,2235.92,4,1473,124,85.04305555555555,546.8986111111111,558.98,368.25,0.0054754656046967325,0.0,0.5
16109,939.48,3,1092,30,219.14791666666667,479.94444444444446,313.16,364.0,0.004158484463439991,0.3333333333333333,0.25
16110,1781.59,4,880,343,45.927083333333336,477.06319444444443,445.3975,220.0,0.006275320992837128,0.0,0.0
16111,549.33,1,233,72,428.7076388888889,0.0,549.33,233.0,0.0,0.0,0.0
16112,195.73999999999998,4,574,15,143.93194444444444,195.11180555555555,48.934999999999995,143.5,0.015297396255678981,0.0,0.0
16113,161.38,1,176,30,183.85694444444445,0.0,161.38,176.0,0.0,0.0,0.0
16114,135.75000000000003,1,43,8,171.10902777777778,0.0,135.75000000000003,43.0,0.0,0.0,0.0
16115,2553.8,12,1589,230,10.054166666666667,564.98125,212.8166666666667,132.41666666666666,0.019435272811599322,0.5833333333333334,0.0
16116,612.78,1,248,34,212.03402777777777,0.0,612.78,248.0,0.0,0.0,0.5
16117,654.4,3,321,64,190.04722222222222,401.99444444444447,218.13333333333333,107.0,0.004962847571651111,0.0,0.25
16118,4376.25,1,2851,41,653.1319444444445,0.0,4376.25,2851.0,0.0,0.0,0.8
16119,1720.81,8,811,37,8.902083333333334,715.1354166666666,215.10125,101.375,0.0097746876318201,0.25,0.0
16120,2967.51,6,2161,84,59.93611111111111,362.96875,494.58500000000004,360.1666666666667,0.013737443118399587,0.0,0.14285714285714285
16121,1450.04,5,879,256,57.99375,508.08819444444447,290.008,175.8,0.007857184754333387,0.8,0.16666666666666666
16122,895.62,6,1280,28,73.8861111111111,352.00555555555553,149.27,213.33333333333334,0.014164083033002314,0.16666666666666666,0.0
16123,307.78,1,170,16,52.147222222222226,0.0,307.78,170.0,0.0,0.0,0.0
16124,1772.49,4,797,63,317.9201388888889,415.175,443.1225,199.25,0.007208506037123806,0.25,0.3333333333333333
16125,4292.35,14,1819,168,367.87638888888887,358.00694444444446,306.5964285714286,129.92857142857142,0.03621099870398669,0.0,0.0
16126,14644.6,15,6140,144,29.865972222222222,708.1034722222222,976.3066666666667,409.3333333333333,0.019743239947938956,0.06666666666666667,0.0
16127,801.31,2,391,75,39.952777777777776,687.06875,400.655,195.5,0.0014533431433995513,0.5,0.0
16128,3801.05,11,2445,155,18.066666666666666,493.78055555555557,345.55,222.27272727272728,0.020210980176396942,0.0,0.21428571428571427
16129,1396.05,3,1261,91,407.93125,100.08125,465.34999999999997,420.3333333333333,0.01978606319173932,0.0,0.0
16130,987.48,4,296,53,422.9,195.05277777777778,246.87,74.0,0.015302002011929895,0.0,0.0
16131,9957.42,12,4768,131,52.03958333333333,686.0722222222222,829.785,397.3333333333333,0.016009961753980256,0.08333333333333333,0.2
16132,664.1999999999999,2,280,14,544.9590277777778,83.14166666666667,332.09999999999997,140.0,0.011884718233138556,0.5,0.0
16133,22992.260000000002,56,13653,303,4.059722222222222,614.9604166666667,410.5760714285715,243.80357142857142,0.08929145203459367,0.05357142857142857,0.28205128205128205
16134,2145.34,5,1637,85,22.114583333333332,519.0118055555556,429.06800000000004,327.4,0.007692133057876623,0.0,0.2857142857142857
16135,819.45,2,395,35,263.0138888888889,321.12152777777777,409.725,197.5,0.003104418406614136,0.0,0.0
16136,946.8,4,674,44,60.15277777777778,603.8479166666667,236.7,168.5,0.004959924498927072,0.25,0.2
16137,422.7,1,210,28,680.9069444444444,0.0,422.7,210.0,0.0,0.0,0.0
16138,910.35,3,774,35,379.02569444444447,212.0986111111111,303.45,258.0,0.009385326303028723,0.0,0.25
16139,1111.15,5,602,47,19.175694444444446,717.7819444444444,222.23000000000002,120.4,0.005564970059301713,0.0,0.0
16140,1433.46,3,1272,50,66.02430555555556,376.0083333333333,477.82,424.0,0.0053049225260272765,0.0,0.4
16141,955.94,2,410,47,88.98541666666667,328.9576388888889,477.97,205.0,0.0030306920711623336,0.0,0.0
16142,535.34,1,422,37,250.10694444444445,0.0,535.34,422.0,0.0,0.0,0.0
16143,4555.08,12,1866,107,3.942361111111111,726.1868055555556,379.59,155.5,0.015126787114345714,0.08333333333333333,0.25
16144,175.2,1,16,1,247.11180555555555,0.0,175.2,16.0,0.0,0.0,0.0
16145,6805.4400000000005,19,5270,217,9.095138888888888,575.8763888888889,358.18105263157895,277.36842105263156,0.031202525093234398,0.05263157894736842,0.3448275862068966
16146,946.38,4,544,34,157.9375,291.1486111111111,236.595,136.0,0.010268746404750246,0.0,0.0
16147,2398.91,5,1395,113,134.1201388888889,538.8965277777778,479.782,279.0,0.007408827051479772,0.0,0.2857142857142857
16148,386.62,2,250,9,296.9506944444444,140.15902777777777,193.31,125.0,0.007084208610265216,0.0,0.5
16149,422.22,3,598,30,5.05625,424.81597222222223,140.74,199.33333333333334,0.004696864679740694,0.0,0.0
16150,4002.17,10,1990,143,43.00763888888889,679.8791666666667,400.217,199.0,0.013218204404844227,0.0,0.5
16152,1829.04,1,642,29,269.12708333333336,0.0,1829.04,642.0,0.0,0.0,0.0
16153,5133.49,11,3693,161,50.083333333333336,512.9229166666667,466.6809090909091,335.72727272727275,0.01945817101300049,0.09090909090909091,0.15384615384615385
16155,796.9,5,495,45,382.03263888888887,158.02777777777777,159.38,99.0,0.025152838427947598,0.2,0.16666666666666666
16156,6188.18,20,3205,199,9.005555555555556,728.8166666666667,309.409,160.25,0.02603393546324419,0.0,0.23076923076923078
16157,656.69,3,347,12,16.047916666666666,56.99513888888889,218.89666666666668,115.66666666666667,0.034485648940883455,0.0,0.25
16158,628.32,9,182,29,522.9548611111111,211.95486111111111,69.81333333333333,20.22222222222222,0.03756664655720598,0.2222222222222222,0.1
16159,1232.79,4,635,31,282.0159722222222,455.025,308.1975,158.75,0.006578586700290555,0.0,0.2
16160,1025.44,2,1162,20,65.93819444444445,20.143055555555556,512.72,581.0,0.047296853445444396,0.0,0.5
16161,12580.06,43,6255,458,2.0277777777777777,668.0444444444445,292.5595348837209,145.46511627906978,0.06277609858172517,0.023255813953488372,0.24561403508771928
16162,37.4,1,4,2,252.9076388888889,0.0,37.4,4.0,0.0,0.0,0.0
16163,2407.98,6,676,59,232.89930555555554,505.21875,401.33,112.66666666666667,0.009877152910673499,0.0,0.5714285714285714
16164,822.48,3,433,27,17.906944444444445,25.244444444444444,274.16,144.33333333333334,0.07620660457239628,0.0,0.25
16165,79.9,1,2,1,505.93958333333336,0.0,79.9,2.0,0.0,0.0,0.0
16166,435.83,2,173,18,428.87916666666666,263.06111111111113,217.915,86.5,0.0037870021670067954,0.5,0.5
16167,1386.1200000000001,5,1494,51,414.88680555555555,324.19930555555555,277.22400000000005,298.8,0.012300149267436422,0.0,0.16666666666666666
16168,10360.67,66,4975,131,11.003472222222221,726.0048611111112,156.97984848484847,75.37878787878788,0.08940793036879816,0.16666666666666666,0.0958904109589041
16169,1822.97,4,1325,71,8.890277777777778,67.16319444444444,455.7425,331.25,0.04401202180225154,0.25,0.0
16170,6869.0,20,6056,254,51.18680555555556,608.7715277777778,343.45,302.8,0.03115921149884235,0.1,0.2
16171,73.2,1,24,3,59.91597222222222,0.0,73.2,24.0,0.0,0.0,0.0
16172,1884.55,8,1419,81,95.97777777777777,417.90833333333336,235.56875,177.375,0.01671009966380871,0.0,0.0
16173,1418.32,6,575,70,16.08125,82.8125,236.38666666666666,95.83333333333333,0.05965697240865026,0.0,0.14285714285714285
16174,2246.75,7,1431,28,126.975,476.9263888888889,320.9642857142857,204.42857142857142,0.012554234584010206,0.0,0.0
16175,1836.44,7,932,59,94.92916666666666,469.1048611111111,262.34857142857146,133.14285714285714,0.012763109885353592,0.0,0.0
16176,2052.69,4,952,53,421.9555555555556,198.9597222222222,513.1725,238.0,0.015003021441818145,0.0,0.42857142857142855
16177,2247.31,8,1021,79,50.99513888888889,596.9541666666667,280.91375,127.625,0.011706582862398875,0.0,0.3333333333333333
16178,612.6,2,304,24,138.86458333333334,263.0548611111111,306.3,152.0,0.0037870918027871946,0.5,0.0
16179,215.83,1,99,11,61.13125,0.0,215.83,99.0,0.0,0.0,0.0
16180,16249.87,13,9813,171,100.84861111111111,434.13125,1249.99,754.8461538461538,0.02757788598267764,0.07692307692307693,0.1875
16181,305.54,1,152,11,73.96666666666667,0.0,305.54,152.0,0.0,0.0,0.0
16182,9971.65,9,5887,20,72.97708333333334,568.1590277777777,1107.961111111111,654.1111111111111,0.014055825541826453,0.1111111111111111,0.0
16183,1077.81,4,351,32,67.91041666666666,340.0111111111111,269.4525,87.75,0.008797367306376463,0.0,0.0
16184,1158.79,6,561,26,64.79652777777778,147.17361111111111,193.13166666666666,93.5,0.033744200215587945,0.0,0.14285714285714285
16185,644.72,3,321,39,17.13125,547.9423611111112,214.90666666666667,107.0,0.003643369762814098,0.0,0.0
16186,8718.43,26,6594,172,23.00486111111111,707.8798611111112,335.3242307692308,253.6153846153846,0.03526690680817839,0.038461538461538464,0.13333333333333333
16187,6911.4400000000005,15,5048,160,32.125,252.84444444444443,460.7626666666667,336.53333333333336,0.05515188654469054,0.06666666666666667,0.11764705882352941
16188,1087.66,5,838,72,45.02152777777778,364.0201388888889,217.532,167.6,0.010958299484997974,0.0,0.16666666666666666
16189,215.48,2,134,9,16.04375,69.85138888888889,107.74,67.0,0.014114049359967067,0.0,0.0
16190,2723.55,8,1231,89,40.86875,685.1666666666666,340.44375,153.875,0.010201603109059995,0.125,0.0
16191,15677.82,24,9348,113,3.058333333333333,725.9597222222222,653.2425,389.5,0.031638616689370305,0.0,0.4
16192,351.3,1,208,11,736.0152777777778,0.0,351.3,208.0,0.0,0.0,0.0
16193,630.43,2,379,38,237.04513888888889,174.05555555555554,315.215,189.5,0.005712472231037766,0.5,0.0
16194,308.59999999999997,1,140,8,375.9736111111111,0.0,308.59999999999997,140.0,0.0,0.0,0.0
16195,323.25,1,123,16,723.9451388888889,0.0,323.25,123.0,0.0,0.0,0.0
16196,93.3,1,26,4,489.0486111111111,0.0,93.3,26.0,0.0,1.0,0.0
16197,2016.71,9,1420,52,469.99583333333334,254.05,224.07888888888888,157.77777777777777,0.03136639874534405,0.0,0.0
16198,1030.0410000000002,2,384,31,75.91111111111111,362.0409722222222,515.0205000000001,192.0,0.0027545100319637935,0.5,0.0
16199,942.75,7,321,2,392.99652777777777,238.75555555555556,134.67857142857142,45.857142857142854,0.025025488923903976,0.14285714285714285,0.0
16200,5608.1,12,3068,361,4.923611111111111,732.9833333333333,467.3416666666667,255.66666666666666,0.014986716319625787,0.25,0.07692307692307693
16201,2112.12,5,1421,86,3.8666666666666667,412.16805555555555,422.424,284.2,0.009681290569817905,0.0,0.16666666666666666
16202,2501.9900000000002,9,1307,105,361.08819444444447,376.99652777777777,277.9988888888889,145.22222222222223,0.021164215573702728,0.0,0.18181818181818182
16203,943.84,6,537,56,59.013194444444444,445.9736111111111,157.30666666666667,89.5,0.01118634271846772,0.0,0.14285714285714285
16204,918.71,3,671,86,23.96527777777778,707.8305555555555,306.2366666666667,223.66666666666666,0.0028215487951594766,0.0,0.25
16205,1820.1100000000001,7,1452,147,31.1375,511.8986111111111,260.0157142857143,207.42857142857142,0.011698218458813877,0.0,0.0
16206,2589.87,13,1379,187,55.08958333333333,629.8027777777778,199.22076923076924,106.07692307692308,0.019023378499178734,0.6153846153846154,0.07142857142857142
16207,394.38,1,140,19,25.957638888888887,0.0,394.38,140.0,0.0,0.0,0.0
16208,3440.45,10,1541,180,45.05138888888889,608.8833333333333,344.04499999999996,154.1,0.014756920722542564,0.2,0.0
16209,4146.78,9,1895,51,89.03611111111111,458.0,460.75333333333333,210.55555555555554,0.017429193899782137,0.0,0.0
16210,33750.97,35,12397,145,2.0097222222222224,735.9875,964.3134285714286,354.2,0.04613375396461948,0.0,0.05405405405405406
16211,1090.59,3,519,35,89.02708333333334,349.86597222222224,363.53,173.0,0.005700182287079389,0.0,0.25
16212,1293.71,4,571,71,19.993055555555557,650.8986111111111,323.4275,142.75,0.004601942616332209,0.5,0.2
16213,159.0,1,48,6,79.11597222222223,0.0,159.0,48.0,0.0,0.0,0.0
16214,2038.25,4,1308,84,171.05555555555554,264.8979166666667,509.5625,327.0,0.01128252540526988,0.0,0.0
16215,242.35,1,104,14,81.10555555555555,0.0,242.35,104.0,0.0,0.0,0.0
16216,914.9300000000001,1,254,37,267.8861111111111,0.0,914.9300000000001,254.0,0.0,0.0,0.0
16217,304.25,2,91,13,235.97152777777777,46.91875,152.125,45.5,0.020868657884439805,0.0,0.5
16218,3968.67,13,2799,82,30.11875,531.7430555555555,305.2823076923077,215.30769230769232,0.02252492993547546,0.15384615384615385,0.3157894736842105
16219,40.8,1,48,1,501.04583333333335,0.0,40.8,48.0,0.0,0.0,0.0
16221,2019.92,9,1449,177,37.046527777777776,449.9243055555556,224.43555555555557,161.0,0.017741336852853166,0.1111111111111111,0.1
16222,1272.05,2,463,133,318.96666666666664,402.96319444444447,636.025,231.5,0.0024754730474276566,0.0,0.0
16223,1087.05,2,643,101,375.0416666666667,20.988194444444446,543.525,321.5,0.045478950194233016,0.0,0.0
16224,1616.54,5,1555,107,57.79097222222222,330.1923611111111,323.308,311.0,0.012077573246497818,0.0,0.0
16225,2859.31,15,1281,189,45.18055555555556,625.8256944444445,190.62066666666666,85.4,0.022334757691144423,0.13333333333333333,0.16666666666666666
16226,672.1700000000001,5,521,23,203.92291666666668,210.14027777777778,134.43400000000003,104.2,0.01894475105413068,0.0,0.0
16227,1027.22,3,436,28,225.9701388888889,310.00347222222223,342.4066666666667,145.33333333333334,0.0064307963692795496,0.0,0.5
16228,885.71,3,555,45,385.9375,14.809722222222222,295.2366666666667,185.0,0.12650443644030573,0.0,0.25
16229,2867.86,6,1292,144,87.81527777777778,477.17847222222224,477.9766666666667,215.33333333333334,0.010456346929972974,0.0,0.14285714285714285
16230,542.03,2,365,32,190.11388888888888,30.7875,271.015,182.5,0.031458906802988594,0.0,0.0
16231,1074.47,4,563,69,379.90972222222223,218.12083333333334,268.6175,140.75,0.013691076080549165,0.0,0.0
16232,2712.97,7,1849,60,44.02361111111111,506.925,387.5671428571428,264.14285714285717,0.011812767633016686,0.2857142857142857,0.3
16233,1818.31,9,677,49,71.80763888888889,666.1694444444445,202.03444444444443,75.22222222222223,0.011990956820064867,0.1111111111111111,0.25
16234,333.18,3,170,13,476.92847222222224,85.1625,111.06,56.666666666666664,0.023211954156390543,0.0,0.25
16235,2053.71,9,788,80,41.079166666666666,429.9486111111111,228.19,87.55555555555556,0.018563698301228233,0.1111111111111111,0.18181818181818182
16236,432.2,1,184,20,78.94444444444444,0.0,432.2,184.0,0.0,0.0,0.0
16237,136.65,1,57,7,437.825,0.0,136.65,57.0,0.0,0.0,0.0
16238,63.66,1,85,6,423.0097222222222,0.0,63.66,85.0,0.0,0.0,0.0
16239,1492.2,6,692,24,57.18125,406.55,248.70000000000002,115.33333333333333,0.012268433321064899,0.0,0.14285714285714285
16240,3718.8,2,1641,126,24.930555555555557,53.03194444444444,1859.4,820.5,0.018507570110274273,0.0,0.6
16241,3992.86,16,2258,500,10.070833333333333,400.89444444444445,249.55375,141.125,0.03732323302138483,0.3125,0.0
16242,7404.65,14,3921,348,8.901388888888889,625.9652777777778,528.9035714285714,280.07142857142856,0.020734800571536167,0.07142857142857142,0.2222222222222222
16243,409.1,2,110,49,34.0125,21.01597222222222,204.55,55.0,0.04542156893669369,1.0,0.0
16244,1522.75,2,855,88,212.10555555555555,160.9423611111111,761.375,427.5,0.006175036557074062,0.0,0.0
16245,1413.66,3,1014,80,24.108333333333334,233.03055555555557,471.22,338.0,0.008545892630354535,0.0,0.4
16246,821.35,2,336,79,460.03194444444443,209.98055555555555,410.675,168.0,0.004739773280844733,0.0,0.0
16247,114.56,1,182,16,170.93541666666667,0.0,114.56,182.0,0.0,0.0,0.0
16248,152.94,1,78,7,62.05416666666667,0.0,152.94,78.0,0.0,1.0,0.0
16249,1800.07,5,950,67,53.113194444444446,186.8451388888889,360.014,190.0,0.02129413634901681,0.2,0.0
16250,565.24,3,268,29,261.90486111111113,125.18333333333334,188.41333333333333,89.33333333333333,0.015849953770968168,0.0,0.0
16251,128.31,1,44,20,512.9131944444445,0.0,128.31,44.0,0.0,0.0,0.0
16252,295.09000000000003,1,158,21,383.03680555555553,0.0,295.09000000000003,158.0,0.0,0.0,0.5
16253,7272.2,7,6030,218,67.15347222222222,664.65625,1038.8857142857144,861.4285714285714,0.009013661330453969,0.0,0.2222222222222222
16254,967.44,3,543,65,378.97777777777776,253.90208333333334,322.48,181.0,0.00784615007396631,0.0,0.0
16255,4530.0,15,2876,231,17.006944444444443,668.0131944444445,302.0,191.73333333333332,0.02092634363007705,0.3333333333333333,0.21052631578947367
16256,1629.37,3,1590,27,267.02222222222224,331.0722222222222,543.1233333333333,530.0,0.006022786207819585,0.0,0.25
16257,46.95,1,2,2,177.11041666666668,0.0,46.95,2.0,0.0,0.0,0.0
16258,11942.52,15,7200,253,45.97222222222222,593.9659722222223,796.168,480.0,0.02353075747796034,0.06666666666666667,0.0625
16259,340.94,3,143,75,410.9326388888889,194.89583333333334,113.64666666666666,47.666666666666664,0.010209507603956183,0.0,0.0
16260,1035.45,1,311,18,51.13194444444444,0.0,1035.45,311.0,0.0,0.0,0.0
16261,1041.16,6,454,118,17.810416666666665,425.02986111111113,173.52666666666667,75.66666666666667,0.01173626653061291,0.16666666666666666,0.0
16262,755.15,1,446,46,378.97777777777776,0.0,755.15,446.0,0.0,0.0,0.6666666666666666
16263,348.16,1,197,19,423.91527777777776,0.0,348.16,197.0,0.0,0.0,0.0
16264,823.53,2,616,62,438.90972222222223,7.948611111111111,411.765,308.0,0.11174918516219152,0.5,0.0
16265,6935.17,12,3214,192,9.839583333333334,398.0576388888889,577.9308333333333,267.8333333333333,0.027564940319467914,0.08333333333333333,0.2
16266,1757.95,14,791,73,74.02916666666667,599.8243055555556,125.56785714285715,56.5,0.021636940915663316,0.0,0.0
16267,186.66,1,198,7,591.9444444444445,0.0,186.66,198.0,0.0,0.0,0.0
16268,667.65,2,533,45,71.76388888888889,0.0,333.825,266.5,1.0,0.0,0.0
16269,717.57,1,579,53,438.0416666666667,0.0,717.57,579.0,0.0,0.0,0.5
16270,1141.24,1,688,54,353.93333333333334,0.0,1141.24,688.0,0.0,0.0,0.0
16271,3397.82,10,2359,176,3.0034722222222223,640.0291666666667,339.78200000000004,235.9,0.014039922780424707,0.2,0.09090909090909091
16272,411.7,1,224,25,117.08055555555555,0.0006944444444444445,411.7,224.0,0.0,0.0,0.0
16273,318.34000000000003,2,40,15,648.9763888888889,7.8902777777777775,159.17000000000002,20.0,0.11248242462115295,0.5,0.0
16274,351.75,1,153,64,373.8854166666667,0.0,351.75,153.0,0.0,0.0,0.0
16275,2151.11,3,1268,105,197.00625,444.9166666666667,717.0366666666667,422.6666666666667,0.004485142963931975,0.3333333333333333,0.0
16276,2629.3900000000003,3,1467,20,177.13611111111112,430.89722222222224,876.4633333333335,489.0,0.004630731333972202,0.3333333333333333,0.0
16277,188.69,1,33,23,734.0576388888888,0.0,188.69,33.0,0.0,1.0,0.0
16278,1117.84,3,342,50,100.81805555555556,399.06388888888887,372.6133333333333,114.0,0.0049992015164244605,0.0,0.5714285714285714
16279,5698.28,9,3683,243,21.90972222222222,575.0354166666667,633.1422222222222,409.22222222222223,0.013888034951554627,0.0,0.1
16280,238.05,1,101,16,725.8756944444444,0.0,238.05,101.0,0.0,0.0,0.0
16281,3424.02,3,1570,27,72.91180555555556,610.0527777777778,1141.34,523.3333333333334,0.0032730396992440187,0.0,0.25
16282,1307.58,3,790,31,340.0472222222222,378.99305555555554,435.85999999999996,263.3333333333333,0.005263254079935671,0.0,0.0
16283,4350.32,8,2867,385,6.029166666666667,643.9138888888889,543.79,358.375,0.010854162269725933,0.75,0.3333333333333333
16284,1018.48,3,674,108,31.85972222222222,362.1145833333333,339.49333333333334,224.66666666666666,0.005507903267448866,0.0,0.0
16285,176.9,1,60,31,646.8659722222222,0.0,176.9,60.0,0.0,0.0,0.0
16286,328.95,2,101,17,477.91805555555555,146.20138888888889,164.475,50.5,0.00679341416238147,0.0,0.5
16287,1006.98,5,1426,18,170.15416666666667,519.9736111111112,201.39600000000002,285.2,0.007677932076960605,0.2,0.0
16288,129.85,1,19,7,470.9201388888889,0.0,129.85,19.0,0.0,0.0,0.0
16289,136.31,1,97,21,462.95,0.0,136.31,97.0,0.0,0.0,0.5
16290,1957.7,4,957,85,465.04027777777776,101.00416666666666,489.425,239.25,0.02941056329398309,0.75,0.0
16291,117.72,1,1,1,682.85,0.0,117.72,1.0,0.0,0.0,0.0
16292,1253.76,5,688,51,122.01805555555555,482.9548611111111,250.752,137.6,0.00826523364351875,0.2,0.4444444444444444
16293,4279.2,15,1833,168,22.119444444444444,707.0,285.28,122.2,0.01977401129943503,0.0,0.21052631578947367
16294,126.05000000000001,1,54,8,477.0340277777778,0.0,126.05000000000001,54.0,0.0,0.0,0.0
16295,1328.55,4,841,70,10.189583333333333,54.897222222222226,332.1375,210.25,0.05366992993092481,0.0,0.0
16296,1313.67,4,645,56,626.9854166666667,95.04722222222222,328.4175,161.25,0.03123463574052116,0.0,0.3333333333333333
16297,301.9,1,206,20,269.18125,0.0,301.9,206.0,0.0,0.0,0.75
16298,1085.7,7,308,32,23.035416666666666,419.85833333333335,155.1,44.0,0.014256578817099973,0.14285714285714285,0.2222222222222222
16299,193.65,1,107,12,477.7944444444444,0.0,193.65,107.0,0.0,0.0,0.5
16300,1367.32,3,643,190,430.98333333333335,245.06527777777777,455.7733333333333,214.33333333333334,0.008127924500612418,0.0,0.0
16301,107.33,1,41,6,737.1041666666666,0.0,107.33,41.0,0.0,0.0,0.0
16302,233.22,1,158,11,127.12916666666666,0.0,233.22,158.0,0.0,0.0,0.5
16303,7928.27,7,3859,156,26.084027777777777,605.8590277777778,1132.6100000000001,551.2857142857143,0.009886974940409233,0.0,0.2222222222222222
16304,381.66,1,228,25,695.1805555555555,0.0,381.66,228.0,0.0,0.0,0.0
16305,361.21999999999997,1,256,22,139.0222222222222,0.0,361.21999999999997,256.0,0.0,1.0,0.0
16306,1124.72,7,712,55,214.0263888888889,221.10833333333332,160.67428571428573,101.71428571428571,0.02701384459535512,0.0,0.3
16307,1194.92,3,1123,69,429.9298611111111,147.99375,398.3066666666667,374.3333333333333,0.013423381853265656,0.0,0.0
16308,5120.0,7,16000,1,38.05972222222222,686.8166666666667,731.4285714285714,2285.714285714286,0.008723254743269767,0.0,0.0
16309,706.57,2,467,39,106.88541666666667,134.15902777777777,353.285,233.5,0.00739869187017351,0.0,0.3333333333333333
16310,460.08,2,270,26,414.91875,227.9625,230.04,135.0,0.004367527433531692,0.5,0.0
16311,616.26,2,394,35,18.163888888888888,31.820138888888888,308.13,197.0,0.03046909714140623,0.0,0.0
16312,171.15,1,53,10,432.94097222222223,0.0,171.15,53.0,0.0,1.0,0.0
16313,274.15000000000003,2,165,16,3.9916666666666667,46.165277777777774,137.07500000000002,82.5,0.021202037751406107,0.0,0.0
16314,1491.4,3,636,58,390.03055555555557,83.00972222222222,497.1333333333334,212.0,0.023806768396514952,0.0,0.0
16315,402.71,2,143,21,331.03680555555553,205.91944444444445,201.355,71.5,0.004832798593118632,0.0,0.0
16316,5744.91,13,3057,193,64.95972222222223,428.96527777777777,441.91615384615386,235.15384615384616,0.027909230396511348,0.0,0.3157894736842105
16317,2192.51,5,1236,103,120.00277777777778,465.1034722222222,438.50200000000007,247.2,0.008581785458343328,0.0,0.16666666666666666
16318,328.15,1,199,19,35.989583333333336,0.0,328.15,199.0,0.0,0.0,0.0
16319,404.40000000000003,1,72,3,218.0576388888889,0.0,404.40000000000003,72.0,0.0,0.0,0.0
16320,5628.99,6,3319,193,172.89236111111111,509.0805555555556,938.165,553.1666666666666,0.009802373263482347,0.16666666666666666,0.25
16321,604.5500000000001,7,259,15,72.91319444444444,666.1798611111111,86.36428571428573,37.0,0.008993077204110586,0.0,0.3
16322,326.75,2,231,28,1.88125,35.047222222222224,163.375,115.5,0.027741388610618787,0.0,0.0
16323,353.66,2,146,4,196.91805555555555,381.2083333333333,176.83,73.0,0.002616374141502235,0.0,0.0
16324,408.59000000000003,3,270,100,128.99444444444444,48.93888888888889,136.1966666666667,90.0,0.040048948715096226,0.0,0.0
16325,3597.5,12,2464,104,47.168055555555554,688.8104166666667,299.7916666666667,205.33333333333334,0.015946410396576353,0.08333333333333333,0.29411764705882354
16326,4721.25,24,1083,243,6.110416666666667,674.8666666666667,196.71875,45.125,0.034030380745709216,0.75,0.07692307692307693
16327,10159.64,16,8124,289,14.977083333333333,711.0118055555556,634.9775,507.75,0.02106706642075418,0.125,0.2
16328,310.83,1,141,16,563.95,0.0,310.83,141.0,0.0,0.0,0.0
16329,1664.92,4,797,83,428.00416666666666,311.0486111111111,416.23,199.25,0.009613886725269836,0.0,0.0
16330,625.38,7,326,105,18.018055555555556,644.9916666666667,89.34,46.57142857142857,0.009288045511423006,0.0,0.125
16331,2037.7,6,756,33,432.9604166666667,210.11944444444444,339.6166666666667,126.0,0.02368327566017131,0.6666666666666666,0.0
16332,2000.01,11,1128,158,28.93611111111111,561.0284722222223,181.8190909090909,102.54545454545455,0.017792692887000337,0.09090909090909091,0.15384615384615385
16333,26626.8,22,32184,9,8.021527777777777,302.06180555555557,1210.3090909090909,1462.909090909091,0.06929279643637047,0.0,0.0
16334,263.73,1,206,54,492.84166666666664,0.0,263.73,206.0,0.0,0.0,0.0
16335,2753.52,7,1004,193,552.0520833333334,184.0534722222222,393.36,143.42857142857142,0.0324230609020666,0.5714285714285714,0.125
16336,3517.69,4,1473,64,421.0125,211.18541666666667,879.4225,368.25,0.014138577698357371,0.0,0.0
16337,151.05,1,87,10,37.115972222222226,0.0,151.05,87.0,0.0,0.0,0.0
16338,214.79999999999998,1,94,11,157.95416666666668,0.0,214.79999999999998,94.0,0.0,0.0,0.0
16339,94.05,1,21,17,284.96458333333334,0.0,94.05,21.0,0.0,0.0,0.0
16340,1496.24,3,1319,277,107.91458333333334,444.06041666666664,498.74666666666667,439.6666666666667,0.004493771912989342,0.6666666666666666,0.0
16341,3850.79,7,3022,103,25.15138888888889,584.9458333333333,550.1128571428571,431.7142857142857,0.010239854366515677,0.14285714285714285,0.3
16342,322.41,4,157,10,75.9263888888889,104.18472222222222,80.6025,39.25,0.028521252294244254,0.5,0.0
16343,614.12,3,345,54,16.79513888888889,391.1458333333333,204.70666666666668,115.0,0.005100143441534293,0.0,0.0
16344,842.42,4,706,43,158.875,510.1486111111111,210.605,176.5,0.005869134601537387,0.25,0.0
16345,1178.79,2,611,95,44.865972222222226,438.9513888888889,589.395,305.5,0.002272978390920714,0.0,0.0
16346,224.51,1,289,15,385.87152777777777,0.0,224.51,289.0,0.0,0.0,0.0
16347,3442.96,11,1715,209,11.983333333333333,626.0229166666667,312.99636363636364,155.9090909090909,0.0159483804087437,0.0,0.15384615384615385
16348,1744.42,8,1164,180,32.87916666666667,398.07430555555555,218.0525,145.5,0.01754059307390193,0.0,0.0
16349,53.5,1,9,9,291.00694444444446,0.0,53.5,9.0,0.0,0.0,0.0
16350,2253.89,9,1077,72,21.872916666666665,406.97222222222223,250.4322222222222,119.66666666666667,0.01960917818478927,0.0,0.25
16351,3330.0299999999997,13,2165,124,333.1,402.7597222222222,256.1561538461538,166.53846153846155,0.029720646561658303,0.07692307692307693,0.2777777777777778
16352,494.44,2,300,28,18.095833333333335,20.075,247.22,150.0,0.04744958481613286,0.0,0.0
16353,9795.460000000001,38,3483,76,4.01875,728.9361111111111,257.77526315789476,91.65789473684211,0.050689367790940604,0.07894736842105263,0.07317073170731707
16354,1119.46,5,592,116,63.93194444444445,528.0381944444445,223.892,118.4,0.007560890767443539,0.0,0.0
16355,416.35,1,179,47,375.93680555555557,0.0,416.35,179.0,0.0,0.0,0.5
16356,415.87,6,190,27,198.04097222222222,354.0173611111111,69.31166666666667,31.666666666666668,0.014083818279622476,0.5,0.14285714285714285
16357,868.37,4,389,43,33.86527777777778,347.8833333333333,217.0925,97.25,0.00859886303922037,0.25,0.0
16358,2919.65,5,2065,118,1.9034722222222222,393.1479166666667,583.9300000000001,413.0,0.010148474293174623,0.0,0.16666666666666666
16359,2697.75,16,1764,78,7.823611111111111,654.2673611111111,168.609375,110.25,0.022891419426972665,0.125,0.2
16360,3450.41,6,2110,365,5.023611111111111,83.93472222222222,575.0683333333333,351.6666666666667,0.0588687390643141,0.16666666666666666,0.25
16361,891.21,4,418,87,10.0125,61.97152777777778,222.8025,104.5,0.04764057830368663,0.25,0.0
16362,922.16,6,467,67,32.99236111111111,405.15069444444447,153.69333333333333,77.83333333333333,0.01231070159030327,0.0,0.45454545454545453
16363,109.36000000000001,1,52,5,53.94166666666667,0.0,109.36000000000001,52.0,0.0,0.0,0.0
16364,705.79,2,279,48,12.057638888888889,125.86944444444444,352.895,139.5,0.007882118538304906,0.0,0.0
16365,3167.34,15,1034,97,18.059722222222224,710.9465277777778,211.156,68.93333333333334,0.01966439817284967,0.0,0.0625
16366,1548.1299999999999,4,882,74,19.188194444444445,704.9027777777778,387.03249999999997,220.5,0.004249877029021151,0.0,0.0
16367,1350.48,3,1103,196,37.984027777777776,345.99305555555554,450.16,367.6666666666667,0.005763804110713071,0.6666666666666666,0.0
16368,621.44,3,307,74,2.984722222222222,433.0708333333333,207.14666666666668,102.33333333333333,0.004607542931741171,0.0,0.0
16369,2656.56,7,1589,115,18.850694444444443,592.98125,379.50857142857143,227.0,0.010101328956090784,0.0,0.0
16370,1301.91,4,640,143,82.87152777777777,142.96875,325.4775,160.0,0.020837855437377904,0.5,0.0
16371,157.2,1,108,11,449.0284722222222,0.0,157.2,108.0,0.0,0.0,0.0
16372,1290.31,5,722,271,33.9875,573.9083333333333,258.062,144.4,0.00695763092666947,0.6,0.16666666666666666
16373,309.49,2,119,25,382.875,29.11111111111111,154.745,59.5,0.033210332103321034,0.5,0.0
16374,1723.4,5,771,276,66.8951388888889,522.0909722222223,344.68,154.2,0.007646853439291816,0.0,0.0
16375,104.0,2,74,11,470.93402777777777,0.009027777777777777,52.0,37.0,0.9910529938059187,0.0,0.0
16376,974.96,2,691,104,9.05,8.785416666666666,487.48,345.5,0.10219288907813498,0.0,0.3333333333333333
16377,1308.48,2,2928,6,267.88125,350.21180555555554,654.24,1464.0,0.0028472846988106654,0.0,0.0
16378,362.95,3,267,22,247.9048611111111,63.10069444444444,120.98333333333333,89.0,0.03120091002654244,0.0,0.0
16379,2157.4,4,1410,87,4.883333333333334,74.25347222222223,539.35,352.5,0.03986527015180178,0.0,0.2
16380,1743.1499999999999,1,1428,28,61.88194444444444,0.0,1743.1499999999999,1428.0,0.0,1.0,0.0
16381,247.85,2,108,60,396.12083333333334,22.868055555555557,123.925,54.0,0.04189700320046552,0.5,0.0
16382,353.1,2,167,42,408.8520833333333,142.15347222222223,176.55,83.5,0.006985509917968769,0.0,0.0
16383,2896.69,7,1596,239,75.00347222222223,598.9770833333333,413.8128571428571,228.0,0.010000381959033158,0.0,0.2222222222222222
16384,1358.95,4,861,80,90.06319444444445,500.8875,339.7375,215.25,0.005977435182187243,0.25,0.0
16385,881.35,5,476,94,60.984722222222224,571.01875,176.27,95.2,0.006992777771707659,0.0,0.0
16386,1068.16,3,700,127,29.01527777777778,359.04791666666665,356.05333333333334,233.33333333333334,0.005554816199232741,0.0,0.0
16387,882.46,5,448,68,323.0527777777778,315.96666666666664,176.49200000000002,89.6,0.012619623514565149,0.2,0.0
16388,186.05,1,83,13,654.1041666666666,0.0,186.05,83.0,0.0,0.0,0.0
16389,1382.07,4,1242,33,53.922916666666666,229.95416666666668,345.5175,310.5,0.01298959028667304,0.0,0.2
16390,467.5,3,122,16,537.1104166666667,142.78194444444443,155.83333333333334,40.666666666666664,0.013909952377732486,0.3333333333333333,0.0
16391,1052.26,4,715,261,401.0159722222222,161.04166666666666,263.065,178.75,0.01851375674980715,0.0,0.0
16392,756.7,3,604,125,270.02708333333334,292.0375,252.23333333333335,201.33333333333334,0.00682506505140127,0.0,0.0
16393,5297.77,23,3001,313,2.9993055555555554,736.0263888888888,230.33782608695654,130.47826086956522,0.02984967747649621,0.13043478260869565,0.23333333333333334
16394,1555.34,5,2604,61,57.12638888888889,232.95138888888889,311.068,520.8,0.017097568939416427,0.0,0.4444444444444444
16395,3518.41,14,2901,416,61.0,673.0166666666667,251.315,207.21428571428572,0.019287356890284612,0.14285714285714285,0.17647058823529413
16396,137.8,1,80,8,476.93958333333336,0.0,137.8,80.0,0.0,0.0,0.6666666666666666
16397,123.13,1,43,9,628.8847222222222,0.0,123.13,43.0,0.0,1.0,0.0
16398,1705.8,2,758,75,154.8986111111111,99.23472222222222,852.9,379.0,0.009976582743283127,0.0,0.5
16399,630.22,3,452,97,19.85972222222222,370.04791666666665,210.07333333333335,150.66666666666666,0.005390139413710044,0.3333333333333333,0.0
16400,3059.85,9,2066,214,95.01597222222222,636.9923611111111,339.98333333333335,229.55555555555554,0.012539335088695114,0.1111111111111111,0.0
16401,6849.15,23,6035,110,1.7743055555555556,554.2097222222222,297.7891304347826,262.39130434782606,0.03962466635480587,0.21739130434782608,0.41025641025641024
16402,293.45,2,146,55,265.0173611111111,104.94652777777777,146.725,73.0,0.009438723674809751,1.0,0.0
16403,177.5,1,114,10,312.9659722222222,0.0,177.5,114.0,0.0,0.0,0.5
16404,443.05,1,157,23,70.91319444444444,0.0,443.05,157.0,0.0,0.0,0.5
16405,167.25,2,187,3,302.8930555555556,7.927777777777778,83.625,93.5,0.1120099564405725,0.0,0.0
16406,528.36,3,257,135,19.036805555555556,635.0041666666667,176.12,85.66666666666667,0.003144633486415838,0.0,0.25
16407,2761.65,14,1448,120,13.072916666666666,419.88125,197.2607142857143,103.42857142857143,0.03088757220712493,0.5714285714285714,0.0
16408,231.93,1,227,45,591.9458333333333,0.0,231.93,227.0,0.0,0.0,0.0
16409,5652.74,12,3664,335,36.83680555555556,690.0465277777778,471.06166666666667,305.3333333333333,0.01591788621726106,0.25,0.0
16410,130.32,1,348,5,734.9159722222222,0.0,130.32,348.0,0.0,1.0,0.0
16411,756.39,4,461,139,19.977083333333333,408.9263888888889,189.0975,115.25,0.007318387108796634,0.75,0.0
16412,593.19,5,288,84,54.010416666666664,619.9506944444445,118.638,57.6,0.006441735287177256,0.0,0.0
16413,522.03,2,283,55,57.02916666666667,318.9715277777778,261.015,141.5,0.003125278073786947,0.0,0.0
16414,551.21,5,201,58,22.130555555555556,672.9729166666667,110.242,40.2,0.005934956585174354,0.2,0.0
16415,696.76,3,508,120,44.96875,632.0451388888889,232.25333333333333,169.33333333333334,0.00315933237163841,0.0,0.0
16416,2957.88,9,2198,146,27.0,628.0347222222222,328.65333333333336,244.22222222222223,0.012717898897119707,0.3333333333333333,0.1
16417,35.7,1,6,1,493.15416666666664,0.0,35.7,6.0,0.0,0.0,0.0
16418,1028.74,5,564,121,45.00763888888889,378.00555555555553,205.748,112.8,0.010553935005350259,0.0,0.0
16419,1463.7,8,701,62,113.01180555555555,555.9631944444444,182.9625,87.625,0.012568155436163622,0.0,0.1111111111111111
16420,75.0,1,120,2,396.89930555555554,0.0,75.0,120.0,0.0,0.0,0.0
16421,526.27,3,123,35,376.9715277777778,93.06180555555555,175.42333333333332,41.0,0.021262615449357324,0.6666666666666666,0.0
16422,61920.87,109,64225,111,17.95138888888889,679.0854166666667,568.081376146789,589.2201834862385,0.15880358165794126,0.12844036697247707,0.2534246575342466
16423,346.12,1,230,18,25.145138888888887,0.0,346.12,230.0,0.0,0.0,0.0
16424,443.06,2,212,10,191.96527777777777,191.09444444444443,221.53,106.0,0.005205772623420193,0.0,0.3333333333333333
16425,302.7,1,199,21,302.93055555555554,0.0,302.7,199.0,0.0,0.0,0.0
16426,1863.76,10,1215,211,2.9506944444444443,273.9277777777778,186.376,121.5,0.032735870026471596,0.0,0.0
16427,241.06,2,156,8,263.81944444444446,21.07777777777778,120.53,78.0,0.04529441368897836,0.0,0.0
16428,638.49,3,575,121,414.01944444444445,84.00833333333334,212.83,191.66666666666666,0.0235271051857661,0.0,0.25
16429,284.55,1,9,2,106.95555555555555,0.0,284.55,9.0,0.0,0.0,0.0
16430,1117.94,7,307,19,57.91875,624.0847222222222,159.7057142857143,43.857142857142854,0.009598698843045721,0.14285714285714285,0.0
16431,623.28,3,442,51,213.9451388888889,84.00486111111111,207.76,147.33333333333334,0.023528066205364073,0.0,0.0
16432,287.4,1,276,8,64.95208333333333,0.0,287.4,276.0,0.0,0.0,0.0
16433,384.52,2,214,33,28.945138888888888,380.07152777777776,192.26,107.0,0.0026241792606010463,0.0,0.0
16434,2673.69,12,1310,126,29.931944444444444,661.9840277777778,222.8075,109.16666666666667,0.01659165159207581,0.6666666666666666,0.07692307692307693
16435,1003.0699999999999,3,608,119,512.7694444444444,2.203472222222222,334.3566666666666,202.66666666666666,0.6243225666594407,0.0,0.0
16436,319.14,3,227,37,668.9798611111111,64.88680555555555,106.38,75.66666666666667,0.030355091328773044,0.3333333333333333,0.25
16437,301.25,2,197,17,381.82708333333335,48.18402777777778,150.625,98.5,0.02033180374161666,0.0,0.0
16438,798.35,5,463,74,6.082638888888889,76.88888888888889,159.67000000000002,92.6,0.05135520684736092,0.6,0.0
16439,310.70000000000005,1,74,9,722.9361111111111,0.0,310.70000000000005,74.0,0.0,0.0,0.0
16440,3856.9700000000003,6,2108,202,8.033333333333333,486.0208333333333,642.8283333333334,351.3333333333333,0.010266501261924113,0.0,0.0
16441,1019.13,5,478,67,67.79305555555555,559.9916666666667,203.826,95.6,0.007130230692672202,0.0,0.16666666666666666
16442,891.98,5,580,226,2.046527777777778,725.0263888888888,178.39600000000002,116.0,0.005509441614266393,0.2,0.0
16443,162.24,1,96,1,521.0368055555556,0.0,162.24,96.0,0.0,0.0,0.0
16444,3625.88,17,1945,217,46.958333333333336,578.9888888888889,213.2870588235294,114.41176470588235,0.027586735378072373,0.5882352941176471,0.15
16445,583.16,4,287,143,34.0125,377.9951388888889,145.79,71.75,0.00791566880988286,0.5,0.0
16446,168472.5,2,80997,3,1.1493055555555556,204.97430555555556,84236.25,40498.5,0.004854974494526354,0.0,0.5
16447,727.1,3,315,59,136.00347222222223,524.9416666666667,242.36666666666667,105.0,0.0038027030881117993,0.0,0.0
16448,361.12,2,176,45,198.8486111111111,272.9791666666667,180.56,88.0,0.0036499125541783893,0.0,0.0
16449,707.69,2,367,40,198.10069444444446,82.92361111111111,353.845,183.5,0.01191559784857261,0.0,0.3333333333333333
16450,1505.73,3,681,36,150.04375,506.8340277777778,501.91,227.0,0.003938294581699784,0.3333333333333333,0.25
16451,1013.15,3,524,61,88.14791666666666,647.7541666666667,337.71666666666664,174.66666666666666,0.0030828318379458063,0.0,0.25
16452,332.17,2,199,14,631.0076388888889,63.011805555555554,166.085,99.5,0.015622118315848857,0.0,0.0
16453,251.71,2,139,15,531.0027777777777,17.979861111111113,125.855,69.5,0.052687424536240896,0.5,0.0
16454,30.950000000000003,4,9,4,45.048611111111114,566.8236111111111,7.737500000000001,2.25,0.005283330846580389,0.0,0.5
16455,3995.57,11,2851,111,64.02291666666666,556.0736111111111,363.2336363636364,259.1818181818182,0.017950949031770688,0.09090909090909091,0.15384615384615385
16456,6000.94,13,3296,226,99.95833333333333,521.1069444444445,461.6107692307692,253.53846153846155,0.022983796955178933,0.3076923076923077,0.07142857142857142
16457,208.36,1,140,9,218.97986111111112,0.0,208.36,140.0,0.0,0.0,0.0
16458,5690.89,30,3395,91,3.136111111111111,559.7888888888889,189.69633333333334,113.16666666666667,0.05171286481345723,0.06666666666666667,0.0
16459,71.78999999999999,1,59,5,730.0055555555556,0.0,71.78999999999999,59.0,0.0,0.0,0.0
16460,811.23,3,876,128,28.961111111111112,53.14652777777778,270.41,292.0,0.03693680983955573,0.0,0.0
16461,1545.83,3,933,223,178.0298611111111,468.9236111111111,515.2766666666666,311.0,0.0042560108764722404,0.0,0.0
16462,136.0,3,16,1,74.10138888888889,210.05972222222223,45.333333333333336,5.333333333333333,0.009475990866197692,0.0,0.25
16463,1422.4,4,1163,74,21.950694444444444,182.96944444444443,355.6,290.75,0.016307055821467936,0.0,0.42857142857142855
16464,1298.66,3,952,152,20.027083333333334,122.92916666666666,432.8866666666667,317.3333333333333,0.016138251017046027,0.3333333333333333,0.0
16465,746.24,2,504,45,421.1409722222222,23.945138888888888,373.12,252.0,0.040087970824865676,0.0,0.3333333333333333
16466,3767.09,15,1777,207,34.052083333333336,608.8777777777777,251.13933333333335,118.46666666666667,0.022955419118584782,0.8666666666666667,0.0625
16467,2869.16,7,7384,14,509.0423611111111,228.99305555555554,409.88,1054.857142857143,0.026087744195174976,0.0,0.125
16468,787.52,3,371,38,74.94236111111111,407.04375,262.50666666666666,123.66666666666667,0.004901435201494938,0.3333333333333333,0.0
16469,803.9,5,332,167,24.01736111111111,490.9638888888889,160.78,66.4,0.008130678064672768,0.0,0.0
16470,2416.85,11,1335,286,52.02708333333333,676.9930555555555,219.71363636363637,121.36363636363636,0.014749413608382583,0.0,0.08333333333333333
16471,1189.98,4,670,48,275.13125,377.9819444444444,297.495,167.5,0.007915944397820184,0.0,0.3333333333333333
16472,789.6,2,252,39,434.95416666666665,163.0888888888889,394.8,126.0,0.006094257854821234,0.0,0.0
16473,470.83,4,296,26,165.15277777777777,209.6951388888889,117.7075,74.0,0.014238581942709484,0.0,0.2
16474,1810.65,7,909,237,7.991666666666666,137.92430555555555,258.6642857142857,129.85714285714286,0.04318898680836387,0.42857142857142855,0.36363636363636365
16475,544.3,4,319,23,88.92569444444445,185.20694444444445,136.075,79.75,0.01611110696730788,0.0,0.0
16476,350.35,1,187,24,432.09791666666666,0.0,350.35,187.0,0.0,0.0,0.6666666666666666
16477,4094.37,11,2507,177,64.12916666666666,421.00069444444443,372.2154545454545,227.9090909090909,0.023696643469188605,0.09090909090909091,0.0
16478,331.0,3,224,15,25.874305555555555,40.15902777777778,110.33333333333333,74.66666666666667,0.048592012687914424,0.0,0.0
16479,300.83,2,102,35,10.965277777777779,0.025,150.415,51.0,0.9756097560975611,0.0,0.0
16480,769.29,1,455,51,76.04861111111111,0.0,769.29,455.0,0.0,1.0,0.0
16481,453.38,1,201,16,682.9868055555555,0.0,453.38,201.0,0.0,0.0,0.6666666666666666
16482,220.62,1,346,18,16.011805555555554,0.0,220.62,346.0,0.0,0.0,0.0
16483,139.35,1,44,19,192.9875,0.0,139.35,44.0,0.0,0.0,0.0
16484,404.3,2,200,25,174.03055555555557,17.060416666666665,202.15,100.0,0.055369708155496605,0.5,0.3333333333333333
16485,2287.19,5,1153,126,77.875,656.1402777777778,457.438,230.6,0.006086980413872398,0.8,0.2857142857142857
16486,134.36,1,24,7,538.0236111111111,0.0,134.36,24.0,0.0,1.0,0.0
16487,209.4,2,163,28,577.9666666666667,81.83472222222223,104.7,81.5,0.012072232189265774,0.0,0.0
16488,498.8,3,728,28,33.96388888888889,115.08055555555555,166.26666666666668,242.66666666666666,0.01722941443920649,0.3333333333333333,0.25
16489,303.7,2,38,4,380.9236111111111,55.984722222222224,151.85,19.0,0.017548563211387067,0.0,0.0
16490,205.41000000000003,1,113,13,436.84722222222223,0.0,205.41000000000003,113.0,0.0,0.0,0.5
16491,1533.16,2,1060,86,47.105555555555554,366.775,766.58,530.0,0.002719053769288288,0.0,0.3333333333333333
16492,385.56,1,235,23,541.1875,0.0,385.56,235.0,0.0,0.0,0.0
16493,2132.09,7,1988,77,80.06944444444444,543.9201388888889,304.5842857142857,284.0,0.011010787768340162,0.2857142857142857,0.2222222222222222
16494,826.53,1,675,47,297.00069444444443,0.0,826.53,675.0,0.0,0.0,0.0
16495,648.26,3,328,78,3.9791666666666665,272.8625,216.08666666666667,109.33333333333333,0.007302934866949655,0.0,0.0
16496,2330.77,6,1764,120,9.096527777777778,500.8673611111111,388.46166666666664,294.0,0.00996279174029216,0.3333333333333333,0.14285714285714285
16497,6695.28,23,3050,239,50.079861111111114,686.8638888888889,291.0991304347826,132.6086956521739,0.031983071586352274,0.08695652173913043,0.0
16498,100.97,2,45,15,161.9048611111111,0.8020833333333334,50.485,22.5,0.5549132947976878,0.0,0.3333333333333333
16499,2578.34,8,1364,104,360.9715277777778,186.04791666666668,322.2925,170.5,0.03742356570843033,0.0,0.38461538461538464
16500,843.9100000000001,9,386,24,5.031944444444444,538.8819444444445,93.76777777777778,42.888888888888886,0.01481805435859177,0.0,0.1
16501,1191.23,1,628,181,383.94444444444446,0.0,1191.23,628.0,0.0,1.0,0.0
16502,258.55,2,220,41,620.9625,0.003472222222222222,129.275,110.0,0.9965397923875432,0.0,0.0
16503,3614.34,11,1535,161,107.04444444444445,429.90208333333334,328.5763636363636,139.54545454545453,0.023207128456290825,0.0,0.15384615384615385
16504,465.88,1,510,76,25.897222222222222,0.0,465.88,510.0,0.0,0.0,0.0
16505,777.6,1,576,4,32.025,0.0,777.6,576.0,0.0,0.0,0.0
16506,90.30000000000001,2,42,3,20.022916666666667,20.852083333333333,45.150000000000006,21.0,0.04576222709505196,1.0,0.0
16507,142.71,1,111,37,572.9958333333333,0.0,142.71,111.0,0.0,1.0,0.0
16508,240.95,1,103,42,630.9645833333333,0.0,240.95,103.0,0.0,0.0,0.0
16509,363.7,1,64,13,297.1423611111111,0.0,363.7,64.0,0.0,0.0,0.0
16510,1777.5,6,930,94,372.9659722222222,319.04791666666665,296.25,155.0,0.015622660669300821,0.3333333333333333,0.0
16511,1760.49,6,769,235,22.089583333333334,626.9305555555555,293.415,128.16666666666666,0.007962663953462653,0.16666666666666666,0.0
16513,874.59,4,407,33,5.105555555555555,38.80694444444445,218.6475,101.75,0.07536373469174139,0.25,0.0
16515,3179.06,10,1573,184,52.986111111111114,488.03680555555553,317.906,157.3,0.018403522797789874,0.0,0.0
16516,101.69999999999999,1,58,6,30.910416666666666,0.0,101.69999999999999,58.0,0.0,0.0,0.0
16517,162.7,1,96,17,277.9583333333333,0.0,162.7,96.0,0.0,0.0,0.0
16518,959.37,4,524,61,61.90694444444444,495.06458333333336,239.8425,131.0,0.006047599648903243,0.25,0.3333333333333333
16519,439.06,4,150,32,25.88125,623.0763888888889,109.765,37.5,0.004807103831217243,0.0,0.0
16520,2148.38,6,1045,251,186.9763888888889,460.8569444444444,358.06333333333333,174.16666666666666,0.010825862986675167,0.0,0.25
16521,1140.11,3,1014,212,415.9868055555556,232.9909722222222,380.03666666666663,338.0,0.008547338305430825,0.0,0.0
16522,433.36,2,212,16,436.0805555555556,14.890277777777778,216.68,106.0,0.06293156192640503,0.0,0.0
16523,11916.33,28,4979,180,2.1555555555555554,682.8277777777778,425.5832142857143,177.82142857142858,0.03948362566923121,0.14285714285714285,0.28205128205128205
16524,306.19,2,259,50,446.96736111111113,245.01458333333332,153.095,129.5,0.004064799681590692,1.0,0.0
16525,24151.3,48,14430,115,2.904861111111111,735.0513888888889,503.15208333333334,300.625,0.06385423723056775,0.10416666666666667,0.1111111111111111
16526,717.21,2,279,30,172.03333333333333,412.81111111111113,358.605,139.5,0.002416561501490213,0.0,0.0
16527,1232.94,2,708,66,81.85347222222222,343.1222222222222,616.47,354.0,0.002905944270446547,0.0,0.0
16528,244.41,1,171,17,4.003472222222222,0.0,244.41,171.0,0.0,0.0,0.0
16529,1986.8,4,739,87,190.81041666666667,340.1625,496.7,184.75,0.008793463525446084,0.25,0.0
16530,48.349999999999994,1,17,3,668.8888888888889,0.0,48.349999999999994,17.0,0.0,0.0,0.0
16531,2298.33,11,1863,109,22.847916666666666,419.27777777777777,208.9390909090909,169.36363636363637,0.023793787177792465,0.0,0.08333333333333333
16532,8756.64,5,2544,2,18.070833333333333,603.0291666666667,1751.328,508.8,0.006622196775817944,0.0,0.0
16533,1082.81,3,611,112,19.9875,48.91736111111111,360.93666666666667,203.66666666666666,0.040066220558979425,1.0,0.4
16534,635.9,1,168,36,642.8770833333333,0.0,635.9,168.0,0.0,1.0,0.0
16535,972.04,3,664,67,5.897222222222222,674.9944444444444,324.0133333333333,221.33333333333334,0.002958604196286952,0.3333333333333333,0.0
16536,548.12,1,250,49,110.87222222222222,0.0,548.12,250.0,0.0,1.0,0.5
16537,23.35,1,59,3,641.9645833333333,0.0,23.35,59.0,0.0,0.0,0.0
16538,395.07,3,254,35,541.8270833333333,54.02361111111111,131.69,84.66666666666667,0.0363480324103289,0.0,0.0
16539,3289.66,10,1014,83,3.1729166666666666,529.7201388888889,328.966,101.4,0.016958090225937767,0.2,0.0
16540,205.75,1,105,25,414.81111111111113,0.0,205.75,105.0,0.0,0.0,0.0
16541,424.03,1,173,38,735.9777777777778,0.0,424.03,173.0,0.0,0.0,0.5
16542,257.32,2,142,13,54.08541666666667,347.8354166666667,128.66,71.0,0.0028666813982238517,0.0,0.0
16543,292.21,1,317,18,592.05,0.0,292.21,317.0,0.0,0.0,0.5
16544,376.70000000000005,4,150,8,520.06875,142.91041666666666,94.17500000000001,37.5,0.020846301952893147,0.0,0.3333333333333333
16545,689.82,2,322,6,165.0923611111111,210.9986111111111,344.91,161.0,0.004717012034932095,0.0,0.0
16546,5307.07,5,4211,75,291.0625,151.8173611111111,1061.414,842.2,0.026175036467824247,0.0,0.2857142857142857
16547,104.25999999999999,1,108,25,546.9916666666667,0.0,104.25999999999999,108.0,0.0,0.0,0.0
16548,30.15,1,6,6,599.8576388888889,0.0,30.15,6.0,0.0,0.0,0.0
16549,12781.8,34,7087,836,10.905555555555555,610.9729166666667,375.93529411764706,208.44117647058823,0.05392395496805073,0.4411764705882353,0.08108108108108109
16550,8813.58,18,5405,274,109.06805555555556,628.9916666666667,489.6433333333333,300.27777777777777,0.026984483921744996,0.0,0.3793103448275862
16551,2237.12,7,2076,67,96.13333333333334,630.7263888888889,319.5885714285714,296.57142857142856,0.009497782751410926,0.14285714285714285,0.0
16552,379.73,2,219,17,243.11527777777778,130.89444444444445,189.865,109.5,0.007581820479339539,0.0,0.0
16553,16584.01,33,16427,195,163.88055555555556,502.8722222222222,502.54575757575753,497.7878787878788,0.06350816454789023,0.12121212121212122,0.08333333333333333
16554,2841.72,8,1346,108,42.91597222222222,682.2145833333333,355.215,168.25,0.01024568293880339,0.125,0.5555555555555556
16555,1915.68,6,1816,59,35.92986111111111,470.0361111111111,319.28000000000003,302.6666666666667,0.010614897418810778,0.0,0.4
16556,8012.58,17,4353,280,67.0513888888889,666.03125,471.32823529411763,256.05882352941177,0.023986882173811196,0.11764705882352941,0.2916666666666667
16557,281.85,2,111,11,24.948611111111113,113.025,140.925,55.5,0.008770006577504933,0.0,0.0
16558,13304.11,38,7813,383,1.1041666666666667,735.6729166666667,350.10815789473685,205.60526315789474,0.050225818219868046,0.07894736842105263,0.19148936170212766
16559,175.0,1,61,17,397.95694444444445,0.0,175.0,61.0,0.0,1.0,0.0
16560,3048.38,8,1603,140,27.09375,704.9375,381.0475,200.375,0.009915891987605134,0.375,0.2
16561,511.12,2,244,29,6.041666666666667,54.08125,255.56,122.0,0.018154998297968912,0.5,0.0
16562,223.85999999999999,1,264,34,477.0451388888889,0.0,223.85999999999999,264.0,0.0,0.0,0.0
16563,4412.56,6,2584,55,54.04097222222222,684.7194444444444,735.4266666666667,430.6666666666667,0.007291611810790776,0.16666666666666666,0.14285714285714285
16564,87.8,1,40,5,569.9229166666667,0.0,87.8,40.0,0.0,0.0,0.0
16565,773.05,4,211,7,364.8951388888889,191.10694444444445,193.2625,52.75,0.015616301683813269,0.0,0.2
16566,614.66,5,362,14,15.844444444444445,277.25347222222223,122.93199999999999,72.4,0.01437538215805433,0.2,0.16666666666666666
16567,865.6,2,996,34,194.95347222222222,142.18472222222223,432.8,498.0,0.006983985333630799,0.5,0.0
16568,1020.9000000000001,2,366,5,428.0805555555556,213.83541666666667,510.45000000000005,183.0,0.004654726001493391,0.0,0.0
16569,1455.23,5,988,27,3.8875,720.01875,291.046,197.6,0.0055477059369121815,0.0,0.0
16570,7434.31,20,4292,114,15.825,604.3125,371.7155,214.6,0.03138874548270521,0.0,0.3548387096774194
16571,4248.74,10,3703,151,27.044444444444444,605.1069444444445,424.87399999999997,370.3,0.014848864680554632,0.1,0.4117647058823529
16572,1009.6,3,532,40,127.84444444444445,148.1875,336.53333333333336,177.33333333333334,0.013405948889819858,0.0,0.25
16573,663.61,2,360,40,85.15069444444444,205.74930555555557,331.805,180.0,0.004836775617276694,0.0,0.5
16574,1301.78,3,1002,86,71.96597222222222,587.0784722222222,433.9266666666667,334.0,0.003400906672271865,0.0,0.0
16576,540.87,2,323,32,420.96736111111113,101.12152777777777,270.435,161.5,0.009792254598619564,0.0,0.6
16577,380.0,1,142,23,667.1284722222222,0.0,380.0,142.0,0.0,0.0,0.0
16578,156.6,1,108,9,626.9020833333333,0.0,156.6,108.0,0.0,0.0,0.0
16579,295.05,1,119,14,426.0361111111111,0.0,295.05,119.0,0.0,1.0,0.5
16581,105.84,1,134,9,183.11458333333334,0.0,105.84,134.0,0.0,0.0,0.5
16582,313.62,1,164,6,113.825,0.0,313.62,164.0,0.0,0.0,0.0
16583,297.95,2,153,18,374.03263888888887,299.9895833333333,148.975,76.5,0.0033223741131683682,0.0,0.0
16584,3156.17,5,1913,61,80.96180555555556,581.1277777777777,631.234,382.6,0.00687134363398643,0.2,0.2857142857142857
16585,341.59,2,151,16,594.0944444444444,101.87708333333333,170.795,75.5,0.009720337781737915,0.5,0.0
16586,1462.78,3,348,27,249.1375,386.9222222222222,487.5933333333333,116.0,0.0051556726720705754,0.3333333333333333,0.0
16587,225.15,1,71,13,232.87430555555557,0.0,225.15,71.0,0.0,0.0,0.0
16588,1361.28,4,882,64,386.7875,188.17569444444445,340.32,220.5,0.0158582740177598,0.0,0.0
16589,612.36,4,536,39,71.91666666666667,378.99583333333334,153.09,134.0,0.007894823408151405,0.0,0.0
16590,605.9,2,240,26,401.15555555555557,13.872916666666667,302.95,120.0,0.0672363076061073,0.0,0.3333333333333333
16591,213.5,1,41,10,69.08819444444444,0.0,213.5,41.0,0.0,1.0,0.0
16592,7807.91,28,5504,221,4.959027777777778,716.9111111111112,278.8539285714286,196.57142857142858,0.037609112858292576,0.21428571428571427,0.17647058823529413
16593,1071.1399999999999,8,377,57,51.00625,684.08125,133.89249999999998,47.125,0.010217766140877452,0.75,0.1111111111111111
16594,181.09,1,64,53,75.94583333333334,0.0,181.09,64.0,0.0,1.0,0.0
16595,1757.75,5,1331,337,61.982638888888886,630.04375,351.55,266.2,0.006338704725306288,0.8,0.0
16596,458.98,4,180,23,16.116666666666667,713.8701388888888,114.745,45.0,0.004196566392691757,0.0,0.0
16597,90.04,1,184,7,4.879166666666666,0.0,90.04,184.0,0.0,0.0,0.0
16598,145.04999999999998,1,73,10,286.0472222222222,0.0,145.04999999999998,73.0,0.0,1.0,0.5
16599,172.8,1,159,12,386.00347222222223,0.0,172.8,159.0,0.0,0.0,0.0
16600,2153.41,13,2420,106,4.868055555555555,717.1256944444444,165.64692307692306,186.15384615384616,0.016710166608484085,0.07692307692307693,0.1875
16601,677.0,3,391,60,41.07013888888889,582.8958333333334,225.66666666666666,130.33333333333334,0.00342526849109787,0.6666666666666666,0.0
16602,763.33,2,429,37,36.87222222222222,352.2784722222222,381.665,214.5,0.002830628183228135,0.0,0.6
16603,482.47,2,480,34,75.1138888888889,16.877777777777776,241.235,240.0,0.05593536357986327,0.0,0.0
16604,432.45,2,175,10,563.1527777777778,5.691666666666666,216.225,87.5,0.14943960149439603,0.0,0.3333333333333333
16605,60.48,1,144,1,724.7409722222222,0.0,60.48,144.0,0.0,0.0,0.0
16606,357.66,2,148,16,404.9534722222222,30.025,178.83,74.0,0.03223207091055601,0.5,0.0
16607,5706.87,25,4436,212,18.101388888888888,571.8493055555556,228.2748,177.44,0.041895835025451474,0.0,0.13793103448275862
16608,1286.6200000000001,2,612,94,454.04583333333335,209.9909722222222,643.3100000000001,306.0,0.004739539277286087,1.0,0.0
16609,5493.46,7,2420,155,15.970833333333333,237.13958333333332,784.78,345.7142857142857,0.025195307374001594,0.0,0.2222222222222222
16610,75.66,1,66,6,219.98402777777778,0.0,75.66,66.0,0.0,0.0,0.0
16611,1785.13,6,874,86,186.87777777777777,452.98541666666665,297.5216666666667,145.66666666666666,0.011013569635588515,0.16666666666666666,0.14285714285714285
16612,3245.43,9,1419,105,33.21666666666667,703.6555555555556,360.6033333333333,157.66666666666666,0.011353064539018276,0.1111111111111111,0.1
16613,618.59,1,293,30,70.87361111111112,0.0,618.59,293.0,0.0,0.0,0.0
16614,1179.79,3,349,37,183.05138888888888,395.84583333333336,393.2633333333333,116.33333333333333,0.0050397404533666515,0.0,0.0
16615,291.5,1,211,19,626.9006944444444,0.0,291.5,211.0,0.0,0.0,0.5
16616,500.42,2,370,31,15.846527777777778,142.1201388888889,250.21,185.0,0.006987136875100075,0.0,0.0
16617,151.85,1,91,5,236.09375,0.0,151.85,91.0,0.0,0.0,0.0
16618,2647.59,5,1363,79,31.956944444444446,291.08125,529.518,272.6,0.013694819506558533,0.0,0.16666666666666666
16619,1938.33,4,1055,103,264.18888888888887,391.84236111111113,484.5825,263.75,0.0076366509749988066,0.25,0.2
16620,1758.93,6,1146,78,4.021527777777778,734.9055555555556,293.15500000000003,191.0,0.006794350120410983,0.0,0.0
16621,813.48,4,302,22,52.05,226.00416666666666,203.37,75.5,0.013215616453442484,0.25,0.0
16622,225.4,1,44,12,544.0875,0.0,225.4,44.0,0.0,0.0,0.5
16623,1015.24,4,442,44,246.11180555555555,346.83680555555554,253.81,110.5,0.00862473422042984,0.0,0.2
16624,810.5699999999999,2,488,44,81.00763888888889,116.92986111111111,405.28499999999997,244.0,0.00847961653289679,0.0,0.0
16625,1654.03,5,1057,82,275.0,269.0375,330.806,211.4,0.01481275748738601,0.0,0.16666666666666666
16626,4413.1,17,2690,86,1.0375,265.9784722222222,259.59411764705885,158.23529411764707,0.059929925685851704,0.11764705882352941,0.15
16627,322.8,1,162,20,79.925,0.0,322.8,162.0,0.0,0.0,0.0
16628,2318.1,7,1260,84,30.00347222222222,612.0145833333333,331.15714285714284,180.0,0.00978769537157558,0.0,0.125
16629,408.63,2,489,58,74.09444444444445,22.76527777777778,204.315,244.5,0.042078195312956576,0.5,0.0
16630,106.80000000000001,1,72,4,407.93055555555554,0.0,106.80000000000001,72.0,0.0,0.0,0.5
16631,1892.52,7,775,46,482.0625,170.02152777777778,270.36,110.71428571428571,0.03508330254069704,0.14285714285714285,0.125
16632,406.4,2,256,22,486.0493055555556,95.78680555555556,203.2,128.0,0.010331986826716795,0.0,0.0
16633,2883.1,6,1138,115,17.964583333333334,216.96180555555554,480.51666666666665,189.66666666666666,0.0229397989581508,0.16666666666666666,0.14285714285714285
16634,1649.81,6,1257,72,223.02847222222223,465.11041666666665,274.9683333333333,209.5,0.010727072001001193,0.16666666666666666,0.4
16635,473.0,1,277,25,407.13125,0.0,473.0,277.0,0.0,0.0,0.0
16636,3802.04,4,2186,62,438.9840277777778,207.96319444444444,950.51,546.5,0.014356595227096744,0.0,0.0
16637,1154.47,4,927,66,32.98125,193.12291666666667,288.6175,231.75,0.015454125929662263,0.0,0.2
16638,2380.13,15,1627,130,23.070138888888888,455.9,158.67533333333333,108.46666666666667,0.030641278179032613,0.06666666666666667,0.0625
16639,1747.98,4,751,76,31.979166666666668,377.7895833333333,436.995,187.75,0.007919964360160379,0.0,0.2
16640,179.4,1,146,13,398.08472222222224,0.0,179.4,146.0,0.0,1.0,0.0
16641,554.5,2,454,36,106.00069444444445,596.01875,277.25,227.0,0.0016749892695999918,0.0,0.0
16642,1077.45,3,775,50,5.054861111111111,410.88125,359.15000000000003,258.3333333333333,0.004855768501236703,0.0,0.4
16643,923.11,2,553,48,246.18472222222223,176.9423611111111,461.555,276.5,0.005619797297033606,0.0,0.3333333333333333
16644,833.78,2,826,62,178.0076388888889,34.99027777777778,416.89,413.0,0.027785281518928725,0.0,0.0
16645,160.39,1,117,14,736.1256944444444,0.0,160.39,117.0,0.0,0.0,0.0
16646,678.8,1,1072,29,449.9736111111111,0.0,678.8,1072.0,0.0,0.0,0.5
16647,541.9,4,396,28,170.04375,374.8298611111111,135.475,99.0,0.00798233538742967,0.25,0.0
16648,672.8,3,503,37,43.16111111111111,547.75,224.26666666666665,167.66666666666666,0.0036446469248291574,0.0,0.25
16649,306.58000000000004,1,82,20,520.88125,0.0,306.58000000000004,82.0,0.0,0.0,0.0
16650,1916.11,7,1511,71,72.12430555555555,447.81458333333336,273.72999999999996,215.85714285714286,0.013368549558791446,0.0,0.0
16651,136.2,1,60,6,587.0444444444445,0.0,136.2,60.0,0.0,1.0,0.0
16652,17550.39,16,7477,124,59.13333333333333,573.9694444444444,1096.899375,467.3125,0.02608834285879926,0.1875,0.3333333333333333
16653,1212.66,2,733,67,16.915972222222223,55.050694444444446,606.33,366.5,0.017840992157397196,0.0,0.3333333333333333
16654,1484.07,8,640,64,141.89375,471.07916666666665,185.50875,80.0,0.014828021430021448,0.125,0.1111111111111111
16655,6423.26,13,3938,408,18.05902777777778,659.8229166666666,494.0969230769231,302.9230769230769,0.01815917653178644,0.5384615384615384,0.07142857142857142
16656,16833.170000000002,30,15433,22,22.92152777777778,713.0722222222222,561.1056666666667,514.4333333333333,0.04061213851695673,0.06666666666666667,0.3181818181818182
16657,874.43,4,1130,158,10.043055555555556,244.99027777777778,218.6075,282.5,0.012195603936469937,0.0,0.0
16658,690.83,6,277,49,368.9604166666667,250.89097222222222,115.13833333333334,46.166666666666664,0.019849857880531424,0.0,0.3333333333333333
16659,39.12,1,72,2,189.9076388888889,0.0,39.12,72.0,0.0,0.0,0.0
16660,1879.55,7,991,20,16.914583333333333,678.1555555555556,268.50714285714287,141.57142857142858,0.00883450035992409,0.0,0.125
16661,932.76,4,364,50,540.8930555555555,181.98958333333334,233.19,91.0,0.016394375818295667,0.0,0.2
16662,151.05,1,35,28,394.82916666666665,0.0,151.05,35.0,0.0,0.0,0.0
16663,165.0,1,100,1,729.9847222222222,0.0,165.0,100.0,0.0,0.0,0.0
16664,109.2,1,24,8,569.81875,0.0,109.2,24.0,0.0,0.0,0.0
16665,135.39999999999998,1,59,9,362.94930555555555,0.0,135.39999999999998,59.0,0.0,1.0,0.0
16666,217.71,2,354,42,19.950694444444444,601.95,108.855,177.0,0.0016585123144539347,1.0,0.0
16667,567.1800000000001,2,236,52,68.89166666666667,216.10347222222222,283.59000000000003,118.0,0.0046060986024968895,0.5,0.0
16668,862.42,13,773,28,15.796527777777778,615.9708333333333,66.34,59.46153846153846,0.01944986594450035,0.07692307692307693,0.0
16669,1348.88,3,881,141,24.016666666666666,54.925694444444446,449.6266666666667,293.6666666666667,0.03576173742440987,0.0,0.4
16670,8030.150000000001,20,4534,258,17.136111111111113,712.7541666666667,401.50750000000005,226.7,0.026619809574958696,0.0,0.3939393939393939
16671,1692.27,3,875,3,28.96527777777778,136.09722222222223,564.09,291.6666666666667,0.014588187620301894,0.0,0.0
16672,8134.9400000000005,20,2832,22,2.847916666666667,264.2597222222222,406.747,141.6,0.07162791184740323,0.0,0.13043478260869565
16673,171.13,1,95,19,679.9361111111111,0.0,171.13,95.0,0.0,0.0,0.0
16674,304.24,2,181,89,55.05486111111111,43.897222222222226,152.12,90.5,0.02227309286642331,0.5,0.0
16675,608.86,2,296,21,442.02430555555554,36.96111111111111,304.43,148.0,0.026342748426752525,0.0,0.0
16676,2361.9,6,927,106,34.03402777777778,384.95416666666665,393.65000000000003,154.5,0.012954906130909327,0.3333333333333333,0.14285714285714285
16677,880.62,2,457,45,411.9145833333333,240.94583333333333,440.31,228.5,0.00413315652608194,0.5,0.3333333333333333
16678,3109.99,12,2397,92,3.0229166666666667,280.1201388888889,259.1658333333333,199.75,0.03912917816374474,0.16666666666666666,0.29411764705882354
16679,663.31,3,247,15,366.9576388888889,180.80277777777778,221.10333333333332,82.33333333333333,0.01100093202340754,0.0,0.0
16680,821.45,3,377,24,43.802083333333336,491.33680555555554,273.81666666666666,125.66666666666667,0.004062259773049445,0.0,0.0
16681,1921.84,7,1492,22,73.06875,568.8756944444444,274.5485714285714,213.14285714285714,0.010528611868328985,0.0,0.0
16682,1028.0,5,1040,15,5.0256944444444445,183.04930555555555,205.6,208.0,0.0217333066697858,0.2,0.0
16683,320.25,1,190,18,534.0930555555556,0.0,320.25,190.0,0.0,0.0,0.5
16684,147142.77,55,104810,184,4.947222222222222,728.0486111111111,2675.3230909090908,1905.6363636363637,0.07406913500280998,0.12727272727272726,0.15384615384615385
16685,324.24,2,396,60,61.952777777777776,0.009722222222222222,162.12,198.0,0.9903713892709767,1.0,0.0
16686,4881.07,16,3419,549,47.95902777777778,685.9173611111111,305.066875,213.6875,0.021836687859711414,0.625,0.1111111111111111
16687,157.63,1,141,8,391.0444444444444,0.0,157.63,141.0,0.0,1.0,0.0
16688,1260.86,4,804,52,1.8930555555555555,59.12569444444444,315.215,201.0,0.049895473602753496,0.0,0.0
16689,422.59999999999997,2,330,12,76.04930555555555,6.923611111111111,211.29999999999998,165.0,0.126205083260298,1.0,0.3333333333333333
16690,353.03,4,209,12,72.90833333333333,379.00138888888887,88.2575,52.25,0.00789470798717841,0.25,0.2
16691,178.83,2,92,11,418.90763888888887,143.00555555555556,89.415,46.0,0.006944176536399059,0.5,0.0
16692,1914.6999999999998,4,878,3,256.9194444444444,185.13541666666666,478.67499999999995,219.5,0.01611729811405227,0.0,0.0
16693,1179.48,5,658,149,69.06944444444444,587.9361111111111,235.89600000000002,131.6,0.006791908196040883,1.0,0.0
16694,98.30000000000001,1,26,3,723.8784722222222,0.0,98.30000000000001,26.0,0.0,0.0,0.0
16695,191.9,2,184,30,562.0097222222222,0.008333333333333333,95.95,92.0,0.9917355371900827,0.0,0.0
16696,657.9000000000001,4,146,7,135.93541666666667,112.96041666666666,164.47500000000002,36.5,0.026324930074404493,0.0,0.0
16697,112.75,1,27,20,241.81805555555556,0.0,112.75,27.0,0.0,0.0,0.0
16698,1998.0,2,840,4,227.08194444444445,26.888194444444444,999.0,420.0,0.03585746657038273,0.0,0.0
16699,994.6,7,640,51,380.925,355.0465277777778,142.0857142857143,91.42857142857143,0.016851730130464378,0.0,0.125
16700,8830.77,25,6644,263,9.07638888888889,729.00625,353.23080000000004,265.76,0.032876430852475574,0.08,0.1935483870967742
16701,9916.73,26,11046,154,9.069444444444445,729.6604166666667,381.4126923076923,424.84615384615387,0.034215621141832304,0.19230769230769232,0.23529411764705882
16702,1110.83,4,692,84,415.94444444444446,316.8958333333333,277.7075,173.0,0.009437053542171834,0.25,0.2
16704,664.16,2,433,50,618.95,53.99166666666667,332.08,216.5,0.018184573420215185,0.0,0.0
16705,43515.051,42,22302,400,1.0291666666666666,729.9402777777777,1036.072642857143,531.0,0.056092133990275087,0.047619047619047616,0.3114754098360656
16706,531.35,3,249,108,37.958333333333336,76.91458333333334,177.11666666666667,83.0,0.02566913553838338,0.0,0.0
16707,533.41,4,396,64,400.9243055555556,239.97430555555556,133.3525,99.0,0.01244946009112313,0.0,0.0
16708,656.63,1,285,27,46.020833333333336,0.0,656.63,285.0,0.0,0.0,0.0
16709,9056.01,14,3261,220,85.07916666666667,645.9027777777778,646.8578571428571,232.92857142857142,0.020095755415763143,0.21428571428571427,0.0
16710,5921.35,22,4174,541,19.916666666666668,716.0479166666667,269.15227272727276,189.72727272727272,0.029286745713762736,0.45454545454545453,0.043478260869565216
16711,2868.48,9,1212,26,3.845833333333333,734.1319444444445,318.72,134.66666666666666,0.010882400173816113,0.1111111111111111,0.1
16712,4232.87,13,2074,301,9.959722222222222,391.91875,325.6053846153846,159.53846153846155,0.030540665213864192,0.0,0.0
16713,14115.56,32,8482,541,19.009722222222223,705.9909722222222,441.11125,265.0625,0.04384780176550266,0.0625,0.21951219512195122
16714,1497.33,4,828,95,219.0701388888889,451.99444444444447,374.3325,207.0,0.00662259777529771,0.25,0.42857142857142855
16715,625.52,2,1174,27,78.77430555555556,484.2361111111111,312.76,587.0,0.0020608523914474627,0.0,0.0
16716,2149.6800000000003,3,912,7,267.11597222222224,363.95694444444445,716.5600000000001,304.0,0.005480098489547854,0.0,0.25
16717,6663.68,14,3145,274,24.023611111111112,708.8479166666667,475.9771428571429,224.64285714285714,0.01831378200142636,0.0,0.3
16718,3006.08,5,1924,123,369.99097222222224,363.9972222222222,601.216,384.8,0.010958987511320482,0.6,0.0
16719,3513.62,14,2356,204,15.140972222222222,711.9361111111111,250.97285714285712,168.28571428571428,0.018234452985891676,0.14285714285714285,0.17647058823529413
16720,758.74,3,460,130,26.852777777777778,695.9361111111111,252.91333333333333,153.33333333333334,0.002869703503828264,0.6666666666666666,0.25
16721,292.47,1,172,37,262.8625,0.0,292.47,172.0,0.0,0.0,0.0
16722,8189.56,22,7986,145,17.97361111111111,718.7534722222222,372.25272727272727,363.0,0.02917665674493099,0.0,0.15384615384615385
16723,1231.36,4,958,108,91.99236111111111,643.9847222222222,307.84,239.5,0.004651272962968546,0.0,0.0
16724,147.35,1,69,17,405.0486111111111,0.0,147.35,69.0,0.0,1.0,0.0
16725,1688.26,14,700,242,302.83194444444445,424.04027777777776,120.59,50.0,0.030585336683778337,0.14285714285714285,0.125
16726,2063.88,7,1323,150,26.914583333333333,384.9472222222222,294.84000000000003,189.0,0.015546167078112294,0.42857142857142855,0.0
16727,1377.77,4,1066,158,364.95972222222224,324.125,344.4425,266.5,0.00922722029988466,0.25,0.0
16728,1048.28,4,671,218,46.92638888888889,218.04722222222222,262.07,167.75,0.013695676984922075,0.75,0.0
16729,7205.33,21,5722,234,38.93125,203.0048611111111,343.11095238095237,272.4761904761905,0.09803687956782076,0.0,0.19230769230769232
16730,743.11,3,994,75,52.94375,267.00694444444446,247.70333333333335,331.3333333333333,0.007462493198248387,0.0,0.25
16731,170.3,1,124,40,648.90625,0.0,170.3,124.0,0.0,0.0,0.0
16732,4387.64,4,2414,199,32.12222222222222,699.8680555555555,1096.91,603.5,0.004280406242259103,0.0,0.5555555555555556
16733,259.68,1,112,12,530.1097222222222,0.0,259.68,112.0,0.0,0.0,0.0
16734,646.76,3,345,44,52.9625,61.94722222222222,215.58666666666667,115.0,0.0317726490446141,0.0,0.0
16735,6217.41,14,4240,178,79.0423611111111,653.1006944444445,444.1007142857143,302.85714285714283,0.019874615805203284,0.14285714285714285,0.36363636363636365
16736,2956.56,5,1050,116,506.1118055555556,230.74791666666667,591.312,210.0,0.017260133586242236,0.0,0.375
16737,835.1999999999999,2,576,1,53.990972222222226,524.1319444444445,417.59999999999997,288.0,0.0019042833150398708,0.0,0.0
16738,3.75,1,3,1,298.1277777777778,0.0,3.75,3.0,0.0,0.0,0.0
16739,786.43,2,391,33,177.14791666666667,359.98541666666665,393.215,195.5,0.002770195010186238,0.0,0.5
16740,226.91,1,110,30,395.96944444444443,0.0,226.91,110.0,0.0,0.0,0.0
16741,173.06,1,81,11,625.8993055555555,0.0,173.06,81.0,0.0,0.0,0.0
16742,2799.87,14,2558,51,47.03333333333333,676.7777777777778,199.9907142857143,182.71428571428572,0.01918032786885246,0.07142857142857142,0.06666666666666667
16743,4212.15,14,3707,118,29.98402777777778,566.9944444444444,300.86785714285713,264.7857142857143,0.022887547804653803,0.0,0.06666666666666667
16744,1291.91,7,798,198,11.988888888888889,161.91180555555556,184.55857142857144,114.0,0.03682974342797952,0.8571428571428571,0.0
16745,7180.7,17,6719,148,87.03611111111111,225.01875,422.3941176470588,395.2352941176471,0.07079058706412632,0.11764705882352941,0.05555555555555555
16746,18046.75,42,11900,390,5.011805555555555,730.98125,429.6845238095238,283.3333333333333,0.05601236370467139,0.19047619047619047,0.08695652173913043
16747,836.06,2,583,34,38.050694444444446,30.054861111111112,418.03,291.5,0.032201077841633306,0.0,0.5
16748,3637.33,14,2127,55,18.10625,711.9090277777777,259.8092857142857,151.92857142857142,0.018235145710698245,0.07142857142857142,0.06666666666666667
16749,4157.88,2,1910,53,591.9888888888889,132.95902777777778,2078.94,955.0,0.007464969077402398,0.0,0.0
16750,623.93,5,214,74,45.00138888888889,187.82986111111111,124.78599999999999,42.8,0.02118309030395528,0.0,0.0
16751,1764.72,1,1031,24,31.084722222222222,0.0,1764.72,1031.0,0.0,0.0,0.0
16752,207.5,1,54,9,373.02222222222224,0.0,207.5,54.0,0.0,0.0,0.0
16753,223.92000000000002,1,189,34,58.983333333333334,0.0,223.92000000000002,189.0,0.0,0.0,0.0
16754,65500.07,29,63551,38,372.8,269.25416666666666,2258.6231034482757,2191.4137931034484,0.10360617320115324,0.0,0.17142857142857143
16755,2864.68,7,1985,219,114.97847222222222,615.9555555555555,409.23999999999995,283.57142857142856,0.009725173792457588,0.14285714285714285,0.3
16756,1312.3700000000001,7,707,64,215.13680555555555,425.7340277777778,187.48142857142858,101.0,0.014060280196648641,0.42857142857142855,0.2222222222222222
16757,270.48,2,180,13,319.03541666666666,90.86805555555556,135.24,90.0,0.010885176506160707,0.0,0.0
16758,369.34000000000003,1,203,22,65.91875,0.0,369.34000000000003,203.0,0.0,0.0,0.0
16759,789.79,3,609,40,8.005555555555556,23.15,263.2633333333333,203.0,0.08281573498964803,0.0,0.25
16760,228.0,1,168,17,430.87152777777777,0.0,228.0,168.0,0.0,0.0,0.0
16761,316.62,1,341,13,97.06597222222223,0.0,316.62,341.0,0.0,1.0,0.0
16762,1207.24,3,480,51,20.04652777777778,124.95208333333333,402.41333333333336,160.0,0.01587905453462792,0.3333333333333333,0.0
16763,964.6999999999999,2,492,44,199.0402777777778,539.8513888888889,482.34999999999997,246.0,0.001848936732980152,0.0,0.3333333333333333
16764,2790.9500000000003,13,1253,209,4.047916666666667,139.76666666666668,214.68846153846155,96.38461538461539,0.08524745441629172,0.07692307692307693,0.2777777777777778
16765,454.75,2,311,52,294.88125,88.0826388888889,227.375,155.5,0.011225531848548865,0.0,0.0
16766,1145.6,2,536,17,273.89444444444445,0.075,572.8,268.0,0.9302325581395349,0.0,0.0
16767,8056.76,15,7102,209,31.130555555555556,559.7034722222222,537.1173333333334,473.46666666666664,0.024968634391569124,0.06666666666666667,0.0625
16768,1698.57,9,774,108,48.09166666666667,684.9520833333333,188.73,86.0,0.011662622206969024,0.6666666666666666,0.35714285714285715
16769,1117.05,4,295,76,260.96458333333334,465.1048611111111,279.2625,73.75,0.006436319914897548,0.0,0.0
16770,1778.93,9,1052,202,58.02013888888889,416.84236111111113,197.6588888888889,116.88888888888889,0.019145976436488375,0.5555555555555556,0.18181818181818182
16771,3949.6,10,2308,303,33.97361111111111,697.0666666666667,394.96,230.8,0.012892751408652467,0.3,0.0
16772,3698.0499999999997,3,687,54,423.9798611111111,298.1034722222222,1232.6833333333332,229.0,0.006686649222560941,0.0,0.4
16773,421.24,3,252,53,57.925694444444446,675.9833333333333,140.41333333333333,84.0,0.0029542824786429997,0.3333333333333333,0.0
16774,1567.48,8,774,89,68.00625,593.825,195.935,96.75,0.011768167107972932,0.0,0.1111111111111111
16775,2820.84,16,957,132,10.894444444444444,431.90833333333336,176.3025,59.8125,0.034649367649040405,0.0,0.058823529411764705
16776,592.51,2,435,105,60.99027777777778,355.03541666666666,296.255,217.5,0.0028087093395437017,0.0,0.0
16777,1292.18,5,470,125,80.96458333333334,552.0409722222222,258.43600000000004,94.0,0.007232737176645793,0.4,0.16666666666666666
16778,245.94,2,194,16,74.95972222222223,199.93541666666667,122.97,97.0,0.004976723449698805,0.0,0.0
16779,32809.03,53,19411,293,2.9138888888888888,734.0770833333333,619.0383018867924,366.24528301886795,0.07074088034984993,0.11320754716981132,0.14516129032258066
16780,596.4,3,352,73,100.86180555555555,306.85277777777776,198.79999999999998,117.33333333333333,0.006496611836465844,0.0,0.0
16781,623.0,2,192,36,372.93333333333334,297.0208333333333,311.5,96.0,0.0033554701153442855,0.0,0.3333333333333333
16782,9636.12,38,4027,575,10.979166666666666,720.0569444444444,253.58210526315793,105.97368421052632,0.05131356168895584,0.3684210526315789,0.24
16783,391.95,1,163,25,437.0395833333333,0.0,391.95,163.0,0.0,0.0,0.0
16784,892.33,5,494,138,20.020833333333332,601.9756944444445,178.466,98.8,0.006633766562822115,0.8,0.0
16785,533.78,1,313,35,410.09305555555557,0.0,533.78,313.0,0.0,0.0,0.0
16786,51.839999999999996,1,72,1,394.18402777777777,0.0,51.839999999999996,72.0,0.0,0.0,0.0
16787,1017.53,4,472,102,398.0756944444444,300.9923611111111,254.3825,118.0,0.00993402610901214,1.0,0.0
16788,1928.93,5,965,348,123.91458333333334,547.0923611111111,385.786,193.0,0.007298040045460708,0.4,0.0
16789,80.8,1,32,5,8.901388888888889,0.0,80.8,32.0,0.0,0.0,0.0
16790,1545.6200000000001,6,898,88,4.039583333333334,34.020833333333336,257.60333333333335,149.66666666666666,0.14277215942891136,0.16666666666666666,0.25
16791,3957.63,15,1854,393,29.73472222222222,707.0444444444445,263.842,123.6,0.019772770070930888,0.2,0.16666666666666666
16792,623.46,5,324,90,282.92291666666665,422.0375,124.69200000000001,64.8,0.009455426528381054,0.2,0.0
16793,243.84,1,146,16,57.90416666666667,0.0,243.84,146.0,0.0,0.0,0.0
16794,2052.7,15,1576,245,1.788888888888889,623.1090277777778,136.84666666666666,105.06666666666666,0.022431978030904055,0.4666666666666667,0.11764705882352941
16795,2062.41,3,1214,306,365.9458333333333,318.0375,687.4699999999999,404.6666666666667,0.006268855542060102,0.0,0.4
16796,305.62,1,186,18,89.95069444444445,0.0,305.62,186.0,0.0,1.0,0.0
16797,1802.02,5,898,289,393.73333333333335,344.2368055555556,360.404,179.6,0.01158625017852078,0.2,0.4444444444444444
16798,841.16,3,205,141,554.7423611111111,174.9763888888889,280.38666666666666,68.33333333333333,0.011365161045910515,0.3333333333333333,0.25
16799,452.78000000000003,2,162,81,432.93194444444447,21.070833333333333,226.39000000000001,81.0,0.045308665282235226,1.0,0.3333333333333333
16800,1162.65,1,524,148,11.947222222222223,0.0,1162.65,524.0,0.0,0.0,0.0
16801,1594.23,4,493,72,163.88680555555555,110.06736111111111,398.5575,123.25,0.027010635437703597,0.25,0.2
16802,582.61,2,369,48,679.9625,51.03055555555556,291.305,184.5,0.019219475735411884,0.0,0.0
16803,332.3,1,245,24,65.93194444444444,0.0,332.3,245.0,0.0,0.0,0.0
16804,536.99,3,246,59,23.838194444444444,247.03819444444446,178.99666666666667,82.0,0.008063274305312522,0.0,0.0
16805,1091.34,5,1120,213,174.06041666666667,557.8708333333333,218.26799999999997,224.0,0.007157288878616855,0.2,0.0
16806,762.16,4,356,68,103.89097222222222,135.8111111111111,190.54,89.0,0.02192804353122716,0.25,0.0
16807,2123.88,6,1433,107,143.03472222222223,480.8902777777778,353.98,238.83333333333334,0.010375805926314485,0.16666666666666666,0.25
16808,288.42,2,196,21,99.71944444444445,175.02013888888888,144.21,98.0,0.005681168111287771,0.0,0.0
16809,1727.43,9,1093,113,23.87847222222222,582.0076388888889,191.93666666666667,121.44444444444444,0.013721947134769293,0.3333333333333333,0.1
16810,842.0400000000001,2,372,34,192.8875,228.0,421.02000000000004,186.0,0.004366812227074236,0.0,0.5
16811,547.07,2,477,26,5.049305555555556,12.76388888888889,273.535,238.5,0.07265388496468214,0.0,0.0
16812,2392.0,4,1116,98,361.0104166666667,21.915972222222223,598.0,279.0,0.13091305797145367,0.0,0.2
16813,1652.18,10,1501,248,8.949305555555556,196.02430555555554,165.21800000000002,150.1,0.045679643304019885,0.4,0.0
16814,11924.85,36,4844,247,14.974305555555556,593.0291666666667,331.24583333333334,134.55555555555554,0.05891966584132372,0.1111111111111111,0.02702702702702703
16815,406.02,2,237,66,454.07708333333335,82.95416666666667,203.01,118.5,0.011911261104769467,0.5,0.0
16816,417.06,4,274,28,103.94027777777778,254.88541666666666,104.265,68.5,0.01172399755750051,0.5,0.0
16817,2560.7,13,1401,107,3.0743055555555556,429.08125,196.97692307692307,107.76923076923077,0.027901704619766612,0.0,0.2777777777777778
16818,3349.57,11,2164,172,11.089583333333334,194.95763888888888,304.50636363636363,196.72727272727272,0.05103143749180485,0.09090909090909091,0.15384615384615385
16819,182.59,2,253,17,465.80069444444445,0.004166666666666667,91.295,126.5,0.995850622406639,0.0,0.0
16820,497.61,1,307,26,96.03055555555555,0.0,497.61,307.0,0.0,0.0,0.0
16821,113.35,1,13,7,382.1152777777778,0.0,113.35,13.0,0.0,0.0,0.0
16822,181.39,1,171,11,686.9361111111111,0.0,181.39,171.0,0.0,0.0,0.6666666666666666
16823,2243.09,7,1166,149,227.90972222222223,510.2104166666667,320.4414285714286,166.57142857142858,0.011736850041364245,0.14285714285714285,0.125
16824,686.24,3,390,34,16.008333333333333,378.01180555555555,228.74666666666667,130.0,0.005276880484153784,0.0,0.0
16825,1826.89,5,1297,48,39.04097222222222,495.9423611111111,365.37800000000004,259.4,0.008049223235983382,0.0,0.0
16826,341.7,1,158,22,51.947916666666664,0.0,341.7,158.0,0.0,0.0,0.0
16827,392.13,5,125,10,393.9486111111111,195.78958333333333,78.426,25.0,0.02032627912639346,0.0,0.0
16828,128.5,2,59,8,93.90277777777777,19.073611111111113,64.25,29.5,0.049816647062893515,0.0,0.0
16829,513.32,2,215,25,157.0847222222222,231.6923611111111,256.66,107.5,0.00429751967458226,0.0,0.0
16830,1207.5,4,699,65,39.052083333333336,687.975,301.875,174.75,0.00435429442287456,0.25,0.2
16831,91.8,1,48,6,565.1541666666667,0.0,91.8,48.0,0.0,0.0,0.0
16832,417.61,5,179,19,184.88472222222222,274.12569444444443,83.522,35.8,0.014538809281616232,0.0,0.0
16833,2409.04,6,878,87,1.9243055555555555,621.9638888888888,401.50666666666666,146.33333333333334,0.008026147404656058,0.3333333333333333,0.0
16834,898.96,2,760,43,228.1340277777778,446.80069444444445,449.48,380.0,0.0022331363314222444,0.0,0.0
16835,1456.66,6,496,58,128.95833333333334,441.21458333333334,242.77666666666667,82.66666666666667,0.011306727974258348,0.0,0.4
16836,782.37,4,539,42,40.114583333333336,534.8840277777778,195.5925,134.75,0.005598226191664086,0.0,0.0
16837,3170.98,11,1563,123,31.93263888888889,214.23541666666668,288.2709090909091,142.0909090909091,0.04646075518085817,0.0,0.08333333333333333
16838,1159.61,4,509,53,197.98402777777778,465.90694444444443,289.9025,127.25,0.006425263182944496,0.5,0.3333333333333333
16839,21758.25,44,11295,132,9.157638888888888,657.7506944444444,494.5056818181818,256.70454545454544,0.06527507350297965,0.06818181818181818,0.13725490196078433
16840,139.85,2,117,9,603.8763888888889,71.12916666666666,69.925,58.5,0.013864017098954422,0.0,0.3333333333333333
16841,4006.06,12,3478,187,37.04097222222222,660.0131944444445,333.8383333333333,289.8333333333333,0.016641120165906926,0.08333333333333333,0.14285714285714285
16842,1264.19,3,693,45,101.08888888888889,201.82708333333332,421.3966666666667,231.0,0.009860616083075691,0.0,0.25
16843,19571.43,35,18502,317,43.15555555555556,686.8930555555555,559.1837142857142,528.6285714285714,0.04942628759719191,0.14285714285714285,0.07894736842105263
16844,614.34,2,281,26,563.0979166666667,20.050694444444446,307.17,140.5,0.047504371061920625,0.0,0.0
16845,253.88,1,167,20,618.9868055555555,0.0,253.88,167.0,0.0,0.0,0.0
16846,842.41,3,517,47,50.954861111111114,589.0777777777778,280.80333333333334,172.33333333333334,0.003389383697064417,0.0,0.0
16847,614.89,2,255,37,43.97291666666667,574.9979166666667,307.445,127.5,0.0017361173904708856,0.0,0.0
16848,1411.62,4,780,75,53.172222222222224,379.9034722222222,352.905,195.0,0.007876011164975086,0.75,0.0
16849,124.57,1,33,8,187.1486111111111,0.0,124.57,33.0,0.0,0.0,0.0
16850,332.41,1,249,19,334.0701388888889,0.0,332.41,249.0,0.0,0.0,0.0
16851,342.45,3,271,17,4.970833333333333,47.15555555555556,114.14999999999999,90.33333333333333,0.04153207198892478,0.0,0.0
16852,144.91000000000003,2,56,9,10.977777777777778,165.89791666666667,72.45500000000001,28.0,0.005991686534932781,0.0,0.0
16854,1408.96,2,997,72,417.8465277777778,223.08263888888888,704.48,498.5,0.004462639341264849,0.0,0.0
16855,328.4,2,164,19,24.03263888888889,19.81388888888889,164.2,82.0,0.04804484185239557,0.0,0.0
16856,358.49,3,171,16,15.160416666666666,427.825,119.49666666666667,57.0,0.004663907188246954,0.0,0.0
16857,352.8,1,168,11,443.0840277777778,0.0,352.8,168.0,0.0,0.0,0.0
16858,4292.59,10,1423,75,369.12361111111113,355.94652777777776,429.259,142.3,0.02521386061949055,0.2,0.375
16859,1932.41,7,1899,87,145.02152777777778,500.9875,276.05857142857144,271.2857142857143,0.011952488856794242,0.0,0.3
16860,1610.62,3,625,35,453.1145833333333,209.84652777777777,536.8733333333333,208.33333333333334,0.00948557237854021,0.0,0.25
16861,946.59,5,616,39,60.15625,448.88958333333335,189.318,123.2,0.008891070494149026,0.2,0.16666666666666666
16862,662.33,4,513,34,547.9895833333334,154.00555555555556,165.5825,128.25,0.019354145012723558,0.0,0.0
16863,834.27,3,640,43,31.891666666666666,378.22430555555553,278.09,213.33333333333334,0.005273923561070387,0.0,0.4
16864,409.25,2,283,17,434.8569444444444,164.18055555555554,204.625,141.5,0.006053981333557556,0.0,0.0
16865,130.95,1,157,15,402.0527777777778,0.0,130.95,157.0,0.0,0.0,0.0
16866,207.73999999999998,3,60,10,141.11388888888888,20.897222222222222,69.24666666666666,20.0,0.09133578586832425,0.3333333333333333,0.0
16867,76.74000000000001,1,58,6,690.1520833333333,0.0,76.74000000000001,58.0,0.0,0.0,0.0
16868,384.56,3,112,47,394.98125,199.07361111111112,128.18666666666667,37.333333333333336,0.00999632079859496,0.6666666666666666,0.0
16869,817.12,4,583,113,23.033333333333335,152.95902777777778,204.28,145.75,0.019485703718070735,0.0,0.2
16870,450.15999999999997,1,278,28,469.95625,0.0,450.15999999999997,278.0,0.0,0.0,0.0
16871,2812.34,6,1253,131,22.724305555555556,248.37222222222223,468.72333333333336,208.83333333333334,0.020050348653284915,0.16666666666666666,0.14285714285714285
16872,1213.13,6,1079,12,77.86458333333333,385.93680555555557,202.18833333333336,179.83333333333334,0.012922006715854046,0.16666666666666666,0.0
16873,14617.39,12,8601,252,5.03125,663.9083333333333,1218.1158333333333,716.75,0.016543633834237802,0.25,0.29411764705882354
16874,209.89000000000001,1,78,31,379.9875,0.0,209.89000000000001,78.0,0.0,0.0,0.0
16875,4234.53,11,2099,161,67.96597222222222,636.1826388888888,384.9572727272727,190.8181818181818,0.015694087361573246,0.0,0.45
16876,136.01,1,181,32,404.03541666666666,0.0,136.01,181.0,0.0,0.0,0.0
16877,846.62,6,458,111,12.960416666666667,195.8986111111111,141.10333333333332,76.33333333333333,0.025393779934681556,1.0,0.0
16878,13.3,1,12,3,84.79930555555555,0.0,13.3,12.0,0.0,0.0,0.5
16880,1813.21,8,904,130,31.053472222222222,462.90208333333334,226.65125,113.0,0.015089391170011632,0.375,0.0
16881,432.0,1,600,1,67.09513888888888,0.0,432.0,600.0,0.0,0.0,0.0
16882,705.12,3,424,39,67.08888888888889,250.70763888888888,235.04,141.33333333333334,0.007945726275247684,0.0,0.0
16883,2246.06,19,1016,159,187.99930555555557,548.0305555555556,118.21368421052631,53.473684210526315,0.03278506053599527,0.21052631578947367,0.05
16884,1070.97,4,520,64,38.040277777777774,532.9944444444444,267.7425,130.0,0.005618035976237789,0.0,0.0
16885,684.6,4,358,121,15.965277777777779,370.0340277777778,171.15,89.5,0.008085511773590697,0.0,0.0
16886,134.0,1,48,8,456.90416666666664,0.0,134.0,48.0,0.0,0.0,0.5
16887,658.17,3,423,94,35.946527777777774,703.0180555555555,219.39,141.0,0.002840836231709651,0.0,0.0
16888,434.2,3,145,44,401.0076388888889,300.98055555555555,144.73333333333332,48.333333333333336,0.006622942978300663,0.0,0.0
16889,2526.65,6,1611,163,195.07291666666666,371.0131944444444,421.10833333333335,268.5,0.013440383498942504,0.8333333333333334,0.0
16890,285.41,3,243,17,477.06041666666664,105.78888888888889,95.13666666666667,81.0,0.018728540214337737,0.0,0.0
16891,1727.94,11,652,335,2.0659722222222223,733.9430555555556,157.08545454545455,59.27272727272727,0.013606496346088794,0.0,0.0
16892,754.75,7,367,119,1.9805555555555556,729.9569444444444,107.82142857142857,52.42857142857143,0.008208417808466451,0.0,0.2222222222222222
16893,249.89000000000001,2,117,80,367.03055555555557,9.869444444444444,124.94500000000001,58.5,0.09200102223358038,0.5,0.0
16894,1306.96,3,503,186,502.8798611111111,33.05694444444445,435.65333333333336,167.66666666666666,0.05872517434036132,0.3333333333333333,0.4
16895,1102.9,5,421,135,65.02430555555556,601.0472222222222,220.58,84.2,0.006643997102479041,0.0,0.0
16896,103.95,1,18,18,555.8819444444445,0.0,103.95,18.0,0.0,0.0,0.0
16897,289.78,2,73,37,299.90833333333336,14.131944444444445,144.89,36.5,0.06608536025699863,1.0,0.3333333333333333
16898,885.21,5,695,223,26.879166666666666,550.1430555555555,177.042,139.0,0.007257643836168771,0.2,0.16666666666666666
16899,1695.77,8,811,101,8.032638888888888,389.87708333333336,211.97125,101.375,0.01790844308472932,0.375,0.0
16900,887.11,3,833,78,17.095833333333335,46.885416666666664,295.7033333333333,277.6666666666667,0.04176636937132913,0.3333333333333333,0.4
16901,204.26,1,42,23,729.8472222222222,0.0,204.26,42.0,0.0,0.0,0.0
16902,1706.88,1,629,43,116.93958333333333,0.0,1706.88,629.0,0.0,0.0,0.0
16903,1041.75,3,717,148,29.8875,386.03472222222223,347.25,239.0,0.005167495020903235,0.0,0.25
16904,4675.36,21,2607,484,4.986111111111111,406.8798611111111,222.63619047619045,124.14285714285714,0.04903404631333777,0.09523809523809523,0.0
16905,4706.77,17,1913,171,5.950694444444444,723.7479166666667,276.86882352941177,112.52941176470588,0.022076641590897984,0.29411764705882354,0.15
16906,1410.92,7,590,180,82.0423611111111,493.9347222222222,201.56,84.28571428571429,0.012122810808383823,0.0,0.0
16907,1470.89,9,451,109,29.781944444444445,497.0236111111111,163.43222222222224,50.111111111111114,0.016063495427760286,0.0,0.0
16908,252.59,1,61,20,722.96875,0.0,252.59,61.0,0.0,0.0,0.5
16909,379.14,1,436,18,72.83680555555556,0.0,379.14,436.0,0.0,0.0,0.5
16910,1508.96,8,884,318,4.999305555555556,86.94236111111111,188.62,110.5,0.07959758996185949,0.0,0.0
16911,255.25,2,161,30,636.0222222222222,25.8375,127.625,80.5,0.037261294829995344,0.5,0.3333333333333333
16912,4460.51,15,1689,130,29.022222222222222,701.9902777777778,297.36733333333336,112.6,0.01991492690945228,0.06666666666666667,0.16666666666666666
16913,423.90999999999997,3,229,18,290.99583333333334,361.03472222222223,141.3033333333333,76.33333333333333,0.005524331997007653,0.0,0.0
16914,183.76,1,112,25,36.890972222222224,0.0,183.76,112.0,0.0,0.0,0.0
16915,1543.18,11,190,54,9.840972222222222,560.1298611111112,140.2890909090909,17.272727272727273,0.01782118666826727,0.0,0.0
16916,902.02,4,649,180,24.029166666666665,391.96666666666664,225.505,162.25,0.00763423530409704,0.0,0.0
16917,1851.88,2,792,45,277.03819444444446,355.8548611111111,925.94,396.0,0.0028022597110948077,0.0,0.3333333333333333
16918,3206.54,16,2066,280,50.0,687.0159722222222,200.40875,129.125,0.021801819442579962,0.0625,0.15789473684210525
16919,4909.66,24,2333,230,156.96875,320.9215277777778,204.56916666666666,97.20833333333333,0.07144598299706408,0.0,0.14285714285714285
16920,355.45,1,81,23,411.94652777777776,0.0,355.45,81.0,0.0,1.0,0.0
16921,409.21,3,275,78,61.852777777777774,539.0333333333333,136.40333333333334,91.66666666666667,0.0037034750941299923,0.6666666666666666,0.0
16922,611.08,1,281,122,573.0597222222223,0.0,611.08,281.0,0.0,1.0,0.0
16923,13157.130000000001,32,6190,431,12.993055555555555,665.0736111111111,411.16031250000003,193.4375,0.046541402455934765,0.78125,0.21951219512195122
16924,829.89,3,467,69,21.997916666666665,62.99930555555556,276.63,155.66666666666666,0.031250339087880726,0.0,0.25
16925,125.65,1,123,18,540.9076388888889,0.0,125.65,123.0,0.0,0.0,0.0
16926,1169.6100000000001,5,197,63,371.9638888888889,155.03125,233.92200000000003,39.4,0.025635890246344883,0.0,0.16666666666666666
16927,543.05,3,993,5,116.06944444444444,245.9673611111111,181.01666666666665,331.0,0.008098236102948827,0.0,0.0
16928,3897.5299999999997,29,2587,135,80.90277777777777,594.1111111111111,134.39758620689653,89.20689655172414,0.04705003734129948,0.1724137931034483,0.12121212121212122
16929,1295.39,7,929,51,4.175694444444445,151.83194444444445,185.0557142857143,132.71428571428572,0.039258808240714656,0.0,0.0
16930,378.89,3,339,47,26.85902777777778,42.075,126.29666666666667,113.0,0.046430644225188625,1.0,0.0
16931,5032.22,23,3357,466,5.982638888888889,391.99375,218.79217391304348,145.95652173913044,0.05598053404157191,0.8695652173913043,0.0
16932,412.55,3,217,116,53.94305555555555,517.9979166666667,137.51666666666668,72.33333333333333,0.0038535800159763003,0.0,0.0
16933,3099.3,9,1533,213,1.9972222222222222,728.9104166666667,344.3666666666667,170.33333333333334,0.010960249117328895,0.0,0.4375
16934,2083.14,6,936,128,55.00694444444444,566.9979166666667,347.19,156.0,0.008802849188854125,0.8333333333333334,0.14285714285714285
16935,530.86,3,273,55,382.1486111111111,39.83819444444445,176.95333333333335,91.0,0.048973761627017186,0.0,0.0
16936,548.29,2,339,122,26.073611111111113,359.96527777777777,274.145,169.5,0.0027703495642470996,0.0,0.0
16937,196.25,1,123,49,499.7875,0.0,196.25,123.0,0.0,0.0,0.0
16938,6995.360000000001,9,5041,547,9.104166666666666,651.8145833333333,777.2622222222222,560.1111111111111,0.012254628196495304,0.1111111111111111,0.1
16939,433.85,3,229,38,489.0180555555556,160.95208333333332,144.61666666666667,76.33333333333333,0.01234933172105947,1.0,0.0
16940,6427.66,8,4503,360,52.982638888888886,679.0048611111112,803.4575,562.875,0.010294044058100074,0.0,0.2727272727272727
16941,33.0,1,12,2,612.0673611111112,0.0,33.0,12.0,0.0,0.0,0.0
16942,1904.99,9,805,159,13.006944444444445,215.02847222222223,211.66555555555556,89.44444444444444,0.037032155612203896,0.2222222222222222,0.1
16943,1299.49,5,147,24,212.03680555555556,412.9326388888889,259.898,29.4,0.009663408062570567,0.0,0.2857142857142857
16944,101.36,1,27,7,610.0743055555556,0.0,101.36,27.0,0.0,0.0,0.0
16945,8548.16,33,5889,231,22.049305555555556,709.0041666666667,259.0351515151515,178.45454545454547,0.04507015803897864,0.12121212121212122,0.05714285714285714
16946,1222.04,5,509,69,383.9472222222222,264.13680555555555,244.408,101.8,0.015086551230103955,0.2,0.16666666666666666
16947,955.21,5,655,50,236.13333333333333,410.9472222222222,191.042,131.0,0.009709981726353836,0.0,0.5
16948,868.77,7,2091,20,139.00277777777777,517.9569444444444,124.11,298.7142857142857,0.011561652781085993,0.2857142857142857,0.0
16949,1286.27,6,791,57,4.071527777777778,312.9555555555556,214.37833333333333,131.83333333333334,0.01592582106455266,0.16666666666666666,0.14285714285714285
16950,3541.77,10,2432,111,57.15555555555556,627.9027777777778,354.177,243.2,0.014310638015944876,0.6,0.16666666666666666
16951,1277.75,3,1318,73,135.03125,169.8798611111111,425.9166666666667,439.3333333333333,0.011704129363140935,0.0,0.25
16952,795.83,5,343,76,109.99097222222223,618.9659722222223,159.166,68.6,0.006451967009838129,0.0,0.0
16953,20.8,1,10,1,30.872222222222224,0.0,20.8,10.0,0.0,0.0,0.0
16954,6081.88,20,4086,83,1.1277777777777778,689.7895833333333,304.094,204.3,0.027504757538927376,0.15,0.047619047619047616
16955,1120.31,6,723,33,185.09305555555557,492.95694444444445,186.71833333333333,120.5,0.010122339722591656,0.16666666666666666,0.3333333333333333
16956,308.74,1,114,16,18.1625,0.0,308.74,114.0,0.0,0.0,0.5
16957,416.64,2,172,15,239.95416666666668,42.18819444444444,208.32,86.0,0.02315447572799923,0.0,0.0
16958,778.49,1,514,69,435.93402777777777,0.0,778.49,514.0,0.0,0.0,0.0
16959,117.35000000000001,1,49,7,87.90763888888888,0.0,117.35000000000001,49.0,0.0,0.0,0.0
16960,1990.88,8,1492,334,39.052083333333336,608.9159722222222,248.86,186.5,0.011476990796774146,0.125,0.1111111111111111
16961,794.56,3,482,52,116.96111111111111,415.96527777777777,264.8533333333333,160.66666666666666,0.004796562463567777,0.0,0.5
16962,251.04,1,158,15,410.0513888888889,0.0,251.04,158.0,0.0,0.0,0.0
16963,110.55000000000001,1,35,7,187.9597222222222,0.0,110.55000000000001,35.0,0.0,1.0,0.0
16964,207.85,2,49,6,733.9979166666667,0.001388888888888889,103.925,24.5,0.9986130374479889,1.0,0.0
16965,201.19,1,291,26,227.02916666666667,0.0,201.19,291.0,0.0,0.0,0.0
16966,2154.97,7,1981,8,8.965277777777779,231.97430555555556,307.8528571428571,283.0,0.02575391301496648,0.0,0.3
16967,319.02,1,333,21,189.93472222222223,0.0,319.02,333.0,0.0,0.0,0.0
16968,439.43,2,326,31,4.908333333333333,103.17430555555555,219.715,163.0,0.009599296051622882,0.0,0.0
16969,650.41,3,816,42,39.984722222222224,152.04305555555555,216.8033333333333,272.0,0.013068217912533691,0.0,0.0
16970,71.4,1,12,2,626.9583333333334,0.0,71.4,12.0,0.0,0.0,0.0
16971,357.21,1,72,40,38.90555555555556,0.0,357.21,72.0,0.0,0.0,0.5
16972,749.0,2,183,54,383.07708333333335,73.98541666666667,374.5,91.5,0.013335926430139193,0.0,0.0
16973,127.0,1,60,6,386.95416666666665,0.0,127.0,60.0,0.0,0.0,0.0
16974,365.5,2,70,5,523.1055555555556,41.982638888888886,182.75,35.0,0.02326520720575168,0.0,0.0
16975,926.12,3,586,44,423.7895833333333,82.26041666666667,308.70666666666665,195.33333333333334,0.024021018391092205,0.0,0.4
16976,251.51999999999998,1,88,2,267.84513888888887,0.0,251.51999999999998,88.0,0.0,0.0,0.0
16977,496.0,4,142,25,395.98125,236.09097222222223,124.0,35.5,0.012653370863856173,0.5,0.0
16978,768.88,3,285,65,78.0,588.8493055555556,256.29333333333335,95.0,0.0033906965409008657,0.0,0.0
16979,2859.74,9,1451,82,4.020138888888889,446.91041666666666,317.74888888888887,161.22222222222223,0.01786071433554887,0.2222222222222222,0.25
16980,1422.8300000000002,3,990,91,255.84305555555557,173.10486111111112,474.2766666666667,330.0,0.011487330033385052,0.0,0.0
16982,384.06,1,182,22,61.015277777777776,0.0,384.06,182.0,0.0,0.0,0.0
16983,3490.5299999999997,11,2315,151,13.027777777777779,433.98055555555555,317.3209090909091,210.45454545454547,0.022989533376332274,1.0,0.08333333333333333
16984,10350.53,9,5127,669,88.96319444444444,553.9229166666667,1150.058888888889,569.6666666666666,0.014416416694510875,0.3333333333333333,0.5263157894736842
16985,10923.16,23,3103,130,17.97013888888889,711.9993055555556,474.92,134.91304347826087,0.030855570024514983,0.13043478260869565,0.11538461538461539
16986,4888.75,11,2539,65,30.038194444444443,643.88125,444.4318181818182,230.8181818181818,0.015506730890377103,0.0,0.0
16987,2521.4,11,671,155,3.808333333333333,734.1194444444444,229.21818181818182,61.0,0.01360323152322185,0.2727272727272727,0.08333333333333333
16988,382.67,2,158,20,5.866666666666666,374.27777777777777,191.335,79.0,0.0026646928201332345,0.5,0.0
16989,1133.25,6,1233,7,7.840972222222222,143.3111111111111,188.875,205.5,0.034647366800123196,0.0,0.0
16990,344.0,2,200,1,219.18055555555554,203.86666666666667,172.0,100.0,0.0048812235600390495,0.0,0.0
16991,1041.21,1,793,74,421.9458333333333,0.0,1041.21,793.0,0.0,0.0,0.0
16992,5476.5,13,2061,212,11.041666666666666,655.9680555555556,421.2692307692308,158.53846153846155,0.01826572829306346,0.0,0.13333333333333333
16993,1950.9499999999998,2,285,19,464.0236111111111,112.93125,975.4749999999999,142.5,0.008777223106039827,0.0,0.3333333333333333
16996,2123.61,9,919,32,30.838194444444444,387.1798611111111,235.95666666666668,102.11111111111111,0.020609003200478013,0.0,0.3076923076923077
16997,702.0,3,360,7,288.80694444444447,37.234027777777776,234.0,120.0,0.05230942477795739,0.0,0.0
16998,402.0,5,104,2,150.12916666666666,294.7951388888889,80.4,20.8,0.013522872671354281,0.0,0.2857142857142857
16999,484.82,2,294,21,23.95625,50.923611111111114,242.41,147.0,0.01925906112077036,0.0,0.0
17000,406.3,2,305,26,396.96875,11.971527777777778,203.15,152.5,0.07709192140906901,0.0,0.0
17001,6640.8,19,3782,108,1.1333333333333333,623.8729166666667,349.5157894736842,199.05263157894737,0.02880585719096216,0.21052631578947367,0.0
17002,2571.55,7,1265,64,86.00694444444444,555.8708333333333,367.36428571428576,180.71428571428572,0.010774491391630316,0.14285714285714285,0.125
17003,828.21,4,494,90,402.9826388888889,176.07986111111111,207.0525,123.5,0.016941508657032492,0.0,0.0
17004,2324.36,4,1233,48,46.93402777777778,377.9458333333333,581.09,308.25,0.007916698736626827,0.0,0.0
17005,622.36,2,691,14,471.0784722222222,118.00138888888888,311.18,345.5,0.008403263267235443,0.0,0.3333333333333333
17006,1635.27,8,572,103,5.028472222222222,639.9416666666667,204.40875,71.5,0.010921430707422672,0.25,0.0
17007,1120.1,7,717,63,51.08541666666667,386.8722222222222,160.0142857142857,102.42857142857143,0.01546901184525259,0.14285714285714285,0.125
17008,81.36,1,24,1,429.8965277777778,0.0,81.36,24.0,0.0,0.0,0.0
17009,242.06,1,336,10,551.8673611111111,0.0,242.06,336.0,0.0,1.0,0.0
17010,195.36,1,118,11,18.917361111111113,0.0,195.36,118.0,0.0,0.0,0.5
17011,671.7,3,792,27,30.97222222222222,621.1548611111111,223.9,264.0,0.0032146337270887583,0.0,0.25
17012,360.61,1,251,34,725.8027777777778,0.0,360.61,251.0,0.0,0.0,0.0
17014,583.4300000000001,3,243,63,8.94513888888889,58.10625,194.4766666666667,81.0,0.03383736914454901,0.0,0.25
17015,1838.6100000000001,3,1978,182,29.086805555555557,156.89305555555555,612.87,659.3333333333334,0.012666801544646078,0.0,0.0
17016,552.4,1,309,41,577.0125,0.0,552.4,309.0,0.0,0.0,0.0
17017,12576.99,29,9397,120,3.1375,733.8402777777778,433.68931034482756,324.0344827586207,0.038103518338263226,0.034482758620689655,0.2926829268292683
17018,2287.7,6,456,26,41.047222222222224,694.0520833333334,381.2833333333333,76.0,0.007193705507680779,0.3333333333333333,0.0
17019,3602.29,11,2396,344,11.988888888888889,726.0513888888889,327.4809090909091,217.8181818181818,0.013754185952773473,0.0,0.15384615384615385
17020,935.62,2,860,64,542.9888888888889,104.02708333333334,467.81,430.0,0.009521353619106183,0.0,0.0
17021,1182.22,6,992,35,442.7006944444444,146.99722222222223,197.03666666666666,165.33333333333334,0.033784417875710876,0.3333333333333333,0.0
17022,260.0,2,180,16,31.820138888888888,401.27916666666664,130.0,90.0,0.0024858359141143693,0.5,0.0
17023,800.18,3,530,48,417.88402777777776,280.01944444444445,266.72666666666663,176.66666666666666,0.007116945248944814,0.0,0.0
17024,95.85,3,69,2,45.96041666666667,112.17777777777778,31.95,23.0,0.01767131356764186,0.0,0.0
17025,1349.67,5,885,31,61.15555555555556,580.8118055555556,269.934,177.0,0.006875075345335273,0.0,0.0
17026,175.82999999999998,3,107,4,185.93194444444444,231.9625,58.60999999999999,35.666666666666664,0.00858507270483447,0.3333333333333333,0.0
17027,1310.63,9,645,126,79.01805555555555,651.0097222222222,145.62555555555556,71.66666666666667,0.012269755691270794,0.1111111111111111,0.1
17028,1593.83,3,856,85,581.8868055555556,140.04513888888889,531.2766666666666,285.3333333333333,0.01417985770906674,0.0,0.0
17029,2137.3,7,1265,19,111.07222222222222,553.0326388888889,305.3285714285715,180.71428571428572,0.010829686879157491,0.42857142857142855,0.0
17030,146.87,1,146,11,64.1673611111111,0.0,146.87,146.0,0.0,0.0,0.0
17031,2773.85,6,1595,34,12.102083333333333,569.8131944444444,462.30833333333334,265.8333333333333,0.008759433118686669,0.0,0.0
17032,2984.32,8,1667,183,548.0236111111111,181.86111111111111,373.04,208.375,0.03828041926173477,0.0,0.38461538461538464
17033,1332.79,4,871,33,86.92777777777778,311.06875,333.1975,217.75,0.009613266307504356,0.25,0.0
17034,1276.42,5,694,49,16.9,497.0965277777778,255.28400000000002,138.8,0.008030571941237404,0.0,0.2857142857142857
17035,613.59,4,327,29,246.06041666666667,491.03194444444443,153.3975,81.75,0.006097165100504428,0.0,0.2
17036,176.9,1,76,12,383.93333333333334,0.0,176.9,76.0,0.0,1.0,0.0
17037,1267.32,1,656,75,88.00069444444445,0.0,1267.32,656.0,0.0,0.0,0.5
17038,743.17,2,535,61,30.958333333333332,384.90694444444443,371.585,267.5,0.0025912982764267436,0.0,0.0
17039,1954.99,1,689,44,604.9958333333333,0.0,1954.99,689.0,0.0,0.0,0.0
17040,463.25,2,189,15,138.10486111111112,412.7993055555556,231.625,94.5,0.0024166304451802485,0.0,0.0
17041,1655.2,6,1303,93,27.061805555555555,573.8722222222223,275.8666666666667,217.16666666666666,0.00869758497057317,0.6666666666666666,0.14285714285714285
17042,1036.58,5,990,74,3.0166666666666666,244.89791666666667,207.31599999999997,198.0,0.016266912929654074,0.0,0.0
17043,2593.65,8,1616,175,32.886805555555554,698.0090277777778,324.20625,202.0,0.010014176815789814,0.0,0.0
17044,11962.3,12,5722,92,25.931944444444444,707.0854166666667,996.8583333333332,476.8333333333333,0.015534848961842528,0.0,0.25
17045,827.6800000000001,5,294,44,113.82013888888889,316.09513888888887,165.536,58.8,0.012614510629258219,0.2,0.0
17046,1906.07,5,1636,76,157.93472222222223,463.0263888888889,381.214,327.2,0.008620199401973666,0.0,0.0
17047,2289.23,6,1184,114,85.97430555555556,646.19375,381.53833333333336,197.33333333333334,0.007725661751214377,0.0,0.0
17048,2071.68,7,1068,88,118.0423611111111,572.9125,295.9542857142857,152.57142857142858,0.01045455535469257,0.14285714285714285,0.36363636363636365
17049,9942.53,19,4273,316,3.084722222222222,643.0173611111111,523.291052631579,224.89473684210526,0.027949557087940825,0.05263157894736842,0.24
17050,4648.59,11,2432,193,96.95972222222223,585.9541666666667,422.59909090909093,221.0909090909091,0.017037105395793256,0.7272727272727273,0.08333333333333333
17051,706.49,4,507,107,194.9423611111111,433.97083333333336,176.6225,126.75,0.006897014167616602,1.0,0.0
17052,399.09,1,251,72,28.916666666666668,0.0,399.09,251.0,0.0,0.0,0.0
17053,498.48,1,122,13,131.10208333333333,0.0,498.48,122.0,0.0,0.0,0.5
17054,1356.33,5,804,64,28.995833333333334,216.9875,271.26599999999996,160.8,0.018349676013532885,0.0,0.16666666666666666
17055,232.85,1,83,24,446.0201388888889,0.0,232.85,83.0,0.0,0.0,0.0
17056,128.60000000000002,1,26,8,738.9965277777778,0.0,128.60000000000002,26.0,0.0,0.0,0.0
17057,294.74,1,129,48,596.7284722222222,0.0,294.74,129.0,0.0,0.0,0.0
17058,1179.89,3,592,51,82.10902777777778,158.03819444444446,393.2966666666667,197.33333333333334,0.012575595485011897,0.0,0.0
17059,4864.57,9,3107,349,30.01597222222222,652.9055555555556,540.5077777777777,345.22222222222223,0.012234182646151755,0.2222222222222222,0.1
17060,234.24,1,216,5,266.97430555555553,0.0,234.24,216.0,0.0,0.0,0.0
17061,5232.2300000000005,11,1526,57,74.05972222222222,158.91319444444446,475.65727272727275,138.72727272727272,0.06253392682662035,0.09090909090909091,0.08333333333333333
17062,889.75,6,644,82,314.0756944444444,125.96111111111111,148.29166666666666,107.33333333333333,0.03938213801251477,0.6666666666666666,0.14285714285714285
17063,3638.53,13,1899,150,21.854861111111113,717.1548611111111,279.8869230769231,146.07692307692307,0.01670948795282664,0.07692307692307693,0.43478260869565216
17064,855.45,3,316,53,59.105555555555554,268.75555555555553,285.15000000000003,105.33333333333333,0.007414119779223989,0.3333333333333333,0.0
17065,194.7,2,82,6,638.0479166666667,0.0006944444444444445,97.35,41.0,0.9993060374739763,0.0,0.3333333333333333
17066,228.34,1,93,17,726.9763888888889,0.0,228.34,93.0,0.0,1.0,0.0
17067,454.54,3,322,8,725.1743055555555,6.858333333333333,151.51333333333335,107.33333333333333,0.2545068928950159,0.0,0.0
17068,8987.68,47,4351,250,12.983333333333333,608.95,191.2272340425532,92.57446808510639,0.07541601770636937,0.19148936170212766,0.04081632653061224
17069,5517.2300000000005,14,3230,202,28.81736111111111,708.1986111111111,394.08785714285716,230.71428571428572,0.0183305491527017,0.07142857142857142,0.3333333333333333
17070,437.42,2,232,102,114.82569444444445,296.0444444444444,218.71,116.0,0.0033664995885389396,0.0,0.0
17071,3793.71,13,1934,141,28.846527777777776,656.1430555555555,291.82384615384615,148.76923076923077,0.01826086405167148,0.23076923076923078,0.35
17072,273.35,1,212,20,625.8451388888889,0.0,273.35,212.0,0.0,0.0,0.0
17073,1446.09,4,759,142,18.04375,91.88194444444444,361.5225,189.75,0.03229906542056075,0.25,0.0
17074,203.05,1,19,4,563.0319444444444,0.0,203.05,19.0,0.0,0.0,0.0
17075,2236.63,10,785,153,18.03611111111111,708.0236111111111,223.663,78.5,0.012693512400660533,0.0,0.09090909090909091
17076,1242.75,6,514,31,36.78958333333333,699.2368055555555,207.125,85.66666666666667,0.007140441576807846,0.0,0.0
17077,306.0,1,36,1,578.8430555555556,0.0,306.0,36.0,0.0,0.0,0.0
17078,378.2,2,788,28,36.73125,0.019444444444444445,189.1,394.0,0.9809264305177112,0.0,0.0
17079,118.80000000000001,1,24,2,78.8861111111111,0.0,118.80000000000001,24.0,0.0,0.0,0.0
17080,957.53,7,569,26,22.99375,503.8722222222222,136.79,81.28571428571429,0.011884195120877671,0.0,0.125
17081,949.39,6,381,166,25.995833333333334,629.9840277777778,158.23166666666665,63.5,0.007924130849411798,0.16666666666666666,0.0
17082,4732.03,6,2526,117,33.89791666666667,691.1611111111112,788.6716666666666,421.0,0.00722375169557505,0.16666666666666666,0.0
17083,4049.79,9,1955,30,109.87986111111111,559.1645833333333,449.9766666666667,217.22222222222223,0.014281516964880114,0.0,0.18181818181818182
17084,5001.21,3,3178,263,35.91388888888889,361.0236111111111,1667.07,1059.3333333333333,0.005524501548011371,0.0,0.25
17085,7847.67,28,3583,411,123.94097222222223,610.0826388888889,280.2739285714286,127.96428571428571,0.044183876748803065,0.75,0.125
17086,2050.08,6,1859,76,7.955555555555556,56.105555555555554,341.68,309.8333333333333,0.0875571553653079,0.0,0.0
17087,221.53,1,113,12,738.0895833333333,0.0,221.53,113.0,0.0,0.0,0.0
17088,1991.01,4,868,96,28.935416666666665,225.19097222222223,497.7525,217.0,0.01326312880892805,0.0,0.0
17089,128.45,1,35,4,386.88680555555555,0.0,128.45,35.0,0.0,0.0,0.0
17090,3080.1800000000003,13,1344,54,4.9625,503.90416666666664,236.9369230769231,103.38461538461539,0.02376688645535044,0.0,0.13333333333333333
17091,7495.75,19,3732,242,3.0881944444444445,720.7902777777778,394.5131578947368,196.42105263157896,0.024937991760456735,0.0,0.17391304347826086
17092,5511.41,11,3768,273,50.70763888888889,625.13125,501.0372727272727,342.54545454545456,0.015971092322895557,0.0,0.21428571428571427
17093,235.88,1,114,13,593.1027777777778,0.0,235.88,114.0,0.0,0.0,0.0
17094,402.20000000000005,2,212,18,322.9868055555556,101.09791666666666,201.10000000000002,106.0,0.009794519150325464,0.0,0.3333333333333333
17095,2572.25,7,1695,110,23.020138888888887,701.9923611111111,367.4642857142857,242.14285714285714,0.008534943381912045,0.42857142857142855,0.4166666666666667
17096,3697.93,11,1559,162,15.909027777777778,540.0090277777778,336.17545454545456,141.72727272727272,0.018483979908940726,0.2727272727272727,0.35294117647058826
17097,1143.36,9,582,182,2.8229166666666665,428.1222222222222,127.03999999999999,64.66666666666667,0.018642707335387483,0.1111111111111111,0.1
17098,591.0699999999999,3,125,10,382.02569444444447,159.0715277777778,197.0233333333333,41.666666666666664,0.012494414389400571,0.0,0.0
17099,582.17,1,317,40,533.8506944444445,0.0,582.17,317.0,0.0,0.0,0.0
17100,971.74,2,800,65,18.843055555555555,0.0,485.87,400.0,1.0,0.0,0.0
17101,2507.05,7,1175,54,10.953472222222222,539.9479166666666,358.15000000000003,167.85714285714286,0.01109164083110281,0.0,0.0
17102,25.5,1,2,1,262.1125,0.0,25.5,2.0,0.0,0.0,0.0
17103,424.3,1,471,32,722.9458333333333,0.0,424.3,471.0,0.0,0.0,0.0
17104,474.03,1,149,19,424.0201388888889,0.0,474.03,149.0,0.0,0.0,0.0
17105,665.78,2,693,80,159.87291666666667,147.04652777777778,332.89,346.5,0.006754633256249208,1.0,0.0
17106,481.58,1,153,51,389.94375,0.0,481.58,153.0,0.0,0.0,0.0
17107,16052.72,10,7530,377,33.94166666666667,643.9354166666667,1605.272,753.0,0.013954885663616188,0.8,0.23076923076923078
17108,174.95,1,31,9,664.0194444444444,0.0,174.95,31.0,0.0,1.0,0.0
17109,1291.71,8,788,124,29.827083333333334,468.17847222222224,161.46375,98.5,0.014919695626368194,0.0,0.2
17110,499.9,3,136,38,165.99444444444444,444.9763888888889,166.63333333333333,45.333333333333336,0.004484542343111089,0.0,0.0
17111,459.58,2,581,44,47.86875,378.0263888888889,229.79,290.5,0.0026383387260488314,1.0,0.0
17112,197.57,1,130,44,503.06666666666666,0.0,197.57,130.0,0.0,1.0,0.0
17113,2305.59,6,913,122,574.9520833333333,123.15625,384.26500000000004,152.16666666666666,0.04027183488547697,0.3333333333333333,0.25
17114,801.12,8,215,85,6.022916666666666,329.0263888888889,100.14,26.875,0.021210425092269558,0.75,0.2
17115,2761.4900000000002,7,885,102,8.930555555555555,726.0951388888889,394.49857142857144,126.42857142857143,0.008252015010262488,0.14285714285714285,0.46153846153846156
17116,389.78,1,392,47,648.8479166666667,0.0,389.78,392.0,0.0,0.0,0.0
17117,116.19999999999999,1,68,9,288.9555555555556,0.0,116.19999999999999,68.0,0.0,0.0,0.0
17118,157.02,1,154,10,318.0215277777778,0.0,157.02,154.0,0.0,0.0,0.0
17119,606.91,2,334,35,3.923611111111111,56.15069444444445,303.455,167.0,0.017497600155534223,0.0,0.3333333333333333
17120,307.46,1,120,18,233.89513888888888,0.0,307.46,120.0,0.0,0.0,0.0
17121,314.74,1,106,12,403.04375,0.0,314.74,106.0,0.0,0.0,0.0
17122,570.5,4,368,23,119.92847222222223,380.2076388888889,142.625,92.0,0.007869726873113407,0.0,0.0
17123,977.17,3,676,37,162.08541666666667,410.9548611111111,325.7233333333333,225.33333333333334,0.004854900836964676,0.6666666666666666,0.0
17124,294.24,1,129,31,185.95,0.0,294.24,129.0,0.0,0.0,0.0
17125,230.5,1,281,34,50.922916666666666,0.0,230.5,281.0,0.0,0.0,0.0
17126,2016.43,9,1426,295,152.95694444444445,313.0076388888889,224.04777777777778,158.44444444444446,0.025477087208157976,0.6666666666666666,0.18181818181818182
17127,1155.0300000000002,5,340,27,429.1222222222222,306.775,231.00600000000003,68.0,0.01299650718869304,0.2,0.0
17128,157.09,1,76,14,335.03333333333336,0.0,157.09,76.0,0.0,1.0,0.0
17129,31.85,1,5,2,520.9611111111111,0.0,31.85,5.0,0.0,0.0,0.0
17131,2463.17,5,983,78,5.998611111111111,70.00694444444444,492.634,196.6,0.056332518337408315,1.0,0.0
17132,1220.9099999999999,2,963,62,452.8465277777778,36.1125,610.4549999999999,481.5,0.026945099360053893,0.5,0.0
17133,14622.33,12,10107,22,16.01597222222222,612.9972222222223,1218.5275,842.25,0.017915390496699678,0.3333333333333333,0.07692307692307693
17134,625.3,3,144,31,107.12291666666667,335.63958333333335,208.4333333333333,48.0,0.005941071992177588,0.3333333333333333,0.0
17135,1722.18,10,1686,98,16.834722222222222,563.03125,172.21800000000002,168.6,0.015956562690453764,0.2,0.09090909090909091
17136,231.68,1,256,14,662.9840277777778,0.0,231.68,256.0,0.0,0.0,0.0
17137,1099.81,6,680,125,416.9159722222222,261.1,183.30166666666665,113.33333333333333,0.01907668828691339,0.5,0.0
17138,4417.27,7,2024,234,276.0388888888889,397.89930555555554,631.0385714285715,289.14285714285717,0.015041389935847777,0.0,0.0
17139,19566.76,25,9853,447,16.10972222222222,681.9451388888889,782.6704,394.12,0.03514191496998803,0.08,0.13793103448275862
17140,454.12,1,296,16,247.9701388888889,0.0,454.12,296.0,0.0,0.0,0.0
17141,727.58,4,423,138,418.9138888888889,266.02430555555554,181.895,105.75,0.011234932317334825,1.0,0.0
17142,1275.25,4,322,78,239.76944444444445,445.12430555555557,318.8125,80.5,0.006724583177023095,0.5,0.0
17143,880.97,2,314,82,417.8909722222222,98.08402777777778,440.485,157.0,0.010092443983431572,0.0,0.0
17144,984.57,2,483,42,1.7868055555555555,83.21319444444444,492.285,241.5,0.011874623764090809,0.0,0.0
17145,3120.91,4,2591,168,513.1583333333333,145.87152777777777,780.2275,647.75,0.020426014799404243,0.0,0.42857142857142855
17146,5852.64,13,2188,164,106.00416666666666,570.1284722222222,450.20307692307694,168.30769230769232,0.021011034440830474,0.07692307692307693,0.1875
17147,3199.95,9,1308,99,23.0125,675.1208333333333,355.54999999999995,145.33333333333334,0.011832204549236145,0.0,0.4375
17148,124.88,1,82,9,52.11875,0.0,124.88,82.0,0.0,0.0,0.0
17149,143.10000000000002,1,18,6,451.9125,0.0,143.10000000000002,18.0,0.0,0.0,0.0
17150,1357.95,6,397,64,377.0576388888889,357.025,226.32500000000002,66.16666666666667,0.013965505202150688,0.8333333333333334,0.0
17151,231.90000000000003,1,42,4,735.9125,0.0,231.90000000000003,42.0,0.0,0.0,0.0
17152,2016.5,4,577,9,195.02152777777778,230.98541666666668,504.125,144.25,0.012931847368279256,0.75,0.2
17153,213.78,1,104,14,24.96388888888889,0.0,213.78,104.0,0.0,0.0,0.0
17154,329.34,1,490,23,75.96388888888889,0.0,329.34,490.0,0.0,1.0,0.0
17155,892.46,7,987,43,18.008333333333333,719.0444444444445,127.49428571428572,141.0,0.008332818961792481,0.14285714285714285,0.0
17156,591.87,1,391,39,492.05555555555554,0.0,591.87,391.0,0.0,0.0,0.5
17157,5151.9,19,2092,78,8.152777777777779,727.8402777777778,271.15263157894736,110.10526315789474,0.024696769029946736,0.15789473684210525,0.05
17158,1980.0,5,1147,74,32.89930555555556,609.9756944444445,396.0,229.4,0.006546905280147305,0.2,0.16666666666666666
17159,2099.59,5,1348,115,22.081944444444446,623.8326388888889,419.918,269.6,0.006401714236812302,0.2,0.16666666666666666
17160,10209.16,17,8390,215,31.947916666666668,704.1305555555556,600.5388235294117,493.52941176470586,0.022690833454797575,0.11764705882352941,0.05555555555555555
17161,856.01,1,537,52,444.8375,0.0,856.01,537.0,0.0,0.0,0.0
17162,1715.46,10,1001,81,29.052777777777777,276.96319444444447,171.546,100.1,0.03237838742639288,0.1,0.09090909090909091
17163,699.78,4,531,27,22.161805555555556,653.9291666666667,174.945,132.75,0.0045806480344566525,0.0,0.0
17164,2467.35,7,1501,92,33.15,240.78333333333333,352.4785714285714,214.42857142857142,0.024815606259047357,0.0,0.125
17165,1794.32,6,788,77,284.8409722222222,444.30625,299.05333333333334,131.33333333333334,0.011228227764600205,0.0,0.25
17166,206.34,2,78,11,39.12777777777778,165.0611111111111,103.17,39.0,0.006021879495500318,0.0,0.3333333333333333
17167,867.11,3,429,64,380.1145833333333,65.83541666666666,289.0366666666667,143.0,0.02992425423147658,0.0,0.0
17168,400.2,1,220,21,499.01180555555555,0.0,400.2,220.0,0.0,0.0,0.0
17169,1156.73,3,671,64,58.10069444444444,520.8923611111111,385.57666666666665,223.66666666666666,0.003832207844050431,0.0,0.5
17170,178.68,2,152,8,374.87152777777777,14.980555555555556,89.34,76.0,0.06257604727968016,0.0,0.3333333333333333
17171,384.59,2,225,25,289.84236111111113,372.19097222222223,192.295,112.5,0.0026795932228621403,0.0,0.0
17172,956.5699999999999,3,1215,39,79.13472222222222,647.9097222222222,318.8566666666666,405.0,0.0030820928266429804,0.3333333333333333,0.5
17173,3766.6,8,1122,36,5.923611111111111,125.96805555555555,470.825,140.25,0.055131977640920184,0.25,0.1111111111111111
17174,59.9,1,41,4,218.04375,0.0,59.9,41.0,0.0,0.0,0.0
17175,1443.69,4,866,42,44.888194444444444,252.02430555555554,360.9225,216.5,0.01185656845658767,0.25,0.2
17176,902.3199999999999,3,576,37,202.00625,475.86944444444447,300.7733333333333,192.0,0.004194020026445626,0.6666666666666666,0.0
17177,119.5,1,40,29,505.9145833333333,0.0,119.5,40.0,0.0,0.0,0.0
17178,432.96,1,100,31,731.8541666666666,0.0,432.96,100.0,0.0,0.0,0.0
17179,1507.26,6,625,75,178.8347222222222,384.2263888888889,251.21,104.16666666666667,0.012979380811427623,0.0,0.0
17180,2236.77,11,1809,189,56.87777777777778,630.91875,203.34272727272727,164.45454545454547,0.015824819250892616,0.0,0.21428571428571427
17181,309.85,3,268,28,57.918055555555554,538.14375,103.28333333333335,89.33333333333333,0.0037095858015603446,0.0,0.0
17182,321.3,2,54,4,423.1118055555556,295.78263888888887,160.65,27.0,0.003369469331979306,0.0,0.0
17183,3347.31,6,1296,42,8.113194444444444,97.77916666666667,557.885,216.0,0.050617960939806805,0.3333333333333333,0.25
17184,198.41000000000003,2,73,14,569.9347222222223,161.0048611111111,99.20500000000001,36.5,0.006172654284207864,0.0,0.0
17185,229.46,3,119,38,592.0243055555555,6.934722222222222,76.48666666666666,39.666666666666664,0.2520567127603711,0.0,0.0
17186,144.0,2,200,1,47.104166666666664,13.894444444444444,72.0,100.0,0.06713912719134651,0.0,0.0
17187,467.71,2,426,21,227.0076388888889,299.9173611111111,233.855,213.0,0.0033231715056505455,0.0,0.0
17188,4592.93,13,2569,136,11.95625,719.7756944444444,353.3023076923077,197.6153846153846,0.016648730100769137,0.15384615384615385,0.23529411764705882
17189,953.63,5,601,101,106.71597222222222,631.3291666666667,190.726,120.2,0.006325819226536812,0.0,0.0
17190,1726.57,7,2218,160,59.053472222222226,585.925,246.65285714285713,316.85714285714283,0.010222771222899009,0.0,0.125
17191,4310.34,15,2208,269,28.82777777777778,710.0166666666667,287.356,147.2,0.019690115093410843,0.0,0.0625
17192,75.28,1,45,20,536.8631944444444,0.0,75.28,45.0,0.0,0.0,0.0
17193,2310.04,9,1668,28,36.00208333333333,702.1145833333334,256.6711111111111,185.33333333333334,0.011377946339945776,0.0,0.25
17194,812.5,3,420,57,274.03125,256.9506944444444,270.8333333333333,140.0,0.007753419715761788,0.3333333333333333,0.0
17195,562.98,1,486,31,655.9895833333334,0.0,562.98,486.0,0.0,0.0,0.0
17196,327.75,1,154,84,428.0548611111111,0.0,327.75,154.0,0.0,0.0,0.0
17197,1013.01,1,191,29,30.095833333333335,0.0,1013.01,191.0,0.0,0.0,0.0
17198,692.22,3,357,89,24.090972222222224,347.8229166666667,230.74,119.0,0.005733568250365814,0.0,0.0
17199,135.04000000000002,1,232,8,582.95625,0.0,135.04000000000002,232.0,0.0,0.0,0.0
17200,356.71,4,367,25,387.9902777777778,264.9868055555556,89.1775,91.75,0.011278754950772933,0.0,0.0
17201,1143.1,4,1004,154,54.03819444444444,613.9784722222222,285.775,251.0,0.004878219540205224,0.25,0.2
17202,160.65,1,55,8,421.05902777777777,0.0,160.65,55.0,0.0,0.0,0.0
17203,5564.09,10,4597,195,36.015972222222224,352.9826388888889,556.409,459.7,0.02542497572267943,0.0,0.0
17204,5504.6900000000005,9,2651,110,175.91944444444445,372.13125,611.6322222222223,294.55555555555554,0.021440176881459272,0.1111111111111111,0.4
17205,999.35,3,2214,27,54.00277777777778,510.88194444444446,333.1166666666667,738.0,0.003907150900137021,0.0,0.0
17206,204.24,1,76,7,53.97569444444444,0.0,204.24,76.0,0.0,0.0,0.0
17207,292.62,1,233,55,652.7375,0.0,292.62,233.0,0.0,0.0,0.0
17208,111.15,1,101,21,396.0,0.0,111.15,101.0,0.0,0.0,0.0
17209,595.7,3,723,36,649.8673611111111,87.20208333333333,198.5666666666667,241.0,0.02267520136051208,0.3333333333333333,0.0
17210,251.72,1,242,47,393.02430555555554,0.0,251.72,242.0,0.0,0.0,0.0
17211,3773.35,13,2141,217,27.03263888888889,699.9486111111111,290.2576923076923,164.69230769230768,0.017119657289823516,0.7692307692307693,0.13333333333333333
17212,794.41,3,727,29,253.7138888888889,233.43055555555554,264.80333333333334,242.33333333333334,0.008531311096628948,0.0,0.0
17213,4869.400000000001,13,2087,130,40.91458333333333,684.1840277777778,374.5692307692308,160.53846153846155,0.017513543097201177,0.23076923076923078,0.35
17214,1059.1200000000001,6,272,79,60.98125,298.91875,176.52,45.333333333333336,0.016671181778398318,0.16666666666666666,0.14285714285714285
17215,186.15,1,104,11,464.9659722222222,0.0,186.15,104.0,0.0,0.0,0.0
17216,63.6,1,21,13,554.9909722222222,0.0,63.6,21.0,0.0,0.0,0.0
17217,210.1,2,93,27,234.81319444444443,385.15555555555557,105.05,46.5,0.0025896299706508604,0.0,0.0
17218,3891.39,18,2066,248,4.956944444444445,678.9027777777778,216.18833333333333,114.77777777777777,0.025003574857516392,0.3333333333333333,0.0
17219,259.13,2,188,43,32.05902777777778,384.9972222222222,129.565,94.0,0.0025906922185680668,0.0,0.0
17220,4457.31,21,2663,408,24.960416666666667,664.0763888888889,212.25285714285715,126.80952380952381,0.03007173361455973,0.0,0.0
17221,976.62,5,713,115,7.96875,599.9173611111111,195.324,142.6,0.006656489325926449,0.4,0.0
17222,1579.51,6,857,94,65.95277777777778,632.9402777777777,263.25166666666667,142.83333333333334,0.007887178296238036,0.16666666666666666,0.0
17223,558.04,3,155,62,310.8701388888889,64.94305555555556,186.01333333333332,51.666666666666664,0.03032919817182333,0.0,0.0
17224,100.86,1,65,8,501.97222222222223,0.0,100.86,65.0,0.0,0.0,0.0
17225,131.15,1,36,5,582.05,0.0,131.15,36.0,0.0,0.0,0.0
17226,895.47,3,853,51,309.04027777777776,356.88958333333335,298.49,284.3333333333333,0.005588315763125265,0.0,0.0
17227,1878.93,12,1681,58,19.082638888888887,674.8236111111111,156.57750000000001,140.08333333333334,0.016276436364682602,0.0,0.0
17228,2820.03,13,2354,199,16.101388888888888,621.9375,216.92538461538464,181.07692307692307,0.01926356978027491,0.07692307692307693,0.0
17229,318.76,2,185,39,96.95416666666667,46.05416666666667,159.38,92.5,0.021252103072699903,0.5,0.0
17230,9388.49,18,3753,141,264.8597222222222,467.1048611111111,521.5827777777778,208.5,0.03631664913636694,0.16666666666666666,0.21739130434782608
17231,7064.8,25,3681,509,12.897222222222222,719.9444444444445,282.592,147.24,0.033289666332742544,0.28,0.2857142857142857
17232,417.77,2,202,30,3.020138888888889,11.997916666666667,208.885,101.0,0.0769354063151146,0.0,0.0
17233,560.86,3,298,56,35.94722222222222,689.0854166666667,186.95333333333335,99.33333333333333,0.0028981919508756465,0.0,0.0
17234,149.89000000000001,1,55,14,183.0625,0.0,149.89000000000001,55.0,0.0,0.0,0.0
17235,1562.98,8,845,52,25.874305555555555,527.9513888888889,195.3725,105.625,0.013233730257716392,0.0,0.0
17236,1929.26,12,804,123,13.034722222222221,629.9583333333334,160.77166666666668,67.0,0.01743379779436043,0.4166666666666667,0.0
17237,994.13,4,414,76,11.908333333333333,370.13680555555555,248.5325,103.5,0.008083272677602785,0.0,0.0
17238,7331.67,32,3555,486,3.0520833333333335,736.025,229.1146875,111.09375,0.04206098843322818,0.0,0.0
17239,1189.45,4,515,18,313.13125,213.95,297.3625,128.75,0.013956734124214934,0.25,0.3333333333333333
17240,130.6,1,108,7,596.8791666666667,0.0,130.6,108.0,0.0,0.0,0.0
17241,2736.64,12,859,116,385.9923611111111,276.9263888888889,228.0533333333333,71.58333333333333,0.03957882532844928,0.0,0.0
17242,2889.28,5,1459,44,108.91319444444444,576.1861111111111,577.856,291.8,0.006930173687478042,0.4,0.0
17243,20203.58,69,7932,359,1.975,736.9097222222222,292.80550724637686,114.95652173913044,0.09215219416708233,0.5072463768115942,0.1375
17244,1826.04,5,1419,109,53.89652777777778,680.1611111111112,365.20799999999997,283.8,0.005872325848836545,0.8,0.0
17245,371.63,2,307,24,205.08819444444444,484.7944444444444,185.815,153.5,0.0020584838123120204,0.0,0.0
17246,38.92,2,36,6,547.0097222222222,191.78541666666666,19.46,18.0,0.005187114343451808,0.0,0.0
17247,280.09000000000003,1,105,53,15.895138888888889,0.0,280.09000000000003,105.0,0.0,0.0,0.0
17248,500.54,2,276,85,120.96944444444445,361.06875,250.27,138.0,0.00276190640589667,0.5,0.0
17249,68.03,1,79,27,429.05347222222224,0.0,68.03,79.0,0.0,0.0,0.0
17250,381.97,2,167,55,4.024305555555555,257.8125,190.985,83.5,0.003863801014247766,0.0,0.0
17251,798.98,3,377,65,363.0722222222222,362.0208333333333,266.32666666666665,125.66666666666667,0.005509325681492109,0.3333333333333333,0.25
17252,348.91,2,192,86,117.12847222222223,69.71111111111111,174.455,96.0,0.014142049025769956,0.0,0.0
17253,178.26,1,43,18,18.99375,0.0,178.26,43.0,0.0,0.0,0.0
17254,469.48,3,397,129,5.002777777777778,396.9486111111111,156.49333333333334,132.33333333333334,0.005025774545149953,0.0,0.0
17255,781.7,4,583,163,41.022222222222226,405.85069444444446,195.425,145.75,0.0073737123740110775,1.0,0.0
17256,498.93,5,299,20,107.97222222222223,492.99305555555554,99.786,59.8,0.008097279820060449,0.6,0.0
17257,189.78,2,187,14,436.99930555555557,0.001388888888888889,94.89,93.5,0.9986130374479889,0.0,0.0
17258,417.3,2,188,46,397.00902777777776,268.8652777777778,208.65,94.0,0.0037055526677405902,0.0,0.0
17259,1452.39,6,844,179,148.90902777777777,507.0576388888889,242.06500000000003,140.66666666666666,0.00984140305602902,0.0,0.0
17260,120.95,1,23,6,411.9784722222222,0.0,120.95,23.0,0.0,1.0,0.0
17261,221.59,1,95,43,510.0423611111111,0.0,221.59,95.0,0.0,1.0,0.0
17262,2488.76,11,635,12,52.99583333333333,672.0625,226.25090909090912,57.72727272727273,0.0148574612313121,0.0,0.0
17263,63.440000000000005,1,36,23,208.92916666666667,0.0,63.440000000000005,36.0,0.0,1.0,0.0
17264,268.28,1,217,70,424.99861111111113,0.0,268.28,217.0,0.0,0.0,0.0
17265,550.01,2,389,106,139.08402777777778,41.950694444444444,275.005,194.5,0.02328251063072968,1.0,0.0
17266,501.71999999999997,5,243,95,2.9430555555555555,638.1458333333334,100.344,48.6,0.00625835261905538,0.0,0.0
17267,317.2,2,158,37,127.81111111111112,0.0020833333333333333,158.6,79.0,0.9979209979209979,0.0,0.0
17268,1733.8899999999999,11,1395,26,108.1138888888889,623.9305555555555,157.62636363636364,126.81818181818181,0.016001777975330592,0.09090909090909091,0.0
17269,491.81,1,314,110,386.06805555555553,0.0,491.81,314.0,0.0,0.0,0.0
17270,601.4499999999999,2,420,45,469.9451388888889,262.86875,300.72499999999997,210.0,0.003789762902958384,0.0,0.0
17271,204.3,1,113,46,736.9590277777778,0.0,204.3,113.0,0.0,0.0,0.0
17272,2148.63,4,1778,70,42.84236111111111,220.1888888888889,537.1575,444.5,0.013563068267443612,0.0,0.2
17273,141.12,1,133,12,424.8701388888889,0.0,141.12,133.0,0.0,0.0,0.0
17274,573.22,2,271,76,35.981944444444444,360.0486111111111,286.61,135.5,0.002769710142139986,0.0,0.0
17275,114.1,1,71,23,383.975,0.0,114.1,71.0,0.0,1.0,0.0
17276,502.49,1,187,50,402.8541666666667,0.0,502.49,187.0,0.0,0.0,0.5
17277,1065.3500000000001,2,430,67,228.00208333333333,95.00694444444444,532.6750000000001,215.0,0.010415913200723327,0.0,0.0
17278,271.24,2,195,17,241.98611111111111,323.97291666666666,135.62,97.5,0.003077179508548789,0.5,0.0
17279,187.82999999999998,1,48,8,58.03611111111111,0.0,187.82999999999998,48.0,0.0,0.0,0.0
17280,118.85999999999999,1,74,6,438.8361111111111,0.0,118.85999999999999,74.0,0.0,0.0,0.0
17281,797.8499999999999,6,295,2,374.78125,299.21180555555554,132.975,49.166666666666664,0.016654907993199245,0.0,0.0
17282,2308.54,5,2332,168,130.93125,418.0986111111111,461.70799999999997,466.4,0.009544293142359097,0.4,0.0
17283,188.46,1,179,15,379.0395833333333,0.0,188.46,179.0,0.0,0.0,0.0
17284,2788.06,8,2069,285,60.925,384.93055555555554,348.5075,258.625,0.01813797819124051,0.125,0.2727272727272727
17285,407.94,2,134,41,628.9666666666667,34.977777777777774,203.97,67.0,0.02779493514515133,1.0,0.0
17286,389.18,3,368,89,22.002083333333335,378.9611111111111,129.72666666666666,122.66666666666667,0.005263696577135087,0.0,0.0
17287,3826.86,21,1955,279,26.974305555555556,710.0291666666667,182.23142857142858,93.0952380952381,0.028128241340310698,0.19047619047619047,0.08695652173913043
17288,2468.43,11,1699,233,9.861805555555556,385.05902777777777,224.40272727272725,154.45454545454547,0.02590277465485452,0.36363636363636365,0.0
17289,2041.8,9,1237,202,32.03402777777778,609.9645833333333,226.86666666666667,137.44444444444446,0.013094048686673737,0.4444444444444444,0.18181818181818182
17290,1487.96,8,1139,184,4.008333333333334,722.9652777777778,185.995,142.375,0.009668972000268582,0.125,0.0
17291,550.8000000000001,1,72,1,308.9902777777778,0.0,550.8000000000001,72.0,0.0,0.0,0.0
17292,271.75,2,131,14,472.81666666666666,107.09861111111111,135.875,65.5,0.00925081265819532,0.5,0.0
17293,3750.63,17,2228,148,8.925694444444444,727.9777777777778,220.62529411764706,131.05882352941177,0.021948542860626752,0.0,0.0
17294,467.78999999999996,2,297,17,669.8597222222222,0.07708333333333334,233.89499999999998,148.5,0.9284332688588007,0.0,0.0
17295,547.0,3,293,53,29.084027777777777,35.93541666666667,182.33333333333334,97.66666666666667,0.05414857013931976,0.0,0.0
17296,338.13,1,216,32,730.9506944444445,0.0,338.13,216.0,0.0,0.0,0.0
17297,128.18,1,65,49,17.92152777777778,0.0,128.18,65.0,0.0,0.0,0.0
17298,954.26,5,852,61,101.83819444444444,540.3243055555556,190.852,170.4,0.007389285792173771,0.2,0.16666666666666666
17299,993.23,6,919,96,12.034027777777778,469.8340277777778,165.53833333333333,153.16666666666666,0.010619453363638107,0.6666666666666666,0.0
17300,393.64,2,467,37,391.07916666666665,90.99583333333334,196.82,233.5,0.010870057520721047,1.0,0.0
17301,294.39,2,216,107,21.963194444444444,603.01875,147.195,108.0,0.0016555777448961644,0.0,0.0
17302,1135.63,5,575,68,15.134722222222223,290.9736111111111,227.12600000000003,115.0,0.013699868233906223,0.2,0.16666666666666666
17303,250.04,1,144,53,361.97083333333336,0.0,250.04,144.0,0.0,0.0,0.0
17304,111.5,1,73,5,534.8520833333333,0.0,111.5,73.0,0.0,0.0,0.0
17305,2135.46,1,1006,9,649.0020833333333,0.0,2135.46,1006.0,0.0,0.0,0.0
17306,9782.35,21,13747,17,11.025,393.025,465.8261904761905,654.6190476190476,0.05075820062178796,0.0,0.08695652173913043
17307,3999.8900000000003,11,3667,22,395.96527777777777,293.87638888888887,363.6263636363637,333.3636363636364,0.033912515131104846,0.0,0.26666666666666666
17308,4511.76,2,5148,5,393.9798611111111,59.15555555555556,2255.88,2574.0,0.01662356852604359,0.0,0.0
17309,320.39,3,181,33,95.89583333333333,577.9798611111111,106.79666666666667,60.333333333333336,0.00345435158342439,0.0,0.0
17310,1025.1,2,402,1,387.86805555555554,147.18194444444444,512.55,201.0,0.006748460507446739,0.0,0.0
17311,3566.56,6,2755,124,78.94375,596.0645833333333,594.4266666666666,459.1666666666667,0.008374303449864092,0.0,0.14285714285714285
17312,644.3,3,372,11,139.0402777777778,20.944444444444443,214.76666666666665,124.0,0.09113924050632911,0.6666666666666666,0.0
17313,2328.84,1,1402,24,31.87847222222222,0.0,2328.84,1402.0,0.0,0.0,0.5
17314,4904.43,17,3663,200,25.13125,711.9277777777778,288.4958823529412,215.47058823529412,0.022442666001698783,0.11764705882352941,0.22727272727272727
17315,9599.58,43,5088,385,2.0243055555555554,436.9791666666667,223.2460465116279,118.32558139534883,0.09589497217333397,0.06976744186046512,0.12244897959183673
17316,124.45,1,44,35,420.9270833333333,0.0,124.45,44.0,0.0,0.0,0.0
17317,2600.34,3,1146,8,46.81319444444444,43.19027777777778,866.7800000000001,382.0,0.0452588238991734,0.3333333333333333,0.4
17318,157.32999999999998,1,59,17,725.9854166666667,0.0,157.32999999999998,59.0,0.0,0.0,0.0
17319,29.1,1,14,3,669.8770833333333,0.0,29.1,14.0,0.0,0.0,0.0
17320,2444.85,6,1182,86,100.97152777777778,586.8763888888889,407.47499999999997,197.0,0.008505189346777834,0.16666666666666666,0.0
17321,1665.21,6,790,241,8.964583333333334,569.0631944444444,277.535,131.66666666666666,0.008770957410910827,0.0,0.0
17322,922.59,5,631,115,376.92291666666665,360.12152777777777,184.518,126.2,0.011076603559512706,0.4,0.2857142857142857
17323,1551.04,12,1426,168,15.80625,683.2298611111111,129.25333333333333,118.83333333333333,0.016076468779274346,0.5833333333333334,0.14285714285714285
17324,2171.07,12,1485,111,18.094444444444445,703.7951388888889,180.9225,123.75,0.015607372118572674,0.0,0.07692307692307693
17325,609.5699999999999,3,465,39,280.9868055555556,361.06805555555553,203.18999999999997,155.0,0.005523823406434487,0.0,0.0
17326,312.35,2,136,82,408.8833333333333,121.06458333333333,156.175,68.0,0.008192384495912341,0.0,0.0
17327,152.35,2,59,3,410.1222222222222,152.94027777777777,76.175,29.5,0.006496025695390529,0.0,0.0
17328,104.7,1,86,6,673.81875,0.0,104.7,86.0,0.0,0.0,0.0
17329,998.53,5,430,80,14.934722222222222,721.9270833333334,199.706,86.0,0.0055330614832639295,0.0,0.0
17330,423.8,4,122,7,23.1625,624.9833333333333,105.95,30.5,0.004792459863148646,0.25,0.0
17331,175.2,1,16,1,124.03819444444444,0.0,175.2,16.0,0.0,0.0,0.0
17332,838.27,5,794,82,528.8611111111111,128.06180555555557,167.654,158.8,0.03099290284047802,0.6,0.0
17333,494.25,1,375,28,86.11041666666667,0.0,494.25,375.0,0.0,0.0,0.0
17334,635.15,3,566,20,302.91041666666666,104.11319444444445,211.71666666666667,188.66666666666666,0.01902710702087036,0.0,0.25
17335,497.04,2,210,34,384.10625,300.95972222222224,248.52,105.0,0.003311699959983625,1.0,0.0
17336,81.12,1,48,1,472.88402777777776,0.0,81.12,48.0,0.0,0.0,0.0
17337,1981.06,4,1247,421,151.91319444444446,158.90902777777777,495.265,311.75,0.01876066687222336,0.25,0.42857142857142855
17338,11889.33,17,5780,590,17.935416666666665,621.9263888888889,699.3723529411765,340.0,0.025685217844983465,0.0,0.15
17339,302.36,3,172,10,94.97291666666666,415.01458333333335,100.78666666666668,57.333333333333336,0.004807523774707417,0.3333333333333333,0.25
17340,19617.95,18,9497,322,30.086805555555557,633.8270833333333,1089.8861111111112,527.6111111111111,0.026778945710282,0.16666666666666666,0.4
17341,1272.21,5,831,200,157.01180555555555,383.7611111111111,254.442,166.2,0.01039606104798071,0.0,0.0
17342,1227.54,4,521,31,380.07152777777776,290.07708333333335,306.885,130.25,0.010306548236792945,0.0,0.42857142857142855
17343,1259.94,6,454,61,355.90486111111113,380.8590277777778,209.99,75.66666666666667,0.013093837349079885,0.6666666666666666,0.0
17344,457.36,2,200,64,46.99583333333333,682.0173611111111,228.68,100.0,0.001464091627734369,0.0,0.3333333333333333
17345,1586.6299999999999,10,2008,174,15.907638888888888,722.9486111111111,158.66299999999998,200.8,0.012431821626381553,0.0,0.16666666666666666
17346,4998.61,26,3439,517,4.022222222222222,597.0,192.25423076923076,132.26923076923077,0.04180602006688963,0.15384615384615385,0.037037037037037035
17347,228.96,1,216,1,86.98472222222222,0.0,228.96,216.0,0.0,0.0,0.0
17348,2442.29,9,2766,326,15.059027777777779,624.9666666666667,271.36555555555555,307.3333333333333,0.012780233239256616,0.0,0.0
17349,772.41,5,772,74,179.93125,452.00208333333336,154.482,154.4,0.008829981466236817,0.0,0.0
17350,1893.701,7,1178,124,8.877083333333333,668.00625,270.5287142857143,168.28571428571428,0.008968526078792238,0.0,0.125
17351,1988.23,12,383,45,36.75347222222222,693.0013888888889,165.68583333333333,31.916666666666668,0.01585011237169314,0.08333333333333333,0.0
17352,36.25,1,15,5,696.8590277777778,0.0,36.25,15.0,0.0,0.0,0.0
17353,3242.0,4,2168,7,129.81319444444443,495.18541666666664,810.5,542.0,0.006046126909883319,0.0,0.42857142857142855
17354,3133.96,4,2531,85,51.09444444444444,377.8833333333333,783.49,632.75,0.007918004662824968,0.0,0.0
17355,273.31,1,249,28,386.98055555555555,0.0,273.31,249.0,0.0,0.0,0.0
17356,946.47,5,925,73,312.07152777777776,376.9534722222222,189.294,185.0,0.010583313275259852,0.0,0.0
17357,384.39,2,152,41,24.84722222222222,0.0006944444444444445,192.195,76.0,0.9993060374739763,0.0,0.0
17358,861.01,5,430,126,303.8284722222222,350.0104166666667,172.202,86.0,0.01139567320532985,0.6,0.0
17359,284.46,2,237,36,11.925694444444444,636.9923611111111,142.23,118.5,0.0015674168860868893,0.0,0.0
17360,1200.51,6,624,189,17.985416666666666,417.0444444444444,200.085,104.0,0.011960450776100362,0.0,0.14285714285714285
17361,871.79,5,380,51,49.87986111111111,627.0506944444444,174.358,76.0,0.006368912629797003,0.0,0.0
17362,1024.04,7,549,99,239.92152777777778,463.15972222222223,146.29142857142855,78.42857142857143,0.01292658477834797,0.0,0.125
17363,920.46,3,499,34,395.81875,6.990277777777778,306.82,166.33333333333334,0.25030418911872065,0.0,0.0
17364,11972.92,28,7464,513,1.1597222222222223,731.7305555555556,427.6042857142857,266.57142857142856,0.036848470144019894,0.07142857142857142,0.0967741935483871
17365,8184.49,15,8015,395,13.025694444444444,664.0118055555556,545.6326666666666,534.3333333333334,0.021052257844211202,0.13333333333333333,0.0625
17366,1077.24,2,504,120,432.8652777777778,23.845833333333335,538.62,252.0,0.040248197216166355,0.5,0.3333333333333333
17367,167.55,1,149,33,238.93680555555557,0.0,167.55,149.0,0.0,0.0,0.0
17368,2758.29,14,2319,195,23.891666666666666,700.9034722222223,197.0207142857143,165.64285714285714,0.01852106523827568,0.21428571428571427,0.125
17369,979.1999999999999,1,1152,1,456.12569444444443,0.0,979.1999999999999,1152.0,0.0,0.0,0.0
17370,446.18,4,540,31,73.10833333333333,96.93333333333334,111.545,135.0,0.03063308373042886,0.0,0.0
17371,655.37,6,281,135,17.97222222222222,714.0451388888889,109.22833333333334,46.833333333333336,0.006992565543162096,0.0,0.0
17372,4347.31,28,1863,412,41.050694444444446,695.7055555555555,155.26107142857146,66.53571428571429,0.038753817569992105,0.6428571428571429,0.0967741935483871
17373,1167.5,7,738,65,40.890277777777776,609.0493055555555,166.78571428571428,105.42857142857143,0.009835270600850796,0.42857142857142855,0.0
17374,727.11,3,155,34,219.15625,176.66041666666666,242.37,51.666666666666664,0.011257431663871853,0.0,0.25
17375,660.55,4,480,77,199.87847222222223,232.27152777777778,165.1375,120.0,0.012860549371708578,0.0,0.2
17376,453.64,4,244,41,71.00972222222222,452.05902777777777,113.41,61.0,0.006621653727362605,0.25,0.0
17377,17644.27,78,7335,505,24.064583333333335,713.9430555555556,226.20858974358976,94.03846153846153,0.10770088526864027,0.15384615384615385,0.14285714285714285
17378,10.95,1,1,1,374.7527777777778,0.0,10.95,1.0,0.0,0.0,0.5
17379,389.71999999999997,1,623,71,11.954166666666667,0.0,389.71999999999997,623.0,0.0,0.0,0.0
17380,645.0,3,252,5,434.8388888888889,100.22083333333333,215.0,84.0,0.019758778248878277,0.0,0.25
17381,36398.65,38,42879,50,9.035416666666666,539.9611111111111,957.8592105263158,1128.3947368421052,0.06839678350261366,0.05263157894736842,0.02564102564102564
17382,902.28,8,457,16,65.98958333333333,504.06388888888887,112.785,57.125,0.013859632719732928,0.0,0.0
17383,304.09,2,160,51,4.801388888888889,449.1125,152.045,80.0,0.002221666805520842,0.5,0.0
17384,507.55,3,121,15,19.87638888888889,447.99097222222224,169.18333333333334,40.333333333333336,0.004454432547053811,0.6666666666666666,0.0
17385,256.11,1,197,42,15.075,0.0,256.11,197.0,0.0,0.0,0.0
17386,2812.77,7,1955,32,8.056944444444444,377.90833333333336,401.82428571428574,279.2857142857143,0.01583496448129495,0.0,0.0
17387,746.81,2,522,71,20.07638888888889,13.98263888888889,373.405,261.0,0.06674391657010428,1.0,0.0
17388,2675.37,11,2555,41,78.09652777777778,651.9486111111111,243.21545454545455,232.27272727272728,0.015315140931203113,0.09090909090909091,0.0
17389,57215.33,61,17880,63,1.1333333333333333,734.8972222222222,937.9562295081968,293.11475409836066,0.08153312471925804,0.08196721311475409,0.2077922077922078
17390,149.3,1,49,12,421.05625,0.0,149.3,49.0,0.0,0.0,0.0
17391,508.8,2,480,2,164.11944444444444,0.9006944444444445,254.4,240.0,0.526123492875411,0.0,0.0
17392,585.92,3,450,66,307.00138888888887,143.85486111111112,195.30666666666664,150.0,0.013806923596895358,0.3333333333333333,0.0
17393,381.15,2,238,45,411.06944444444446,77.80347222222223,190.575,119.0,0.012689796170149016,0.5,0.0
17394,203.86999999999998,1,241,4,219.9777777777778,0.0,203.86999999999998,241.0,0.0,0.0,0.0
17395,97.5,1,66,3,508.8861111111111,0.0,97.5,66.0,0.0,0.0,0.0
17396,8409.6,14,2313,29,39.94305555555555,402.0472222222222,600.6857142857143,165.21428571428572,0.032254285064474114,0.0,0.125
17397,1198.28,3,691,132,22.945833333333333,394.03333333333336,399.4266666666667,230.33333333333334,0.005062863893342334,0.0,0.0
17398,653.38,3,310,30,115.12638888888888,140.86388888888888,217.79333333333332,103.33333333333333,0.014098020402968417,0.0,0.0
17400,4623.28,8,2185,345,126.88333333333334,595.9979166666667,577.91,273.125,0.011725334049881525,0.0,0.0
17401,114.85,1,34,11,541.8305555555555,0.0,114.85,34.0,0.0,0.0,0.0
17402,4635.5599999999995,23,1450,105,5.107638888888889,718.6909722222222,201.54608695652172,63.04347826086956,0.03056867579159651,0.17391304347826086,0.11538461538461539
17403,382.87,2,188,45,36.897222222222226,414.1173611111111,191.435,94.0,0.0024089573062504076,0.0,0.0
17404,47781.12,23,50679,126,4.85,697.2048611111111,2077.44,2203.4347826086955,0.03150937672503394,0.043478260869565216,0.17857142857142858
17405,1031.41,3,726,77,1.8180555555555555,149.12152777777777,343.80333333333334,242.0,0.013322539609112987,0.0,0.4
17406,4186.95,13,1847,155,333.90486111111113,400.05694444444447,322.0730769230769,142.07692307692307,0.029920938076817852,0.15384615384615385,0.2777777777777778
17407,552.9,1,426,23,412.03680555555553,0.0,552.9,426.0,0.0,1.0,0.0
17408,316.09000000000003,3,163,7,163.99791666666667,350.95208333333335,105.36333333333334,54.333333333333336,0.005682591735380644,0.0,0.25
17409,7793.51,10,4089,50,185.09305555555557,543.9298611111111,779.351,408.9,0.01651588698341657,0.0,0.0
17410,1214.72,5,616,57,16.877777777777776,199.01736111111111,242.94400000000002,123.2,0.019998264039579897,0.4,0.0
17411,1425.38,5,608,69,12.934027777777779,724.0993055555556,285.076,121.6,0.005516485768711756,0.4,0.4444444444444444
17412,4220.22,16,2554,161,3.051388888888889,734.90625,263.76375,159.625,0.020383031126587115,0.1875,0.15789473684210525
17413,560.14,2,302,10,405.01180555555555,165.05694444444444,280.07,151.0,0.006022030595260997,0.5,0.0
17414,2249.52,6,6256,6,44.02569444444445,692.8083333333333,374.92,1042.6666666666667,0.0072066012467420166,0.0,0.0
17415,507.84,1,114,14,80.0,0.0,507.84,114.0,0.0,0.0,0.0
17416,17298.45,22,8769,324,30.002083333333335,695.8458333333333,786.2931818181819,398.59090909090907,0.030135790436669998,0.0,0.12
17417,164.18,1,76,16,549.1180555555555,0.0,164.18,76.0,0.0,0.0,0.0
17418,670.0600000000001,3,521,40,42.99305555555556,344.97083333333336,223.35333333333335,173.66666666666666,0.005780834126190791,0.0,0.0
17419,6126.25,18,2884,203,11.960416666666667,672.0194444444444,340.34722222222223,160.22222222222223,0.025259299921167874,0.0,0.1
17420,953.58,6,446,43,50.915277777777774,351.07152777777776,158.93,74.33333333333333,0.014201659621723017,0.16666666666666666,0.25
17421,1059.41,3,807,46,386.8284722222222,349.0513888888889,353.1366666666667,269.0,0.005713446835186898,0.0,0.0
17422,3594.76,11,3538,149,16.974305555555556,518.1305555555556,326.79636363636365,321.6363636363636,0.01926297709310974,0.09090909090909091,0.45
17423,1118.95,3,790,39,46.96805555555556,347.0486111111111,372.98333333333335,263.3333333333333,0.005746323749476247,0.0,0.4
17425,759.17,2,407,42,19.88888888888889,41.16180555555555,379.585,203.5,0.02371814932551513,0.5,0.0
17426,8077.77,13,5187,248,8.779861111111112,652.1861111111111,621.3669230769231,399.0,0.01837148677210426,0.0,0.23529411764705882
17427,100.8,1,34,2,72.05625,0.0,100.8,34.0,0.0,0.0,0.0
17428,31466.760000000002,45,17356,422,1.1284722222222223,737.6784722222222,699.2613333333334,385.68888888888887,0.05956583500752564,0.044444444444444446,0.11764705882352941
17429,1357.46,5,1286,80,128.9777777777778,301.0361111111111,271.492,257.2,0.013243449550734369,0.0,0.2857142857142857
17430,622.57,4,455,30,33.143055555555556,446.89722222222224,155.6425,113.75,0.0066979651829846875,0.0,0.0
17431,403.3,1,292,41,313.9263888888889,0.0,403.3,292.0,0.0,1.0,0.0
17432,1728.99,9,1008,213,18.803472222222222,717.9305555555555,192.11,112.0,0.011127639433572242,0.0,0.0
17433,569.96,2,305,81,88.93472222222222,297.03263888888887,284.98,152.5,0.0033553371997380975,0.0,0.0
17434,2373.82,7,1693,100,2.9819444444444443,82.97361111111111,339.1171428571429,241.85714285714286,0.07145101801161079,0.0,0.2222222222222222
17435,331.35,1,195,15,411.9548611111111,0.0,331.35,195.0,0.0,1.0,0.0
17436,534.06,5,178,8,2.013888888888889,730.9993055555556,106.81199999999998,35.6,0.005464486058445335,0.2,0.2857142857142857
17437,369.68,1,283,52,530.06875,0.0,369.68,283.0,0.0,0.0,0.0
17438,1422.77,5,553,49,254.1,387.73125,284.554,110.6,0.010289885364245865,0.0,0.16666666666666666
17439,325.74,1,370,8,656.0013888888889,0.0,325.74,370.0,0.0,0.0,0.0
17440,323.58,4,282,4,157.0388888888889,392.8847222222222,80.895,70.5,0.007616441640778993,0.0,0.3333333333333333
17441,293.35,1,245,21,732.9708333333333,0.0,293.35,245.0,0.0,0.0,0.0
17442,4620.3,15,3134,188,37.14791666666667,625.7243055555556,308.02000000000004,208.93333333333334,0.022338370916682088,0.06666666666666667,0.34782608695652173
17443,534.24,1,504,1,220.08541666666667,0.0,534.24,504.0,0.0,0.0,0.0
17444,2940.04,3,2119,132,148.03125,25.125694444444445,980.0133333333333,706.3333333333334,0.07655298902208872,0.0,0.0
17446,120.9,2,198,6,177.0888888888889,133.8347222222222,60.45,99.0,0.007416487263213194,0.0,0.0
17447,541.53,2,443,33,40.93888888888889,31.17222222222222,270.765,221.5,0.031082714557071324,0.5,0.0
17448,14523.67,46,11534,569,497.94652777777776,147.85972222222222,315.7319565217391,250.7391304347826,0.30229802479963425,0.08695652173913043,0.14814814814814814
17449,4868.15,13,2483,292,2.8291666666666666,728.1111111111111,374.4730769230769,191.0,0.016458396830234687,0.15384615384615385,0.07142857142857142
17450,244784.25,51,83914,144,8.972916666666666,429.8541666666667,4799.691176470588,1645.3725490196077,0.11604854697548474,0.0,0.16393442622950818
17451,1721.4,7,1203,83,1.9083333333333334,104.13055555555556,245.91428571428574,171.85714285714286,0.057071894734060824,0.0,0.3
17453,486.71999999999997,2,219,19,18.130555555555556,46.69444444444444,243.35999999999999,109.5,0.020966802562609202,0.0,0.0
17454,1547.94,10,727,98,192.95277777777778,500.9291666666667,154.794,72.7,0.017930816931339914,0.1,0.09090909090909091
17455,131.7,1,66,8,204.01319444444445,0.0,131.7,66.0,0.0,0.0,0.0
17456,975.5600000000001,2,508,59,365.89375,90.99652777777777,487.78000000000003,254.0,0.010869975467069259,0.0,0.0
17457,5984.8099999999995,14,2695,30,127.00138888888888,605.9138888888889,427.4864285714285,192.5,0.02141984264654056,0.0,0.2222222222222222
17458,529.58,2,282,81,15.99236111111111,366.0541666666667,264.79,141.0,0.0027243935386466575,0.0,0.0
17459,657.3,2,537,88,43.97569444444444,16.850694444444443,328.65,268.5,0.05602022952732932,0.0,0.0
17460,2157.9700000000003,16,954,93,94.90694444444445,592.06875,134.87312500000002,59.625,0.025292177340316784,0.0625,0.23809523809523808
17461,735.82,3,770,104,23.103472222222223,6.930555555555555,245.27333333333334,256.6666666666667,0.2521891418563923,0.0,0.0
17462,675.69,2,227,25,60.954166666666666,223.87152777777777,337.845,113.5,0.004446983617188827,0.0,0.3333333333333333
17463,2535.26,7,1480,234,16.96527777777778,572.8215277777778,362.18,211.42857142857142,0.010456212793612028,0.14285714285714285,0.2222222222222222
17464,907.14,3,608,35,158.97986111111112,461.0027777777778,302.38,202.66666666666666,0.004328978300996266,0.0,0.25
17465,2542.79,7,1477,103,426.0375,310.93819444444443,363.2557142857143,211.0,0.01923457949958926,0.2857142857142857,0.2222222222222222
17466,763.28,2,306,41,10.98263888888889,68.16597222222222,381.64,153.0,0.014457976485707688,0.0,0.0
17467,102.6,1,20,4,395.99444444444447,0.0,102.6,20.0,0.0,0.0,0.0
17468,194.8,3,184,8,10.886805555555556,364.9222222222222,64.93333333333334,61.333333333333336,0.005465642364801264,0.0,0.0
17469,5051.25,17,2304,165,16.98263888888889,706.9229166666667,297.13235294117646,135.52941176470588,0.022601330771064413,0.0,0.22727272727272727
17470,2626.47,11,2731,111,45.00555555555555,463.8513888888889,238.76999999999998,248.27272727272728,0.02151225152602534,0.09090909090909091,0.0
17471,321.65000000000003,1,153,19,475.0395833333333,0.0,321.65000000000003,153.0,0.0,1.0,0.0
17472,922.35,4,551,183,191.91180555555556,437.0625,230.5875,137.75,0.006848337851333999,0.5,0.0
17473,607.0,2,270,33,409.0451388888889,47.69583333333333,303.5,135.0,0.020535637888251905,0.0,0.3333333333333333
17474,1047.0,1,200,6,600.0881944444444,0.0,1047.0,200.0,0.0,0.0,0.0
17475,194.37,1,178,14,79.91319444444444,0.0,194.37,178.0,0.0,0.0,0.0
17476,489.86,2,224,29,396.1034722222222,341.925,244.93,112.0,0.0029160895239483853,0.0,0.5
17477,1144.3,2,225,44,613.1138888888889,34.925694444444446,572.15,112.5,0.027835230897106295,0.0,0.6
17478,1272.8,2,516,40,408.9090277777778,225.02916666666667,636.4,258.0,0.0044242077902925505,0.0,0.0
17479,389.26000000000005,1,266,18,633.1416666666667,0.0,389.26000000000005,266.0,0.0,0.0,0.0
17480,882.23,2,581,50,78.04930555555555,366.9638888888889,441.115,290.5,0.0027176579827428715,0.0,0.3333333333333333
17481,1255.59,4,1061,69,4.0152777777777775,90.1048611111111,313.8975,265.25,0.0329290881234231,0.0,0.2
17482,775.64,2,240,50,487.88680555555555,91.05763888888889,387.82,120.0,0.010862759593551746,0.0,0.0
17483,591.73,4,265,23,65.98611111111111,349.01875,147.9325,66.25,0.00857096941235291,0.0,0.0
17484,209.57,2,339,14,576.88125,47.975,104.785,169.5,0.02041858090862685,0.0,0.0
17486,396.87,1,191,24,261.9513888888889,0.0,396.87,191.0,0.0,0.0,0.0
17487,160.55,1,37,8,728.9055555555556,0.0,160.55,37.0,0.0,0.0,0.0
17488,336.5,1,136,18,641.9465277777778,0.0,336.5,136.0,0.0,0.0,0.0
17489,376.64,2,428,28,59.1625,153.89027777777778,188.32,214.0,0.006456183140395083,0.0,0.0
17490,2750.5,9,1531,93,1.1541666666666666,568.8527777777778,305.6111111111111,170.11111111111111,0.014038713702856977,0.0,0.3076923076923077
17491,5653.67,17,3362,105,1.8555555555555556,589.18125,332.56882352941176,197.76470588235293,0.027110315686918216,0.058823529411764705,0.05555555555555555
17492,1122.42,3,450,32,248.89513888888888,270.07916666666665,374.14000000000004,150.0,0.0073779185047418505,0.0,0.0
17493,100.91000000000001,1,62,8,385.8284722222222,0.0,100.91000000000001,62.0,0.0,0.0,0.0
17494,54.699999999999996,1,26,3,502.1138888888889,0.0,54.699999999999996,26.0,0.0,0.0,0.0
17495,806.72,3,367,38,8.029166666666667,383.0125,268.9066666666667,122.33333333333333,0.005208163796751408,0.3333333333333333,0.25
17496,1412.89,4,675,54,359.1743055555556,335.79375,353.2225,168.75,0.008907528717501438,0.0,0.2
17497,287.25,2,59,7,390.93958333333336,220.26111111111112,143.625,29.5,0.004519547040952118,0.5,0.0
17498,272.22,1,394,17,76.01736111111111,0.0,272.22,394.0,0.0,1.0,0.0
17499,1341.39,2,1086,66,290.15,271.96875,670.695,543.0,0.003663423010875787,0.0,0.3333333333333333
17500,1138.0,3,17,3,17.93402777777778,12.220138888888888,379.3333333333333,5.666666666666667,0.15128434102011873,0.0,0.0
17501,288.6,2,160,18,221.12708333333333,0.0006944444444444445,144.3,80.0,0.9993060374739763,0.0,0.0
17502,689.1,4,376,25,9.984027777777778,19.856944444444444,172.275,94.0,0.14383698475061596,0.0,0.0
17503,558.96,2,486,36,3.147222222222222,35.920833333333334,279.48,243.0,0.02708497912199526,0.0,0.0
17504,9490.17,18,5420,244,206.99375,463.15069444444447,527.2316666666667,301.1111111111111,0.036626035904886015,0.16666666666666666,0.05263157894736842
17505,2435.48,5,1242,83,162.0,443.84513888888887,487.096,248.4,0.008991893246245183,0.0,0.0
17506,302.2,1,139,14,76.04930555555555,0.0,302.2,139.0,0.0,1.0,0.5
17507,605.58,2,359,79,262.04305555555555,47.736111111111114,302.79,179.5,0.020518666286691363,0.0,0.0
17508,4579.23,8,2891,199,281.19444444444446,451.85,572.40375,361.375,0.01545765706083692,0.0,0.1111111111111111
17509,6083.64,8,3512,75,58.1,5.883333333333334,760.455,439.0,1.0169491525423728,0.0,0.2727272727272727
17510,514.56,2,422,28,25.118055555555557,395.9861111111111,257.28,211.0,0.002518979813175664,0.0,0.0
17511,172132.87,60,117174,657,3.109722222222222,734.9722222222222,2868.8811666666666,1952.9,0.08016606906963579,0.0,0.29411764705882354
17512,5467.820000000001,18,5434,102,29.027083333333334,700.6916666666667,303.76777777777784,301.8888888888889,0.024227165302898944,0.0,0.1
17513,1158.8,3,440,18,72.83888888888889,407.0652777777778,386.26666666666665,146.66666666666666,0.004901176622748947,0.0,0.0
17514,522.0,2,284,72,128.87847222222223,541.0729166666666,261.0,142.0,0.0018447702684525069,0.0,0.0
17515,1602.51,9,527,91,31.948611111111113,519.0243055555555,178.05666666666667,58.55555555555556,0.015383896318948768,0.0,0.0
17516,947.5,6,522,150,15.832638888888889,363.1673611111111,157.91666666666666,87.0,0.013729950934494785,0.3333333333333333,0.0
17517,153.94,1,102,11,309.04305555555555,0.0,153.94,102.0,0.0,0.0,0.0
17518,329.42,2,267,71,426.00694444444446,195.96458333333334,164.71,133.5,0.005077054885078747,1.0,0.0
17519,4774.17,15,3230,142,17.838194444444444,721.2819444444444,318.278,215.33333333333334,0.019383012558576888,0.13333333333333333,0.11764705882352941
17520,546.81,1,365,30,54.03194444444444,0.0,546.81,365.0,0.0,0.0,0.0
17521,1278.06,5,806,65,30.06111111111111,404.98125,255.612,161.2,0.009852671767476947,0.0,0.16666666666666666
17522,1070.71,5,1034,59,2.0131944444444443,216.83333333333334,214.142,206.8,0.01836266258607498,0.2,0.0
17523,652.74,4,872,25,11.979166666666666,7.986111111111111,163.185,218.0,0.33384853168469864,0.5,0.0
17524,539.14,3,362,37,361.9291666666667,76.925,179.71333333333334,120.66666666666667,0.025665704202759064,0.0,0.25
17525,1161.9,3,338,19,360.03125,69.12013888888889,387.3,112.66666666666667,0.028522476305547027,0.3333333333333333,0.0
17526,3939.24,12,1442,67,5.072916666666667,717.7826388888889,328.27,120.16666666666667,0.015303652877598795,0.16666666666666666,0.25
17527,939.37,4,488,45,54.0125,164.95069444444445,234.8425,122.0,0.01807765860843875,0.0,0.3333333333333333
17528,3628.5,8,2138,183,1.9743055555555555,70.01597222222222,453.5625,267.25,0.09856937504278185,0.0,0.2727272727272727
17529,1240.25,2,790,78,610.7909722222222,87.22361111111111,620.125,395.0,0.01133483414933644,0.0,0.0
17530,2791.69,12,1741,359,1.7555555555555555,732.1006944444445,232.64083333333335,145.08333333333334,0.015004760032775549,0.08333333333333333,0.07692307692307693
17531,1266.82,3,472,54,190.73125,428.2638888888889,422.2733333333333,157.33333333333334,0.004659138706441906,0.0,0.6666666666666666
17532,65.34,1,30,4,386.1923611111111,0.0,65.34,30.0,0.0,0.0,0.0
17533,34.8,1,24,1,435.15,0.0,34.8,24.0,0.0,0.0,0.0
17534,1668.83,5,860,76,54.00208333333333,598.8277777777778,333.76599999999996,172.0,0.00666858079633969,0.2,0.0
17535,164.4,1,136,13,280.8958333333333,0.0,164.4,136.0,0.0,0.0,0.0
17536,364.83,3,201,16,177.97708333333333,505.0576388888889,121.61,67.0,0.0039521189807375364,0.0,0.0
17537,887.67,2,699,74,30.079166666666666,273.8881944444444,443.835,349.5,0.0036378426582524717,0.0,0.0
17538,98.42,1,134,9,26.02638888888889,0.0,98.42,134.0,0.0,0.0,0.0
17539,1176.84,4,708,132,618.0298611111111,108.9798611111111,294.21,177.0,0.02727772129998548,0.75,0.42857142857142855
17540,1590.6000000000001,6,588,41,25.0375,575.0895833333333,265.1,98.0,0.008679205708024287,0.16666666666666666,0.14285714285714285
17541,119.86,1,44,31,510.0513888888889,0.0,119.86,44.0,0.0,1.0,0.0
17542,340.85,3,323,57,270.0451388888889,371.9840277777778,113.61666666666667,107.66666666666667,0.005362159907800639,0.0,0.0
17543,120.05,1,62,13,550.00625,0.0,120.05,62.0,0.0,0.0,0.0
17544,944.82,3,410,80,390.90416666666664,0.014583333333333334,314.94,136.66666666666666,1.9712525667351128,1.0,0.0
17545,1409.8600000000001,6,682,204,43.94861111111111,534.1666666666666,234.9766666666667,113.66666666666667,0.009342883836810962,0.3333333333333333,0.0
17547,727.85,2,223,22,376.13125,289.7965277777778,363.925,111.5,0.003438830606547629,0.0,0.5
17548,731.26,4,494,22,234.03402777777777,162.82083333333333,182.815,123.5,0.018312689167535673,0.25,0.3333333333333333
17549,148.86,2,210,5,24.11875,27.995833333333334,74.43,105.0,0.03448771375197586,0.0,0.0
17550,2506.64,9,968,250,197.9451388888889,472.95972222222224,278.5155555555555,107.55555555555556,0.016879071416640537,0.5555555555555556,0.1
17551,290.34,1,142,39,359.94305555555553,0.0,290.34,142.0,0.0,0.0,0.0
17552,2786.77,12,1951,78,60.826388888888886,567.3201388888889,232.23083333333332,162.58333333333334,0.019355288062650525,0.0,0.25
17553,3757.6,4,2288,2,130.11805555555554,481.0111111111111,939.4,572.0,0.006223922915562112,0.0,0.0
17554,1952.45,5,1763,58,1.9409722222222223,146.75972222222222,390.49,352.6,0.027070976717080093,0.0,0.0
17555,1045.74,5,739,220,20.019444444444446,566.8472222222222,209.148,147.8,0.00704414822061881,0.8,0.0
17556,300.67,2,184,13,206.0847222222222,173.74166666666667,150.335,92.0,0.005722733559063379,0.0,0.0
17557,575.46,4,310,28,14.995138888888889,718.1125,143.865,77.5,0.004171809000677919,0.0,0.0
17558,259.17,1,54,28,393.9263888888889,0.0,259.17,54.0,0.0,0.0,0.0
17559,167.62,1,270,12,513.0333333333333,0.0,167.62,270.0,0.0,0.0,0.0
17560,1895.8,8,1588,37,95.14722222222223,565.8798611111112,236.975,198.5,0.012348295432968233,0.0,0.0
17561,703.02,4,381,163,19.997916666666665,713.975,175.755,95.25,0.0041959509073743835,1.0,0.0
17562,1122.38,7,817,48,14.936805555555555,159.05208333333334,160.34,116.71428571428571,0.0374877969410999,0.14285714285714285,0.125
17563,392.38,2,256,27,578.9138888888889,33.202777777777776,196.19,128.0,0.029237391374969546,0.0,0.6
17564,454.01,3,146,38,24.974305555555556,55.97708333333333,151.33666666666667,48.666666666666664,0.03510183187685107,0.0,0.0
17565,131.83,1,67,30,587.0388888888889,0.0,131.83,67.0,0.0,1.0,0.0
17566,869.77,2,497,113,8.705555555555556,17.258333333333333,434.885,248.5,0.05476951163852122,0.0,0.0
17567,4838.08,9,2908,128,7.876388888888889,434.2083333333333,537.5644444444445,323.1111111111111,0.018382000957395884,0.0,0.18181818181818182
17568,374.45,1,275,61,633.8368055555555,0.0,374.45,275.0,0.0,0.0,0.0
17569,344.14,1,159,29,332.94097222222223,0.0,344.14,159.0,0.0,0.0,0.0
17570,100.0,1,1,1,382.0375,0.0,100.0,1.0,0.0,0.0,0.5
17571,1630.91,5,991,290,50.87013888888889,492.1298611111111,326.182,198.2,0.008111453626002843,0.2,0.0
17572,652.21,10,327,14,71.78958333333334,653.3284722222222,65.221,32.7,0.013754559647136112,0.0,0.0
17573,380.6,3,308,24,29.992361111111112,64.10069444444444,126.86666666666667,102.66666666666667,0.030721638487385995,0.0,0.25
17574,185.65,1,77,8,243.12708333333333,0.0,185.65,77.0,0.0,0.0,0.0
17575,171.7,1,72,5,667.9597222222222,0.0,171.7,72.0,0.0,0.0,0.0
17576,8711.95,41,4583,417,8.7875,728.0430555555556,212.48658536585367,111.78048780487805,0.054866444025749125,0.0,0.08888888888888889
17577,348.75,2,179,20,645.9923611111111,23.11875,174.375,89.5,0.041461518528116095,0.0,0.0
17578,1047.33,7,529,57,218.75833333333333,311.27986111111113,149.6185714285714,75.57142857142857,0.01921353486789583,0.14285714285714285,0.3
17579,753.28,4,375,89,5.0152777777777775,573.9166666666666,188.32,93.75,0.0052181475576170465,0.0,0.2
17580,541.02,5,223,78,253.00625,169.92569444444445,108.204,44.6,0.023401981855338375,0.2,0.0
17581,17951.17,43,9519,387,1.020138888888889,735.9909722222222,417.4690697674418,221.37209302325581,0.056988486403515795,0.13953488372093023,0.18867924528301888
17582,1446.95,5,603,92,236.98055555555555,387.03819444444446,289.39,120.6,0.010308263612366336,0.6,0.16666666666666666
17583,135.95,1,55,7,560.9347222222223,0.0,135.95,55.0,0.0,0.0,0.0
17584,5309.42,6,2464,85,7.8180555555555555,676.3715277777778,884.9033333333333,410.6666666666667,0.007381473526652757,0.16666666666666666,0.14285714285714285
17585,2064.71,7,2510,295,109.97222222222223,368.86875,294.9585714285714,358.57142857142856,0.016221970631474004,0.0,0.0
17586,167.4,1,68,8,619.9847222222222,0.0,167.4,68.0,0.0,0.0,0.0
17587,176.71,1,67,42,628.9402777777777,0.0,176.71,67.0,0.0,1.0,0.0
17588,2939.55,7,1379,35,100.96736111111112,537.04375,419.9357142857143,197.0,0.011151509519439636,0.0,0.2222222222222222
17589,13837.94,18,8704,601,60.827777777777776,582.1319444444445,768.7744444444445,483.55555555555554,0.02915292184206452,0.2777777777777778,0.14285714285714285
17590,1468.02,3,822,162,2.9965277777777777,37.951388888888886,489.34,274.0,0.051346050989481196,0.3333333333333333,0.0
17591,2339.32,8,1028,93,73.96388888888889,617.8979166666667,292.415,128.5,0.011310427473566925,0.125,0.1111111111111111
17592,148.3,1,38,13,739.0840277777778,0.0,148.3,38.0,0.0,0.0,0.5
17593,8092.32,11,5595,311,4.097222222222222,731.8298611111111,735.6654545454545,508.6363636363636,0.013645732155125441,0.2727272727272727,0.26666666666666666
17594,2497.88,4,1368,70,85.84444444444445,519.3201388888889,624.47,342.0,0.005765681117794734,0.0,0.0
17595,386.69,2,228,68,12.8625,24.992361111111112,193.345,114.0,0.038472841914023885,0.5,0.0
17596,4491.46,13,7010,274,23.94375,701.0347222222222,345.49692307692305,539.2307692307693,0.017093171634039946,0.15384615384615385,0.07142857142857142
17597,3484.09,5,2215,109,214.0388888888889,369.84791666666666,696.818,443.0,0.01078609268174847,0.4,0.2857142857142857
17598,409.98,1,126,10,381.7965277777778,0.0,409.98,126.0,0.0,0.0,0.0
17599,52.05,1,11,3,478.0,0.0,52.05,11.0,0.0,0.0,0.6666666666666666
17600,161.67000000000002,1,144,13,18.12986111111111,0.0,161.67000000000002,144.0,0.0,0.0,0.0
17601,413.08,2,295,69,239.78333333333333,141.14791666666667,206.54,147.5,0.007034925473758262,0.0,0.0
17602,7354.43,14,5880,450,2.95625,616.8527777777778,525.3164285714286,420.0,0.021040611076892646,0.07142857142857142,0.2222222222222222
17603,1788.38,4,638,104,78.93888888888888,651.1902777777777,447.095,159.5,0.004599884576970337,0.0,0.6363636363636364
17604,942.38,6,614,142,217.96319444444444,464.05833333333334,157.06333333333333,102.33333333333333,0.010751339437704947,0.0,0.0
17605,160.75,1,71,13,590.9201388888889,0.0,160.75,71.0,0.0,0.0,0.0
17606,87.30000000000001,1,42,6,737.9708333333333,0.0,87.30000000000001,42.0,0.0,0.0,0.0
17607,333.81,1,269,22,376.98541666666665,0.0,333.81,269.0,0.0,1.0,0.0
17608,488.06,4,528,134,33.98888888888889,573.9784722222222,122.015,132.0,0.0052175866487754975,0.75,0.0
17609,1887.8999999999999,11,1321,317,41.015277777777776,568.8152777777777,171.62727272727273,120.0909090909091,0.017549547002318006,0.45454545454545453,0.21428571428571427
17610,1511.94,5,893,114,540.8444444444444,193.01875,302.38800000000003,178.6,0.02061656412073575,0.2,0.375
17611,8337.53,28,5341,722,7.972916666666666,731.0,297.7689285714286,190.75,0.036885245901639344,0.25,0.2
17612,5394.86,18,3521,213,53.91041666666667,669.125,299.71444444444444,195.61111111111111,0.02536840141764596,0.0,0.4375
17613,4544.55,14,2490,211,23.082638888888887,282.9798611111111,324.6107142857143,177.85714285714286,0.045777894070148754,0.21428571428571427,0.17647058823529413
17614,386.32,1,235,97,57.86736111111111,0.0,386.32,235.0,0.0,0.0,0.0
17615,721.8,6,378,47,130.94722222222222,355.05,120.3,63.0,0.01404297149276787,0.16666666666666666,0.14285714285714285
17616,734.4,4,288,1,174.11041666666668,277.97777777777776,183.6,72.0,0.010753544686952367,0.25,0.0
17617,385.19,1,249,18,559.0013888888889,0.0,385.19,249.0,0.0,1.0,0.5
17618,4001.64,11,1798,202,6.041666666666667,679.0326388888889,363.7854545454545,163.45454545454547,0.014705176528495876,0.9090909090909091,0.15384615384615385
17619,214.37,1,124,71,312.93888888888887,0.0,214.37,124.0,0.0,0.0,0.0
17620,81.44,1,60,4,60.02916666666667,0.0,81.44,60.0,0.0,0.0,0.0
17621,3175.12,6,1110,61,21.81875,410.3152777777778,529.1866666666666,185.0,0.012156125167568808,0.16666666666666666,0.25
17622,1130.21,2,379,19,598.0097222222222,0.9569444444444445,565.105,189.5,0.511000709723208,0.0,0.3333333333333333
17623,2365.77,7,799,130,33.05416666666667,692.8722222222223,337.96714285714285,114.14285714285714,0.008647125231190501,0.14285714285714285,0.0
17624,1568.63,4,958,91,15.081944444444444,704.9284722222222,392.1575,239.5,0.004249722341636359,0.25,0.0
17625,5978.9,8,3505,429,18.968055555555555,706.0743055555556,747.3625,438.125,0.009899949616327845,0.5,0.0
17626,254.0,1,202,18,603.0243055555555,0.0,254.0,202.0,0.0,0.0,0.0
17627,296.36,1,676,10,479.0576388888889,0.0,296.36,676.0,0.0,0.0,0.5
17628,75.75,1,79,5,81.8951388888889,0.0,75.75,79.0,0.0,0.0,0.0
17629,2455.52,10,1903,129,6.079166666666667,415.88958333333335,245.552,190.3,0.021588450179154152,0.2,0.09090909090909091
17630,503.59999999999997,2,158,24,170.0361111111111,62.91319444444444,251.79999999999998,79.0,0.01564622154615092,0.0,0.0
17631,998.49,7,591,66,2.127083333333333,728.8138888888889,142.64142857142858,84.42857142857143,0.008221274069111988,0.0,0.0
17633,2057.39,7,899,84,31.975694444444443,357.9375,293.91285714285715,128.42857142857142,0.016716002089500262,0.14285714285714285,0.2222222222222222
17634,2358.59,9,838,209,36.986805555555556,301.01666666666665,262.0655555555556,93.11111111111111,0.026488604381656643,0.1111111111111111,0.0
17635,1265.58,3,770,60,424.9013888888889,166.18125,421.85999999999996,256.6666666666667,0.011963064039777187,0.0,0.25
17636,285.56,1,182,20,19.92361111111111,0.0,285.56,182.0,0.0,1.0,0.5
17637,547.0600000000001,2,280,35,31.999305555555555,83.97638888888889,273.53000000000003,140.0,0.011767974764231894,0.0,0.0
17638,842.4,2,432,2,647.9291666666667,74.19027777777778,421.2,216.0,0.013299591776419085,0.0,0.0
17639,615.17,6,576,59,276.89444444444445,207.14097222222222,102.52833333333332,96.0,0.02402218047997651,0.16666666666666666,0.0
17640,3168.94,6,1692,48,87.15069444444444,539.9986111111111,528.1566666666666,282.0,0.009242167904518137,0.3333333333333333,0.25
17642,1824.49,5,1475,88,120.15208333333334,614.7152777777778,364.898,295.0,0.006496509254142088,0.2,0.0
17643,439.7,2,226,30,373.925,132.06319444444443,219.85,113.0,0.007515226161337293,0.0,0.0
17644,6028.6,20,3469,160,1.9631944444444445,660.2076388888889,301.43,173.45,0.028735300203016574,0.05,0.2857142857142857
17646,3898.79,12,1308,124,219.98125,504.15277777777777,324.89916666666664,109.0,0.021775590442935307,0.0,0.25
17647,331.65999999999997,3,82,12,65.88333333333334,604.0409722222222,110.55333333333333,27.333333333333332,0.0033055612624948495,0.0,0.0
17648,2216.37,5,954,114,61.13125,324.7083333333333,443.274,190.8,0.012280926186516567,0.0,0.16666666666666666
17649,1578.89,3,723,88,138.87291666666667,334.11944444444447,526.2966666666667,241.0,0.005968021352254171,0.3333333333333333,0.4
17650,166.08,1,150,8,21.915277777777778,0.0,166.08,150.0,0.0,0.0,0.0
17651,5703.52,16,4086,198,12.097916666666666,514.925,356.47,255.375,0.02907399331298154,0.0625,0.2727272727272727
17652,4867.72,12,2509,118,25.99652777777778,255.95138888888889,405.6433333333334,209.08333333333334,0.04280965379314072,0.0,0.3333333333333333
17653,1207.56,4,1409,44,37.00277777777778,83.89027777777778,301.89,352.25,0.03533973593363983,0.0,0.2
17654,117.55,1,41,22,277.98125,0.0,117.55,41.0,0.0,0.0,0.0
17655,2976.38,9,1268,75,11.052777777777777,406.0513888888889,330.7088888888889,140.88888888888889,0.01965353814867765,0.1111111111111111,0.1
17656,1674.69,5,1399,67,73.99027777777778,55.09652777777778,334.938,279.8,0.07130566112479729,0.0,0.0
17657,126.0,1,60,7,430.91527777777776,0.0,126.0,60.0,0.0,0.0,0.0
17658,595.42,2,616,17,26.02986111111111,185.86388888888888,297.71,308.0,0.005351488754440993,0.0,0.3333333333333333
17659,3586.9900000000002,14,1752,150,17.972916666666666,368.96458333333334,256.21357142857147,125.14285714285714,0.03513849861754785,0.0,0.17647058823529413
17660,342.22,2,259,75,141.9673611111111,595.8993055555555,171.11,129.5,0.0016753244486844632,0.0,0.0
17662,412.92,2,184,14,662.1333333333333,60.98888888888889,206.46,92.0,0.016131923283742605,0.0,0.0
17663,5175.83,17,2297,153,26.1625,619.8847222222222,304.4605882352941,135.11764705882354,0.025769679019857418,0.0,0.2608695652173913
17664,1166.23,4,1058,68,19.05625,601.7583333333333,291.5575,264.5,0.004977119077573931,0.25,0.0
17665,563.1,1,690,19,493.9847222222222,0.0,563.1,690.0,0.0,0.0,0.0
17666,2047.8,5,1552,30,4.155555555555556,523.8770833333333,409.56,310.4,0.007620831861427874,0.0,0.0
17667,3950.7,9,2192,140,66.92916666666666,588.1909722222222,438.96666666666664,243.55555555555554,0.013577940561150826,0.0,0.25
17668,347.75,2,93,14,1.9756944444444444,36.94444444444444,173.875,46.5,0.02635431918008785,0.0,0.0
17669,6142.35,10,3505,85,43.16458333333333,574.5868055555555,614.235,350.5,0.01563621666294663,0.0,0.0
17670,205.7,1,110,11,228.1513888888889,0.0,205.7,110.0,0.0,0.0,0.0
17671,2009.16,5,987,54,16.020138888888887,360.01944444444445,401.832,197.4,0.011079735625197165,0.0,0.2857142857142857
17672,5778.63,7,2758,179,50.93888888888889,631.8736111111111,825.5185714285715,394.0,0.009480565937116634,0.0,0.2222222222222222
17673,4173.88,13,3284,195,2.0,628.95,321.0676923076923,252.6153846153846,0.019049130883403445,0.07692307692307693,0.13333333333333333
17674,551.04,2,672,19,74.96875,294.1354166666667,275.52,336.0,0.0033882751561783078,0.0,0.0
17675,37642.48,70,16180,345,1.7826388888888889,728.0784722222222,537.7497142857143,231.14285714285714,0.09464001836412594,0.1,0.2222222222222222
17676,2448.64,10,1764,85,4.898611111111111,615.1854166666667,244.86399999999998,176.4,0.014605993190631878,0.0,0.23076923076923078
17677,35058.46,54,20921,346,2.120833333333333,721.9395833333333,649.2307407407408,387.4259259259259,0.07331179703237073,0.05555555555555555,0.4065934065934066
17678,599.76,2,368,27,264.04027777777776,339.91527777777776,299.88,184.0,0.0029332800997315237,0.0,0.3333333333333333
17679,3577.61,7,1755,70,53.21319444444445,683.5909722222223,511.08714285714285,250.71428571428572,0.008764357468115085,0.0,0.36363636363636365
17680,497.45,3,155,20,24.005555555555556,487.8576388888889,165.81666666666666,51.666666666666664,0.004091170600393491,0.3333333333333333,0.25
17681,731.2,5,450,12,597.8111111111111,96.22847222222222,146.24,90.0,0.04114021241491619,0.2,0.16666666666666666
17682,4065.28,11,2281,85,10.86875,631.2569444444445,369.5709090909091,207.36363636363637,0.015816354549947828,0.09090909090909091,0.08333333333333333
17683,819.01,3,781,41,386.11041666666665,168.70555555555555,273.00333333333333,260.3333333333333,0.011785118014862343,0.0,0.0
17684,239.41,1,145,15,44.06944444444444,0.0,239.41,145.0,0.0,0.0,0.0
17685,5454.95,12,3474,124,17.051388888888887,649.9111111111112,454.57916666666665,289.5,0.016899388890785565,0.0,0.14285714285714285
17686,8296.81,9,3583,283,7.882638888888889,526.2430555555555,921.8677777777777,398.1111111111111,0.015173267652753447,0.0,0.0
17687,432.68,1,210,26,421.0138888888889,0.0,432.68,210.0,0.0,0.0,0.0
17688,304.2,1,114,19,394.08958333333334,0.0,304.2,114.0,0.0,0.0,0.5
17689,317.08,2,300,17,388.97777777777776,85.97777777777777,158.54,150.0,0.011497189575881452,0.5,0.0
17690,6963.8,20,2939,237,30.897916666666667,644.0354166666667,348.19,146.95,0.029455746938960067,0.15,0.047619047619047616
17691,637.5500000000001,4,315,37,358.8125,188.22916666666666,159.38750000000002,78.75,0.015853792799735773,0.0,0.2
17692,2975.8,12,2338,90,127.95069444444445,413.11597222222224,247.98333333333335,194.83333333333334,0.026562607428474643,0.08333333333333333,0.14285714285714285
17693,200.47,1,231,16,137.8763888888889,0.0,200.47,231.0,0.0,0.0,0.6666666666666666
17694,1695.97,3,1493,54,142.03472222222223,421.1479166666667,565.3233333333334,497.6666666666667,0.00473767587387912,0.0,0.0
17695,1746.04,5,1809,46,132.09027777777777,549.0506944444444,349.20799999999997,361.8,0.007272056994746697,0.2,0.16666666666666666
17696,7679.59,27,5891,191,38.96319444444445,690.8569444444445,284.42925925925925,218.1851851851852,0.0375800231663177,0.07407407407407407,0.4375
17697,338.95,1,93,19,236.88194444444446,0.0,338.95,93.0,0.0,1.0,0.0
17698,154.95,1,93,8,261.0527777777778,0.0,154.95,93.0,0.0,0.0,0.0
17699,442.0,2,208,17,477.1326388888889,84.90694444444445,221.0,104.0,0.011640502481690459,0.0,0.0
17700,6679.97,14,3469,259,17.040972222222223,722.0097222222222,477.1407142857143,247.78571428571428,0.017980394454508258,0.0,0.17647058823529413
17701,417.95,1,109,24,253.01736111111111,0.0,417.95,109.0,0.0,0.0,0.0
17702,3144.04,6,2153,120,30.865972222222222,370.1625,524.0066666666667,358.8333333333333,0.013471188495605024,0.16666666666666666,0.3333333333333333
17703,1094.84,4,897,63,35.87430555555556,382.9826388888889,273.71,224.25,0.007812853228679681,0.5,0.0
17704,885.19,2,343,27,169.13194444444446,71.00833333333334,442.595,171.5,0.013887281564633721,0.0,0.0
17705,2083.9,11,1301,74,3.9618055555555554,573.1652777777778,189.44545454545457,118.27272727272727,0.017416587848543417,0.09090909090909091,0.08333333333333333
17706,20272.15,31,7824,408,4.969444444444444,685.05625,653.9403225806452,252.38709677419354,0.043728192841330435,0.06451612903225806,0.27906976744186046
17707,609.3000000000001,8,546,9,185.9076388888889,547.1138888888889,76.16250000000001,68.25,0.012771068462049147,0.25,0.1111111111111111
17708,884.1800000000001,4,387,57,188.10972222222222,235.91597222222222,221.04500000000002,96.75,0.012662717383976386,0.25,0.0
17709,671.01,5,295,37,170.03819444444446,433.8798611111111,134.202,59.0,0.009197942599089468,0.2,0.0
17710,293.5,1,158,20,424.2090277777778,0.0,293.5,158.0,0.0,0.0,0.0
17711,385.1,2,246,22,11.04861111111111,279.00555555555553,192.55,123.0,0.003571357711156525,0.0,0.0
17712,522.91,1,215,29,45.015277777777776,0.0,522.91,215.0,0.0,0.0,0.0
17713,1198.09,4,989,55,382.8333333333333,166.3034722222222,299.5225,247.25,0.017931486777603905,0.0,0.0
17714,1410.18,5,608,69,321.09583333333336,192.99375,282.036,121.6,0.020619220980057345,0.2,0.4444444444444444
17715,489.59999999999997,2,576,1,201.0125,392.0104166666667,244.79999999999998,288.0,0.002544461819820297,0.0,0.0
17716,15956.97,24,8819,334,23.03472222222222,714.7791666666667,664.87375,367.4583333333333,0.032132815637970276,0.041666666666666664,0.1111111111111111
17717,376.92,1,344,26,421.9972222222222,0.0,376.92,344.0,0.0,0.0,0.0
17718,439.18,2,274,22,232.96597222222223,412.2347222222222,219.59,137.0,0.0024199321746787707,0.0,0.3333333333333333
17719,5396.04,15,2466,111,38.09305555555556,217.96319444444444,359.736,164.4,0.06393768612812276,0.06666666666666667,0.16666666666666666
17720,2666.91,10,1589,81,26.906944444444445,552.2125,266.691,158.9,0.016268612874799467,0.1,0.16666666666666666
17721,307.21000000000004,1,107,11,659.8972222222222,0.0,307.21000000000004,107.0,0.0,0.0,0.0
17722,3520.2200000000003,5,2412,163,96.89444444444445,279.2347222222222,704.0440000000001,482.4,0.014273748692812078,0.2,0.2857142857142857
17723,3378.4000000000005,7,912,6,127.75902777777777,248.3347222222222,482.6285714285715,130.28571428571428,0.02406403707644231,0.0,0.0
17724,1033.0,3,300,38,71.89166666666667,67.08333333333333,344.3333333333333,100.0,0.02937576499388005,0.3333333333333333,0.25
17725,3439.08,11,2162,115,16.844444444444445,250.8659722222222,312.64363636363635,196.54545454545453,0.03970365632073937,0.18181818181818182,0.21428571428571427
17726,1092.06,7,444,52,395.96736111111113,286.94375,156.00857142857143,63.42857142857143,0.020837403138633845,0.0,0.125
17727,1060.25,1,645,66,15.822222222222223,0.0,1060.25,645.0,0.0,0.0,0.5
17728,4238.76,5,2146,196,4.165277777777778,449.74583333333334,847.7520000000001,429.2,0.008874180755969274,0.4,0.375
17729,438.65000000000003,1,247,23,596.9076388888889,0.0,438.65000000000003,247.0,0.0,0.0,0.0
17730,7773.8,20,5300,177,3.879861111111111,586.1631944444445,388.69,265.0,0.0323589764817892,0.05,0.13043478260869565
17731,1708.99,6,707,82,79.90833333333333,589.1006944444445,284.83166666666665,117.83333333333333,0.008473130174346422,0.16666666666666666,0.14285714285714285
17732,2166.42,8,1058,90,373.13958333333335,115.03333333333333,270.8025,132.25,0.06032749209997127,0.0,0.2
17733,692.19,2,463,33,39.19027777777778,222.93194444444444,346.095,231.5,0.004465642463298001,0.0,0.0
17734,1442.32,6,741,76,54.011805555555554,588.9430555555556,240.38666666666666,123.5,0.008475394282404845,0.3333333333333333,0.0
17735,16790.33,26,10683,391,2.8354166666666667,495.1402777777778,645.7819230769231,410.88461538461536,0.05038897489229357,0.07692307692307693,0.10344827586206896
17736,377.44,3,238,24,9.884722222222223,104.04375,125.81333333333333,79.33333333333333,0.019039685845183552,0.0,0.25
17737,168.24,2,108,8,9.89861111111111,49.02361111111111,84.12,54.0,0.019990560013327042,0.0,0.0
17738,4183.56,13,2776,173,19.90625,611.2069444444444,321.81230769230774,213.53846153846155,0.019601215093843088,0.07692307692307693,0.13333333333333333
17739,7730.59,18,2335,56,12.151388888888889,720.9333333333333,429.4772222222222,129.72222222222223,0.023547880690737835,0.0,0.1
17740,426.9,6,222,5,389.84513888888887,308.1402777777778,71.14999999999999,37.0,0.01617388725902031,0.0,0.0
17741,101.1,2,114,6,407.03541666666666,153.99166666666667,50.55,57.0,0.00645195978278402,0.0,0.0
17742,2098.48,11,653,52,113.89027777777778,625.0916666666667,190.7709090909091,59.36363636363637,0.015972102061732173,0.0,0.0
17743,229.2,1,96,3,448.9138888888889,0.0,229.2,96.0,0.0,0.0,0.5
17744,2649.14,7,3826,121,4.027083333333334,377.1090277777778,378.4485714285714,546.5714285714286,0.015868438887225722,0.14285714285714285,0.125
17745,600.34,2,164,27,478.0138888888889,78.14375,300.17,82.0,0.012635236515833531,0.0,0.0
17746,904.1800000000001,4,688,32,240.9298611111111,370.0673611111111,226.04500000000002,172.0,0.008084785444391835,0.0,0.42857142857142855
17747,71.4,1,12,1,113.19236111111111,0.0,71.4,12.0,0.0,0.0,0.5
17748,358.15,1,111,17,527.9590277777778,0.0,358.15,111.0,0.0,0.0,0.0
17749,1026.18,3,446,52,178.87847222222223,368.0340277777778,342.06,148.66666666666666,0.00541955442982712,0.0,0.0
17750,1710.45,9,3747,101,5.945138888888889,158.93402777777777,190.05,416.3333333333333,0.050020624823603484,0.2222222222222222,0.0
17751,157.85999999999999,1,147,31,421.9534722222222,0.0,157.85999999999999,147.0,0.0,0.0,0.0
17752,80.64,1,192,1,359.8548611111111,0.0,80.64,192.0,0.0,0.0,0.0
17753,382.06,4,124,63,464.87569444444443,238.06180555555557,95.515,31.0,0.012549056061165029,0.0,0.2
17754,4451.22,13,4366,185,1.0625,727.8111111111111,342.4015384615385,335.84615384615387,0.016465171588431693,0.0,0.1875
17756,728.75,3,399,54,376.0208333333333,18.976388888888888,242.91666666666666,133.0,0.10011819509142739,0.0,0.0
17757,9074.05,56,5011,362,1.8881944444444445,693.9826388888889,162.03660714285712,89.48214285714286,0.07913866753266219,0.10714285714285714,0.06666666666666667
17758,4964.03,12,3199,403,19.92013888888889,549.0604166666667,413.6691666666666,266.5833333333333,0.019997803271610316,0.5,0.0
17759,1261.88,5,965,114,17.866666666666667,566.1819444444444,252.37600000000003,193.0,0.007052410675586661,0.0,0.0
17760,746.39,6,531,58,22.079166666666666,627.9451388888889,124.39833333333333,88.5,0.007949818975997067,0.16666666666666666,0.14285714285714285
17761,712.78,1,398,19,33.10208333333333,0.0,712.78,398.0,0.0,0.0,0.0
17762,129.75,1,129,16,456.7986111111111,0.0,129.75,129.0,0.0,0.0,0.0
17763,86.15,4,41,11,263.93402777777777,395.9951388888889,21.5375,10.25,0.0075567675926622386,0.0,0.2
17764,1513.57,5,674,126,51.074305555555554,685.8576388888889,302.714,134.8,0.005823623082172737,0.0,0.0
17765,524.0,4,195,71,159.00625,289.9972222222222,131.0,48.75,0.010309376759991983,0.0,0.0
17766,299.61,2,155,21,381.93125,0.008333333333333333,149.805,77.5,0.9917355371900827,0.0,0.0
17767,413.05,2,198,35,15.922222222222222,394.93055555555554,206.525,99.0,0.002525695443224471,0.0,0.0
17768,3292.73,7,2339,134,8.977777777777778,729.0388888888889,470.39,334.14285714285717,0.008218740249758385,0.2857142857142857,0.125
17769,7053.38,17,3157,330,13.063888888888888,676.9895833333334,414.90470588235297,185.7058823529412,0.02359918263247653,0.7647058823529411,0.19047619047619047
17770,1143.27,5,365,33,199.01111111111112,83.9576388888889,228.654,73.0,0.047082287741439764,0.0,0.0
17771,387.41,4,373,63,57.046527777777776,532.9319444444444,96.8525,93.25,0.005618693601712662,0.0,0.0
17772,360.75,3,113,94,11.072916666666666,381.9819444444444,120.25,37.666666666666664,0.005222178301123857,0.0,0.0
17773,575.37,2,254,48,514.9465277777778,175.98263888888889,287.685,127.0,0.005650271723136686,0.0,0.0
17774,3273.83,9,1585,286,97.00069444444445,572.8631944444444,363.75888888888886,176.11111111111111,0.013940604794745168,0.3333333333333333,0.3076923076923077
17775,56.4,1,72,3,255.08333333333334,0.0,56.4,72.0,0.0,0.0,0.0
17776,330.56,2,273,74,387.025,336.8854166666667,165.28,136.5,0.0029595831920337886,0.0,0.3333333333333333
17777,647.56,3,501,141,25.033333333333335,75.89375,215.85333333333332,167.0,0.026009916280581972,0.0,0.0
17778,197.70000000000002,1,214,10,662.0041666666667,0.0,197.70000000000002,214.0,0.0,0.0,0.0
17779,650.32,3,396,73,21.94097222222222,122.08055555555555,216.77333333333334,132.0,0.01624952041346002,0.0,0.4
17780,346.56,3,156,76,667.9631944444444,17.09861111111111,115.52,52.0,0.11050571713606017,0.3333333333333333,0.0
17781,188.02,2,34,12,159.86805555555554,93.8375,94.01,17.0,0.010544352181362857,0.5,0.0
17782,679.02,2,538,29,383.06597222222223,0.05,339.51,269.0,0.9523809523809523,0.0,0.0
17783,376.96,3,438,91,72.86319444444445,440.13680555555555,125.65333333333332,146.0,0.004533740950228025,0.0,0.0
17784,112.86,1,72,19,550.8625,0.0,112.86,72.0,0.0,0.0,0.0
17785,403.38,3,227,48,53.96319444444445,512.0291666666667,134.46,75.66666666666667,0.00389841383287175,0.3333333333333333,0.0
17786,266.85,2,195,57,85.99930555555555,231.92777777777778,133.425,97.5,0.004293176234884442,0.0,0.0
17787,1817.54,4,896,94,153.05972222222223,218.90347222222223,454.385,224.0,0.013642349389410125,0.25,0.0
17788,1117.9,2,211,3,74.11180555555555,55.97986111111111,558.95,105.5,0.017550060328332378,0.0,0.0
17789,397.15,2,199,27,281.98333333333335,379.99861111111113,198.575,99.5,0.002624681483965748,0.0,0.0
17790,2779.41,20,1387,188,27.055555555555557,517.9166666666666,138.9705,69.35,0.03661474225148547,0.2,0.0
17791,106.1,1,46,10,30.028472222222224,0.0,106.1,46.0,0.0,0.0,0.0
17792,368.35,2,149,45,467.93055555555554,11.056944444444444,184.175,74.5,0.0829397534846216,0.5,0.0
17793,300.34,1,226,49,25.934722222222224,0.0,300.34,226.0,0.0,0.0,0.0
17794,147.3,2,46,7,687.1055555555556,1.917361111111111,73.65,23.0,0.342775529635801,0.0,0.0
17795,342.83,2,305,43,180.00972222222222,85.02361111111111,171.415,152.5,0.011624715436653374,0.5,0.0
17796,1236.39,7,347,149,40.88333333333333,381.0840277777778,176.62714285714287,49.57142857142857,0.0157033520477062,0.7142857142857143,0.0
17797,1971.87,8,1086,222,22.978472222222223,701.9520833333333,246.48375,135.75,0.009958004487029402,0.0,0.0
17798,178.07,1,138,43,582.0472222222222,0.0,178.07,138.0,0.0,0.0,0.0
17799,6246.93,20,3674,478,22.898611111111112,703.9673611111111,312.3465,183.7,0.026951602369298028,0.05,0.13043478260869565
17800,1187.21,9,732,51,37.99513888888889,296.96319444444447,131.91222222222223,81.33333333333333,0.026848953659917914,0.3333333333333333,0.0
17801,770.03,3,820,66,451.9291666666667,240.12569444444443,256.6766666666667,273.3333333333333,0.008294429196390772,0.3333333333333333,0.25
17802,4946.22,10,2705,283,82.9125,644.0534722222222,494.622,270.5,0.01395233168654192,0.8,0.375
17803,184.66,1,98,27,392.95625,0.0,184.66,98.0,0.0,0.0,0.0
17804,383.78000000000003,3,194,82,376.9506944444444,362.06875,127.92666666666668,64.66666666666667,0.005508598578092992,0.3333333333333333,0.25
17805,927.03,2,1126,10,74.0423611111111,536.8840277777778,463.515,563.0,0.001859136818268085,0.0,0.0
17806,546.04,1,727,43,11.943055555555556,0.0,546.04,727.0,0.0,0.0,0.0
17807,437.87,3,262,88,395.8534722222222,309.09791666666666,145.95666666666668,87.33333333333333,0.006449575738845929,0.3333333333333333,0.0
17808,262.64,4,143,29,549.0875,32.7625,65.66,35.75,0.08885597926693817,0.25,0.0
17809,10085.89,20,2995,59,16.99375,720.9215277777778,504.29449999999997,149.75,0.0263186499763844,0.0,0.16666666666666666
17810,373.16,2,118,51,669.0854166666667,15.014583333333333,186.58,59.0,0.062443085729153115,0.0,0.3333333333333333
17811,9519.8,47,5278,538,4.961111111111111,441.0986111111111,202.54893617021276,112.29787234042553,0.10404918460247997,0.1702127659574468,0.21666666666666667
17812,911.99,7,444,162,13.04375,517.9256944444444,130.28428571428572,63.42857142857143,0.011562349030381947,0.2857142857142857,0.0
17813,1698.07,5,752,297,14.859027777777778,57.01111111111111,339.614,150.4,0.06895230798697567,0.0,0.2857142857142857
17814,1609.37,2,1435,112,375.93680555555557,47.0125,804.685,717.5,0.020827909398594115,0.0,0.0
17815,591.96,1,612,13,393.9243055555556,0.0,591.96,612.0,0.0,0.0,0.0
17816,96.11,6,80,41,37.05277777777778,687.8381944444444,16.018333333333334,13.333333333333334,0.007258598667039006,0.0,0.0
17817,788.15,6,353,115,4.924305555555556,417.98055555555555,131.35833333333332,58.833333333333336,0.011933728030338188,0.0,0.14285714285714285
17818,124.78,1,86,42,738.0527777777778,0.0,124.78,86.0,0.0,0.0,0.0
17819,6021.05,12,1610,66,72.08194444444445,654.8111111111111,501.75416666666666,134.16666666666666,0.01677312234213781,0.3333333333333333,0.07692307692307693
17820,180.60999999999999,1,111,39,374.7965277777778,0.0,180.60999999999999,111.0,0.0,0.0,0.6666666666666666
17821,334.62,1,162,6,406.9791666666667,0.0,334.62,162.0,0.0,0.0,0.0
17822,2162.93,5,1375,152,420.9604166666667,140.0638888888889,432.58599999999996,275.0,0.028355945887403262,0.0,0.0
17823,449.25,2,252,88,421.8513888888889,0.006944444444444444,224.625,126.0,0.993103448275862,0.0,0.0
17824,298.4,1,408,13,51.94166666666667,0.0,298.4,408.0,0.0,0.0,0.0
17825,701.96,4,516,24,599.0340277777777,126.99444444444444,175.49,129.0,0.023438517296757673,0.0,0.0
17826,133.34,1,84,33,374.9770833333333,0.0,133.34,84.0,0.0,0.0,0.0
17827,2376.17,6,1582,240,5.909722222222222,616.1111111111111,396.02833333333336,263.6666666666667,0.008102268635217862,0.3333333333333333,0.14285714285714285
17828,1820.09,4,667,54,23.172916666666666,162.00694444444446,455.0225,166.75,0.018404123887019126,0.0,0.5555555555555556
17829,4756.74,5,3009,121,299.0027777777778,356.8798611111111,951.348,601.8,0.011176935152431275,0.0,0.16666666666666666
17830,398.7,3,92,18,2.015277777777778,287.09236111111113,132.9,30.666666666666668,0.006942218086888608,0.0,0.0
17831,35.400000000000006,1,12,2,33.90347222222222,0.0,35.400000000000006,12.0,0.0,1.0,0.0
17832,155.37,1,208,61,50.046527777777776,0.0,155.37,208.0,0.0,0.0,0.0
17833,338.46000000000004,1,143,28,723.9652777777778,0.0,338.46000000000004,143.0,0.0,0.0,0.0
17834,689.6700000000001,2,639,54,415.0284722222222,30.85902777777778,344.83500000000004,319.5,0.031388277350306255,0.0,0.0
17835,342.24,3,344,45,3.0430555555555556,20.804166666666667,114.08,114.66666666666667,0.09172558761704568,0.0,0.0
17836,110.21000000000001,1,88,23,47.859027777777776,0.0,110.21000000000001,88.0,0.0,1.0,0.0
17837,1541.23,8,510,110,42.859027777777776,120.97847222222222,192.65375,63.75,0.05738717556035047,0.125,0.2
17838,5604.64,13,3491,141,27.0625,604.0604166666667,431.1261538461539,268.53846153846155,0.019832730202562415,0.3076923076923077,0.13333333333333333
17839,318.15,1,257,50,42.80763888888889,0.0,318.15,257.0,0.0,0.0,0.0
17840,175.9,1,128,44,444.0180555555556,0.0,175.9,128.0,0.0,0.0,0.0
17841,68545.25,211,36584,2116,2.029861111111111,735.8513888888889,324.8590047393365,173.38388625592418,0.28499640927143083,0.14691943127962084,0.2698961937716263
17842,430.69,1,89,18,602.9354166666667,0.0,430.69,89.0,0.0,0.0,0.0
17843,320.4,2,251,58,303.88680555555555,108.19236111111111,160.2,125.5,0.009158149799347481,0.5,0.0
17844,51.559999999999995,1,52,5,107.05763888888889,0.0,51.559999999999995,52.0,0.0,0.0,0.0
17845,596.09,4,195,42,555.8958333333334,21.094444444444445,149.0225,48.75,0.13578073925069148,0.0,0.0
17846,2033.1,1,1,1,85.89583333333333,0.0,2033.1,1.0,0.0,0.0,0.0
17847,129.69,2,29,9,516.1180555555555,129.87708333333333,64.845,14.5,0.007640757071679853,0.0,0.0
17848,3559.11,30,1404,105,81.83402777777778,652.1458333333334,118.637,46.8,0.044400497591783356,0.13333333333333333,0.03225806451612903
17849,1063.76,8,224,24,218.9611111111111,416.93680555555557,132.97,28.0,0.016748943636813778,0.25,0.0
17850,51208.87,155,21052,100,372.8909722222222,362.12430555555557,330.3798064516129,135.81935483870967,0.4240971965905462,0.10967741935483871,0.025157232704402517
17851,1552.35,6,933,185,422.90069444444447,313.89375,258.72499999999997,155.5,0.015878371672984934,0.16666666666666666,0.0
17852,657.8100000000001,5,372,82,12.009722222222223,719.9895833333334,131.562,74.4,0.0055479303619157695,0.0,0.0
17853,1596.29,3,625,84,407.88958333333335,329.0138888888889,532.0966666666667,208.33333333333334,0.006060350995328479,0.0,0.0
17854,1068.5,6,607,113,185.85347222222222,546.2138888888888,178.08333333333334,101.16666666666667,0.009137194982664711,0.0,0.0
17855,208.97,1,197,17,373.12916666666666,0.0,208.97,197.0,0.0,0.0,0.0
17856,1418.03,4,842,12,2.1319444444444446,279.9166666666667,354.5075,210.5,0.010679323642835954,0.25,0.3333333333333333
17857,27347.04,24,19906,21,4.9840277777777775,637.0444444444445,1139.46,829.4166666666666,0.036047645583728055,0.0,0.07692307692307693
17858,12518.65,30,5383,173,6.0375,727.84375,417.2883333333333,179.43333333333334,0.03978904943617888,0.4666666666666667,0.0625
17859,141.92000000000002,1,102,23,305.09583333333336,0.0,141.92000000000002,102.0,0.0,0.0,0.0
17860,717.39,4,696,127,369.00625,359.8284722222222,179.3475,174.0,0.008314199767895257,0.0,0.0
17861,5088.29,18,4541,329,3.8534722222222224,726.2041666666667,282.6827777777778,252.27777777777777,0.023377203788482143,0.0,0.18181818181818182
17862,1254.89,4,440,90,324.01875,239.79236111111112,313.7225,110.0,0.012458866992942859,0.0,0.0
17863,5360.48,12,4676,154,59.96180555555556,593.0722222222222,446.70666666666665,389.6666666666667,0.01851626719534662,0.3333333333333333,0.0
17864,876.57,5,1015,93,13.065972222222221,414.9763888888889,175.31400000000002,203.0,0.009615930391348334,0.4,0.0
17865,26312.190000000002,46,12950,391,31.029166666666665,708.0548611111111,572.0041304347826,281.5217391304348,0.06346476481309725,0.043478260869565216,0.25806451612903225
17866,1134.95,3,535,20,143.0715277777778,582.7958333333333,378.31666666666666,178.33333333333334,0.0034258552147939845,0.0,0.25
17867,1582.0500000000002,15,638,119,30.94097222222222,707.025,105.47000000000001,42.53333333333333,0.019773313089227074,0.0,0.25
17868,227.15,1,85,18,386.74652777777777,0.0,227.15,85.0,0.0,0.0,0.0
17869,813.64,7,491,72,107.85694444444445,440.1034722222222,116.23428571428572,70.14285714285714,0.013602250668698608,0.14285714285714285,0.0
17870,2753.29,13,1699,215,2.904861111111111,379.14444444444445,211.79153846153847,130.69230769230768,0.03156694823605062,0.0,0.07142857142857142
17871,1068.95,5,665,64,205.05416666666667,488.8638888888889,213.79000000000002,133.0,0.008165533509875192,0.4,0.0
17872,235.87,1,176,15,382.03333333333336,0.0,235.87,176.0,0.0,0.0,0.0
17873,6265.33,18,4159,65,80.83958333333334,643.0625,348.07388888888886,231.05555555555554,0.026394953905870936,0.0,0.1
17874,683.46,6,221,37,185.99722222222223,70.06180555555555,113.91000000000001,36.833333333333336,0.07036128565704737,0.0,0.14285714285714285
17875,167.1,1,98,25,688.8888888888889,0.0,167.1,98.0,0.0,0.0,0.0
17876,3424.02,3,1958,3,400.08194444444445,275.9111111111111,1141.34,652.6666666666666,0.0072225343070379585,0.0,0.0
17877,237.61,1,98,12,170.99305555555554,0.0,237.61,98.0,0.0,0.0,0.0
17878,1378.93,3,1014,82,44.05972222222222,351.8986111111111,459.6433333333334,338.0,0.005667350159591006,0.0,0.0
17879,178.51999999999998,1,45,6,174.00972222222222,0.0,178.51999999999998,45.0,0.0,1.0,0.0
17880,824.9200000000001,3,466,43,365.1034722222222,365.75555555555553,274.97333333333336,155.33333333333334,0.005453223460979157,0.0,0.0
17881,133.35000000000002,1,32,8,304.8152777777778,0.0,133.35000000000002,32.0,0.0,0.0,0.0
17882,291.56,2,130,47,379.9236111111111,0.003472222222222222,145.78,65.0,0.9965397923875432,0.0,0.0
17883,988.42,7,476,155,3.792361111111111,648.9041666666667,141.20285714285714,68.0,0.009232130378196785,0.0,0.125
17884,2698.47,20,2749,305,4.053472222222222,731.7986111111111,134.9235,137.45,0.025927996740047195,0.0,0.13043478260869565
17885,156.34,1,110,50,12.92361111111111,0.0,156.34,110.0,0.0,1.0,0.0
17886,1572.55,6,711,138,32.111805555555556,557.9576388888889,262.09166666666664,118.5,0.008945221698623057,0.0,0.14285714285714285
17887,111.35,1,30,10,129.80625,0.0,111.35,30.0,0.0,0.0,0.0
17888,1807.44,25,1536,145,21.961805555555557,696.8826388888889,72.2976,61.44,0.03438973641500929,0.0,0.1935483870967742
17889,746.42,7,403,97,212.85,406.23055555555555,106.63142857142857,57.57142857142857,0.014733668478816941,0.0,0.0
17890,586.89,2,402,88,323.06319444444443,38.83819444444445,293.445,201.0,0.025101539212439204,0.0,0.0
17891,203.85999999999999,1,393,34,162.69583333333333,0.0,203.85999999999999,393.0,0.0,0.0,0.0
17892,244.1,3,109,27,56.83402777777778,99.16180555555556,81.36666666666666,36.333333333333336,0.019967691166376627,0.0,0.0
17893,107.21,1,149,15,225.95833333333334,0.0,107.21,149.0,0.0,0.0,0.0
17894,2304.58,18,938,215,72.14375,397.7986111111111,128.03222222222223,52.111111111111114,0.04262803211033138,0.1111111111111111,0.1
17895,95.45,1,127,15,44.826388888888886,0.0,95.45,127.0,0.0,0.0,0.0
17896,256.32,1,288,2,23.952083333333334,0.0,256.32,288.0,0.0,0.0,0.0
17897,2099.89,9,864,211,173.06041666666667,403.80555555555554,233.3211111111111,96.0,0.019762574624305224,0.0,0.1
17898,299.18,4,251,48,85.9125,481.8986111111111,74.795,62.75,0.006212484217126324,0.0,0.0
17899,154.55,1,170,29,159.9111111111111,0.0,154.55,170.0,0.0,1.0,0.0
17900,112.19999999999999,2,73,4,190.925,0.006944444444444444,56.099999999999994,36.5,0.993103448275862,0.0,0.5
17901,260.08,3,38,22,29.80625,492.27430555555554,86.69333333333333,12.666666666666666,0.004054539183320076,0.0,0.0
17902,216.39999999999998,1,526,24,547.0173611111111,0.0,216.39999999999998,526.0,0.0,0.0,0.0
17903,381.09000000000003,1,142,44,394.8826388888889,0.0,381.09000000000003,142.0,0.0,0.0,0.0
17904,181.07,1,59,33,21.99513888888889,0.0,181.07,59.0,0.0,0.0,0.5
17905,2178.87,13,1299,129,71.80347222222223,608.9854166666667,167.6053846153846,99.92307692307692,0.019672601462466657,0.23076923076923078,0.07142857142857142
17906,72.9,1,26,12,247.80902777777777,0.0,72.9,26.0,0.0,0.0,0.0
17907,291.76,1,1046,13,641.0118055555556,0.0,291.76,1046.0,0.0,0.0,0.0
17908,1142.47,5,670,178,374.0451388888889,351.97291666666666,228.494,134.0,0.011332314212020517,0.0,0.2857142857142857
17909,110.05,1,35,8,737.9861111111111,0.0,110.05,35.0,0.0,0.0,0.0
17910,261.7,1,121,25,726.8652777777778,0.0,261.7,121.0,0.0,1.0,0.0
17911,366.23,1,223,39,9.915277777777778,0.0,366.23,223.0,0.0,0.0,0.0
17912,374.55,6,215,48,310.93402777777777,65.02222222222223,62.425000000000004,35.833333333333336,0.07573207674183777,0.0,0.14285714285714285
17913,3429.29,14,1725,224,59.08680555555556,677.9048611111111,244.9492857142857,123.21428571428571,0.01914848566369654,0.2857142857142857,0.0
17914,329.36,1,457,72,4.036111111111111,0.0,329.36,457.0,0.0,0.0,0.0
17915,225.78,1,184,27,551.9777777777778,0.0,225.78,184.0,0.0,1.0,0.0
17916,43.87,2,90,15,629.0166666666667,104.92777777777778,21.935,45.0,0.009440394398699323,1.0,0.0
17917,335.03,3,184,77,45.979166666666664,317.05,111.67666666666666,61.333333333333336,0.006288319446627889,0.3333333333333333,0.0
17918,396.39,3,352,34,501.0409722222222,4.896527777777778,132.13,117.33333333333333,0.33918266399717345,0.0,0.0
17919,1840.32,2,1452,37,88.96458333333334,350.12569444444443,920.16,726.0,0.002847982975390658,0.0,0.0
17920,23581.78,54,12265,715,4.93125,729.1611111111112,436.6996296296296,227.12962962962962,0.07258671982591361,0.3888888888888889,0.03571428571428571
17921,2394.36,10,991,230,64.74583333333334,447.95208333333335,239.436,99.1,0.020046682784447115,0.2,0.16666666666666666
17922,170.4,1,49,8,543.8458333333333,0.0,170.4,49.0,0.0,0.0,0.0
17923,497.0,3,140,2,282.89930555555554,262.05347222222224,165.66666666666666,46.666666666666664,0.007603016919352582,0.3333333333333333,0.0
17924,3257.7000000000003,8,1208,27,12.152083333333334,402.87083333333334,407.21250000000003,151.0,0.017332274138802627,0.0,0.42857142857142855
17925,244.08,1,72,1,373.1111111111111,0.0,244.08,72.0,0.0,0.0,0.0
17926,1035.49,5,572,27,133.92430555555555,446.02222222222224,207.098,114.4,0.008948101014118115,0.2,0.0
17927,294.0,1,108,10,722.0743055555556,0.0,294.0,108.0,0.0,0.0,0.0
17928,341.24,3,222,27,45.956944444444446,525.9319444444444,113.74666666666667,74.0,0.0037955565630181003,0.0,0.0
17929,3082.1,12,434,6,11.86736111111111,719.18125,256.84166666666664,36.166666666666664,0.015273932777339039,0.08333333333333333,0.07692307692307693
17930,4275.22,13,3795,39,36.10208333333333,609.9875,328.86307692307696,291.9230769230769,0.01964033634075984,0.0,0.13333333333333333
17931,3402.24,14,1919,274,134.76180555555555,527.1152777777778,243.01714285714283,137.07142857142858,0.02461583776690169,0.14285714285714285,0.2222222222222222
17932,1331.57,3,789,84,29.709027777777777,182.24375,443.8566666666666,263.0,0.010914424093591186,0.3333333333333333,0.0
17933,114.69,1,63,12,632.9020833333333,0.0,114.69,63.0,0.0,0.0,0.0
17934,1049.15,3,628,36,52.06527777777778,354.9534722222222,349.7166666666667,209.33333333333334,0.005618711871284676,0.0,0.0
17935,686.14,7,244,60,138.98055555555555,596.9479166666666,98.02,34.857142857142854,0.010034318763827675,0.14285714285714285,0.125
17936,380.13,1,257,68,5.970833333333333,0.0,380.13,257.0,0.0,1.0,0.0
17937,4301.22,7,1754,19,9.04513888888889,353.87638888888887,614.46,250.57142857142858,0.0169072955763157,0.2857142857142857,0.0
17938,144.29,1,53,29,420.9326388888889,0.0,144.29,53.0,0.0,0.0,0.0
17939,99.14,1,40,12,160.01597222222222,0.0,99.14,40.0,0.0,1.0,0.0
17940,30306.79,16,85148,11,49.97430555555555,687.0388888888889,1894.174375,5321.75,0.02180109328445582,0.0,0.2727272727272727
17941,1433.28,4,1108,5,131.18055555555554,571.7034722222222,358.32,277.0,0.005238312923718281,0.0,0.0
17942,77.50000000000001,1,38,2,8.086805555555555,0.0,77.50000000000001,38.0,0.0,0.0,0.0
17944,74.99,1,84,24,423.85069444444446,0.0,74.99,84.0,0.0,0.0,0.0
17945,360.35,3,244,66,697.0486111111111,0.004861111111111111,120.11666666666667,81.33333333333333,1.990324809951624,0.0,0.0
17946,149.57999999999998,2,75,18,233.82638888888889,26.101388888888888,74.78999999999999,37.5,0.03689847793778507,0.0,0.0
17947,176.68,1,168,9,37.989583333333336,0.0,176.68,168.0,0.0,0.0,0.0
17948,358.56000000000006,1,144,1,147.99444444444444,0.0,358.56000000000006,144.0,0.0,0.0,0.0
17949,117314.08,118,60538,58,1.7527777777777778,736.31875,994.1871186440678,513.0338983050848,0.15868306617728084,0.0,0.14492753623188406
17950,1166.29,7,659,133,72.89722222222223,631.9020833333333,166.61285714285714,94.14285714285714,0.009480139437050887,0.14285714285714285,0.125
17951,1340.5800000000002,4,780,24,40.013888888888886,364.8854166666667,335.14500000000004,195.0,0.008199288256227757,0.25,0.2
17952,788.46,4,477,85,378.9555555555556,163.08333333333334,197.115,119.25,0.018283392585068562,0.0,0.0
17953,159.17000000000002,1,98,20,540.9041666666667,0.0,159.17000000000002,98.0,0.0,0.0,0.0
17954,3804.38,19,3180,479,5.940972222222222,725.0368055555556,200.2305263157895,167.3684210526316,0.024792131558987004,0.2631578947368421,0.2692307692307692
17955,949.9,6,681,16,199.03472222222223,466.81458333333336,158.31666666666666,113.5,0.01068799515477553,0.0,0.0
17956,12.75,1,1,1,249.96041666666667,0.0,12.75,1.0,0.0,0.0,0.0
17957,111.68,1,287,31,66.91111111111111,0.0,111.68,287.0,0.0,0.0,0.0
17958,973.88,2,284,35,117.02152777777778,611.8625,486.94,142.0,0.0016316873687001571,0.0,0.0
17959,140.75,1,49,2,592.9430555555556,0.0,140.75,49.0,0.0,0.0,0.0
17960,135.08,3,60,37,171.94097222222223,470.0784722222222,45.02666666666667,20.0,0.004245577155256924,0.0,0.0
17961,2866.74,100,1491,486,21.82986111111111,717.0881944444444,28.667399999999997,14.91,0.1378660737858144,0.04,0.0196078431372549
17962,666.96,4,633,146,142.94027777777777,552.9527777777778,166.74,158.25,0.005415624075457696,0.0,0.2
17963,643.16,4,341,98,471.86944444444447,217.93958333333333,160.79,85.25,0.01370241029203262,0.0,0.0
17964,463.21,2,294,84,32.0875,340.8833333333333,231.605,147.0,0.0029249744064739434,0.0,0.0
17965,7006.65,29,4383,588,38.138194444444444,687.8416666666667,241.60862068965517,151.13793103448276,0.0406479476415722,0.034482758620689655,0.12121212121212122
17966,1963.92,10,3918,82,38.1,652.8763888888889,196.392,391.8,0.013764069406594434,0.0,0.0
17967,223.42,2,111,59,372.06319444444443,44.916666666666664,111.71,55.5,0.02177858439201452,0.0,0.0
17968,590.4399999999999,4,352,106,374.01875,138.89027777777778,147.60999999999999,88.0,0.02144537881871705,0.0,0.0
17969,2354.29,20,1014,113,166.99305555555554,566.9631944444444,117.7145,50.7,0.03345287192171833,0.55,0.25925925925925924
17970,562.79,1,513,27,211.69930555555555,0.0,562.79,513.0,0.0,0.0,0.0
17971,161.94,1,62,21,548.9486111111111,0.0,161.94,62.0,0.0,0.0,0.0
17972,135.19,1,36,30,242.0236111111111,0.0,135.19,36.0,0.0,0.0,0.0
17973,337.04,1,176,15,52.09444444444444,0.0,337.04,176.0,0.0,0.0,0.0
17974,1739.09,6,1189,279,25.050694444444446,382.6486111111111,289.8483333333333,198.16666666666666,0.01303275928855615,0.0,0.0
17975,6696.33,24,2179,243,15.974305555555556,475.0854166666667,279.01375,90.79166666666667,0.04831065853904017,0.041666666666666664,0.07692307692307693
17976,321.79,1,93,56,372.9590277777778,0.0,321.79,93.0,0.0,0.0,0.0
17977,1511.45,2,1948,94,29.97361111111111,370.95972222222224,755.725,974.0,0.002688463132582306,0.0,0.3333333333333333
17978,1159.99,4,1297,62,365.9479166666667,366.0263888888889,289.9975,324.25,0.00817379918943158,0.0,0.0
17979,732.41,4,383,116,36.03125,224.02152777777778,183.1025,95.75,0.013332057735216693,0.0,0.2
17980,1012.72,4,771,41,166.03402777777777,227.88819444444445,253.18,192.75,0.01310683588239042,0.0,0.0
17981,239.12,1,260,17,411.09027777777777,0.0,239.12,260.0,0.0,0.0,0.0
17982,138.18,1,117,13,681.1333333333333,0.0,138.18,117.0,0.0,0.0,0.0
17983,171.71,1,108,23,395.9763888888889,0.0006944444444444445,171.71,108.0,0.0,0.0,0.0
17984,1152.19,5,939,209,145.86875,593.1722222222222,230.43800000000002,187.8,0.00673205486624716,0.4,0.0
17985,631.35,1,171,20,22.934722222222224,0.0,631.35,171.0,0.0,0.0,0.0
17986,20.8,1,10,1,56.93611111111111,0.0,20.8,10.0,0.0,0.0,0.0
17987,965.4399999999999,5,981,139,185.9361111111111,365.12430555555557,193.088,196.2,0.010925251176456083,0.2,0.16666666666666666
17988,489.54,14,186,115,12.07638888888889,720.8923611111111,34.96714285714286,13.285714285714286,0.018008224910415815,0.2857142857142857,0.06666666666666667
17989,207.32999999999998,1,300,26,379.9590277777778,0.0,207.32999999999998,300.0,0.0,0.0,0.0
17990,1527.6100000000001,6,777,40,237.04583333333332,495.85069444444446,254.6016666666667,129.5,0.010063385350785853,0.16666666666666666,0.14285714285714285
17991,300.3,3,93,37,225.86944444444444,366.1333333333333,100.10000000000001,31.0,0.005447612130016343,0.0,0.0
17992,252.88,1,130,49,389.9902777777778,0.0,252.88,130.0,0.0,0.0,0.0
17993,225.99,1,108,60,617.9354166666667,0.0,225.99,108.0,0.0,0.0,0.0
17994,2270.0299999999997,11,2181,227,122.04791666666667,499.0444444444444,206.36636363636362,198.27272727272728,0.01999822238023287,0.0,0.21428571428571427
17995,495.48,3,263,28,282.0138888888889,105.81180555555555,165.16,87.66666666666667,0.018724521972056252,0.0,0.0
17996,482.33,3,587,63,380.0763888888889,166.96666666666667,160.77666666666667,195.66666666666666,0.011907124429450288,0.0,0.0
17997,1962.46,8,2273,133,74.85902777777778,89.94791666666667,245.3075,284.125,0.07696712862215095,0.125,0.3333333333333333
17998,639.24,3,561,57,380.8881944444444,358.1,213.08,187.0,0.00556947925368978,0.0,0.25
17999,528.46,3,286,125,37.87083333333333,341.1111111111111,176.15333333333334,95.33333333333333,0.005846053913608315,0.0,0.0
18000,124.25,1,109,6,564.8027777777778,0.0,124.25,109.0,0.0,0.0,0.0
18001,924.14,6,874,120,12.866666666666667,725.0166666666667,154.02333333333334,145.66666666666666,0.006886894240260784,0.16666666666666666,0.0
18002,244.37,4,71,52,376.0784722222222,355.99305555555554,61.0925,17.75,0.00840352481179606,0.0,0.0
18003,353.51,1,297,23,376.9034722222222,0.0,353.51,297.0,0.0,1.0,0.0
18004,157.92,1,75,32,362.9604166666667,0.0,157.92,75.0,0.0,1.0,0.0
18005,226.47,2,86,52,4.040972222222222,43.88263888888889,113.235,43.0,0.022280329872661726,0.5,0.0
18006,969.51,4,395,57,23.831944444444446,699.1840277777778,242.3775,98.75,0.004284587881162194,0.0,0.0
18007,215.22,1,246,46,393.0708333333333,0.0,215.22,246.0,0.0,0.0,0.0
18008,19759.079999999998,23,7825,77,70.89791666666666,632.1125,859.0904347826087,340.2173913043478,0.034748958518430774,0.0,0.0
18009,2144.23,8,651,145,235.96805555555557,417.07430555555555,268.02875,81.375,0.016743435095103707,0.0,0.42857142857142855
18010,174.8,1,60,14,257.0159722222222,0.0,174.8,60.0,0.0,0.0,0.0
18011,410.79,2,125,63,373.8020833333333,194.17152777777778,205.395,62.5,0.005123698171480215,0.0,0.0
18012,115.3,1,63,13,723.9819444444445,0.0,115.3,63.0,0.0,0.0,0.0
18013,187.29,2,285,31,155.94375,0.0020833333333333333,93.645,142.5,0.9979209979209979,0.0,0.0
18014,162.22,1,66,29,28.89027777777778,0.0,162.22,66.0,0.0,0.0,0.0
18015,120.03,1,157,46,4.917361111111111,0.0,120.03,157.0,0.0,0.0,0.0
18016,1954.56,7,1207,115,32.97569444444444,648.8923611111111,279.22285714285715,172.42857142857142,0.009232298083550161,0.0,0.0
18017,688.0,4,400,1,81.85763888888889,350.0444444444444,172.0,100.0,0.008545926441729444,0.0,0.0
18018,297.99,4,186,43,108.80069444444445,312.27222222222224,74.4975,46.5,0.009576335810175743,0.0,0.2
18019,38.45,1,7,5,52.02777777777778,0.0,38.45,7.0,0.0,0.0,0.0
18020,190.48000000000002,1,67,12,544.0131944444445,0.0,190.48000000000002,67.0,0.0,0.0,0.5
18021,216.41,2,168,32,510.08194444444445,2.670138888888889,108.205,84.0,0.27246925260170296,0.5,0.0
18022,1507.25,5,1311,306,36.00347222222222,510.9486111111111,301.45,262.2,0.007813284210926119,0.0,0.0
18024,389.78,2,184,21,153.00694444444446,0.008333333333333333,194.89,92.0,0.9917355371900827,1.0,0.3333333333333333
18025,1177.72,6,1053,83,380.00902777777776,239.79444444444445,196.28666666666666,175.5,0.02076459866645133,0.0,0.0
18026,2074.07,2,530,12,501.09236111111113,4.761111111111111,1037.035,265.0,0.17357762777242045,0.0,0.0
18027,115.31,1,78,21,99.09166666666667,0.0,115.31,78.0,0.0,0.0,0.0
18028,192.05,1,133,4,583.9736111111112,0.0,192.05,133.0,0.0,0.0,0.0
18029,433.77,1,253,18,642.8888888888889,0.0,433.77,253.0,0.0,1.0,0.0
18030,230.64999999999998,2,67,8,4.842361111111111,38.1125,115.32499999999999,33.5,0.02556727388942154,0.0,0.3333333333333333
18031,451.3,1,298,49,379.0763888888889,0.0,451.3,298.0,0.0,0.0,0.0
18032,73.5,1,42,5,334.8875,0.0,73.5,42.0,0.0,1.0,0.0
18033,93.82000000000001,1,252,32,65.80694444444444,0.0,93.82000000000001,252.0,0.0,0.0,0.0
18034,754.2,3,951,182,22.019444444444446,353.9902777777778,251.4,317.0,0.005633957111501488,0.0,0.0
18035,1260.23,5,1134,52,36.00763888888889,349.95625,252.046,226.8,0.011397432016098873,0.0,0.0
18036,1545.49,11,741,221,32.923611111111114,689.1083333333333,140.4990909090909,67.36363636363636,0.01449047854805405,0.0,0.0
18037,167.42,15,37,31,154.96597222222223,583.99375,11.161333333333333,2.466666666666667,0.023931879614098442,0.13333333333333333,0.0
18038,141.48,1,80,25,556.86875,0.0,141.48,80.0,0.0,0.0,0.0
18039,548.22,4,555,137,374.98819444444445,266.075,137.055,138.75,0.011232799775344004,0.25,0.0
18040,357.20000000000005,2,148,18,19.9375,226.2451388888889,178.60000000000002,74.0,0.004400534175954136,0.5,0.0
18041,8018.7699999999995,38,7316,464,12.049305555555556,683.0659722222222,211.02026315789473,192.52631578947367,0.054088350396678364,0.02631578947368421,0.05
18042,281.15,2,69,13,54.04236111111111,488.0388888888889,140.575,34.5,0.0020448271553046224,0.0,0.0
18043,529.29,3,265,106,25.00138888888889,342.00902777777776,176.42999999999998,88.33333333333333,0.005830750324436715,0.0,0.0
18044,3505.61,18,1598,128,4.933333333333334,555.9548611111111,194.75611111111112,88.77777777777777,0.030523119891772598,0.05555555555555555,0.05263157894736842
18045,178.34,1,138,43,45.988194444444446,0.0,178.34,138.0,0.0,0.0,0.0
18046,189.63,1,44,26,650.0513888888889,0.0,189.63,44.0,0.0,1.0,0.0
18047,326.09,2,130,74,381.98541666666665,0.009722222222222222,163.045,65.0,0.9903713892709767,0.0,0.0
18048,394.93,3,256,56,203.9111111111111,290.0798611111111,131.64333333333335,85.33333333333333,0.006870966587539216,0.0,0.0
18049,500.92,2,402,82,437.93333333333334,153.04305555555555,250.46,201.0,0.006491691536457159,0.0,0.0
18050,412.06,2,250,22,359.93402777777777,33.94027777777778,206.03,125.0,0.02862026473744882,0.0,0.0
18051,2282.28,7,1661,41,634.9527777777778,96.07013888888889,326.04,237.28571428571428,0.06181097574062283,0.14285714285714285,0.125
18052,10877.18,1,17766,16,565.06875,0.0,10877.18,17766.0,0.0,0.0,0.0
18053,571.07,3,409,29,71.15625,456.8534722222222,190.35666666666668,136.33333333333334,0.004368209746871346,0.0,0.5
18054,176.5,1,96,11,393.18888888888887,0.0,176.5,96.0,0.0,0.0,0.0
18055,10142.64,14,3534,320,7.934027777777778,406.04027777777776,724.4742857142857,252.42857142857142,0.03193787128628412,0.07142857142857142,0.06666666666666667
18056,554.6,2,334,28,288.9326388888889,330.08194444444445,277.3,167.0,0.003020400286938027,0.0,0.3333333333333333
18057,1188.46,3,970,121,393.8298611111111,297.17569444444445,396.15333333333336,323.3333333333333,0.006707454823661478,0.0,0.0
18058,774.06,3,394,12,10.175,657.9583333333334,258.02,131.33333333333334,0.003035093265886816,0.0,0.0
18059,306.46,3,258,17,23.834027777777777,44.30486111111111,102.15333333333332,86.0,0.04414537316635755,0.0,0.25
18060,1185.46,2,902,74,408.83958333333334,156.33819444444444,592.73,451.0,0.0063557358309021175,0.0,0.0
18061,6083.81,28,3359,30,22.0625,713.9888888888889,217.2789285714286,119.96428571428571,0.037762824597118834,0.03571428571428571,0.034482758620689655
18062,1632.67,6,831,46,173.91875,424.24444444444447,272.1116666666667,138.5,0.011757943143812708,0.16666666666666666,0.3333333333333333
18063,186.60000000000002,2,48,2,391.0861111111111,242.90347222222223,93.30000000000001,24.0,0.004099982632018017,0.5,0.0
18064,4481.83,11,2685,53,133.84097222222223,543.0680555555556,407.4390909090909,244.0909090909091,0.018380053557433836,0.36363636363636365,0.26666666666666666
18065,5866.63,29,2265,193,6.097222222222222,724.7708333333334,202.29758620689657,78.10344827586206,0.038579671039412115,0.1724137931034483,0.09375
18066,1440.4,3,535,37,75.88888888888889,340.15833333333336,480.1333333333334,178.33333333333334,0.005862380615061433,0.3333333333333333,0.0
18067,396.33,1,189,36,40.86944444444445,0.0,396.33,189.0,0.0,1.0,0.0
18068,101.69999999999999,1,6,1,289.9166666666667,0.0,101.69999999999999,6.0,0.0,0.0,0.0
18069,4464.92,11,3168,602,26.865972222222222,622.9923611111111,405.9018181818182,288.0,0.0160258372108811,0.7272727272727273,0.15384615384615385
18070,314.1,1,86,9,669.9736111111112,0.0,314.1,86.0,0.0,0.0,0.5
18071,1169.68,6,678,52,258.03541666666666,477.06111111111113,194.9466666666667,113.0,0.010458913899896572,0.3333333333333333,0.0
18072,247.44,1,288,18,186.0875,0.0,247.44,288.0,0.0,0.0,0.5
18073,3859.82,12,3102,23,114.95,82.76666666666667,321.6516666666667,258.5,0.13131715081575807,0.0,0.07692307692307693
18074,1019.44,2,361,37,374.12291666666664,131.9736111111111,509.72,180.5,0.007520289113337025,0.0,0.0
18075,5783.29,20,3281,180,23.895138888888887,475.1486111111111,289.1645,164.05,0.03990350818342779,0.0,0.3548387096774194
18076,151.49,1,164,8,380.95,0.0,151.49,164.0,0.0,0.0,0.0
18077,4078.79,18,3020,141,8.970833333333333,724.0777777777778,226.59944444444443,167.77777777777777,0.02344576060805737,0.4444444444444444,0.0
18078,725.53,4,370,65,217.92916666666667,410.9458333333333,181.3825,92.5,0.007282510847906784,0.5,0.0
18079,4203.93,5,8730,107,45.890972222222224,446.13055555555553,840.7860000000001,1746.0,0.008945933017326534,0.0,0.0
18080,1231.5,2,642,2,19.2,223.9111111111111,615.75,321.0,0.0044462009682837665,0.0,0.0
18081,343.45,3,195,14,36.84722222222222,97.19027777777778,114.48333333333333,65.0,0.020368615358501773,0.0,0.0
18082,680.84,1,608,62,26.00347222222222,0.0,680.84,608.0,0.0,0.0,0.0
18083,463.53,1,268,36,398.04583333333335,0.0,463.53,268.0,0.0,1.0,0.0
18084,795.2299999999999,3,755,7,16.95347222222222,372.2416666666667,265.07666666666665,251.66666666666666,0.005358458550090424,0.3333333333333333,0.4
18085,1341.8500000000001,4,507,42,330.8979166666667,298.1388888888889,335.46250000000003,126.75,0.010028786331135667,0.25,0.0
18086,101.34,1,106,7,274.96944444444443,0.0,101.34,106.0,0.0,0.0,0.0
18087,14761.519999999999,17,7775,44,98.90138888888889,640.2284722222222,868.3247058823529,457.3529411764706,0.024952104738192423,0.0,0.19047619047619047
18088,166.03,1,107,35,61.96458333333333,0.0,166.03,107.0,0.0,1.0,0.0
18089,428.45,1,95,9,447.03680555555553,0.0,428.45,95.0,0.0,1.0,0.0
18090,321.9,1,307,47,422.0125,0.0,321.9,307.0,0.0,0.0,0.0
18091,360.85,1,539,25,593.9805555555556,0.0,360.85,539.0,0.0,1.0,0.0
18092,14693.72,18,8298,42,2.9833333333333334,733.0256944444444,816.3177777777778,461.0,0.023159952204216284,0.0,0.1
18093,4452.71,8,3429,43,93.87986111111111,525.2194444444444,556.58875,428.625,0.013302435084644662,0.0,0.1111111111111111
18094,6391.52,13,4164,55,82.14027777777778,619.925,491.65538461538466,320.3076923076923,0.0193260055562266,0.23076923076923078,0.13333333333333333
18095,2303.09,5,1623,37,313.0,286.9451388888889,460.61800000000005,324.6,0.013891535086978856,0.0,0.0
18096,1657.87,6,1409,299,12.004166666666666,501.9263888888889,276.31166666666667,234.83333333333334,0.009941812779095682,0.0,0.0
18097,4627.92,11,2716,86,8.065277777777778,715.0069444444445,420.72,246.9090909090909,0.013966344988118908,0.09090909090909091,0.21428571428571427
18098,527.94,1,215,85,396.8465277777778,0.0,527.94,215.0,0.0,0.0,0.0
18099,168.31,1,149,19,127.87361111111112,0.0,168.31,149.0,0.0,0.0,0.0
18100,451.56,1,440,30,550.9381944444444,0.0,451.56,440.0,0.0,0.0,0.0
18101,622.01,5,247,89,11.967361111111112,662.9895833333334,124.402,49.4,0.006024190891548876,0.0,0.0
18102,580987.04,145,181645,382,1.0416666666666667,738.1013888888889,4006.8071724137935,1252.7241379310344,0.19483118576800282,0.013793103448275862,0.05228758169934641
18103,105.8,1,23,10,549.9680555555556,0.0,105.8,23.0,0.0,0.0,0.0
18104,754.64,1,362,38,37.946527777777774,0.0,754.64,362.0,0.0,0.0,0.0
18105,113.48000000000002,1,46,18,38.03194444444444,0.0,113.48000000000002,46.0,0.0,0.0,0.0
18106,1441.06,6,506,126,330.01875,364.03263888888887,240.17666666666665,84.33333333333333,0.013697405292905696,0.16666666666666666,0.0
18107,165.88,1,65,38,442.99097222222224,0.0,165.88,65.0,0.0,0.0,0.0
18108,848.8100000000001,3,261,43,254.95416666666668,483.04791666666665,282.93666666666667,87.0,0.004131822348854926,0.0,0.25
18109,9555.71,38,4822,203,2.051388888888889,524.9743055555556,251.46605263157892,126.89473684210526,0.07034564162011504,0.23684210526315788,0.15555555555555556
18110,392.28000000000003,2,169,58,20.011111111111113,391.92569444444445,196.14000000000001,84.5,0.0025450104539839133,1.0,0.3333333333333333
18111,405.85,1,232,27,589.9944444444444,0.0,405.85,232.0,0.0,0.0,0.5
18112,773.36,4,443,59,12.921527777777778,539.0854166666667,193.34,110.75,0.005554676922246095,1.0,0.0
18113,76.32000000000001,1,72,1,369.0131944444444,0.0,76.32000000000001,72.0,0.0,0.0,0.0
18114,220.1,1,55,28,290.9791666666667,0.0,220.1,55.0,0.0,0.0,0.0
18115,9.700000000000001,1,3,3,698.0368055555556,0.0,9.700000000000001,3.0,0.0,0.0,0.0
18116,2134.4900000000002,13,1267,311,68.07638888888889,343.81319444444443,164.19153846153847,97.46153846153847,0.03480145247728742,0.3076923076923077,0.0
18117,315.65,1,605,68,26.002083333333335,0.0,315.65,605.0,0.0,0.0,0.0
18118,6221.02,29,3184,444,11.054166666666667,370.9138888888889,214.51793103448279,109.79310344827586,0.07528624457573065,0.10344827586206896,0.17142857142857143
18119,180.7,1,124,29,368.03541666666666,0.0,180.7,124.0,0.0,0.0,0.0
18120,111.15,1,31,17,214.96180555555554,0.0,111.15,31.0,0.0,0.0,0.0
18121,653.3,2,438,28,149.99791666666667,5.027083333333334,326.65,219.0,0.1659177324576564,0.0,0.0
18122,1793.06,6,1225,239,8.9875,142.06319444444443,298.8433333333333,204.16666666666666,0.034949590070433134,0.16666666666666666,0.0
18123,666.64,3,616,53,24.935416666666665,489.06666666666666,222.21333333333334,205.33333333333334,0.004081077404434771,0.0,0.0
18124,102.65,1,47,20,472.81180555555557,0.0,102.65,47.0,0.0,0.0,0.0
18125,1131.75,4,800,164,30.014583333333334,286.89375,282.9375,200.0,0.010420511039228881,0.25,0.2
18126,200.92000000000002,1,135,52,61.02152777777778,0.0,200.92000000000002,135.0,0.0,0.0,0.0
18127,556.13,4,250,56,19.947916666666668,384.00625,139.0325,62.5,0.007792081297381535,0.5,0.0
18128,399.29,1,216,42,537.9798611111111,0.0,399.29,216.0,0.0,1.0,0.0
18129,112.55000000000001,1,48,13,243.94027777777777,0.0,112.55000000000001,48.0,0.0,1.0,0.0
18130,1059.39,3,824,58,15.92361111111111,41.94583333333333,353.13000000000005,274.6666666666667,0.046570292034539634,0.0,0.25
18131,222.95999999999998,1,552,4,632.1680555555556,0.0,222.95999999999998,552.0,0.0,0.0,0.0
18132,220.13,1,212,60,504.8305555555556,0.0,220.13,212.0,0.0,0.0,0.0
18133,931.4999999999999,1,1350,1,212.94166666666666,0.0,931.4999999999999,1350.0,0.0,0.0,0.5
18134,445.0,2,128,27,598.95,96.08541666666666,222.5,64.0,0.0103002081500397,0.0,0.0
18135,1249.6200000000001,10,753,23,29.720833333333335,605.2340277777778,124.96200000000002,75.3,0.014845751949936824,0.0,0.23076923076923078
18136,1631.3600000000001,5,860,77,63.88194444444444,387.99305555555554,326.27200000000005,172.0,0.010282959921449612,0.0,0.4444444444444444
18137,145.99,2,59,26,551.9388888888889,0.022916666666666665,72.995,29.5,0.9775967413441955,1.0,0.0
18138,152.65,1,38,8,295.9159722222222,0.0,152.65,38.0,0.0,0.0,0.0
18139,8438.34,6,5557,35,18.0875,0.8597222222222223,1406.39,926.1666666666666,2.68857356235997,0.0,0.25
18140,536.41,1,395,49,474.0361111111111,0.0,536.41,395.0,0.0,0.0,0.0
18141,882.47,2,433,38,402.04583333333335,187.84166666666667,441.235,216.5,0.005295441507435683,0.0,0.5
18142,1019.52,2,1276,9,157.97986111111112,58.03333333333333,509.76,638.0,0.01693958215697346,0.5,0.5
18143,1000.16,2,570,59,117.02986111111112,25.05763888888889,500.08,285.0,0.03837646243637236,0.0,0.0
18144,4892.95,19,2144,51,8.002777777777778,715.8673611111111,257.5236842105263,112.84210526315789,0.025109247507238766,0.0,0.0
18145,5609.74,11,5104,250,13.061111111111112,718.9527777777778,509.9763636363636,464.0,0.013889799871133523,0.09090909090909091,0.08333333333333333
18146,160.35000000000002,2,153,10,141.02916666666667,79.81458333333333,80.17500000000001,76.5,0.012374004279343147,0.0,0.0
18147,179.33999999999997,2,203,7,46.044444444444444,62.975,89.66999999999999,101.5,0.015631105900742476,0.0,0.0
18148,112.85000000000001,1,63,9,647.0486111111111,0.0,112.85000000000001,63.0,0.0,0.0,0.0
18149,1553.96,7,869,54,51.03194444444444,584.9743055555556,221.99428571428572,124.14285714285714,0.010239356816697735,0.7142857142857143,0.0
18150,566.58,3,332,29,32.83402777777778,169.2513888888889,188.86,110.66666666666667,0.011747334415610901,0.3333333333333333,0.0
18151,1879.44,6,986,99,135.05208333333334,511.03333333333336,313.24,164.33333333333334,0.009764989258511816,0.16666666666666666,0.14285714285714285
18152,426.69,1,75,10,646.8916666666667,0.0,426.69,75.0,0.0,0.0,0.0
18153,246.22,1,200,17,659.875,0.0,246.22,200.0,0.0,0.0,0.0
18154,932.6,5,626,34,3.839583333333333,487.3076388888889,186.52,125.2,0.008191557291837027,0.2,0.0
18155,371.62,3,266,19,75.97083333333333,216.12222222222223,123.87333333333333,88.66666666666667,0.00921140166828719,0.3333333333333333,0.25
18156,675.64,2,283,100,13.018055555555556,356.99652777777777,337.82,141.5,0.0027933231816726963,1.0,0.0
18157,213.9,1,145,25,571.9451388888889,0.0,213.9,145.0,0.0,0.0,0.0
18158,453.4,2,354,24,9.854861111111111,79.30277777777778,226.7,177.0,0.012452869348645751,0.0,0.3333333333333333
18159,530.15,1,139,23,301.93333333333334,0.0,530.15,139.0,0.0,0.0,0.0
18160,1003.88,3,519,56,57.875,328.97013888888887,334.62666666666667,173.0,0.006061154523662705,0.0,0.0
18161,1803.1000000000001,6,965,57,15.840277777777779,364.03125,300.5166666666667,160.83333333333334,0.013697457409468367,0.0,0.14285714285714285
18162,371.51,1,332,45,732.9763888888889,0.0,371.51,332.0,0.0,0.0,0.0
18163,728.84,1,452,33,584.9159722222222,0.0,728.84,452.0,0.0,0.0,0.5
18164,399.65000000000003,1,184,24,37.99583333333333,0.0,399.65000000000003,184.0,0.0,0.0,0.5
18165,302.46000000000004,1,254,10,177.97708333333333,0.0,302.46000000000004,254.0,0.0,0.0,0.0
18166,175.5,1,90,10,624.0166666666667,0.0,175.5,90.0,0.0,0.0,0.0
18167,1384.8600000000001,3,382,24,23.870833333333334,82.17777777777778,461.62000000000006,127.33333333333333,0.024044883783061716,0.0,0.5
18168,3435.5,16,1995,209,176.72847222222222,560.0777777777778,214.71875,124.6875,0.02673426144127374,0.0625,0.2727272727272727
18169,202.65,1,61,9,61.022222222222226,0.0,202.65,61.0,0.0,0.0,0.0
18170,2878.0,9,1184,59,33.927083333333336,667.0173611111111,319.77777777777777,131.55555555555554,0.01197573665854077,0.1111111111111111,0.0
18171,2437.31,9,991,76,59.15069444444445,644.9354166666667,270.8122222222222,110.11111111111111,0.012385139123170854,0.0,0.18181818181818182
18172,17467.24,52,7407,176,15.068055555555556,714.0513888888889,335.90846153846155,142.44230769230768,0.07132354512204833,0.057692307692307696,0.1746031746031746
18173,2696.36,5,1730,34,87.05833333333334,526.0298611111111,539.272,346.0,0.007589702776170968,0.0,0.0
18174,162.5,2,80,1,7.829166666666667,596.19375,81.25,40.0,0.0016744984353905244,0.0,0.0
18175,176.1,1,70,7,676.1006944444445,0.0,176.1,70.0,0.0,0.0,0.0
18176,476.35,1,283,30,358.87847222222223,0.0,476.35,283.0,0.0,0.0,0.5
18177,2216.32,9,1238,66,31.920833333333334,692.8243055555556,246.2577777777778,137.55555555555554,0.011530296554823457,0.1111111111111111,0.1
18178,6103.74,11,3850,204,129.13888888888889,530.7951388888889,554.8854545454545,350.0,0.018804233564251063,0.09090909090909091,0.26666666666666666
18179,2547.55,8,1811,101,9.852083333333333,654.0222222222222,318.44375,226.375,0.010686660333830913,0.125,0.0
18180,1843.75,6,1721,108,5.174305555555556,137.98611111111111,307.2916666666667,286.8333333333333,0.03597481762766064,0.0,0.0
18181,1188.34,5,510,139,24.904166666666665,710.9847222222222,237.66799999999998,102.0,0.0056180980787275,0.0,0.2857142857142857
18182,291.13,1,167,10,463.93402777777777,0.0,291.13,167.0,0.0,0.0,0.0
18183,632.07,2,371,36,227.89166666666668,47.22083333333333,316.035,185.5,0.020737924479391687,0.0,0.6666666666666666
18184,49.8,1,60,1,15.890277777777778,0.0,49.8,60.0,0.0,0.0,0.0
18185,304.25,1,183,17,249.9638888888889,0.0,304.25,183.0,0.0,0.0,0.0
18186,329.58,1,338,11,723.1027777777778,0.0,329.58,338.0,0.0,0.0,0.0
18187,724.89,1,310,48,632.1256944444444,0.0,724.89,310.0,0.0,0.0,0.6666666666666666
18188,3280.59,6,1888,95,15.83611111111111,608.2145833333333,546.765,314.6666666666667,0.008207288756356375,0.0,0.25
18189,1403.73,3,836,79,78.00694444444444,548.1131944444444,467.91,278.6666666666667,0.0036422362824908346,0.0,0.4
18190,745.62,5,490,34,192.91805555555555,525.1131944444444,149.124,98.0,0.007602926598759509,0.0,0.16666666666666666
18191,529.4,2,332,15,262.02916666666664,215.76805555555555,264.7,166.0,0.0046132258622567646,0.0,0.0
18192,957.97,1,339,45,72.12291666666667,0.0,957.97,339.0,0.0,0.0,0.0
18193,1207.35,3,926,66,165.95277777777778,277.0173611111111,402.45,308.6666666666667,0.007193795351509324,0.0,0.4
18194,4162.04,6,1774,23,82.97291666666666,597.9159722222222,693.6733333333333,295.6666666666667,0.008348416525690513,0.16666666666666666,0.14285714285714285
18195,101.16,1,60,5,387.90763888888887,0.0,101.16,60.0,0.0,0.0,0.0
18196,1457.19,4,1038,210,95.85277777777777,537.0604166666667,364.2975,259.5,0.005575582048174577,0.0,0.0
18197,230.1,1,166,9,576.0861111111111,0.0,230.1,166.0,0.0,0.0,0.5
18198,5425.56,17,4074,81,4.917361111111111,332.0486111111111,319.15058823529415,239.64705882352942,0.04804103505077254,0.058823529411764705,0.19047619047619047
18199,344.75,1,99,20,684.0541666666667,0.0,344.75,99.0,0.0,0.0,0.5
18200,150.35,1,104,29,106.75347222222223,0.0,150.35,104.0,0.0,0.0,0.0
18201,447.53000000000003,1,191,27,723.1631944444445,0.0,447.53000000000003,191.0,0.0,0.0,0.0
18202,1396.99,3,581,55,200.0263888888889,111.94166666666666,465.66333333333336,193.66666666666666,0.017708256474581276,0.0,0.0
18203,492.52,4,111,40,157.98819444444445,573.9916666666667,123.13,27.75,0.005217466919810432,0.0,0.0
18204,1975.35,3,1190,159,71.8375,121.05416666666666,658.4499999999999,396.6666666666667,0.016386167343734,0.0,0.25
18205,517.36,2,192,30,36.977777777777774,38.05555555555556,258.68,96.0,0.025604551920341393,0.0,0.0
18206,314.65999999999997,1,246,19,553.9604166666667,0.0,314.65999999999997,246.0,0.0,0.0,0.0
18207,544.47,1,325,31,499.93333333333334,0.0,544.47,325.0,0.0,0.0,0.6666666666666666
18208,360.08,1,82,17,566.0388888888889,0.0,360.08,82.0,0.0,1.0,0.0
18209,139.10000000000002,1,58,8,29.02986111111111,0.0,139.10000000000002,58.0,0.0,0.0,0.0
18210,2768.83,7,1499,116,2.075,381.0576388888889,395.54714285714283,214.14285714285714,0.015704436685127863,0.0,0.0
18211,600.07,5,359,37,26.194444444444443,252.83402777777778,120.01400000000001,71.8,0.015758328522848208,0.2,0.0
18212,514.37,2,158,40,326.85833333333335,351.06388888888887,257.185,79.0,0.0028403935523066363,0.5,0.0
18213,232.48000000000002,1,232,15,237.10347222222222,0.0,232.48000000000002,232.0,0.0,1.0,0.0
18214,1780.34,4,989,38,531.0618055555556,23.648611111111112,445.085,247.25,0.12171071166957795,0.25,0.2
18215,2232.4900000000002,5,1131,53,89.86458333333333,534.1263888888889,446.49800000000005,226.2,0.007474869643983379,0.2,0.16666666666666666
18216,481.75,1,200,26,31.82986111111111,0.0,481.75,200.0,0.0,0.0,0.0
18217,945.04,4,740,33,29.980555555555554,496.90208333333334,236.26,185.0,0.006025281075177934,0.0,0.3333333333333333
18218,1121.84,4,1028,25,211.99791666666667,448.90416666666664,280.46,257.0,0.006668086722172315,0.0,0.3333333333333333
18219,3352.7000000000003,17,1586,87,3.046527777777778,729.9347222222223,197.21764705882356,93.29411764705883,0.021889779639084655,0.0,0.10526315789473684
18220,1921.76,6,1352,17,227.1576388888889,497.88958333333335,320.29333333333335,225.33333333333334,0.010022257764117812,0.0,0.45454545454545453
18221,1424.94,6,1000,71,22.92361111111111,367.95416666666665,237.49,166.66666666666666,0.013551818767010356,0.16666666666666666,0.25
18222,443.0,1,335,19,93.08680555555556,0.0,443.0,335.0,0.0,0.0,0.0
18223,14000.85,26,6644,192,5.152083333333334,730.86875,538.4942307692307,255.53846153846155,0.03415913030854235,0.07692307692307693,0.5
18224,158.95000000000002,1,69,10,264.09722222222223,0.0,158.95000000000002,69.0,0.0,0.0,0.0
18225,13014.8,26,7282,266,3.9743055555555555,731.8576388888889,500.5692307692307,280.0769230769231,0.03411303733956212,0.038461538461538464,0.23529411764705882
18226,11878.88,26,7883,299,44.96805555555556,600.1465277777778,456.88,303.1923076923077,0.04158719853613061,0.15384615384615385,0.3157894736842105
18227,388.75,2,22,6,218.01875,266.81805555555553,194.375,11.0,0.0037338782029673963,0.0,0.3333333333333333
18228,779.9,2,238,23,57.14513888888889,22.939583333333335,389.95,119.0,0.0417718214254634,0.0,0.3333333333333333
18229,10150.51,28,3071,73,12.126388888888888,724.7958333333333,362.5182142857143,109.67857142857143,0.03720054423018411,0.10714285714285714,0.0
18230,4291.06,9,1996,42,9.977777777777778,516.1395833333333,476.7844444444445,221.77777777777777,0.015469711191772047,0.1111111111111111,0.25
18231,6854.17,28,2915,218,192.9388888888889,506.08680555555554,244.7917857142857,104.10714285714286,0.05324532151929938,0.14285714285714285,0.06666666666666667
18232,592.97,4,302,31,82.0423611111111,115.80486111111111,148.2425,75.5,0.02568386256755391,0.0,0.2
18233,440.0,1,4,1,326.17083333333335,0.0,440.0,4.0,0.0,0.0,0.0
18234,179.6,1,80,30,552.0611111111111,0.0,179.6,80.0,0.0,1.0,0.0
18235,1796.48,3,1578,100,72.18263888888889,145.7861111111111,598.8266666666667,526.0,0.013625267301250877,0.0,0.0
18236,1795.3500000000001,12,696,80,30.197222222222223,573.76875,149.6125,58.0,0.019138131639898658,0.16666666666666666,0.0
18237,987.1,5,622,40,3.0006944444444446,131.98888888888888,197.42000000000002,124.4,0.03007770072687777,0.0,0.0
18238,270.92,1,114,14,515.9993055555556,0.0,270.92,114.0,0.0,0.0,0.0
18239,1712.26,6,844,85,219.00833333333333,204.10208333333333,285.37666666666667,140.66666666666666,0.02437810439923209,0.0,0.0
18240,422.58,1,126,6,46.98888888888889,0.0,422.58,126.0,0.0,0.0,0.0
18241,2986.9900000000002,21,1471,101,10.027777777777779,608.0104166666666,142.23761904761906,70.04761904761905,0.032840160779953824,0.0,0.08695652173913043
18242,3605.21,8,2021,113,72.96319444444444,625.2041666666667,450.65125,252.625,0.011178462828284172,0.0,0.0
18243,515.78,1,221,26,414.93125,0.0,515.78,221.0,0.0,0.0,0.0
18244,568.64,2,856,19,431.06597222222223,72.03125,284.32,428.0,0.013692768506632435,0.5,0.0
18245,6324.9800000000005,20,5098,336,7.918055555555555,633.9736111111112,316.249,254.9,0.029922503341127473,0.15,0.13043478260869565
18246,758.8199999999999,3,214,3,24.042361111111113,586.0625,252.93999999999997,71.33333333333333,0.003406792292132439,0.0,0.0
18247,839.73,3,335,28,415.12569444444443,216.74791666666667,279.91,111.66666666666667,0.009184932883016484,0.0,0.5
18248,804.02,2,511,39,123.1048611111111,63.87569444444444,402.01,255.5,0.01541409319103842,0.0,0.5
18249,95.34,1,128,8,17.90486111111111,0.0,95.34,128.0,0.0,0.0,0.0
18250,349.27,1,199,21,310.9819444444444,0.0,349.27,199.0,0.0,0.0,0.5
18251,26278.86,9,39639,87,87.90763888888888,630.1263888888889,2919.8733333333334,4404.333333333333,0.012675749486698166,0.0,0.0
18252,1533.69,7,932,125,51.00486111111111,670.8541666666666,219.09857142857143,133.14285714285714,0.008930509473161959,0.0,0.125
18253,317.88,1,128,7,643.0083333333333,0.0,317.88,128.0,0.0,1.0,0.0
18254,267.9,1,188,16,581.9256944444444,0.0,267.9,188.0,0.0,0.0,0.0
18255,303.15,2,201,16,89.98194444444445,366.8645833333333,151.575,100.5,0.00271839161829251,0.5,0.0
18256,110.7,1,180,10,388.1645833333333,0.0,110.7,180.0,0.0,0.0,0.5
18257,4600.15,12,2369,219,39.918055555555554,619.9361111111111,383.3458333333333,197.41666666666666,0.01771518808966748,0.08333333333333333,0.3333333333333333
18258,2059.67,6,1981,30,464.9375,108.11458333333333,343.27833333333336,330.1666666666667,0.04582338902147971,0.3333333333333333,0.25
18259,3941.9,7,1274,51,25.011111111111113,707.1638888888889,563.1285714285715,182.0,0.00847261501771012,0.0,0.0
18260,9947.26,23,5244,212,173.0090277777778,551.9493055555556,432.4895652173913,228.0,0.03978664911767328,0.30434782608695654,0.28125
18261,324.24,2,146,19,43.88472222222222,52.25138888888889,162.12,73.0,0.01877885292506716,0.0,0.0
18262,577.54,3,552,40,140.86527777777778,462.2909722222222,192.51333333333332,184.0,0.0043169414469848115,0.0,0.0
18263,1213.1599999999999,3,1468,59,26.15972222222222,226.88333333333333,404.3866666666666,489.3333333333333,0.008776420683098076,0.0,0.25
18264,603.25,1,241,36,499.1166666666667,0.0,603.25,241.0,0.0,0.0,0.0
18265,801.51,2,311,44,72.94444444444444,85.94722222222222,400.755,155.5,0.011501229992651992,0.0,0.0
18266,251.1,1,138,14,434.88680555555555,0.0,251.1,138.0,0.0,0.0,0.0
18267,269.37,1,135,17,673.1715277777778,0.0,269.37,135.0,0.0,0.0,0.5
18268,1490.23,6,711,36,134.73402777777778,594.3652777777778,248.37166666666667,118.5,0.00839820558340701,0.0,0.25
18269,168.6,1,76,7,366.95625,0.0,168.6,76.0,0.0,0.0,0.5
18270,444.55,3,209,17,38.953472222222224,394.13055555555553,148.18333333333334,69.66666666666667,0.005061618171209235,0.3333333333333333,0.25
18271,680.85,2,319,19,610.1416666666667,121.91597222222222,340.425,159.5,0.008135639184402172,0.0,0.0
18272,4385.9800000000005,9,2880,145,3.004861111111111,642.9930555555555,487.33111111111117,320.0,0.01242249420391438,0.0,0.18181818181818182
18273,357.0,4,140,1,2.9819444444444443,588.0361111111112,89.25,35.0,0.005093066356052496,0.25,0.0
18274,175.92,1,88,11,30.824305555555554,0.0,175.92,88.0,0.0,0.0,0.5
18275,741.85,2,417,19,578.8777777777777,152.97430555555556,370.925,208.5,0.006494590096652129,0.0,0.0
18276,1656.52,6,1246,81,44.080555555555556,685.7361111111111,276.08666666666664,207.66666666666666,0.0072808170694711296,0.0,0.4
18277,1180.05,5,449,53,58.894444444444446,436.2055555555556,236.01,89.8,0.009149014574888497,0.2,0.375
18278,414.20000000000005,2,140,22,74.03611111111111,330.9895833333333,207.10000000000002,70.0,0.003012142700260425,0.5,0.0
18279,231.33999999999997,1,630,13,519.9180555555556,0.0,231.33999999999997,630.0,0.0,0.0,0.0
18280,488.15000000000003,2,194,28,278.12361111111113,116.75069444444445,244.07500000000002,97.0,0.008492518916496128,0.0,0.3333333333333333
18281,201.14,2,146,17,181.08125,397.0027777777778,100.57,73.0,0.0025125452781597003,0.5,0.0
18282,178.05,2,103,12,8.046527777777778,118.92222222222222,89.025,51.5,0.008338738070971926,0.0,0.3333333333333333
18283,2664.9,22,1679,352,4.033333333333333,654.7819444444444,121.13181818181819,76.31818181818181,0.032022839570233164,0.09090909090909091,0.0
18284,461.68,1,494,28,432.05347222222224,0.0,461.68,494.0,0.0,0.0,0.5
18285,427.0,1,145,12,661.1013888888889,0.0,427.0,145.0,0.0,0.0,0.0
18286,1296.43,2,608,67,477.03680555555553,247.05,648.215,304.0,0.004031445273130417,0.0,0.3333333333333333
18287,4182.99,7,3013,120,43.139583333333334,528.8986111111111,597.5699999999999,430.42857142857144,0.011322920789354358,0.14285714285714285,0.125
