Customer ID,Monetary,Frequency,TotalItemsPurchased,UniqueProducts,Recency,CustomerLifetime,AverageOrderValue,AverageItemsPerOrder,PurchaseRate,WeekendPurchaseRatio,CancellationRate,Cluster
12346,77556.46,12,74285,27,326.1173611111111,400.0604166666666,6463.038333333334,6190.416666666667,0.0274272891137557,0.0,0.2941176470588235,2
12347,4921.53,8,2967,126,2.873611111111111,402.06388888888887,615.19125,370.875,0.0173669738048145,0.125,0.0,2
12348,2019.4,5,2714,25,75.98402777777778,362.9263888888889,403.88,542.8,0.0109912337278219,0.2,0.0,2
12349,4428.69,4,1624,138,19.124305555555555,570.8548611111111,1107.1725,406.0,0.005246086383127,0.0,0.2,2
12350,334.4,1,197,17,310.8673611111111,0.0,334.4,197.0,0.0,0.0,0.0,0
12351,300.93,1,261,21,375.89375,0.0,300.93,261.0,0.0,0.0,0.0,0
12352,2849.84,10,724,70,36.925694444444446,356.17847222222224,284.98400000000004,72.4,0.0251974872505769,0.0,0.2307692307692307,2
12353,406.76,2,212,23,204.79375,204.21041666666667,203.38,106.0,0.0048730469741423,0.0,0.0,0
12354,1079.4,1,530,58,232.98541666666668,0.0,1079.4,530.0,0.0,0.0,0.0,2
12355,947.61,2,543,35,214.95902777777775,353.0763888888889,473.805,271.5,0.0028242493184537,0.0,0.0,2
12356,6371.73,6,3416,104,23.17361111111111,401.9569444444445,1061.955,569.3333333333334,0.0124082735610711,0.0,0.0,2
12357,18287.66,3,6587,261,33.863194444444446,355.25138888888887,6095.886666666666,2195.6666666666665,0.0056140132007282,0.3333333333333333,0.0,2
12358,3887.07,5,1079,56,2.1,730.1020833333333,777.414,215.8,0.0054711921784748,0.0,0.0,2
12359,8873.39,10,2739,305,58.00208333333333,676.96875,887.3389999999999,273.9,0.0132749481447338,0.2,0.2857142857142857,2
12360,4252.89,8,2459,160,52.894444444444446,603.2430555555555,531.61125,307.375,0.0115847421590373,0.0,0.1111111111111111,2
12361,511.25,4,235,18,287.9576388888889,394.9680555555556,127.8125,58.75,0.0075763687446728,0.25,0.0,0
12362,5356.23,11,2230,201,3.8819444444444446,735.2291666666666,486.93,202.72727272727272,0.0135827272984521,0.0,0.2142857142857142,2
12363,552.0,2,408,23,110.10555555555555,132.8673611111111,276.0,204.0,0.0074700807702483,0.0,0.0,0
12364,1313.1,4,1506,70,8.102777777777778,104.79027777777776,328.275,376.5,0.0283579934093922,0.25,0.0,2
12365,641.38,2,174,22,291.9486111111111,0.0090277777777777,320.69,87.0,0.9910529938059188,0.0,0.3333333333333333,0
12366,500.24,1,296,3,634.0986111111112,0.0,500.24,296.0,0.0,0.0,0.0,0
12367,168.9,1,173,11,4.834722222222222,0.0,168.9,173.0,0.0,0.0,0.0,0
12368,917.7,1,330,18,628.8708333333333,0.0,917.7,330.0,0.0,1.0,0.0,1
12369,1791.15,3,1241,90,413.9840277777778,228.2111111111111,597.0500000000001,413.6666666666667,0.00872558049348,0.0,0.0,2
12370,4316.56,7,2604,168,51.91597222222222,617.2152777777778,616.6514285714286,372.0,0.009705357042562,0.0,0.0,2
12371,4067.38,5,1436,134,45.10694444444445,600.6618055555556,813.476,287.2,0.0066482531599401,0.0,0.0,2
12372,1298.04,3,794,34,72.02638888888889,224.9763888888889,432.68,264.6666666666667,0.008850482166893,0.0,0.0,2
12373,1127.65,3,516,36,311.9861111111111,362.0430555555556,375.8833333333334,172.0,0.0055089884502526,0.0,0.0,0
12374,2989.2200000000003,4,1362,79,25.884027777777774,563.0666666666667,747.3050000000001,340.5,0.0053185202694716,0.0,0.0,2
12375,457.5,2,178,14,11.093055555555557,87.84236111111112,228.75,89.0,0.0112558917558409,0.0,0.3333333333333333,0
12376,503.15,2,240,11,390.02430555555554,28.147916666666667,251.575,120.0,0.0343077692802515,0.0,0.0,0
12377,3426.32,4,2105,129,315.87847222222223,274.0076388888889,856.58,526.25,0.0109087878872051,0.0,0.0,2
12378,5416.32,2,3316,281,130.09444444444443,432.8520833333333,2708.16,1658.0,0.0023049330368933,0.0,0.0,2
12379,1620.22,4,815,58,82.11180555555555,452.8888888888889,405.055,203.75,0.006609547123623,0.0,0.2,2
12380,9676.3,11,3355,156,22.05763888888889,640.9736111111112,879.6636363636364,305.0,0.0155769642660112,0.0,0.2666666666666666,2
12381,1845.31,5,808,70,5.004166666666666,115.11597222222224,369.062,161.6,0.0344483185512568,0.2,0.1666666666666666,2
12383,1850.56,5,1532,84,185.2,167.73194444444445,370.112,306.4,0.0237062401738457,0.0,0.1666666666666666,2
12384,585.27,2,126,26,29.17430555555556,92.8861111111111,292.635,63.0,0.0106512026983046,0.0,0.3333333333333333,0
12385,1938.4,1,612,65,379.9,0.0,1938.4,612.0,0.0,0.0,0.5,2
12386,401.9,2,354,10,338.00902777777776,29.113888888888887,200.95,177.0,0.0332072687021492,0.0,0.0,0
12387,143.94,1,134,9,415.84930555555553,0.0,143.94,134.0,0.0,0.0,0.0,0
12388,3901.11,8,2001,83,16.01388888888889,566.9833333333333,487.63875,250.125,0.0123243052906481,0.125,0.0,2
12389,1433.33,3,614,41,403.04027777777776,253.0673611111111,477.7766666666666,204.66666666666663,0.0078719281030566,0.0,0.0,2
12390,549.84,1,353,32,80.13680555555555,0.0,549.84,353.0,0.0,0.0,0.0,0
12391,2724.84,6,1204,241,22.02986111111111,641.0798611111111,454.14,200.66666666666663,0.0077871933116661,0.0,0.1428571428571428,2
12392,234.75000000000003,1,73,7,591.9486111111111,0.0,234.75000000000003,73.0,0.0,0.0,0.0,0
12393,2399.4500000000003,6,1311,63,72.88125,356.0777777777778,399.90833333333336,218.5,0.0140025515760649,0.0,0.1428571428571428,2
12394,1272.48,2,819,26,64.19583333333334,153.7548611111111,636.24,409.5,0.0064618325577638,0.0,0.0,2
12395,4721.17,15,3205,145,19.895138888888887,583.2118055555555,314.74466666666666,213.66666666666663,0.023963911490434,0.0666666666666666,0.1666666666666666,2
12396,931.43,1,591,65,674.9777777777778,0.0,931.43,591.0,0.0,0.0,0.0,2
12397,2409.9,2,1263,110,36.12361111111111,99.81319444444443,1204.95,631.5,0.0099193365066025,0.0,0.0,2
12398,1635.66,1,1394,85,46.09930555555555,0.0,1635.66,1394.0,0.0,0.0,0.0,2
12399,1962.3,7,2198,67,119.98263888888889,525.1875,280.3285714285714,314.0,0.0114027794274854,0.0,0.0,2
12400,205.25,1,91,11,414.96180555555554,0.0,205.25,91.0,0.0,0.0,0.0,0
12401,84.3,1,11,5,303.9583333333333,0.0,84.3,11.0,0.0,0.0,0.0,0
12402,1256.9,6,584,43,323.9590277777778,347.0472222222222,209.48333333333332,97.33333333333331,0.014365866700719,0.3333333333333333,0.1428571428571428,2
12403,1019.36,2,260,5,50.08263888888889,471.9666666666666,509.68,130.0,0.0021143139051377,0.0,0.3333333333333333,0
12404,63.24,1,1,1,682.8506944444445,0.0,63.24,1.0,0.0,0.0,0.0,0
12405,1710.39,1,857,54,149.1652777777778,0.0,1710.39,857.0,0.0,0.0,0.0,2
12406,6390.36,5,3416,114,22.727777777777774,675.2208333333333,1278.072,683.2,0.0059152273973615,0.0,0.2857142857142857,2
12407,1708.12,5,1416,57,50.110416666666666,214.86805555555557,341.624,283.2,0.0185298375422229,0.2,0.0,2
12408,4340.77,8,2229,104,33.015972222222224,465.9583333333333,542.5962499999999,278.625,0.0149906308557151,0.0,0.4285714285714285,2
12409,23419.29,7,13143,177,79.09166666666667,486.80347222222224,3345.612857142857,1877.571428571429,0.0123000354480188,0.1428571428571428,0.4615384615384615,2
12410,1013.71,3,341,36,309.0909722222222,193.8840277777778,337.90333333333336,113.66666666666669,0.0102625136744431,0.3333333333333333,0.25,2
12411,346.9,1,138,22,410.1423611111111,0.0,346.9,138.0,0.0,0.0,0.0,0
12412,2596.93,6,1997,82,75.10694444444445,464.8708333333333,432.82166666666666,332.8333333333333,0.0107325886109347,0.0,0.25,2
12413,999.45,4,319,41,67.15972222222223,335.8152777777778,249.8625,79.75,0.0089069593867393,0.25,0.3333333333333333,2
12414,952.41,6,495,21,217.91597222222225,246.10347222222225,158.735,82.5,0.0202344384521778,0.0,0.25,0
12415,144458.37,28,91447,498,24.93611111111111,503.24444444444447,5159.2275,3265.964285714286,0.0535454585518487,0.0,0.1515151515151515,2
12416,202.56,1,132,11,657.1048611111111,0.0,202.56,132.0,0.0,1.0,0.0,1
12417,6797.41,20,2884,270,3.915277777777778,730.1819444444444,339.8705,144.2,0.0259853243701693,0.1,0.2592592592592592,2
12418,2021.2,4,1088,90,113.07083333333334,517.8479166666667,505.3,272.0,0.0057820411408288,0.0,0.2,2
12419,503.01,2,231,23,386.1152777777778,27.975,251.505,115.5,0.0345125107851596,0.0,0.0,0
12420,600.39,1,345,29,64.16319444444444,0.0,600.39,345.0,0.0,0.0,0.0,0
12421,1098.6,6,652,44,16.15486111111111,489.7986111111111,183.1,108.66666666666669,0.010187477891758,0.1666666666666666,0.25,2
12422,5231.8,17,2596,137,96.12638888888888,625.8777777777777,307.7529411764706,152.7058823529412,0.0255233166131976,0.1176470588235294,0.1904761904761904,2
12423,2622.39,10,1793,128,1.1111111111111112,465.0270833333333,262.239,179.3,0.0193121823213064,0.0,0.0909090909090909,2
12424,3340.03,4,2025,78,163.03055555555557,385.86875,835.0075,506.25,0.0077545679251684,0.0,0.4285714285714285,2
12425,1741.41,2,1147,87,78.80486111111111,370.13958333333335,870.705,573.5,0.0026944040595687,0.0,0.3333333333333333,2
12426,1345.21,2,584,73,195.01666666666668,468.15625,672.605,292.0,0.0021314860454272,0.5,0.3333333333333333,1
12427,825.8,3,533,26,22.1625,349.925,275.26666666666665,177.66666666666666,0.0056992234808007,0.0,0.4,2
12428,7956.46,9,3536,258,26.18611111111111,257.9506944444444,884.0511111111111,392.8888888888889,0.0308939121293468,0.1111111111111111,0.25,2
12429,6204.41,8,2890,124,9.811111111111112,537.1625,775.55125,361.25,0.0130072236545653,0.0,0.1111111111111111,2
12430,256.4,1,117,11,43.90347222222222,0.0,256.4,117.0,0.0,0.0,0.0,0
12431,10432.22,27,4600,244,36.03819444444444,658.11875,386.3785185185185,170.37037037037038,0.039446609582871,0.074074074074074,0.1818181818181818,2
12432,5059.32,5,1801,107,43.046527777777776,129.92777777777778,1011.864,360.2,0.0305511944668392,0.0,0.0,2
12433,16794.14,10,13534,285,1.1166666666666667,476.0270833333333,1679.414,1353.4,0.0188668532971136,0.0,0.0909090909090909,2
12434,1103.43,3,532,62,85.00833333333334,296.9583333333333,367.81,177.33333333333334,0.0067123479233673,0.0,0.4,2
12435,13925.93,6,4958,88,80.15555555555555,657.7972222222222,2320.988333333333,826.3333333333334,0.0075895887707817,0.0,0.0,2
12436,509.01,1,211,16,100.02847222222222,0.0,509.01,211.0,0.0,0.0,0.0,0
12437,12683.4,39,8000,273,2.052083333333333,735.7993055555555,325.2153846153846,205.12820512820517,0.0515744242882361,0.0512820512820512,0.1702127659574468,2
12438,2906.85,2,1180,84,14.973611111111111,125.99930555555557,1453.425,590.0,0.0078740588039085,0.0,0.0,2
12439,1142.88,2,478,69,683.0270833333333,43.14652777777778,571.44,239.0,0.0226518381022793,0.0,0.3333333333333333,2
12440,859.2,2,331,21,462.98541666666665,255.04722222222225,429.6,165.5,0.0039055295789622,0.0,0.3333333333333333,0
12441,173.55,1,121,11,367.08680555555554,0.0,173.55,121.0,0.0,0.0,0.0,0
12442,172.06,1,182,12,3.936111111111111,0.0,172.06,182.0,0.0,0.0,0.0,0
12443,485.31,1,182,21,732.8805555555556,0.0,485.31,182.0,0.0,0.0,0.0,0
12444,5005.46,5,1153,138,21.977083333333333,149.97430555555556,1001.092,230.6,0.0264945745918869,0.0,0.0,2
12445,434.98,2,206,24,22.75486111111111,398.2604166666667,217.49,103.0,0.0025046309582822,0.0,0.3333333333333333,0
12446,1002.31,1,351,57,58.0,0.0,1002.31,351.0,0.0,0.0,0.0,2
12447,476.49,1,190,26,243.97569444444449,0.0,476.49,190.0,0.0,1.0,0.0,1
12448,449.45,1,243,22,44.96111111111111,0.0,449.45,243.0,0.0,0.0,0.0,0
12449,4835.89,6,2282,125,22.961111111111112,416.17291666666665,805.9816666666667,380.3333333333333,0.0119854376932027,0.1666666666666666,0.0,2
12450,688.2,5,442,31,156.92291666666668,318.0625,137.64,88.4,0.0125367286973555,0.4,0.2857142857142857,1
12451,12669.88,8,9359,352,11.17361111111111,518.8208333333333,1583.735,1169.875,0.013466178250519,0.0,0.2,2
12452,430.57,2,185,21,17.09861111111111,0.0993055555555555,215.285,92.5,0.9096651926721416,0.0,0.3333333333333333,0
12453,707.09,1,473,43,134.94583333333333,0.0,707.09,473.0,0.0,0.0,0.0,2
12454,16679.78,5,7703,24,56.81736111111111,364.9861111111111,3335.956,1540.6,0.0109293764942506,0.0,0.4444444444444444,2
12455,5879.95,10,3302,199,73.88819444444445,648.1236111111111,587.995,330.2,0.0138648476899409,0.0,0.0,2
12456,3181.04,3,1633,105,44.922916666666666,210.22847222222225,1060.3466666666666,544.3333333333334,0.0094684205162261,0.3333333333333333,0.25,2
12457,2995.91,8,1094,63,66.98402777777778,368.8013888888889,374.48875,136.75,0.0189290797988409,0.0,0.4285714285714285,2
12458,1777.49,4,986,71,71.89236111111111,416.2027777777778,444.3725,246.5,0.007190747904363,0.0,0.0,2
12459,454.36,1,258,23,605.9145833333333,0.0,454.36,258.0,0.0,0.0,0.0,0
12460,326.65,1,170,18,456.9576388888889,0.0,326.65,170.0,0.0,0.0,0.0,0
12461,826.88,2,287,35,94.82847222222222,60.27361111111111,413.44,143.5,0.0163202393635106,0.0,0.0,0
12462,1189.59,2,536,51,19.152083333333334,284.76875,594.795,268.0,0.0034993329396583,0.0,0.5,2
12463,1344.78,4,776,65,53.9625,188.03958333333333,336.195,194.0,0.0158696921940951,0.0,0.4285714285714285,2
12464,1212.05,8,112,6,10.970138888888888,299.00208333333336,151.50625,14.0,0.0233331712974215,0.0,0.0,0
12465,742.1899999999999,2,479,46,17.844444444444445,152.12291666666667,371.095,239.5,0.0065307010979741,0.0,0.3333333333333333,2
12466,56.73,1,1,1,682.85,0.0,56.73,1.0,0.0,0.0,0.0,0
12467,132.8,1,129,9,423.88125,0.0,132.8,129.0,0.0,0.0,0.5,0
12468,3670.74,5,2201,127,188.05138888888888,495.0604166666666,734.1479999999999,440.2,0.0080635339277389,0.2,0.5,2
12469,3070.54,2,2552,76,523.0069444444445,14.09027777777778,1535.27,1276.0,0.0662678324896456,0.0,0.0,2
12470,211.95,1,95,23,690.0756944444445,0.0,211.95,95.0,0.0,0.0,0.0,0
12471,39918.19,79,16858,255,2.879861111111111,730.2097222222222,505.2935443037975,213.39240506329116,0.1066725422672853,0.0379746835443038,0.3875968992248062,2
12472,16249.29,19,10378,397,32.950694444444444,693.1333333333333,855.2257894736841,546.2105263157895,0.0259316173645793,0.1052631578947368,0.4864864864864865,2
12473,3928.05,5,2414,140,29.961111111111112,162.14652777777778,785.6099999999999,482.8,0.0245178371521851,0.0,0.4444444444444444,2
12474,12372.75,31,7940,369,17.924305555555556,649.2069444444444,399.1209677419355,256.1290322580645,0.0461391565505854,0.0967741935483871,0.4259259259259259,2
12475,1149.64,2,771,54,54.11111111111112,356.05625,574.82,385.5,0.0028006791646974,0.0,0.0,2
12476,14083.91,23,5631,358,16.006944444444443,486.15,612.3439130434782,244.82608695652172,0.0451606281432823,0.0434782608695652,0.3947368421052631,2
12477,20276.37,9,6119,295,23.124305555555555,600.8263888888889,2252.93,679.8888888888889,0.013292870082965,0.0,0.25,2
12478,680.99,1,236,36,4.120833333333334,0.0,680.99,236.0,0.0,0.0,0.0,0
12479,527.2,1,385,31,11.975,0.0,527.2,385.0,0.0,0.0,0.6666666666666666,2
12480,5464.85,7,2952,177,28.915277777777774,479.0631944444444,780.6928571428572,421.7142857142857,0.0124983545279773,0.0,0.125,2
12481,12185.51,15,7158,248,23.18125,584.8048611111111,812.3673333333334,477.2,0.0238987433007057,0.1333333333333333,0.1666666666666666,2
12482,23691.4,29,27042,42,576.8326388888889,77.26875,816.944827586207,932.4827586206897,0.3577417551704863,0.1724137931034483,0.09375,2
12483,5097.18,19,2160,68,17.825,660.1486111111111,268.27263157894737,113.6842105263158,0.0272253464614402,0.1052631578947368,0.2962962962962963,2
12484,6354.1,12,3266,329,33.050694444444446,648.7888888888889,529.5083333333333,272.1666666666667,0.0169285750927651,0.1666666666666666,0.25,2
12485,708.1,1,414,34,529.8944444444444,0.0,708.1,414.0,0.0,0.0,0.0,0
12486,1037.28,1,523,49,432.025,0.0,1037.28,523.0,0.0,0.0,0.0,2
12487,285.29999999999995,1,174,2,731.0513888888889,0.0,285.29999999999995,174.0,0.0,0.0,0.5,0
12488,1298.66,3,529,46,10.166666666666666,65.92777777777778,432.8866666666667,176.33333333333334,0.0298829584128828,0.3333333333333333,0.0,2
12489,334.93,1,105,15,336.9840277777778,0.0,334.93,105.0,0.0,0.0,0.0,0
12490,9823.64,21,5906,195,5.863194444444445,733.1354166666666,467.79238095238094,281.23809523809524,0.0272429303176922,0.1904761904761904,0.0454545454545454,2
12491,460.4,1,260,25,39.02222222222223,0.0,460.4,260.0,0.0,0.0,0.0,0
12492,715.21,3,444,38,63.89930555555556,340.01180555555555,238.4033333333333,148.0,0.0058648995941408,0.0,0.0,0
12493,433.74,2,207,20,166.10625,31.808333333333334,216.87,103.5,0.0304800609601219,0.0,0.3333333333333333,0
12494,1815.27,9,979,83,16.136111111111113,560.8208333333333,201.69666666666663,108.77777777777776,0.0142394149973671,0.2222222222222222,0.4705882352941176,2
12495,357.4,1,130,17,641.08125,0.0,357.4,130.0,0.0,0.0,0.5,0
12496,45.34,2,30,10,620.9472222222222,0.00625,22.67,15.0,0.9937888198757764,0.0,0.0,0
12497,6248.5,3,5685,41,82.01458333333333,563.1180555555555,2082.833333333333,1895.0,0.0035453571824258,0.0,0.25,2
12498,403.7000000000001,3,159,21,21.997916666666665,36.140972222222224,134.5666666666667,53.0,0.0538488865620851,0.0,0.0,0
12499,393.72,1,302,27,560.9013888888888,0.0,393.72,302.0,0.0,0.0,0.0,0
12500,5955.21,19,3377,88,23.854166666666668,650.0520833333334,313.4321052631579,177.73684210526315,0.0276475576390777,0.0526315789473684,0.24,2
12501,2169.39,1,1783,149,337.0152777777778,0.0,2169.39,1783.0,0.0,0.0,0.5,2
12502,3723.87,5,820,102,96.04027777777776,214.04930555555555,744.774,164.0,0.0186003855704925,0.0,0.0,2
12503,1126.0,1,561,2,584.9520833333333,0.0,1126.0,561.0,0.0,0.0,0.5,2
12504,779.05,4,458,11,18.866666666666667,578.2347222222222,194.7625,114.5,0.0051792475224733,0.0,0.3333333333333333,0
12505,955.2,1,324,42,409.14722222222224,0.0,955.2,324.0,0.0,0.0,0.6666666666666666,2
12506,73.5,1,23,23,233.1638888888889,0.0,73.5,23.0,0.0,0.0,0.0,0
12507,1844.06,4,1256,46,134.8201388888889,450.3236111111111,461.015,314.0,0.0066471151212636,0.0,0.2,2
12508,397.88,2,271,57,26.884027777777774,2.9652777777777777,198.94,135.5,0.2521891418563923,0.5,0.0,1
12509,176.5,1,55,7,284.9201388888889,0.0,176.5,55.0,0.0,0.0,0.0,0
12510,5178.02,9,2049,94,143.10763888888889,592.8527777777778,575.3355555555556,227.66666666666663,0.0134713523273164,0.0,0.4375,2
12511,3084.02,1,1753,190,429.0909722222222,0.0,3084.02,1753.0,0.0,0.0,0.5,2
12512,132.18,2,96,31,66.91319444444444,0.0013888888888888,66.09,48.0,0.9986130374479888,0.0,0.0,0
12513,612.29,1,462,35,113.0826388888889,0.0,612.29,462.0,0.0,0.0,0.5,2
12514,1597.76,2,840,76,267.84166666666664,374.18055555555554,798.88,420.0,0.0026653833339503,0.0,0.0,2
12515,383.7,1,131,16,353.8798611111111,0.0,383.7,131.0,0.0,0.0,0.0,0
12516,2648.62,4,1952,49,78.15069444444444,521.7909722222222,662.155,488.0,0.005738431150117,0.25,0.0,2
12517,2481.6,5,1361,232,28.948611111111116,161.95208333333332,496.32,272.2,0.0245470933428794,0.0,0.1666666666666666,2
12518,2056.89,5,1318,84,1.1090277777777775,109.87152777777776,411.378,263.6,0.0360777927405969,0.2,0.0,2
12519,716.54,2,387,34,64.14166666666667,413.0451388888889,358.27,193.5,0.0024151956056857,0.0,0.3333333333333333,2
12520,2634.26,5,1439,121,79.89375,194.15833333333333,526.8520000000001,287.8,0.0204961783167513,0.0,0.1666666666666666,2
12521,599.68,1,309,38,143.08263888888888,0.0,599.68,309.0,0.0,0.0,0.0,0
12522,192.72,2,194,11,39.888888888888886,12.034027777777778,96.36,97.0,0.076722254781821,0.0,0.0,0
12523,4352.35,23,2263,176,19.99652777777778,712.9645833333333,189.2326086956522,98.3913043478261,0.0308138533949221,0.1304347826086956,0.2333333333333333,2
12524,11126.11,17,7178,157,9.888194444444444,660.0347222222222,654.4770588235294,422.2352941176471,0.0242044774081038,0.0588235294117647,0.0555555555555555,2
12525,973.73,3,509,56,498.8625,149.08819444444444,324.57666666666665,169.66666666666666,0.0133254984337912,0.0,0.625,2
12526,1316.66,3,632,64,1.0284722222222222,93.90972222222224,438.8866666666667,210.66666666666663,0.0210726567644691,0.0,0.0,2
12527,735.51,5,526,26,82.03819444444444,447.84583333333336,147.102,105.2,0.0089117458667137,0.0,0.0,0
12528,1933.48,6,756,50,9.92361111111111,303.2326388888889,322.24666666666667,126.0,0.0164347915406475,0.0,0.25,2
12529,316.48,1,192,21,528.9861111111111,0.0,316.48,192.0,0.0,0.0,0.5,0
12530,3759.26,9,2713,94,60.01111111111111,582.9145833333333,417.6955555555556,301.44444444444446,0.0137006340111103,0.1111111111111111,0.25,2
12531,1933.2,2,1119,126,15.068055555555556,671.8715277777778,966.6,559.5,0.0014861678027937,0.0,0.3333333333333333,2
12532,349.83000000000004,1,153,16,30.960416666666667,0.0,349.83000000000004,153.0,0.0,0.0,0.0,0
12533,1367.89,2,704,63,628.0791666666667,110.9625,683.945,352.0,0.0089315619068884,0.0,0.6666666666666666,2
12534,1089.18,1,651,63,131.1,0.0,1089.18,651.0,0.0,0.0,0.0,2
12535,716.35,2,219,28,92.16805555555555,94.83402777777778,358.175,109.5,0.0104347069948768,0.0,0.0,0
12536,12601.830000000002,3,2803,260,43.9375,15.977777777777778,4200.610000000001,934.3333333333334,0.1178010471204188,0.0,0.4,2
12537,732.94,1,449,43,409.1763888888889,0.0,732.94,449.0,0.0,0.0,0.0,2
12538,640.45,2,336,33,29.815277777777776,349.1763888888889,320.225,168.0,0.0028557036731488,0.0,0.0,0
12539,11214.75,7,4535,276,22.97222222222222,694.0208333333334,1602.107142857143,647.8571428571429,0.0086328347471598,0.0,0.125,2
12540,22254.49,33,11019,354,20.054861111111112,712.7743055555555,674.3784848484848,333.90909090909093,0.0448320985372165,0.0606060606060606,0.0833333333333333,2
12541,981.18,3,680,46,30.09027777777778,251.04722222222225,327.06,226.66666666666663,0.007935020994743,0.3333333333333333,0.0,2
12542,481.88,2,522,39,484.7347222222222,156.11527777777778,240.94,261.0,0.006364753410005,0.0,0.5,0
12543,980.25,1,688,43,448.8743055555556,0.0,980.25,688.0,0.0,0.0,0.0,2
12544,372.7,1,136,19,36.857638888888886,0.0,372.7,136.0,0.0,0.0,0.5,0
12545,1000.39,2,523,42,75.96597222222222,184.06597222222223,500.195,261.5,0.0054034784892774,0.5,0.0,1
12546,1161.5,2,633,59,47.02847222222222,31.100694444444443,580.75,316.5,0.0311519740400216,0.0,0.3333333333333333,2
12547,383.58,3,309,13,198.00833333333333,302.94652777777776,127.86,103.0,0.0065801047790295,0.0,0.0,0
12548,95.2,1,49,5,166.88541666666666,0.0,95.2,49.0,0.0,1.0,0.0,1
12549,1575.68,6,1366,38,576.03125,121.98333333333332,262.61333333333334,227.66666666666663,0.0406559154356959,0.0,0.0,2
12550,964.83,1,569,57,79.92708333333333,0.0,964.83,569.0,0.0,0.0,0.0,2
12551,168.0,1,100,10,358.06041666666664,0.0,168.0,100.0,0.0,0.0,0.0,0
12552,437.82,2,88,20,39.11666666666667,0.9104166666666668,218.91,44.0,0.5234460196292258,0.0,0.0,0
12553,4608.75,12,2325,109,8.841666666666667,415.12708333333336,384.0625,193.75,0.0264342323308684,0.0833333333333333,0.2941176470588235,2
12554,468.5,1,240,26,449.01458333333335,0.0,468.5,240.0,0.0,0.0,0.0,0
12555,129.23,1,1,1,682.85,0.0,129.23,1.0,0.0,0.0,0.0,0
12556,599.56,2,355,100,50.98888888888889,100.9798611111111,299.78,177.5,0.009805857638014,0.0,0.0,0
12557,18096.14,8,6382,15,16.827083333333334,706.2638888888889,2262.0175,797.75,0.0098972959173654,0.125,0.0,2
12558,269.96,1,196,11,8.089583333333334,0.0,269.96,196.0,0.0,0.0,0.5,0
12559,561.71,2,283,21,311.12569444444443,8.984027777777778,280.855,141.5,0.1001599777422271,0.0,0.3333333333333333,0
12560,2134.01,3,1110,91,5.955555555555556,137.91597222222222,711.3366666666667,370.0,0.0143971925474532,0.3333333333333333,0.25,2
12561,238.85,1,177,16,303.0493055555556,0.0,238.85,177.0,0.0,0.0,0.0,0
12562,4966.92,9,2327,113,8.8125,427.1715277777778,551.88,258.55555555555554,0.0186841008357567,0.0,0.0,2
12563,249.24,1,113,13,409.12361111111113,0.0,249.24,113.0,0.0,0.0,0.0,0
12564,456.9,1,133,21,261.91319444444446,0.0,456.9,133.0,0.0,0.0,0.0,0
12565,145.92,1,80,9,289.09444444444443,0.0,145.92,80.0,0.0,0.0,0.5,0
12566,351.65,1,265,19,86.93055555555556,0.0,351.65,265.0,0.0,0.0,0.5,0
12567,11767.48,15,5308,365,23.075,644.0222222222222,784.4986666666666,353.8666666666667,0.021704678564046,0.2,0.1176470588235294,2
12568,70.0,1,48,5,645.1493055555555,0.0,70.0,48.0,0.0,0.0,0.0,0
12569,4124.69,32,1801,92,2.8513888888888888,250.10902777777775,128.8965625,56.28125,0.1234523516511475,0.0625,0.0857142857142857,2
12570,77.52,1,1,1,682.8069444444444,0.0,77.52,1.0,0.0,0.0,0.0,0
12571,519.61,2,523,31,40.10486111111111,81.90555555555555,259.805,261.5,0.0120619178449373,0.0,0.0,0
12572,1020.42,2,452,53,9.145833333333334,43.04166666666666,510.21,226.0,0.0227057710501419,0.0,0.3333333333333333,2
12573,717.41,5,479,107,227.8736111111111,237.93541666666667,143.482,95.8,0.0167409254592855,0.2,0.0,0
12574,218.45,1,61,11,316.1458333333333,0.0,218.45,61.0,0.0,0.0,0.0,0
12575,622.8199999999999,2,315,34,457.9868055555556,69.1625,311.41,157.5,0.0142526278282558,0.0,0.0,0
12576,2142.72,8,1494,114,36.110416666666666,490.85069444444446,267.84,186.75,0.0142319612009629,0.0,0.2727272727272727,2
12577,1617.1,8,1191,259,35.97638888888889,700.7451388888888,202.1375,148.875,0.0099751314431382,0.0,0.1111111111111111,2
12578,4642.45,4,2380,149,21.97222222222222,422.0909722222222,1160.6125,595.0,0.0070906736304084,0.0,0.4285714285714285,2
12579,440.42,1,285,29,78.81597222222223,0.0,440.42,285.0,0.0,0.0,0.6666666666666666,0
12580,1052.9,2,569,52,247.1013888888889,329.94375,526.45,284.5,0.0030216615361371,0.0,0.0,2
12581,197.71,1,161,15,40.1625,0.0,197.71,161.0,0.0,0.0,0.0,0
12582,1980.4,4,985,88,239.17013888888889,338.9513888888889,495.1,246.25,0.0088247911261822,0.0,0.0,2
12583,13591.58,27,8535,141,3.196527777777778,730.8402777777778,503.3918518518519,316.1111111111111,0.0355268776391327,0.1481481481481481,0.1290322580645161,2
12584,2338.15,9,416,44,4.135416666666667,276.7638888888889,259.7944444444445,46.22222222222222,0.0288014400720036,0.1111111111111111,0.5,2
12585,2040.1,2,1279,77,234.96597222222223,117.02847222222222,1020.05,639.5,0.0084725319337965,0.0,0.5,2
12586,2062.67,4,687,82,17.851388888888888,706.13125,515.6675,171.75,0.0042424938793187,0.0,0.2,2
12587,144.0,1,51,4,8.002083333333333,0.0,144.0,51.0,0.0,0.0,0.0,0
12588,958.78,4,438,31,39.90902777777778,558.1104166666667,239.695,109.5,0.0053656664418551,0.0,0.2,0
12589,4695.66,8,1764,121,29.104861111111116,660.9118055555556,586.9575,220.5,0.010575427030078,0.0,0.2727272727272727,2
12590,9864.26,2,4283,68,211.9152777777778,0.0041666666666666,4932.13,2141.5,0.995850622406639,0.0,0.6,2
12591,1338.95,3,653,63,317.9270833333333,91.16180555555556,446.31666666666666,217.66666666666663,0.0217009637337713,0.3333333333333333,0.0,2
12592,2582.66,5,1875,42,92.90694444444443,427.04027777777776,516.5319999999999,375.0,0.009344914971008,0.0,0.375,2
12593,418.1,3,206,14,109.00486111111113,110.13472222222222,139.36666666666665,68.66666666666667,0.0179961758126398,0.0,0.0,0
12594,5090.110000000001,15,2768,78,38.020833333333336,608.9368055555556,339.3406666666667,184.53333333333333,0.0229531975648661,0.0,0.1176470588235294,2
12595,299.02,1,271,19,505.15277777777777,0.0,299.02,271.0,0.0,0.0,0.0,0
12596,618.27,2,474,25,51.99166666666667,190.98611111111111,309.135,237.0,0.0052087101208131,0.0,0.0,0
12597,3811.22,4,2236,184,19.97013888888889,248.98125,952.805,559.0,0.012000900067505,0.5,0.2,2
12598,4534.09,11,2906,130,10.022222222222222,639.0972222222222,412.19,264.1818181818182,0.0156226267711068,0.0909090909090909,0.2666666666666666,2
12599,2296.72,13,2189,47,29.969444444444445,548.1194444444444,176.67076923076922,168.3846153846154,0.0218531689624297,0.2307692307692307,0.0,2
12600,4967.42,21,1383,53,29.097916666666663,703.8694444444444,236.54380952380956,65.85714285714286,0.0283740487797188,0.1904761904761904,0.1923076923076923,2
12601,681.26,6,290,24,190.10625,214.97222222222223,113.54333333333334,48.333333333333336,0.0231511254019292,0.1666666666666666,0.1428571428571428,0
12602,153.12,1,162,12,59.06111111111111,0.0,153.12,162.0,0.0,0.0,0.0,0
12603,739.1999999999999,1,63,2,22.08888888888889,0.0,739.1999999999999,63.0,0.0,0.0,0.0,0
12604,254.18,2,201,15,79.94583333333334,182.0847222222222,127.09,100.5,0.0054619521927462,0.0,0.0,0
12605,1232.95,4,929,63,376.93888888888887,81.99791666666667,308.2375,232.25,0.0361454855794573,0.25,0.2,2
12606,21.0,1,1,1,682.8520833333333,0.0,21.0,1.0,0.0,0.0,0.0,0
12607,1579.51,1,1228,101,60.86388888888889,0.0,1579.51,1228.0,0.0,0.0,0.5,2
12608,415.79,1,323,16,405.0840277777778,0.0,415.79,323.0,0.0,1.0,0.0,1
12609,3435.86,9,1553,129,78.84444444444445,641.1277777777777,381.7622222222223,172.55555555555554,0.0124585795488956,0.1111111111111111,0.1,2
12610,2099.54,5,1049,85,23.136111111111116,103.82083333333334,419.908,209.8,0.038160352983265,0.0,0.2857142857142857,2
12611,1193.32,1,846,65,52.984722222222224,0.0,1193.32,846.0,0.0,0.0,0.0,2
12612,704.0400000000001,1,262,19,74.88541666666667,0.0,704.0400000000001,262.0,0.0,0.0,0.5,2
12613,6817.37,10,4157,218,57.91041666666667,668.0756944444445,681.737,415.7,0.0134513928315285,0.0,0.2307692307692307,2
12614,315.6,1,76,20,278.10277777777776,0.0,315.6,76.0,0.0,0.0,0.0,0
12615,5740.98,8,3317,198,2.908333333333333,629.0368055555556,717.6225,414.625,0.0111104620210679,0.0,0.2727272727272727,2
12616,1131.1,3,498,32,95.89791666666666,293.15208333333334,377.0333333333333,166.0,0.0067992039265402,0.0,0.5714285714285714,2
12617,352.98,1,210,39,29.92430555555556,0.0,352.98,210.0,0.0,0.0,0.0,0
12618,177.31,1,96,11,22.069444444444443,0.0,177.31,96.0,0.0,0.0,0.0,0
12619,3781.38,10,3518,55,16.915277777777778,544.0833333333334,378.138,351.8,0.0165112368139428,0.1,0.2857142857142857,2
12620,1339.41,3,1181,89,15.104166666666666,189.92361111111111,446.47,393.6666666666667,0.0104753937365874,0.0,0.0,2
12621,24311.2,35,13706,344,2.0590277777777777,666.975,694.6057142857143,391.6,0.0509001085369961,0.0857142857142857,0.2045454545454545,2
12622,180.1,1,69,11,232.84097222222223,0.0,180.1,69.0,0.0,0.0,0.0,0
12623,3747.84,7,1971,112,276.9583333333333,420.08680555555554,535.4057142857143,281.57142857142856,0.0142488435183429,0.1428571428571428,0.2222222222222222,2
12624,641.13,2,355,36,106.90694444444443,71.10416666666667,320.565,177.5,0.013868824039295,0.0,0.0,0
12625,5164.88,4,3309,144,212.12222222222223,384.93125,1291.22,827.25,0.0077734052373317,0.25,0.2,2
12626,6620.48,9,3453,232,23.863888888888887,303.21180555555554,735.6088888888888,383.6666666666667,0.0262974672708388,0.0,0.3076923076923077,2
12627,4478.53,7,2752,162,11.029861111111112,129.92222222222222,639.79,393.1428571428572,0.0458287363150301,0.1428571428571428,0.0,2
12628,786.46,3,448,34,4.982638888888889,60.15763888888889,262.15333333333336,149.33333333333334,0.0327023743286361,0.3333333333333333,0.25,2
12629,1558.22,2,722,40,386.14722222222224,37.69305555555555,779.11,361.0,0.0258444308840949,0.0,0.0,2
12630,1270.88,2,548,60,10.084722222222222,34.00486111111111,635.44,274.0,0.0285674608685301,0.0,0.0,2
12631,3481.57,6,1607,131,57.95625,635.9604166666667,580.2616666666667,267.8333333333333,0.0078497813508819,0.1666666666666666,0.1428571428571428,2
12632,804.88,2,694,32,521.1326388888889,44.02222222222223,402.44,347.0,0.0222112537018756,0.0,0.5,2
12633,5678.16,7,3238,220,59.04861111111112,466.9972222222222,811.1657142857142,462.57142857142856,0.012820588916126,0.0,0.3,2
12634,490.0,2,337,20,536.1145833333334,12.766666666666667,245.0,168.5,0.072639225181598,0.0,0.0,0
12635,2930.41,4,1949,159,90.0736111111111,367.0097222222222,732.6025,487.25,0.0081519585457811,0.25,0.0,2
12636,141.0,1,1,1,739.1215277777778,0.0,141.0,1.0,0.0,0.0,0.0,0
12637,8283.81,12,4257,295,67.96111111111111,476.00694444444446,690.3175,354.75,0.0230604609180509,0.0,0.1428571428571428,2
12638,921.49,2,663,47,33.985416666666666,606.1118055555555,460.745,331.5,0.0016471430646698,0.5,0.0,1
12639,1312.37,3,631,58,239.0013888888889,389.15486111111113,437.45666666666665,210.33333333333331,0.0051261696299368,0.0,0.0,2
12640,1174.58,3,311,47,24.040277777777774,57.99375,391.5266666666666,103.66666666666669,0.0339018963873291,0.0,0.0,2
12641,185.9,1,72,10,115.975,0.0,185.9,72.0,0.0,0.0,0.0,0
12642,1013.26,3,552,39,25.90763888888889,82.23611111111111,337.75333333333333,184.0,0.0240280327048222,0.0,0.0,2
12643,8304.82,12,4665,14,128.99583333333334,482.94444444444446,692.0683333333333,388.75,0.0227298817586959,0.0,0.1428571428571428,2
12644,1918.49,4,1032,106,130.0951388888889,564.8965277777778,479.6225,258.0,0.0053013225081636,0.25,0.3333333333333333,2
12645,3539.3,8,2125,111,34.00833333333333,635.0756944444445,442.4125,265.625,0.0110049795348867,0.125,0.2,2
12646,1346.97,2,897,43,5.108333333333333,44.890277777777776,673.485,448.5,0.0217911080173118,0.0,0.0,2
12647,16955.55,36,6633,240,22.995833333333334,672.9097222222222,470.9875,184.25,0.0519357398266747,0.1111111111111111,0.2,2
12648,1112.0,4,518,38,155.03819444444446,546.7201388888889,278.0,129.5,0.0054772497613212,0.0,0.2,2
12649,2294.65,8,1959,94,107.92291666666668,588.8868055555556,286.83125,244.875,0.0118666834621048,0.0,0.2,2
12650,314.44,1,254,20,3.844444444444445,0.0,314.44,254.0,0.0,0.0,0.0,0
12651,377.75,4,265,30,335.0027777777778,130.89236111111111,94.4375,66.25,0.0227458207187047,0.25,0.2,0
12652,1017.03,2,536,51,331.90972222222223,102.9888888888889,508.515,268.0,0.0096164120098301,0.0,0.3333333333333333,2
12653,4160.83,3,1681,76,149.08958333333334,378.03125,1386.9433333333334,560.3333333333334,0.0052766097782174,0.0,0.0,2
12654,601.98,5,264,31,11.11111111111111,284.87083333333334,120.396,52.8,0.0139923333673424,0.0,0.0,0
12655,261.35,1,80,16,424.1479166666667,0.0,261.35,80.0,0.0,0.0,0.0,0
12656,6407.83,8,2860,174,17.96388888888889,545.1958333333333,800.97875,357.5,0.0128159161472914,0.125,0.3333333333333333,2
12657,1643.18,4,1044,35,11.877083333333331,67.17152777777778,410.795,261.0,0.0440066417431519,0.0,0.2,2
12658,686.05,1,320,36,19.102777777777774,0.0,686.05,320.0,0.0,0.0,0.0,2
12659,91.68,1,105,5,30.039583333333333,0.0,91.68,105.0,0.0,0.0,0.0,0
12660,245.1,1,127,13,11.975,0.0,245.1,127.0,0.0,0.0,0.0,0
12661,162.0,1,216,11,436.8361111111111,0.0,162.0,216.0,0.0,0.0,0.0,0
12662,6726.54,20,3424,163,1.0354166666666669,617.0895833333333,336.327,171.2,0.0307398806133145,0.1,0.0909090909090909,2
12663,239.4,2,181,9,625.1319444444445,43.8,119.7,90.5,0.0223214285714285,0.0,0.3333333333333333,0
12664,6070.04,11,1495,10,8.821527777777778,718.2770833333333,551.8218181818182,135.9090909090909,0.0139028480563528,0.0909090909090909,0.0833333333333333,2
12665,313.6,3,165,13,325.1777777777778,344.7243055555556,104.53333333333336,55.0,0.0057849563014846,0.0,0.4,0
12666,1248.42,1,370,31,394.84027777777777,0.0,1248.42,370.0,0.0,0.0,0.5,2
12667,620.13,1,395,33,58.826388888888886,0.0,620.13,395.0,0.0,0.0,0.0,2
12668,11383.03,10,5049,263,12.079166666666667,665.7993055555555,1138.303,504.9,0.0134973145967833,0.3,0.1666666666666666,2
12669,2744.03,3,1115,98,151.12222222222223,105.98541666666668,914.6766666666666,371.6666666666667,0.0186941366619282,0.0,0.25,2
12670,3760.29,7,1627,71,10.89375,656.2152777777778,537.1842857142857,232.42857142857144,0.0091294286710552,0.0,0.125,2
12671,2622.481,1,1460,45,606.8472222222222,0.0,2622.481,1460.0,0.0,0.0,0.0,2
12672,437.05,2,138,22,330.1458333333333,265.9743055555556,218.525,69.0,0.003745678813244,0.0,0.3333333333333333,0
12673,1230.02,3,700,68,5.954861111111111,396.13125,410.00666666666666,233.33333333333331,0.0050361184117341,0.3333333333333333,0.0,2
12674,1970.6,4,1133,52,39.02638888888889,169.1263888888889,492.65,283.25,0.017633948616633,0.0,0.4285714285714285,2
12675,957.25,2,336,111,554.1256944444444,24.71180555555556,478.625,168.0,0.0388926401080351,0.0,0.5,2
12676,2843.09,11,1867,67,25.01736111111111,458.9555555555556,258.4627272727273,169.72727272727272,0.0217412310368151,0.0909090909090909,0.0833333333333333,2
12677,395.1,2,176,13,555.9305555555555,111.02430555555556,197.55,88.0,0.0089266342249635,0.0,0.3333333333333333,0
12678,34281.18,21,22372,199,42.99027777777778,658.8458333333333,1632.4371428571428,1065.3333333333333,0.0303101103161723,0.0476190476190476,0.0869565217391304,2
12679,1113.02,4,554,43,59.013888888888886,225.00277777777777,278.255,138.5,0.0132741731296321,0.0,0.5555555555555556,2
12680,880.81,4,444,33,1.0,112.87916666666666,220.2025,111.0,0.0263437122681204,0.25,0.0,2
12681,29834.76,45,17011,459,15.053472222222222,711.9180555555556,662.9946666666666,378.02222222222224,0.0617181731576599,0.1111111111111111,0.1964285714285714,2
12682,22950.22,52,10522,327,4.118055555555555,735.0222222222222,441.3503846153847,202.34615384615384,0.0692913861296458,0.0384615384615384,0.0188679245283018,2
12683,11633.7,21,7019,236,4.846527777777778,722.0625,553.9857142857143,334.23809523809524,0.0276601261993257,0.0952380952380952,0.2222222222222222,2
12684,2283.63,7,1985,61,8.122916666666667,205.8736111111111,326.23285714285714,283.57142857142856,0.0290032158658332,0.0,0.0,2
12685,2863.08,6,1523,117,28.961111111111112,65.1375,477.18,253.83333333333331,0.0756000756000756,0.1666666666666666,0.0,2
12686,89.14,1,107,7,372.1243055555556,0.0,89.14,107.0,0.0,0.0,0.0,0
12687,2138.91,2,1403,126,481.0263888888889,0.0013888888888888,1069.455,701.5,0.9986130374479888,0.0,0.0,2
12688,4873.81,1,3028,171,114.1673611111111,0.0,4873.81,3028.0,0.0,0.0,0.0,2
12689,1247.61,2,628,57,26.179861111111112,101.93541666666668,623.805,314.0,0.0097148292821145,0.0,0.0,2
12690,389.01,1,106,16,206.15347222222223,0.0,389.01,106.0,0.0,0.0,0.0,0
12691,1170.4,7,445,24,28.834027777777777,392.2006944444444,167.20000000000002,63.57142857142857,0.0152593830193444,0.1428571428571428,0.0,0
12692,110.95,1,36,13,637.95,0.0,110.95,36.0,0.0,0.0,0.0,0
12693,1703.02,7,536,63,127.79097222222222,395.16319444444446,243.28857142857143,76.57142857142857,0.0151452736754459,0.1428571428571428,0.3636363636363636,2
12694,1843.35,3,1355,69,70.9888888888889,350.7270833333333,614.4499999999999,451.6666666666667,0.0056862268922993,0.0,0.25,2
12695,1407.12,7,454,46,7.977777777777778,658.0,201.0171428571429,64.85714285714286,0.0091047040971168,0.0,0.0,0
12696,851.91,2,564,43,435.08819444444447,74.02847222222222,425.955,282.0,0.0133282735257911,0.0,0.3333333333333333,2
12697,957.59,3,508,37,29.16875,140.71041666666667,319.19666666666666,169.33333333333334,0.0141132885432439,0.3333333333333333,0.4,2
12698,339.75,1,111,16,590.8743055555556,0.0,339.75,111.0,0.0,0.0,0.0,0
12699,638.11,1,373,41,418.02986111111113,0.0,638.11,373.0,0.0,0.0,0.0,0
12700,4939.99,4,2967,193,8.085416666666667,207.77569444444444,1234.9975,741.75,0.0143694887854788,0.25,0.3333333333333333,2
12701,2446.41,6,1727,118,80.08541666666666,553.8916666666667,407.735,287.8333333333333,0.0090107678676017,0.0,0.0,2
12702,219.0,1,53,12,20.093055555555555,0.0,219.0,53.0,0.0,1.0,0.0,1
12703,1006.53,4,595,56,71.79027777777777,613.2409722222222,251.6325,148.75,0.0048840766664367,0.25,0.4285714285714285,2
12704,2340.84,8,1006,64,7.982638888888889,162.12152777777777,292.605,125.75,0.0429127908214308,0.0,0.2,2
12705,11762.1,14,7188,320,15.98125,518.1430555555555,840.15,513.4285714285714,0.0250412672593456,0.2142857142857142,0.3636363636363636,2
12707,603.42,1,256,33,292.175,0.0,603.42,256.0,0.0,0.0,0.0,0
12708,5117.66,18,2432,130,30.12361111111111,691.9770833333333,284.31444444444446,135.11111111111111,0.0245318357689798,0.1111111111111111,0.4,2
12709,30291.76,34,13772,189,15.883333333333333,715.0756944444445,890.9341176470588,405.05882352941177,0.0460845134893211,0.0588235294117647,0.3818181818181818,2
12710,1149.02,3,851,75,97.03472222222224,104.91319444444444,383.00666666666666,283.6666666666667,0.018883388519162,0.6666666666666666,0.25,1
12711,1339.05,2,770,56,612.0354166666667,65.0201388888889,669.525,385.0,0.0151468933090702,0.0,0.0,2
12712,6723.03,21,2205,126,29.188194444444445,701.8979166666667,320.14428571428573,105.0,0.0284536339143604,0.0,0.25,2
12713,848.55,1,508,38,1.023611111111111,0.0,848.55,508.0,0.0,0.0,0.0,2
12714,14093.71,12,8774,436,9.879861111111111,726.2381944444444,1174.4758333333332,731.1666666666666,0.0151257182090156,0.0,0.0,2
12715,343.36,1,192,20,106.89444444444445,0.0,343.36,192.0,0.0,0.0,0.0,0
12716,1053.49,2,708,60,4.163194444444445,129.81041666666667,526.745,354.0,0.0076446511331602,0.0,0.0,2
12717,1308.91,3,600,60,151.91875,439.00902777777776,436.3033333333333,200.0,0.0045453612852009,0.0,0.25,2
12718,238.25,1,203,19,71.84166666666667,0.0,238.25,203.0,0.0,0.0,0.0,0
12719,644.95,2,374,34,5.961805555555555,59.95486111111112,322.475,187.0,0.0164055824551409,0.5,0.3333333333333333,1
12720,7787.28,30,6018,262,3.199305555555556,503.92847222222224,259.576,200.6,0.0574338774606414,0.1,0.2682926829268293,2
12721,4013.08,8,2655,183,32.02569444444445,440.04583333333335,501.635,331.875,0.0158713663545927,0.0,0.2,2
12722,997.63,4,566,50,85.91666666666667,65.12152777777777,249.4075,141.5,0.0453710024680985,0.25,0.3333333333333333,2
12723,725.07,5,434,53,4.104861111111111,61.76875,145.014,86.8,0.0637259782933386,0.0,0.0,0
12724,2317.52,7,1379,94,5.866666666666666,530.0847222222222,331.07428571428574,197.0,0.0112976324660482,0.4285714285714285,0.0,2
12725,2266.76,4,1142,92,371.87847222222223,213.07361111111112,566.69,285.5,0.0140138711372645,0.0,0.0,2
12726,4014.6,11,4618,63,28.96875,595.8819444444445,364.96363636363634,419.8181818181818,0.016753731777408,0.0909090909090909,0.0,2
12727,5679.53,10,2832,132,11.044444444444444,644.0777777777778,567.953,283.2,0.0139518059837745,0.2,0.1666666666666666,2
12728,1070.17,5,543,48,71.88819444444445,312.1645833333333,214.034,108.6,0.0127728364345159,0.4,0.0,1
12729,453.01,1,233,26,114.04861111111111,0.0,453.01,233.0,0.0,0.0,0.0,0
12730,829.25,1,234,47,522.0215277777778,0.0,829.25,234.0,0.0,0.0,0.0,0
12731,25775.71,17,11641,137,24.035416666666663,624.1083333333333,1516.2182352941177,684.7647058823529,0.0255955634356711,0.0588235294117647,0.1052631578947368,2
12732,236.26,1,111,12,180.0534722222222,0.0,236.26,111.0,0.0,0.0,0.0,0
12733,2424.87,4,896,117,234.85486111111112,455.1222222222222,606.2175,224.0,0.0065771844778446,0.0,0.3333333333333333,2
12734,639.65,3,265,17,353.00208333333336,39.97291666666667,213.21666666666667,88.33333333333333,0.0488127319875934,0.0,0.0,0
12735,779.5699999999999,2,368,38,315.9673611111112,21.965972222222224,389.785,184.0,0.0435426808986725,0.0,0.0,0
12736,234.0,1,173,4,333.2034722222222,0.0,234.0,173.0,0.0,0.0,0.0,0
12737,3710.5,2,2,2,499.01458333333335,0.0013888888888888,1855.25,1.0,0.9986130374479888,0.0,0.0,0
12738,155.35,1,148,11,372.7659722222222,0.0,155.35,148.0,0.0,0.0,0.0,0
12739,2726.73,4,951,85,78.99305555555556,315.93958333333336,681.6825,237.75,0.0094655264213079,0.0,0.0,2
12740,427.6,1,342,27,64.0875,0.0,427.6,342.0,0.0,0.0,0.0,0
12741,406.07,2,214,16,529.9263888888889,3.925,203.035,107.0,0.2030456852791878,0.0,0.0,0
12742,1201.52,1,1359,67,626.0048611111112,0.0,1201.52,1359.0,0.0,0.0,0.5,2
12743,540.13,2,315,114,134.85347222222222,0.0104166666666666,270.065,157.5,0.9896907216494844,0.0,0.0,2
12744,25317.06,11,6994,245,52.06388888888889,539.7909722222222,2301.550909090909,635.8181818181819,0.0184914329447992,0.0,0.2142857142857142,2
12745,925.41,3,468,21,487.10833333333335,195.74444444444444,308.47,156.0,0.0101654712825436,0.0,0.0,0
12746,254.55,1,97,17,541.0895833333333,0.0,254.55,97.0,0.0,0.0,0.6666666666666666,0
12747,8898.48,26,2640,85,2.9277777777777776,730.0493055555555,342.24923076923073,101.53846153846152,0.0341974198046757,0.1153846153846153,0.1875,2
12748,53539.64,336,37109,2286,1.0208333333333333,734.7840277777777,159.34416666666667,110.44345238095238,0.4552966459624984,0.1458333333333333,0.0769230769230769,2
12749,6897.36,9,2360,260,4.120833333333334,517.7854166666667,766.3733333333333,262.22222222222223,0.015420633932623,0.1111111111111111,0.4375,2
12750,275.88,1,137,15,129.15069444444444,0.0,275.88,137.0,0.0,0.0,0.0,0
12751,268.27,1,189,61,445.0006944444444,0.0,268.27,189.0,0.0,0.0,0.0,0
12752,4366.78,1,2262,53,81.97083333333333,0.0,4366.78,2262.0,0.0,0.0,0.0,2
12753,21429.39,6,11421,132,23.08194444444445,339.9638888888889,3571.565,1903.5,0.0146643095146928,0.1666666666666666,0.4545454545454545,2
12754,3010.74,3,6481,49,236.15972222222223,72.93680555555555,1003.58,2160.333333333333,0.0270501272670918,0.0,0.4,2
12755,5236.259999999999,11,2293,34,281.0055555555556,413.03125,476.0236363636363,208.45454545454547,0.0241527662465091,0.0,0.5,2
12756,112.07999999999998,1,144,4,87.13819444444445,0.0,112.07999999999998,144.0,0.0,0.0,0.0,0
12757,7834.650000000001,13,2395,237,16.01388888888889,195.72847222222225,602.6653846153847,184.23076923076923,0.0609977796525809,0.0,0.3157894736842105,2
12758,9903.24,7,6155,187,117.10277777777776,621.8208333333333,1414.7485714285715,879.2857142857143,0.0096335891140443,0.0,0.125,2
12759,5020.74,8,3202,206,52.91736111111111,683.1680555555556,627.5925,400.25,0.0102314043211442,0.0,0.0,2
12760,347.8,1,198,21,456.1666666666667,0.0,347.8,198.0,0.0,0.0,0.0,0
12761,782.95,2,281,27,458.0229166666667,7.0625,391.475,140.5,0.1240310077519379,0.0,0.0,0
12762,1898.52,2,1227,62,8.102083333333333,17.833333333333332,949.26,613.5,0.0530973451327433,0.0,0.0,2
12763,494.08,2,316,16,138.94305555555556,230.93472222222223,247.04,158.0,0.0043115579694957,1.0,0.0,1
12764,1693.88,1,386,45,317.1048611111111,0.0,1693.88,386.0,0.0,0.0,0.0,2
12765,1404.58,6,1009,49,472.9576388888889,169.17222222222222,234.09666666666664,168.16666666666666,0.02938199862884,0.1666666666666666,0.0,2
12766,8918.99,9,5022,253,4.169444444444444,403.97013888888887,990.9988888888888,558.0,0.0197545429446958,0.1111111111111111,0.1818181818181818,2
12767,949.82,1,598,43,376.1333333333333,0.0,949.82,598.0,0.0,0.0,0.0,2
12768,168.69000000000003,1,102,10,451.0291666666666,0.0,168.69000000000003,102.0,0.0,0.0,0.5,0
12769,1143.6,1,356,32,239.10069444444449,0.0,1143.6,356.0,0.0,0.0,0.0,2
12770,3246.45,2,1843,19,211.13680555555555,245.90972222222223,1623.225,921.5,0.0040500632822387,0.0,0.7142857142857143,2
12771,282.3,1,104,15,486.0409722222222,0.0,282.3,104.0,0.0,0.0,0.5,0
12772,892.47,1,556,55,60.14652777777778,0.0,892.47,556.0,0.0,0.0,0.0,2
12773,124.25,1,109,6,564.8055555555555,0.0,124.25,109.0,0.0,0.0,0.5,0
12774,98.7,1,53,6,536.0916666666667,0.0,98.7,53.0,0.0,0.0,0.0,0
12775,1686.12,7,1083,55,17.84513888888889,392.0895833333333,240.8742857142857,154.71428571428572,0.0152636962524445,0.0,0.125,2
12776,55.5,1,46,4,668.0270833333333,0.0,55.5,46.0,0.0,0.0,0.0,0
12777,519.45,1,458,26,458.0520833333333,0.0,519.45,458.0,0.0,0.0,0.0,0
12778,1775.68,9,1735,77,20.05555555555556,583.0645833333333,197.29777777777775,192.77777777777777,0.0136971154017642,0.1111111111111111,0.1,2
12779,6474.11,14,3501,142,38.046527777777776,699.1791666666667,462.43642857142856,250.07142857142856,0.0185666763864011,0.0,0.3333333333333333,2
12780,337.4,1,285,20,599.1319444444445,0.0,337.4,285.0,0.0,0.0,0.0,0
12781,826.74,2,671,25,64.09236111111112,221.07916666666668,413.37,335.5,0.0045028987410645,0.0,0.6,2
12782,4618.24,11,2017,142,5.148611111111111,514.8229166666666,419.84,183.3636363636364,0.0193864981118358,0.0,0.2142857142857142,2
12783,2225.91,6,624,76,2.870833333333333,73.01458333333333,370.985,104.0,0.0675542545106538,0.1666666666666666,0.25,2
12784,1763.15,3,862,121,9.883333333333333,520.1055555555556,587.7166666666667,287.3333333333333,0.0038379940084649,0.0,0.0,2
12785,1100.4,3,453,42,364.95972222222224,366.99444444444447,366.8,151.0,0.0054348646567731,0.0,0.4,2
12786,728.5,1,324,18,610.0263888888888,0.0,728.5,324.0,0.0,0.0,0.0,0
12787,862.18,4,510,30,10.170833333333333,403.74097222222224,215.545,127.5,0.0074121480302045,0.0,0.2,0
12788,444.9,4,194,20,463.9368055555556,65.05277777777778,111.225,48.5,0.0454182261659447,0.25,0.0,0
12789,273.35,3,36,5,65.96944444444445,628.0611111111111,91.11666666666667,12.0,0.003179341346451,0.0,0.0,0
12790,591.85,2,306,36,192.94166666666663,218.04861111111111,295.925,153.0,0.0045651967155945,0.0,0.3333333333333333,0
12791,863.51,6,353,17,374.0576388888889,250.7486111111111,143.91833333333332,58.833333333333336,0.0198610827600284,0.1666666666666666,0.25,0
12792,827.01,2,394,39,257.0513888888889,278.03263888888887,413.505,197.0,0.0035838101377029,0.0,0.3333333333333333,2
12793,885.53,3,461,34,335.0263888888889,66.96319444444444,295.1766666666667,153.66666666666666,0.0294276926849704,0.3333333333333333,0.0,2
12794,860.41,2,592,43,53.91388888888889,45.12013888888889,430.205,296.0,0.0216825019198048,0.0,0.0,2
12795,430.48,1,68,14,19.09930555555556,0.0,430.48,68.0,0.0,0.0,0.0,0
12796,381.0,1,182,7,628.8756944444444,0.0,381.0,182.0,0.0,1.0,0.0,1
12797,552.08,2,215,27,366.0798611111111,58.918055555555554,276.04,107.5,0.016689460142324,0.0,0.6666666666666666,0
12798,8510.93,4,8455,27,10.873611111111112,411.1423611111111,2127.7325,2113.75,0.0072790382233754,0.0,0.0,2
12799,219.35,1,137,15,529.8701388888888,0.0,219.35,137.0,0.0,0.0,0.0,0
12800,584.25,3,284,31,470.94375,206.13125,194.75,94.66666666666669,0.0096557134667028,0.0,0.0,0
12801,1071.82,1,505,50,501.1333333333333,0.0,1071.82,505.0,0.0,0.0,0.5,2
12802,2416.42,7,1972,108,187.13472222222225,377.00138888888887,345.2028571428572,281.7142857142857,0.0158729575508614,0.0,0.2222222222222222,2
12803,1092.81,1,872,55,393.91180555555553,0.0,1092.81,872.0,0.0,0.0,0.0,2
12804,325.37,2,270,60,466.0361111111111,34.920833333333334,162.685,135.0,0.0278389977960793,0.0,0.0,0
12805,1434.95,4,593,44,382.0159722222222,293.1395833333333,358.7375,148.25,0.010199239306735,0.25,0.0,2
12806,2878.96,4,2087,58,435.9694444444444,153.11805555555554,719.74,521.75,0.0194655972603974,0.25,0.0,2
12807,330.35,1,145,16,383.9368055555556,0.0,330.35,145.0,0.0,1.0,0.6666666666666666,1
12808,776.7,5,322,46,37.114583333333336,425.9868055555556,155.34,64.4,0.009367970972301,0.0,0.0,0
12809,1755.94,3,518,75,178.08263888888888,469.8555555555556,585.3133333333334,172.66666666666666,0.0042475871345305,0.3333333333333333,0.625,2
12810,534.99,2,389,32,535.08125,142.04236111111112,267.495,194.5,0.0069909360572091,0.0,0.0,0
12811,1033.9,5,435,47,261.1305555555556,166.89027777777778,206.78000000000003,87.0,0.0238250841736914,0.0,0.0,0
12812,229.64,1,164,15,45.12222222222222,0.0,229.64,164.0,0.0,0.0,0.0,0
12813,1687.8,3,1141,37,502.125,191.70694444444445,562.6,380.3333333333333,0.0103784531780409,0.0,0.0,2
12814,125.92,1,49,2,102.02708333333334,0.0,125.92,49.0,0.0,0.0,0.0,0
12815,1063.46,2,379,38,148.10347222222222,50.86597222222223,531.73,189.5,0.0192804638022681,0.0,0.0,2
12816,572.2,2,128,27,96.00625,80.97013888888888,286.1,64.0,0.0121995645433211,0.0,0.0,0
12817,690.98,3,219,16,281.8486111111111,153.31319444444443,230.32666666666668,73.0,0.0129606545130529,0.0,0.0,0
12818,1542.08,1,929,14,262.0305555555556,0.0,1542.08,929.0,0.0,0.0,0.5,2
12819,540.52,1,344,19,458.8958333333333,0.0,540.52,344.0,0.0,0.0,0.0,0
12820,2689.52,11,1964,131,3.901388888888889,731.0659722222222,244.50181818181815,178.54545454545453,0.0136599710674223,0.1818181818181818,0.1538461538461538,2
12821,220.8,2,162,13,214.8743055555556,397.02569444444447,110.4,81.0,0.002512400616236,0.0,0.0,0
12822,948.88,2,550,41,71.11527777777778,16.845833333333335,474.44,275.0,0.0560354891431239,0.0,0.3333333333333333,2
12823,6501.5,18,930,1,75.21875,604.7798611111111,361.19444444444446,51.66666666666666,0.0280629995999188,0.0,0.0,2
12824,397.12,1,232,25,60.00069444444444,0.0,397.12,232.0,0.0,0.0,0.0,0
12825,518.63,2,139,20,521.9541666666667,120.15208333333334,259.315,69.5,0.0082540883531374,0.0,0.0,0
12826,2800.75,12,1915,93,3.1006944444444446,718.9875,233.39583333333331,159.58333333333334,0.0152780430215802,0.0833333333333333,0.2,2
12827,430.15,3,197,19,6.022916666666666,38.85625,143.38333333333335,65.66666666666667,0.0501803355809942,0.3333333333333333,0.0,0
12828,1018.71,6,494,46,3.170138888888889,127.68680555555557,169.785,82.33333333333333,0.0388540222007565,0.0,0.0,0
12829,385.3,3,550,17,337.0673611111111,213.8395833333333,128.43333333333334,183.33333333333331,0.0093092714525372,0.0,0.25,0
12830,6814.64,6,9848,13,38.03888888888889,134.04236111111112,1135.7733333333333,1641.3333333333333,0.0370254189786126,0.0,0.1428571428571428,2
12831,451.11,3,303,16,262.9916666666667,200.87777777777777,150.37,101.0,0.0099069844240189,0.0,0.0,0
12832,383.03,2,195,27,32.97222222222222,65.9875,191.515,97.5,0.0149281582384773,0.0,0.0,0
12833,417.38,1,156,24,145.9611111111111,0.0,417.38,156.0,0.0,1.0,0.0,1
12834,312.38,1,110,18,283.12569444444443,0.0,312.38,110.0,0.0,0.0,0.0,0
12835,5996.83,41,2349,138,428.07708333333335,308.9486111111111,146.2641463414634,57.29268292682927,0.129053651366938,0.0,0.1632653061224489,2
12836,6559.7300000000005,15,2231,280,59.90277777777778,679.0354166666667,437.3153333333333,148.73333333333332,0.0205871630460423,0.0666666666666666,0.1176470588235294,2
12837,662.66,2,194,83,173.86319444444445,396.0395833333333,331.33,97.0,0.0025186405637557,0.5,0.0,1
12838,2975.91,10,1606,230,34.020833333333336,559.0979166666667,297.591,160.6,0.0160686189542751,0.1,0.1666666666666666,2
12839,9669.12,26,6578,156,3.011805555555556,730.1354166666666,371.8892307692308,253.0,0.0341933921269714,0.0384615384615384,0.1612903225806451,2
12840,4041.97,7,2258,109,144.13958333333332,530.7763888888888,577.4242857142857,322.57142857142856,0.0112829379516766,0.0,0.3636363636363636,2
12841,6958.2,40,5008,307,5.067361111111111,514.8159722222222,173.95499999999998,125.2,0.0756083605398674,0.275,0.0476190476190476,2
12842,1917.99,4,887,45,70.88680555555555,667.3041666666667,479.4975,221.75,0.0044889739577163,0.25,0.0,2
12843,6583.36,30,3028,130,66.02847222222222,661.0194444444444,219.4453333333333,100.93333333333334,0.0438053598627096,0.2,0.1176470588235294,2
12844,648.6,4,223,88,29.971527777777776,564.0694444444445,162.15,55.75,0.0053090819712424,0.25,0.0,0
12845,354.09,4,204,26,267.96944444444443,22.975,88.5225,51.0,0.1251303441084462,0.0,0.0,0
12846,15.58,1,1,1,682.8479166666667,0.0,15.58,1.0,0.0,0.0,0.0,0
12847,1609.0,2,1497,100,22.981944444444444,365.02222222222224,804.5,748.5,0.0027320745552789,0.0,0.0,2
12848,208.0,1,58,16,676.0034722222222,0.0,208.0,58.0,0.0,0.0,0.0,0
12849,3042.47,6,1855,123,31.964583333333334,559.9979166666667,507.0783333333333,309.1666666666667,0.0089126890697009,0.0,0.0,2
12850,330.0,1,200,2,446.01666666666665,0.0,330.0,200.0,0.0,0.0,0.0,0
12851,280.76,2,157,71,97.00625,380.8944444444445,140.38,78.5,0.0026185246068576,0.5,0.0,1
12852,311.55,1,149,17,295.16875,0.0,311.55,149.0,0.0,0.0,0.5,0
12853,3907.5,11,1668,111,135.05625,537.9805555555556,355.22727272727275,151.63636363636363,0.0185535450155385,0.0,0.3125,2
12854,2970.9700000000003,7,1630,188,79.02430555555556,649.9722222222222,424.42428571428576,232.8571428571429,0.0092169831448687,0.0,0.3636363636363636,2
12855,612.84,4,240,65,373.13402777777776,29.63958333333333,153.21,60.0,0.0979125586455429,0.0,0.0,0
12856,2170.78,6,1076,155,8.081944444444444,55.92638888888889,361.7966666666667,179.33333333333334,0.0878327274501671,0.0,0.25,2
12857,3688.0,6,1420,71,211.10416666666663,472.77986111111113,614.6666666666666,236.66666666666663,0.0105534245129667,0.0,0.1428571428571428,2
12858,147.27,1,51,36,383.99652777777777,0.0,147.27,51.0,0.0,1.0,0.5,1
12859,575.1,1,292,21,459.0208333333333,0.0,575.1,292.0,0.0,0.0,0.0,0
12860,54.22,1,26,16,693.8944444444444,0.0,54.22,26.0,0.0,0.0,0.0,0
12861,68.25,1,27,4,620.0493055555555,0.0,68.25,27.0,0.0,0.0,0.0,0
12862,984.62,2,611,119,426.04375,69.85208333333334,492.31,305.5,0.0141139110235525,1.0,0.0,1
12863,2792.55,6,895,24,52.94097222222222,537.0145833333333,465.425,149.16666666666666,0.0092934283844536,0.0,0.1428571428571428,2
12864,299.57,2,447,5,138.9909722222222,369.8201388888889,149.785,223.5,0.0026967251643785,0.5,0.0,1
12865,3323.47,4,1973,156,26.929861111111112,450.0909722222222,830.8675,493.25,0.0066505432046689,0.25,0.2,2
12866,1227.35,3,553,58,283.94375,219.10694444444445,409.1166666666666,184.33333333333331,0.0090864920461644,0.6666666666666666,0.0,1
12867,7829.26,13,7876,365,26.88888888888889,696.9618055555555,602.2507692307693,605.8461538461538,0.0171929178709834,0.3846153846153846,0.1875,2
12868,2043.76,8,1170,86,186.0888888888889,207.02569444444444,255.47,146.25,0.0336496893746432,0.0,0.0,2
12869,337.67,1,144,35,682.0277777777778,0.0,337.67,144.0,0.0,0.0,0.0,0
12870,1676.95,3,906,85,375.9638888888889,248.96527777777777,558.9833333333333,302.0,0.0080011112654535,0.0,0.25,2
12871,744.02,3,484,13,84.90486111111112,355.18958333333336,248.00666666666663,161.33333333333334,0.0056149873370337,0.3333333333333333,0.0,0
12872,3283.96,12,1642,217,327.08194444444445,409.6173611111111,273.66333333333336,136.83333333333334,0.0267889306244492,0.3333333333333333,0.0769230769230769,2
12873,2027.3,3,786,33,282.9111111111111,399.2138888888889,675.7666666666667,262.0,0.0049973278177641,0.3333333333333333,0.0,2
12874,948.42,2,623,44,385.89375,169.10555555555555,474.21,311.5,0.0058787027662562,0.0,0.3333333333333333,2
12875,1356.99,5,5187,2,143.88888888888889,554.1201388888888,271.398,1037.4,0.0072056474261702,0.2,0.0,2
12876,4081.79,4,3047,117,58.016666666666666,532.9583333333334,1020.4475,761.75,0.0056184159188451,0.0,0.2,2
12877,2942.14,20,2237,149,4.097222222222222,687.0048611111112,147.107,111.85,0.0276160839464352,0.2,0.0,2
12878,854.99,2,547,38,236.98819444444445,29.96180555555556,427.495,273.5,0.0322978580239991,0.5,0.3333333333333333,1
12879,573.22,3,370,7,45.01805555555556,47.009027777777774,191.07333333333332,123.33333333333331,0.0416588315276351,0.0,0.25,0
12880,640.13,2,279,32,382.0833333333333,192.95347222222225,320.065,139.5,0.005155875729073,0.0,0.0,0
12881,298.0,1,21,7,276.0458333333333,0.0,298.0,21.0,0.0,0.0,0.0,0
12882,1463.04,2,246,12,9.855555555555556,24.20555555555556,731.52,123.0,0.0396737932554551,0.5,0.0,1
12883,703.47,4,196,39,25.1375,64.75972222222222,175.8675,49.0,0.0456206306629775,0.25,0.0,0
12884,309.05,1,43,7,88.98611111111111,0.0,309.05,43.0,0.0,0.0,0.0,0
12885,1175.22,3,655,66,63.96527777777778,60.07986111111112,391.74,218.33333333333331,0.0327440168267864,0.0,0.25,2
12886,1378.4,2,770,75,68.11180555555555,151.95,689.2,385.0,0.006538084341288,0.0,0.3333333333333333,2
12887,222.4,1,100,13,384.06388888888887,0.0,222.4,100.0,0.0,1.0,0.0,1
12888,354.12,2,76,4,214.86666666666667,41.06319444444444,177.06,38.0,0.0237737531161777,0.0,0.5,0
12889,385.46,4,124,25,381.8625,121.06666666666666,96.365,31.0,0.0245767340251228,0.5,0.3333333333333333,1
12890,706.02,2,457,124,24.808333333333334,363.13958333333335,353.01,228.5,0.0027461996601577,0.0,0.0,2
12891,840.5,11,2325,2,186.01319444444445,473.9159722222222,76.4090909090909,211.3636363636364,0.0210563564607189,0.1818181818181818,0.0833333333333333,0
12892,263.38,1,140,18,397.1243055555556,0.0,263.38,140.0,0.0,0.0,0.0,0
12893,176.55,1,90,27,31.011111111111116,0.0,176.55,90.0,0.0,0.0,0.0,0
12894,157.35,1,33,21,575.91875,0.0,157.35,33.0,0.0,0.0,0.0,0
12895,372.8,2,210,22,42.95763888888889,44.21944444444444,186.4,105.0,0.0221143804902021,0.0,0.3333333333333333,0
12897,514.25,4,249,10,205.02569444444444,339.0104166666667,128.5625,62.25,0.0088232590913268,0.0,0.0,0
12898,296.21000000000004,2,235,27,464.1958333333333,195.8138888888889,148.10500000000002,117.5,0.0050809422325095,0.0,0.0,0
12899,366.4,1,108,17,414.1229166666666,0.0,366.4,108.0,0.0,0.0,0.0,0
12900,340.33,1,139,13,422.8979166666667,0.0,340.33,139.0,0.0,0.0,0.0,0
12901,17654.54,28,23075,30,9.113194444444444,261.9763888888889,630.5192857142857,824.1071428571429,0.1026708143422254,0.0714285714285714,0.2222222222222222,2
12902,138.68,1,66,10,265.0305555555556,0.0,138.68,66.0,0.0,1.0,0.0,1
12903,833.53,1,493,41,429.0076388888889,0.0,833.53,493.0,0.0,0.0,0.0,2
12904,496.06,2,294,59,18.927777777777777,154.05277777777778,248.03,147.0,0.0064494168652251,0.0,0.0,0
12905,1018.42,2,532,52,577.1145833333334,105.8326388888889,509.21,266.0,0.0093604352602396,0.0,0.3333333333333333,2
12906,2919.81,5,1749,55,12.12152777777778,66.78611111111111,583.962,349.8,0.0590091382207105,0.0,0.0,2
12907,508.91,2,177,23,396.0291666666666,98.89930555555556,254.455,88.5,0.0100100795940356,0.0,0.3333333333333333,0
12908,1776.0,5,3000,1,176.8826388888889,453.9861111111111,355.2,600.0,0.0087914771513171,0.0,0.2857142857142857,2
12909,3103.19,8,1948,120,40.00486111111111,614.0201388888889,387.89875,243.5,0.0113817411128136,0.125,0.3846153846153846,2
12910,5796.52,13,3632,75,23.931944444444444,598.0541666666667,445.8861538461539,279.38461538461536,0.0200315775562866,0.0769230769230769,0.0714285714285714,2
12911,1651.72,1,807,220,552.0256944444444,0.0,1651.72,807.0,0.0,1.0,0.0,1
12912,1662.3,5,670,17,3.1631944444444446,37.888888888888886,332.46,134.0,0.1028571428571428,0.2,0.0,2
12913,6283.24,13,3086,52,5.027083333333334,733.9951388888888,483.3261538461538,237.3846153846154,0.0163266385926588,0.0,0.0,2
12914,223.98,1,336,9,401.0152777777778,0.0,223.98,336.0,0.0,0.0,0.0,0
12915,975.1,4,411,46,149.05277777777778,440.66527777777776,243.775,102.75,0.0067924741901704,0.0,0.5,2
12916,4479.73,7,1681,82,139.09375,545.9645833333333,639.9614285714285,240.14285714285717,0.010969631641293,0.8571428571428571,0.125,1
12917,4359.2,6,1104,45,128.8388888888889,602.0972222222222,726.5333333333333,184.0,0.0082905372728738,0.0,0.25,2
12918,10953.5,1,1,1,626.8944444444444,0.0,10953.5,1.0,0.0,0.0,0.6666666666666666,0
12919,1335.19,6,673,34,8.960416666666667,161.18402777777777,222.53166666666667,112.16666666666669,0.030829176389989,0.0,0.25,2
12920,486.64,4,420,59,17.90625,707.9631944444444,121.66,105.0,0.0042315313735727,0.0,0.0,0
12921,35233.24,74,21328,322,9.852777777777778,729.1104166666667,476.1248648648648,288.2162162162162,0.0999848767167066,0.0405405405405405,0.2815533980582524,2
12922,405.38,1,370,28,161.88541666666666,0.0,405.38,370.0,0.0,0.0,0.0,0
12923,770.42,3,230,54,64.85416666666667,511.05902777777777,256.8066666666667,76.66666666666667,0.0039057997057088,0.3333333333333333,0.0,0
12924,2469.4,12,1423,56,88.95486111111111,642.0520833333334,205.78333333333333,118.58333333333331,0.0171059238980772,0.0833333333333333,0.1428571428571428,2
12925,729.3299999999999,3,649,46,5.06875,588.0270833333333,243.11,216.33333333333331,0.0033954296102683,0.0,0.0,2
12926,1523.97,4,754,202,411.8701388888889,314.05694444444447,380.9925,188.5,0.0095220881586662,0.25,0.0,2
12927,197.31,1,145,11,395.1166666666667,0.0,197.31,145.0,0.0,0.0,0.0,0
12928,4304.89,12,2899,94,35.93472222222222,514.1722222222222,358.74083333333334,241.58333333333331,0.0213520829064714,0.0,0.0,2
12929,117.85,1,37,8,312.02916666666664,0.0,117.85,37.0,0.0,0.0,0.5,0
12930,415.8,2,252,20,78.89722222222223,93.07847222222222,207.9,126.0,0.0106294243133318,0.0,0.5,0
12931,92347.34,57,62906,37,22.007638888888888,717.0368055555556,1620.1287719298246,1103.6140350877192,0.0779904310847575,0.0175438596491228,0.1971830985915492,2
12932,1698.56,8,1609,69,539.9361111111111,128.23333333333332,212.32,201.125,0.0541655919525406,0.25,0.0,2
12933,1636.63,8,949,227,24.841666666666665,704.9993055555556,204.57875,118.625,0.0099150239170443,0.0,0.2727272727272727,2
12934,181.65,1,31,2,737.0826388888889,0.0,181.65,31.0,0.0,0.0,0.0,0
12935,4243.86,15,3201,113,2.8090277777777777,605.0597222222223,282.924,213.4,0.0231000336875491,0.1333333333333333,0.2105263157894736,2
12936,1063.9,4,559,56,17.804166666666667,61.15347222222222,265.975,139.75,0.0482676171215964,0.0,0.2,2
12937,3097.61,9,1983,128,15.90625,720.9736111111112,344.1788888888889,220.33333333333331,0.0110807374076845,0.0,0.0,2
12938,114.14,1,140,9,26.061805555555555,0.0,114.14,140.0,0.0,0.0,0.0,0
12939,25264.8,20,10328,24,64.92847222222223,632.1291666666667,1263.24,516.4,0.0300096741712788,0.1,0.0,2
12940,899.69,2,404,87,55.02847222222222,33.078472222222224,449.845,202.0,0.0293440384732948,0.5,0.5,1
12941,377.49,1,381,27,724.9847222222222,0.0,377.49,381.0,0.0,0.0,0.0,0
12942,675.6,3,198,68,131.92430555555555,234.21180555555557,225.2,66.0,0.0085029745648868,0.3333333333333333,0.0,0
12943,496.5,2,222,22,558.9569444444444,47.11736111111111,248.25,111.0,0.0207825195918544,0.5,0.5,1
12944,604.51,2,289,29,36.07361111111111,319.0159722222222,302.255,144.5,0.0031248440290523,0.0,0.0,0
12945,900.11,2,446,47,288.94097222222223,367.95625,450.055,223.0,0.0027103484491724,0.5,0.0,1
12946,324.45,1,149,20,437.10833333333335,0.0,324.45,149.0,0.0,0.0,0.0,0
12947,1603.99,6,1165,83,144.11388888888888,229.73958333333331,267.33166666666665,194.16666666666663,0.0216694505891381,0.0,0.4545454545454545,2
12948,2317.43,9,1304,89,16.819444444444443,721.1958333333333,257.4922222222222,144.88888888888889,0.0110773278254397,0.1111111111111111,0.1,2
12949,15526.7,22,8233,347,31.05902777777778,705.8118055555556,705.7590909090909,374.2272727272728,0.0297108789566608,0.0,0.2142857142857142,2
12950,1843.0,3,1380,13,2.98125,21.978472222222223,614.3333333333334,460.0,0.0870379884553779,0.0,0.0,2
12951,3213.7200000000003,15,1662,110,9.025,689.9798611111111,214.248,110.8,0.020261082540796,0.2666666666666666,0.25,2
12952,1387.79,4,653,64,6.09375,72.74861111111112,346.9475,163.25,0.0406787321795137,0.25,0.2,2
12953,828.8100000000001,2,364,45,10.143055555555556,512.8243055555556,414.405,182.0,0.0019461905347563,0.0,0.0,2
12954,162.45,1,83,10,639.1069444444445,0.0,162.45,83.0,0.0,0.0,0.0,0
12955,4757.16,11,3664,81,1.8479166666666669,266.3097222222222,432.4690909090909,333.09090909090907,0.037409787855328,0.0,0.2142857142857142,2
12956,521.89,4,340,42,306.8625,417.87847222222223,130.4725,85.0,0.0071619818132082,0.5,0.0,1
12957,8706.97,13,4686,402,10.122916666666669,718.9111111111112,669.766923076923,360.46153846153845,0.016668724533893,0.0,0.3809523809523809,2
12958,467.34,2,118,45,400.8569444444444,182.9958333333333,233.67,59.0,0.0054349056817409,0.0,0.0,0
12959,150.95,1,109,8,484.8125,0.0,150.95,109.0,0.0,0.0,0.5,0
12960,1322.07,4,1379,49,414.1381944444444,247.83263888888888,330.5175,344.75,0.0120562962053365,0.0,0.0,2
12961,211.99,1,180,37,379.8375,0.0,211.99,180.0,0.0,0.0,0.0,0
12962,266.39,2,129,15,7.871527777777778,106.09513888888888,133.195,64.5,0.0093374919755928,0.0,0.0,0
12963,3235.79,12,1637,129,8.996527777777779,510.9236111111111,269.64916666666664,136.41666666666666,0.0214875808836496,0.0,0.1428571428571428,2
12964,132.24,1,56,26,437.79375,0.0,132.24,56.0,0.0,0.0,0.0,0
12965,769.8100000000001,1,282,108,89.88819444444445,0.0,769.8100000000001,282.0,0.0,1.0,0.0,1
12966,160.18,1,75,10,10.008333333333333,0.0,160.18,75.0,0.0,0.0,0.0,0
12967,2938.52,3,912,47,358.7361111111111,25.338194444444444,979.5066666666668,304.0,0.0759353494871727,0.3333333333333333,0.4,2
12968,135.95,1,73,5,112.87916666666666,0.0,135.95,73.0,0.0,0.0,0.0,0
12969,122.45,1,55,5,603.0833333333334,0.0,122.45,55.0,0.0,0.0,0.0,0
12970,1453.6,10,954,280,7.930555555555555,728.0076388888889,145.36,95.4,0.0123455496484471,0.0,0.0,2
12971,15704.6,116,14306,102,4.020833333333333,720.7194444444444,135.3844827586207,123.32758620689656,0.1593416955649894,0.0775862068965517,0.0333333333333333,2
12972,1161.2,4,844,69,414.17291666666665,247.7576388888889,290.3,211.0,0.0120599311578929,0.0,0.3333333333333333,2
12973,385.55,1,31,6,414.10833333333335,0.0,385.55,31.0,0.0,0.0,0.0,0
12974,408.95,2,104,27,198.13680555555555,367.90833333333336,204.475,52.0,0.002710700490185,0.5,0.0,1
12975,2100.09,6,911,92,437.1277777777778,296.9638888888889,350.01500000000004,151.83333333333334,0.0167805569280393,0.1666666666666666,0.25,2
12976,3156.38,8,2684,106,212.12152777777777,453.75625,394.5475,335.5,0.0153928615604513,0.0,0.0,2
12977,513.88,4,128,54,156.84027777777777,355.0104166666667,128.47,32.0,0.0084267197237908,0.0,0.0,0
12978,2502.82,5,1394,126,385.93125,344.0965277777778,500.564,278.8,0.0115909598562399,0.0,0.1666666666666666,2
12979,517.7,1,520,56,729.8784722222222,0.0,517.7,520.0,0.0,0.0,0.5,2
12980,16245.78,21,1910,7,158.13611111111112,579.9222222222222,773.6085714285715,90.95238095238096,0.0344280167549681,0.0952380952380952,0.1923076923076923,2
12981,372.22,2,242,12,30.03472222222222,103.90694444444443,186.11,121.0,0.0095322574239074,0.0,0.0,0
12982,2744.81,8,1729,139,243.04097222222225,363.9173611111111,343.10125,216.125,0.0191824252446805,0.0,0.5294117647058824,2
12983,490.08,1,638,30,598.9944444444444,0.0,490.08,638.0,0.0,0.0,0.0,0
12984,97.5,1,26,4,19.009027777777774,0.0,97.5,26.0,0.0,0.0,0.0,0
12985,1239.38,2,1533,73,1.086111111111111,27.918055555555554,619.69,766.5,0.0345804716392104,0.0,0.3333333333333333,2
12986,2729.84,10,1164,61,429.03680555555553,259.05,272.98400000000004,116.4,0.0346087290905595,0.0,0.1666666666666666,2
12987,1312.21,5,585,61,74.03263888888888,615.0875,262.442,117.0,0.0064925842514253,0.0,0.1666666666666666,2
12988,505.82,1,126,75,292.9298611111111,0.0,505.82,126.0,0.0,1.0,0.0,1
12989,13551.75,33,6935,50,3.890277777777778,726.0840277777778,410.6590909090909,210.1515151515152,0.044011419282312,0.0909090909090909,0.1538461538461538,2
12990,955.5,7,480,9,31.992361111111112,588.0590277777778,136.5,68.57142857142857,0.0101857364322807,0.0,0.0,0
12991,764.82,3,483,45,23.886111111111116,366.07708333333335,254.94000000000003,161.0,0.0054484469088576,0.0,0.0,0
12992,93.35,1,21,6,725.8361111111111,0.0,93.35,21.0,0.0,0.0,0.0,0
12993,1259.63,8,751,57,23.875694444444445,636.2180555555556,157.45375,93.875,0.010985250557436,0.0,0.2,2
12994,974.42,3,459,52,4.879861111111111,264.3,324.8066666666667,153.0,0.0075386355069732,0.0,0.4,2
12995,211.32,1,108,3,85.87916666666666,0.0,211.32,108.0,0.0,0.0,0.5,0
12996,355.5,1,122,22,376.1409722222222,0.0,355.5,122.0,0.0,0.0,0.0,0
12997,2110.91,8,1186,65,22.87708333333333,590.1951388888889,263.86375,148.25,0.0118404221204457,0.125,0.5,2
12998,920.08,3,1124,58,493.1979166666667,160.84027777777777,306.6933333333333,374.6666666666667,0.0123578631195022,0.0,0.25,2
12999,455.88,3,342,25,196.9763888888889,49.12361111111111,151.96,114.0,0.0399013549835129,0.0,0.0,0
13000,1032.5,4,548,57,107.08819444444444,618.7361111111111,258.125,137.0,0.004840770041012,0.0,0.2,2
13001,24042.65,33,13448,300,4.915972222222222,731.9375,728.5651515151516,407.5151515151515,0.0436599300758932,0.1212121212121212,0.1081081081081081,2
13002,414.13,3,201,19,318.89722222222224,116.13888888888889,138.04333333333332,67.0,0.0170737491107422,0.0,0.0,0
13003,149.05,3,103,4,106.08333333333331,109.10208333333334,49.68333333333334,34.333333333333336,0.0181649605479763,0.0,0.0,0
13004,11650.85,36,8768,417,12.057638888888889,713.0715277777778,323.63472222222225,243.55555555555557,0.0490146976016836,0.0833333333333333,0.217391304347826,2
13005,999.68,4,462,41,174.08125,283.9173611111111,249.92,115.5,0.0105293688959517,0.25,0.3333333333333333,2
13006,81.57,1,55,4,56.95902777777778,0.0,81.57,55.0,0.0,0.0,0.0,0
13007,175.25,1,59,11,580.0916666666667,0.0,175.25,59.0,0.0,1.0,0.0,1
13008,612.13,3,379,31,323.9347222222222,399.92847222222224,204.0433333333333,126.33333333333331,0.0049884209742316,0.3333333333333333,0.5714285714285714,2
13009,234.0,1,120,4,673.0194444444444,0.0,234.0,120.0,0.0,0.0,0.0,0
13010,330.12,2,323,10,374.9034722222222,274.1534722222222,165.06,161.5,0.0036343353835359,0.0,0.0,0
13011,50.55,1,13,3,372.81111111111113,0.0,50.55,13.0,0.0,0.0,0.0,0
13012,2957.83,11,1559,95,9.989583333333334,582.9520833333333,268.89363636363635,141.72727272727272,0.0171246927366329,0.0,0.2666666666666666,2
13013,11097.43,29,5661,289,1.9090277777777775,724.1854166666667,382.67,195.20689655172413,0.0386108150501739,0.0,0.064516129032258,2
13014,5381.08,11,1979,140,11.015972222222222,422.0361111111111,489.1890909090909,179.9090909090909,0.0236386439297932,0.0909090909090909,0.3888888888888889,2
13015,6579.78,11,3527,260,53.97986111111111,549.8638888888889,598.1618181818181,320.6363636363636,0.0181533046578354,0.0909090909090909,0.2142857142857142,2
13016,789.89,3,527,39,73.94583333333334,49.96388888888889,263.2966666666667,175.66666666666666,0.0392434730473646,0.0,0.0,2
13017,204.0,1,48,1,7.872916666666667,0.0,204.0,48.0,0.0,0.0,0.0,0
13018,9763.16,35,6746,401,16.97361111111111,632.0375,278.9474285714286,192.74285714285716,0.0537092984222893,0.2,0.054054054054054,2
13019,1229.95,6,397,46,379.9125,353.96944444444443,204.99166666666667,66.16666666666667,0.0140857194281197,0.3333333333333333,0.25,2
13020,618.96,2,278,38,563.0680555555556,97.02569444444444,309.48,139.0,0.010201406944041,0.0,0.6,0
13021,4887.24,17,2546,166,4.842361111111111,730.1909722222222,287.48470588235296,149.76470588235293,0.0218821082423557,0.2352941176470588,0.2916666666666667,2
13022,65.3,1,35,5,430.0833333333333,0.0,65.3,35.0,0.0,0.0,0.0,0
13023,1449.03,3,585,69,64.84930555555556,464.275,483.01,195.0,0.0042985331255708,0.0,0.0,2
13024,555.87,2,181,26,471.13055555555553,111.80347222222224,277.935,90.5,0.0088649753442873,0.0,0.3333333333333333,0
13025,323.39,1,241,13,732.1166666666667,0.0,323.39,241.0,0.0,0.0,0.0,0
13026,1733.08,9,2466,52,1.8277777777777775,725.225,192.56444444444443,274.0,0.0110158697373403,0.3333333333333333,0.3076923076923077,2
13027,17239.2,19,42840,7,114.13263888888888,574.9569444444444,907.3263157894736,2254.736842105264,0.0312523360880081,0.0526315789473684,0.1739130434782608,2
13028,661.3199999999999,2,798,40,23.069444444444443,22.875694444444445,330.66,399.0,0.041883598499171,0.0,0.3333333333333333,2
13029,1927.3,5,194,13,31.150694444444444,492.8104166666666,385.46,38.8,0.0081002746499373,0.4,0.0,1
13030,752.4399999999999,2,348,76,11.930555555555555,356.9993055555556,376.22,174.0,0.0027933015078008,0.0,0.0,2
13031,3292.84,5,2309,275,407.8861111111111,147.02569444444444,658.568,461.8,0.0270223356493101,0.0,0.0,2
13032,2815.96,9,1274,147,52.87222222222222,408.0784722222222,312.88444444444445,141.55555555555554,0.0195561500866615,0.2222222222222222,0.1818181818181818,2
13033,220.55,2,98,12,357.93541666666664,72.1986111111111,110.275,49.0,0.0136614613968844,0.0,0.0,0
13034,756.82,3,406,42,55.02013888888889,346.8743055555556,252.2733333333333,135.33333333333334,0.005749202996772,0.6666666666666666,0.0,1
13035,1364.2,3,926,27,74.16180555555556,357.71944444444443,454.73333333333335,308.6666666666667,0.0055753877604751,0.0,0.25,2
13036,307.1,1,38,6,685.0520833333334,0.0,307.1,38.0,0.0,1.0,0.0,1
13037,3914.95,12,2130,181,138.87777777777777,597.9458333333333,326.24583333333334,177.5,0.0183656006734053,0.0833333333333333,0.25,2
13038,908.46,3,360,24,80.92569444444445,210.1208333333333,302.82,120.0,0.0094732479425289,0.0,0.0,0
13039,1010.73,4,290,37,584.8368055555555,138.0013888888889,252.6825,72.5,0.0215825181602901,0.0,0.0,0
13040,676.99,2,355,38,9.091666666666669,24.86458333333333,338.495,177.5,0.0386629077728554,0.5,0.0,1
13041,799.13,4,335,23,451.04583333333335,139.12569444444443,199.7825,83.75,0.0214093497405603,0.0,0.0,0
13042,1488.59,3,812,164,598.9631944444444,133.91736111111112,496.19666666666666,270.6666666666667,0.0148238891090739,0.0,0.25,2
13043,516.42,1,254,13,273.91527777777776,0.0,516.42,254.0,0.0,0.0,0.5,0
13044,4848.05,11,2548,356,291.8958333333333,409.0236111111111,440.7318181818182,231.63636363636363,0.0243888393961052,0.2727272727272727,0.1538461538461538,2
13045,808.92,3,405,41,99.90694444444443,387.08472222222224,269.64,135.0,0.0051535138733309,0.0,0.0,0
13046,949.25,3,505,50,31.176388888888887,425.8104166666666,316.4166666666667,168.33333333333334,0.004685921247236,0.0,0.0,2
13047,8428.53,24,3328,190,32.03055555555556,692.0159722222222,351.18875,138.66666666666666,0.0331882682678269,0.125,0.4285714285714285,2
13048,4049.13,9,2661,125,14.977083333333333,667.0194444444444,449.90333333333336,295.6666666666667,0.0119756993101498,0.1111111111111111,0.3076923076923077,2
13049,1408.24,4,620,19,64.88819444444445,336.99444444444447,352.06,155.0,0.0088758855339502,0.0,0.2,2
13050,11986.52,35,7015,513,15.147222222222222,709.7583333333333,342.47200000000004,200.42857142857144,0.0478362312553493,0.1428571428571428,0.3859649122807017,2
13051,155.8,2,72,4,579.15,40.91875,77.9,36.0,0.0238556731772774,0.0,0.0,0
13052,3119.33,7,1424,161,212.9430555555556,442.0701388888889,445.6185714285714,203.42857142857144,0.0135418740135512,0.0,0.0,2
13053,127.65,1,47,17,622.0569444444444,0.0,127.65,47.0,0.0,1.0,0.0,1
13055,2321.11,4,1821,145,78.93333333333334,351.25625,580.2775,455.25,0.0085165273859583,0.0,0.3333333333333333,2
13056,209.48,1,158,18,551.9444444444445,0.0,209.48,158.0,0.0,1.0,0.0,1
13057,709.59,3,456,34,530.8791666666667,101.14583333333331,236.53,152.0,0.0195798490719967,0.3333333333333333,0.25,0
13058,271.40000000000003,3,52,5,25.00486111111111,127.02916666666668,90.46666666666668,17.333333333333332,0.015621440426986,0.0,0.0,0
13059,2291.77,10,860,155,250.09027777777777,368.92847222222224,229.177,86.0,0.0243290275710206,0.2,0.1666666666666666,2
13060,307.53,1,123,15,254.05069444444445,0.0,307.53,123.0,0.0,0.0,0.0,0
13061,248.61,1,107,10,72.86527777777778,0.0,248.61,107.0,0.0,0.0,0.0,0
13062,346.98,1,343,11,191.9013888888889,0.0,346.98,343.0,0.0,0.0,0.0,0
13063,188.4,1,116,12,481.0159722222222,0.0,188.4,116.0,0.0,0.0,0.0,0
13064,1666.84,6,668,58,13.013194444444444,579.0993055555556,277.8066666666667,111.33333333333331,0.0086192139037497,0.5,0.0,1
13065,1055.05,5,381,49,373.8319444444445,174.2138888888889,211.01,76.2,0.0228292404521457,0.0,0.1666666666666666,0
13066,470.8,2,322,48,24.99513888888889,7.827083333333333,235.4,161.0,0.1132877035638423,0.0,0.3333333333333333,2
13067,508.51,3,131,24,82.96666666666667,363.99652777777777,169.50333333333333,43.66666666666666,0.0054795041809758,0.6666666666666666,0.0,1
13068,344.0,2,200,1,10.90972222222222,309.27777777777777,172.0,100.0,0.0032229185317815,0.0,0.0,0
13069,9284.45,38,15171,573,1.1743055555555555,542.7583333333333,244.32763157894735,399.2368421052632,0.0680449341772539,0.2368421052631578,0.0952380952380952,2
13070,751.7,4,372,12,192.96180555555557,539.9590277777778,187.925,93.0,0.0055457065063204,0.0,0.2,0
13071,129.22,1,30,12,612.9673611111111,0.0,129.22,30.0,0.0,0.0,0.0,0
13072,177.15,1,69,7,267.1930555555556,0.0,177.15,69.0,0.0,0.0,0.0,0
13073,418.08,2,261,25,411.9472222222222,26.19375,209.04,130.5,0.0367731555964146,0.5,0.0,1
13074,1378.74,4,826,26,511.83125,212.21319444444444,344.685,206.5,0.0140704237738049,0.0,0.2,2
13075,919.61,1,485,22,130.10486111111112,0.0,919.61,485.0,0.0,0.0,0.0,2
13076,135.4,1,44,9,458.09930555555553,0.0,135.4,44.0,0.0,0.0,0.0,0
13077,2740.65,11,2468,208,1.726388888888889,727.3381944444444,249.15,224.3636363636364,0.0137298854794066,0.0,0.2142857142857142,2
13078,29018.06,57,12032,153,3.8847222222222224,735.2708333333334,509.0887719298246,211.0877192982456,0.0760589683370589,0.1052631578947368,0.4,2
13079,419.18,6,158,11,4.83125,413.1097222222222,69.86333333333333,26.33333333333333,0.0120740946944415,0.1666666666666666,0.0,0
13080,280.73,4,193,17,179.91041666666666,430.0777777777778,70.1825,48.25,0.0069593009768796,0.0,0.2,0
13081,56838.37,28,40077,738,12.080555555555556,719.8722222222223,2029.9417857142855,1431.321428571429,0.0374546267253404,0.0714285714285714,0.3636363636363636,2
13082,7335.75,21,8466,99,126.85694444444444,591.0270833333333,349.32142857142856,403.1428571428572,0.0337822382844253,0.0476190476190476,0.16,2
13083,395.43,3,307,19,4.909027777777778,421.0576388888889,131.81,102.33333333333331,0.0047386892588064,0.6666666666666666,0.0,1
13084,122.4,1,144,2,492.1673611111111,0.0,122.4,144.0,0.0,0.0,0.5,0
13085,2433.28,8,944,50,158.02708333333334,581.1847222222223,304.16,118.0,0.0120236751890031,0.0,0.2,2
13086,439.33,1,155,47,383.0986111111111,0.0,439.33,155.0,0.0,0.0,0.0,0
13087,313.64,1,86,15,726.8986111111111,0.0,313.64,86.0,0.0,1.0,0.0,1
13088,236.11,1,76,19,417.8854166666667,0.0,236.11,76.0,0.0,0.0,0.0,0
13089,113416.91,203,58932,857,3.158333333333333,734.7208333333333,558.7039901477833,290.30541871921184,0.2745606632950678,0.0935960591133004,0.1781376518218623,2
13090,13091.74,24,3247,163,9.00763888888889,485.9451388888889,545.4891666666666,135.29166666666666,0.0472332469577196,0.0416666666666666,0.2,2
13091,2321.82,3,1339,41,28.872222222222224,701.1694444444445,773.94,446.3333333333333,0.0028483153401561,0.0,0.5,2
13092,2140.28,12,664,52,71.06388888888888,597.1069444444445,178.35666666666668,55.333333333333336,0.0183913597763313,0.0833333333333333,0.2,2
13093,54144.25,55,25971,199,276.025,460.0708333333333,984.4409090909091,472.2,0.1171186639796849,0.1272727272727272,0.375,2
13094,2209.44,13,1896,5,21.946527777777774,367.99444444444447,169.9569230769231,145.84615384615384,0.0325208148270826,0.0769230769230769,0.2352941176470588,2
13095,74.39999999999999,1,144,6,71.03263888888888,0.0,74.39999999999999,144.0,0.0,0.0,0.0,0
13096,419.7000000000001,1,6,1,394.9458333333333,0.0,419.7000000000001,6.0,0.0,0.0,0.0,0
13097,13324.1,28,5345,390,33.08819444444445,705.8833333333333,475.8607142857143,190.89285714285717,0.0381958361823025,0.1071428571428571,0.3,2
13098,28882.44,28,15968,156,1.9416666666666669,316.01944444444445,1031.5157142857142,570.2857142857143,0.0851682774453021,0.0714285714285714,0.3170731707317073,2
13099,207.36,1,288,1,99.79861111111111,0.0,207.36,288.0,0.0,0.0,0.0,0
13101,695.4,4,478,48,234.92569444444445,446.95,173.85,119.5,0.0066971760241098,0.0,0.0,0
13102,11380.1,37,6366,212,1.9986111111111111,580.9861111111111,307.57027027027027,172.05405405405406,0.0618571462663771,0.1081081081081081,0.119047619047619,2
13103,709.64,3,426,27,40.13333333333333,537.7895833333333,236.54666666666665,142.0,0.0037120242518917,0.0,0.0,0
13104,1709.1,9,834,15,3.986111111111111,649.9194444444445,189.9,92.66666666666669,0.0122903073003571,0.0,0.0,2
13105,72.0,1,100,1,436.9645833333333,0.0,72.0,100.0,0.0,0.0,0.0,0
13106,603.46,2,231,15,133.9013888888889,280.08472222222224,301.73,115.5,0.0035576462217303,0.0,0.3333333333333333,0
13107,5253.07,9,4316,142,44.915277777777774,629.1680555555556,583.6744444444444,479.55555555555554,0.0126950262385915,0.0,0.4,2
13108,748.46,2,745,27,373.09375,62.72638888888889,374.23,372.5,0.0156920863936534,0.0,0.0,2
13109,1134.03,3,757,57,60.10694444444445,491.8868055555556,378.01,252.33333333333331,0.0040577267994538,0.3333333333333333,0.5714285714285714,2
13110,2957.4700000000003,12,763,167,31.93055555555556,707.0111111111111,246.45583333333332,63.583333333333336,0.0155364793396211,0.0833333333333333,0.1428571428571428,2
13111,321.88000000000005,1,180,12,719.1597222222222,0.0,321.88000000000005,180.0,0.0,0.0,0.0,0
13112,20.6,1,11,2,541.8243055555556,0.0,20.6,11.0,0.0,0.0,0.6666666666666666,0
13113,18230.07,37,4435,166,1.0006944444444446,620.8583333333333,492.7045945945946,119.86486486486488,0.0578909987537354,0.1621621621621621,0.3833333333333333,2
13114,234.38,1,74,16,731.1208333333333,0.0,234.38,74.0,0.0,0.0,0.0,0
13115,5494.7,10,3934,178,12.008333333333333,587.9645833333333,549.47,393.4,0.0152810546757551,0.0,0.5652173913043478,2
13116,501.14,1,291,30,138.9284722222222,0.0,501.14,291.0,0.0,1.0,0.5,1
13117,2255.66,18,1852,122,22.03333333333333,601.925,125.31444444444443,102.88888888888889,0.0281958784260065,0.0555555555555555,0.0526315789473684,2
13118,2415.41,9,834,111,20.002777777777776,419.875,268.37888888888887,92.66666666666669,0.019008019008019,0.6666666666666666,0.25,1
13119,134.9,1,110,11,669.175,0.0,134.9,110.0,0.0,0.0,0.0,0
13120,30.6,1,12,1,239.10486111111112,0.0,30.6,12.0,0.0,0.0,0.0,0
13121,283.73,1,252,50,269.8354166666667,0.0,283.73,252.0,0.0,0.0,0.5,0
13122,922.39,2,585,54,94.87291666666668,146.0701388888889,461.195,292.5,0.0067994768180337,0.0,0.0,2
13123,506.75,2,268,36,473.1055555555556,56.89930555555556,253.375,134.0,0.017271364317841,0.0,0.0,0
13124,4641.66,4,2738,216,90.00347222222223,295.87152777777777,1160.415,684.5,0.0101053813494894,0.25,0.0,2
13125,148.62,1,53,20,524.0361111111112,0.0,148.62,53.0,0.0,1.0,0.0,1
13126,3774.81,13,3289,183,5.118055555555555,642.9,290.37,253.0,0.0186364342289175,0.0,0.3157894736842105,2
13127,259.17,1,127,15,78.1,0.0,259.17,127.0,0.0,0.0,0.0,0
13128,263.5,1,31,1,631.9041666666667,0.0,263.5,31.0,0.0,0.0,0.0,0
13129,233.25,2,296,10,452.9604166666667,77.07847222222222,116.625,148.0,0.0128076276538027,0.0,0.0,0
13130,64.0,1,32,2,94.88888888888889,0.0,64.0,32.0,0.0,0.0,0.0,0
13131,3313.77,7,1523,107,23.978472222222223,645.1486111111111,473.3957142857143,217.57142857142856,0.0092857895178052,0.2857142857142857,0.125,2
13132,77.3,1,20,3,262.00416666666666,0.0,77.3,20.0,0.0,0.0,0.0,0
13133,200.45,3,55,12,274.0965277777778,185.79236111111112,66.81666666666668,18.33333333333333,0.0107070759644733,0.0,0.0,0
13134,2475.23,6,1364,110,86.09375,330.8847222222222,412.53833333333336,227.33333333333331,0.0150654720305326,0.0,0.3333333333333333,2
13135,3371.45,2,4423,18,197.08194444444445,294.725,1685.725,2211.5,0.0033815199932369,0.0,0.0,2
13136,6274.56,13,3109,204,56.96458333333333,674.7993055555555,482.6584615384616,239.15384615384616,0.0177567510078086,0.0769230769230769,0.4583333333333333,2
13137,7586.94,16,4238,628,11.028472222222222,491.8534722222222,474.18375,264.875,0.0304350092784507,0.5,0.0588235294117647,2
13138,1274.01,7,593,41,22.832638888888887,374.2125,182.00142857142856,84.71428571428571,0.0159909384682013,0.0,0.125,2
13139,8202.98,8,4614,214,16.955555555555556,421.1958333333333,1025.3725,576.75,0.0165799836173971,0.125,0.1111111111111111,2
13140,1054.92,5,572,89,108.88680555555555,382.85277777777776,210.984,114.4,0.0104206618567593,0.0,0.0,2
13141,7656.08,17,5159,285,85.12222222222222,645.8472222222222,450.3576470588236,303.47058823529414,0.0247353616902497,0.0,0.1904761904761904,2
13142,307.09,1,258,23,19.86319444444445,0.0,307.09,258.0,0.0,1.0,0.0,1
13143,405.1,1,198,23,585.0194444444444,0.0,405.1,198.0,0.0,0.0,0.5,0
13144,135.35,2,29,6,333.06597222222223,98.87569444444443,67.675,14.5,0.0100124460266581,0.0,0.0,0
13145,1128.52,7,265,5,40.00347222222222,560.0652777777777,161.21714285714285,37.85714285714285,0.0106939428220622,0.1428571428571428,0.125,0
13146,228.91,1,154,16,26.88958333333333,0.0,228.91,154.0,0.0,1.0,0.0,1
13147,712.8000000000001,4,144,1,10.952083333333333,89.06319444444445,178.20000000000002,36.0,0.0333099444063196,0.0,0.0,0
13148,8497.82,26,4487,451,29.89375,702.9979166666667,326.8392307692308,172.57692307692307,0.0355114687247535,0.3076923076923077,0.2777777777777778,2
13149,1676.06,4,1280,76,14.986805555555556,274.96666666666664,419.015,320.0,0.0108708781253774,0.0,0.0,2
13150,449.97,3,171,7,484.99375,146.1638888888889,149.98999999999998,57.0,0.0135902904924592,0.0,0.25,0
13151,2465.21,3,813,131,296.0145833333333,332.0854166666667,821.7366666666667,271.0,0.0060044658214547,0.0,0.4,2
13152,2146.38,7,977,114,417.9625,277.1548611111112,306.6257142857143,139.57142857142858,0.0215707177506534,0.2857142857142857,0.2222222222222222,2
13153,486.22,1,418,15,6.025,0.0,486.22,418.0,0.0,1.0,0.0,1
13154,1624.84,3,976,78,399.86805555555554,336.3013888888889,541.6133333333333,325.3333333333333,0.0059294152525972,0.0,0.4,2
13155,1370.48,6,741,79,33.88125,458.2576388888889,228.41333333333333,123.5,0.0108871351864648,0.1666666666666666,0.0,2
13156,1586.54,3,914,94,385.9868055555556,290.975,528.8466666666667,304.6666666666667,0.0068499015326654,0.0,0.0,2
13157,5687.36,9,4762,173,49.958333333333336,592.0770833333333,631.9288888888889,529.1111111111111,0.0134889717117996,0.2222222222222222,0.1,2
13158,1508.18,5,992,70,95.03611111111113,293.78194444444443,301.636,198.4,0.0135693521105525,0.0,0.0,2
13159,1429.35,4,1058,114,9.0625,106.98333333333332,357.3375,264.5,0.0277820651335082,0.0,0.2,2
13160,91.8,1,56,4,22.98819444444445,0.0,91.8,56.0,0.0,0.0,0.0,0
13161,472.13,2,105,30,313.94930555555555,187.0548611111111,236.065,52.5,0.0053175971846277,0.5,0.0,1
13162,9275.49,16,5755,186,122.86875,613.0833333333334,579.718125,359.6875,0.0244266521916135,0.125,0.1578947368421052,2
13163,17.65,1,3,2,610.8534722222222,0.0,17.65,3.0,0.0,0.0,0.5,0
13164,372.2,2,120,7,569.9569444444444,98.08333333333331,186.1,60.0,0.0100925147182506,0.0,0.3333333333333333,0
13165,1451.16,3,1736,47,46.90625,366.9173611111111,483.72,578.6666666666666,0.005436003329552,0.0,0.0,2
13166,875.93,2,522,55,283.8986111111111,131.0326388888889,437.965,261.0,0.0075738848243542,0.0,0.3333333333333333,2
13167,1125.15,5,1007,64,19.01805555555556,371.9763888888889,225.03000000000003,201.4,0.0107245394592299,0.2,0.0,2
13168,1840.73,5,898,127,36.99583333333333,505.9138888888889,368.146,179.6,0.0078908865739852,0.2,0.1666666666666666,2
13169,840.08,3,296,16,64.02708333333334,498.84236111111113,280.0266666666667,98.66666666666669,0.0040012615088368,0.0,0.0,0
13170,108.81,1,141,29,27.021527777777777,0.0,108.81,141.0,0.0,1.0,0.0,1
13171,468.41,3,229,37,22.09930555555556,277.8409722222222,156.13666666666668,76.33333333333333,0.0071725470760663,0.3333333333333333,0.4,0
13172,69.6,1,48,1,400.90277777777777,0.0,69.6,48.0,0.0,0.0,0.0,0
13173,2399.82,11,1481,160,4.874305555555556,725.1243055555556,218.16545454545457,134.63636363636363,0.0137717466878471,0.0,0.1538461538461538,2
13174,7995.36,12,3794,602,16.927083333333332,718.9548611111111,666.28,316.1666666666667,0.0152787356460426,0.0833333333333333,0.0,2
13175,831.45,2,423,40,582.9840277777778,153.04305555555555,415.725,211.5,0.0064916915364571,0.0,0.5,2
13176,481.49,1,448,66,46.87986111111111,0.0,481.49,448.0,0.0,0.0,0.0,2
13177,512.2,2,180,23,65.12083333333334,365.97291666666666,256.1,90.0,0.0027249967356809,0.0,0.0,0
13178,14059.19,21,8778,194,26.85833333333333,697.0930555555556,669.4852380952382,418.0,0.0286494756549091,0.1428571428571428,0.16,2
13179,572.3100000000001,1,368,34,619.0486111111111,0.0,572.3100000000001,368.0,0.0,0.0,0.0,0
13180,86.10000000000001,1,42,4,607.9673611111111,0.0,86.10000000000001,42.0,0.0,1.0,0.0,1
13181,359.69,1,171,19,381.90625,0.0,359.69,171.0,0.0,0.0,0.0,0
13182,121.18,1,201,11,45.96111111111111,0.0,121.18,201.0,0.0,0.0,0.0,0
13183,7036.18,15,4027,64,8.097222222222221,627.9152777777778,469.07866666666666,268.46666666666664,0.0222605500210901,0.2,0.1666666666666666,2
13184,1668.95,10,1662,138,15.033333333333331,275.77569444444447,166.895,166.2,0.0325173061820517,0.0,0.1666666666666666,2
13185,71.4,1,12,1,268.0375,0.0,71.4,12.0,0.0,0.0,0.0,0
13186,1575.89,3,820,69,40.04861111111112,89.1048611111111,525.2966666666667,273.3333333333333,0.02219636072169,0.0,0.4,2
13187,341.36,4,296,51,337.7451388888889,287.06875,85.34,74.0,0.0104141806426417,0.0,0.2,0
13188,114.6,1,25,2,11.890277777777778,0.0,114.6,25.0,0.0,0.0,0.0,0
13189,260.68,2,842,29,19.090972222222224,96.89375,130.34,421.0,0.0102151567388112,0.0,0.0,0
13190,570.66,3,308,16,544.8770833333333,188.1486111111111,190.22,102.66666666666669,0.0105736964614831,0.6666666666666666,0.25,1
13191,164.69,1,115,58,658.825,0.0,164.69,115.0,0.0,0.0,0.0,0
13192,2558.58,6,1629,135,95.94236111111113,591.2333333333333,426.43,271.5,0.008442618337367,0.0,0.25,2
13193,112.08,1,46,22,61.93055555555556,0.0,112.08,46.0,0.0,1.0,0.0,1
13194,472.78,2,326,10,136.15902777777777,285.8798611111111,236.39,163.0,0.0034857797132462,0.0,0.0,0
13195,136.73,1,70,43,414.9881944444445,0.0,136.73,70.0,0.0,0.0,0.0,0
13196,3068.84,7,2006,141,11.955555555555556,606.0416666666666,438.4057142857143,286.57142857142856,0.0098840002745555,0.0,0.125,2
13197,373.0100000000001,1,204,19,610.15,0.0,373.0100000000001,204.0,0.0,0.0,0.0,0
13198,4974.2300000000005,8,3449,265,10.897916666666667,424.0763888888889,621.7787500000001,431.125,0.0164676283674502,0.0,0.3333333333333333,2
13199,15964.21,67,11567,61,4.013888888888889,731.0965277777777,238.2717910447761,172.6417910447761,0.0901520462067179,0.044776119402985,0.0289855072463768,2
13200,870.09,4,516,42,19.885416666666668,107.03125,217.5225,129.0,0.027769742551345,0.25,0.0,2
13201,1233.06,4,1036,65,502.93055555555554,140.14513888888888,308.265,259.0,0.0212547171203794,0.5,0.0,1
13202,1580.3,7,572,55,394.8513888888889,336.2333333333333,225.75714285714284,81.71428571428571,0.0177918355243649,0.1428571428571428,0.125,2
13203,2648.25,10,2413,158,10.086805555555555,712.8541666666666,264.825,241.3,0.0126076171019991,0.1,0.0909090909090909,2
13204,966.66,1,428,57,731.9125,0.0,966.66,428.0,0.0,0.0,0.0,2
13205,2803.2,1,256,1,443.85,0.0,2803.2,256.0,0.0,0.0,0.0,0
13206,8308.19,13,7086,393,400.8333333333333,332.12638888888887,639.0915384615384,545.0769230769231,0.0360223638842448,0.0769230769230769,0.1333333333333333,2
13207,535.86,4,178,10,15.915277777777778,596.9270833333334,133.965,44.5,0.005017334192784,0.0,0.0,0
13208,1976.3,9,1343,198,59.12222222222222,677.8534722222222,219.58888888888887,149.22222222222223,0.011784575504655,0.0,0.1,2
13209,8509.51,13,5781,284,30.95555555555556,653.975,654.5776923076924,444.6923076923077,0.0183213099736631,0.1538461538461538,0.1875,2
13210,353.48,1,316,22,94.18888888888888,0.0,353.48,316.0,0.0,0.0,0.0,0
13211,2618.77,10,1845,98,10.921527777777778,722.9715277777777,261.877,184.5,0.0124314281082646,0.5,0.1666666666666666,1
13212,786.83,3,309,128,20.006944444444443,41.91111111111111,262.2766666666667,103.0,0.0466079751424132,1.0,0.25,1
13213,3851.52,11,2962,181,57.047222222222224,511.86944444444447,350.1381818181818,269.27272727272725,0.0194981395525176,0.1818181818181818,0.2142857142857142,2
13214,3264.23,7,2966,207,418.11805555555554,228.82638888888889,466.3185714285714,423.7142857142857,0.0261066626378607,0.1428571428571428,0.0,2
13215,81.6,1,96,1,402.76666666666665,0.0,81.6,96.0,0.0,0.0,0.0,0
13216,333.74,1,297,5,268.02222222222224,0.0,333.74,297.0,0.0,0.0,0.0,0
13217,666.48,4,512,3,122.8875,533.1131944444444,166.62,128.0,0.0056167869118463,0.25,0.3333333333333333,0
13218,62.63999999999999,1,88,5,127.82708333333332,0.0,62.63999999999999,88.0,0.0,0.0,0.0,0
13219,76.23,1,11,11,618.9388888888889,0.0,76.23,11.0,0.0,0.0,0.0,0
13220,1336.09,5,396,46,78.96666666666667,497.12708333333336,267.218,79.2,0.0080300793388568,0.2,0.0,2
13221,847.41,2,244,62,240.82777777777775,119.14861111111112,423.705,122.0,0.0083230258822985,0.0,0.0,0
13222,88.5,1,30,1,577.9555555555555,0.0,88.5,30.0,0.0,0.0,0.0,0
13223,969.12,6,568,8,200.9909722222222,464.98333333333335,161.52,94.66666666666669,0.0107299974963339,0.1666666666666666,0.0,0
13224,2155.95,2,1518,101,60.91319444444444,91.03125,1077.975,759.0,0.0108658743633276,0.0,0.3333333333333333,2
13225,16260.07,16,7401,60,3.972916666666667,719.1805555555555,1016.254375,462.5625,0.0208281102347019,0.125,0.0588235294117647,2
13226,312.46,2,179,28,273.9270833333333,120.03402777777778,156.23,89.5,0.0082621393203242,0.0,0.0,0
13227,257.7,1,99,9,202.04375,0.0,257.7,99.0,0.0,1.0,0.0,1
13228,358.0,1,200,2,81.93194444444444,0.0,358.0,200.0,0.0,0.0,0.0,0
13229,160.95,1,63,10,226.0298611111111,0.0,160.95,63.0,0.0,0.0,0.0,0
13230,6120.01,30,3520,653,4.865972222222222,626.8340277777778,204.00033333333332,117.33333333333331,0.0461905515103182,0.4,0.032258064516129,2
13232,1328.35,7,773,147,13.090972222222222,230.86875,189.7642857142857,110.42857142857144,0.0258767082670691,0.7142857142857143,0.0,1
13233,1176.46,4,1604,74,74.97569444444444,619.96875,294.115,401.0,0.004831160988375,0.0,0.0,2
13234,346.5,2,159,56,673.0479166666667,59.96458333333333,173.25,79.5,0.016402966203055,0.0,0.0,0
13235,1031.07,1,441,53,212.8173611111111,0.0,1031.07,441.0,0.0,0.0,0.5,2
13236,744.85,2,416,34,25.0,82.16111111111111,372.425,208.0,0.0120248513594762,0.0,0.3333333333333333,2
13237,643.0,1,128,24,388.1131944444445,0.0,643.0,128.0,0.0,0.0,0.0,0
13238,1006.63,6,442,24,17.884027777777778,573.0243055555555,167.77166666666668,73.66666666666667,0.0087104325576612,0.0,0.1428571428571428,0
13239,1594.69,5,1151,86,262.10069444444446,240.86875,318.938,230.2,0.0165378950360474,0.2,0.1666666666666666,2
13240,1475.79,8,709,160,96.94583333333334,556.0354166666667,184.47375,88.625,0.0125665259165896,0.625,0.1111111111111111,1
13241,112.53,1,46,40,412.06458333333336,0.0,112.53,46.0,0.0,1.0,0.0,1
13242,699.4,7,350,19,112.99791666666668,555.9868055555555,99.91428571428573,50.0,0.0107722479961,0.1428571428571428,0.0,0
13243,1220.38,5,554,165,203.9833333333333,428.0027777777778,244.076,110.8,0.0093239489513794,0.0,0.0,2
13244,121.74,1,38,27,93.04444444444444,0.0,121.74,38.0,0.0,0.0,0.0,0
13245,989.22,2,371,43,51.04861111111112,381.90069444444447,494.61,185.5,0.0026116432132642,0.5,0.0,1
13246,3351.75,11,2796,229,18.83333333333333,507.1347222222222,304.70454545454544,254.1818181818182,0.0196798202576416,0.0909090909090909,0.2142857142857142,2
13247,501.12,4,328,18,18.07708333333333,64.97777777777777,125.28,82.0,0.0454698551700909,0.25,0.0,0
13248,465.68,2,305,25,125.00694444444444,64.98263888888889,232.84,152.5,0.0151555017628795,0.5,0.0,1
13249,1608.93,9,1246,21,92.975,592.0520833333334,178.77,138.44444444444446,0.0134895403368872,0.2222222222222222,0.0,2
13250,253.09,2,107,17,461.05347222222224,41.89722222222223,126.545,53.5,0.0233115327332772,1.0,0.3333333333333333,1
13251,252.68,1,215,25,402.9791666666667,0.0,252.68,215.0,0.0,0.0,0.0,0
13252,399.3,2,134,19,394.86805555555554,231.22916666666663,199.65,67.0,0.0043060913250201,0.0,0.3333333333333333,0
13253,2951.11,4,3015,73,157.11180555555555,546.9138888888889,737.7775,753.75,0.0054753129293431,0.0,0.0,2
13254,51.41,1,43,4,376.88055555555553,0.0,51.41,43.0,0.0,1.0,0.0,1
13255,678.76,3,407,26,9.983333333333333,502.9958333333333,226.25333333333333,135.66666666666666,0.0039682867748575,0.0,0.25,0
13257,149.75,1,33,7,436.9111111111111,0.0,149.75,33.0,0.0,0.0,0.6666666666666666,0
13258,1009.43,5,446,29,12.138194444444444,388.8652777777778,201.886,89.2,0.010259954471452,0.0,0.0,0
13259,1402.54,9,503,234,62.08472222222223,637.0152777777778,155.83777777777777,55.888888888888886,0.0125388846923292,0.8888888888888888,0.0,1
13260,557.62,1,142,8,61.97847222222222,0.0,557.62,142.0,0.0,1.0,0.0,1
13261,944.1,2,210,8,269.01944444444445,17.070138888888888,472.05,105.0,0.0553399177587333,0.5,0.0,1
13262,573.45,3,247,48,263.9055555555556,337.11944444444447,191.15,82.33333333333333,0.0059150694609892,0.3333333333333333,0.0,0
13263,8676.2,39,5372,507,1.9520833333333332,411.86944444444447,222.4666666666667,137.74358974358975,0.092038780082485,0.0256410256410256,0.0,2
13264,722.5600000000001,1,375,38,443.00555555555553,0.0,722.5600000000001,375.0,0.0,0.0,0.0,0
13265,2092.66,5,1740,66,53.90833333333333,220.2138888888889,418.532,348.0,0.0180820472895764,0.0,0.0,2
13266,6135.04,19,6837,154,11.924305555555556,711.1576388888889,322.89684210526315,359.8421052631579,0.0252753028501999,0.0526315789473684,0.3666666666666666,2
13267,9429.81,36,3959,152,3.0680555555555555,729.7611111111111,261.93916666666667,109.97222222222224,0.0478952690117609,0.0555555555555555,0.28,2
13268,3174.75,11,3624,257,18.040972222222223,249.93819444444443,288.6136363636364,329.45454545454544,0.0398504501163688,0.0,0.2666666666666666,2
13269,8537.32,28,6366,238,1.9145833333333333,736.1291666666667,304.9042857142857,227.3571428571429,0.0366285872557387,0.1071428571428571,0.0666666666666666,2
13270,590.0,1,200,1,366.9145833333333,0.0,590.0,200.0,0.0,0.0,0.0,0
13271,211.49,1,240,79,37.92986111111111,0.0,211.49,240.0,0.0,0.0,0.5,0
13272,276.56,2,96,15,31.95138888888889,58.079166666666666,138.28,48.0,0.0169264405106142,0.5,0.0,1
13273,138.98,1,153,16,113.95,0.0,138.98,153.0,0.0,0.0,0.0,0
13274,360.85,1,199,19,409.95972222222224,0.0,360.85,199.0,0.0,0.0,0.0,0
13275,238.86,2,138,48,384.0284722222222,248.91944444444445,119.43,69.0,0.0040012893043313,0.5,0.0,1
13276,1891.91,5,840,209,64.00416666666666,578.94375,378.382,168.0,0.0068972206356219,0.6,0.2857142857142857,1
13277,523.3,7,382,10,16.145138888888887,524.025,74.75714285714285,54.57142857142857,0.0114280272367982,0.0,0.0,0
13278,1435.85,4,1358,80,41.04236111111111,569.9930555555555,358.9625,339.5,0.0052540043540128,0.25,0.2,2
13279,137.75,1,73,9,78.80972222222222,0.0,137.75,73.0,0.0,0.0,0.5,0
13280,2293.33,7,1489,159,122.98333333333332,522.1715277777778,327.61857142857144,212.7142857142857,0.0114685140177363,0.0,0.125,2
13281,350.85,1,201,22,439.86597222222224,0.0,350.85,201.0,0.0,1.0,0.6666666666666666,1
13282,1313.19,4,410,42,18.886805555555554,388.05694444444447,328.2975,102.5,0.0077109534808172,0.0,0.4285714285714285,2
13283,373.36,4,204,19,60.125,580.8013888888889,93.34,51.0,0.0051563988283515,0.0,0.0,0
13284,201.19,1,91,13,331.14375,0.0,201.19,91.0,0.0,0.0,0.5,0
13285,3364.59,6,2457,182,23.979861111111116,600.9534722222222,560.765,409.5,0.008306289822603,0.1666666666666666,0.0,2
13286,734.91,1,274,46,600.8854166666666,0.0,734.91,274.0,0.0,1.0,0.0,1
13287,781.59,3,429,46,603.8916666666667,101.19652777777776,260.53000000000003,143.0,0.0195701365152925,0.0,0.5714285714285714,0
13288,927.61,5,379,7,443.84583333333336,223.06458333333333,185.522,75.8,0.0178519957973426,0.2,0.1666666666666666,0
13289,307.95,1,119,16,724.0395833333333,0.0,307.95,119.0,0.0,0.0,0.0,0
13290,208.63,1,1,1,438.84791666666666,0.0,208.63,1.0,0.0,0.0,0.6666666666666666,0
13291,3270.79,11,1600,155,156.09305555555557,510.6666666666667,297.3445454545454,145.45454545454547,0.019543973941368,0.0,0.0,2
13292,994.51,5,530,55,39.11527777777778,487.81111111111113,198.902,106.0,0.0081831200418248,0.0,0.1666666666666666,2
13293,1192.94,6,555,51,392.9736111111111,276.0576388888889,198.82333333333332,92.5,0.0180467862934658,0.1666666666666666,0.1428571428571428,2
13294,1689.53,3,996,93,190.1638888888889,456.8333333333333,563.1766666666666,332.0,0.0043684018929741,0.0,0.0,2
13295,1101.97,4,733,56,360.0618055555556,217.0888888888889,275.4925,183.25,0.0137558589769716,0.5,0.5555555555555556,1
13296,792.51,6,653,50,137.9611111111111,439.97013888888887,132.085,108.83333333333331,0.0113386362455255,0.0,0.0,0
13297,4368.62,7,2694,108,8.1375,534.8729166666667,624.0885714285714,384.8571428571428,0.0111966845373008,0.0,0.125,2
13298,360.0,1,96,2,1.9854166666666664,0.0,360.0,96.0,0.0,0.0,0.0,0
13299,1218.7,3,416,56,268.99652777777777,260.05902777777777,406.23333333333335,138.66666666666666,0.0076611026135532,0.0,0.4,2
13300,1285.51,3,455,44,169.98680555555555,404.88402777777776,428.5033333333333,151.66666666666666,0.004927515898938,0.0,0.4,2
13301,618.09,4,345,75,104.05902777777776,188.925,154.5225,86.25,0.0157957088324338,0.75,0.0,1
13302,159.2,2,12,3,155.7875,371.225,79.6,6.0,0.00268654711532,0.0,0.0,0
13303,61.72,1,26,4,400.91319444444446,0.0,61.72,26.0,0.0,0.0,0.0,0
13304,1217.99,4,716,59,351.9270833333333,318.0784722222222,304.4975,179.0,0.0094020758564703,0.0,0.4285714285714285,2
13305,3616.41,16,2228,153,4.899305555555555,635.0180555555555,226.025625,139.25,0.023584236121878,0.0625,0.0,2
13306,53.65,1,74,4,430.91319444444446,0.0,53.65,74.0,0.0,0.0,0.0,0
13307,273.34,3,140,15,120.81666666666666,472.1569444444444,91.11333333333332,46.66666666666666,0.0042269272880445,0.0,0.0,0
13308,1670.37,4,1073,65,23.138194444444444,574.00625,417.5925,268.25,0.0052173345941891,0.0,0.2,2
13309,1706.37,6,1914,95,7.844444444444444,385.1833333333333,284.39500000000004,319.0,0.0129472185058909,0.0,0.0,2
13310,1541.2,5,816,80,28.810416666666665,374.0138888888889,308.24,163.2,0.0106662716195696,0.0,0.375,2
13311,598.57,2,305,25,4.996527777777778,145.93680555555557,299.285,152.5,0.0068056467963835,0.0,0.0,0
13312,124.75,1,41,5,451.9263888888889,0.0,124.75,41.0,0.0,0.0,0.0,0
13313,3445.32,12,2308,105,22.834722222222226,715.0208333333334,287.11,192.33333333333331,0.015362681486223,0.0833333333333333,0.2,2
13314,775.94,3,560,55,2.0145833333333334,72.08958333333334,258.6466666666667,186.66666666666663,0.0273636804150158,0.0,0.25,2
13315,310.26,1,232,22,689.8861111111111,0.0,310.26,232.0,0.0,0.0,0.0,0
13316,12940.82,10,19931,115,37.96527777777778,602.1520833333333,1294.082,1993.1,0.0149216097377319,0.1,0.1666666666666666,2
13317,6486.091,19,3149,222,66.96875,660.1,341.3732105263158,165.73684210526315,0.0272273483587959,0.1578947368421052,0.3870967741935484,2
13318,640.76,3,304,14,1.7493055555555554,36.22569444444444,213.58666666666667,101.33333333333331,0.0537263314989273,0.3333333333333333,0.0,0
13319,21323.22,58,8974,345,5.969444444444444,727.95,367.6417241379311,154.72413793103448,0.0781946635571712,0.0517241379310344,0.2564102564102564,2
13320,2211.6,6,1509,98,78.77986111111112,400.31805555555553,368.6,251.5,0.0124589460423811,0.0,0.3333333333333333,2
13321,567.36,2,372,10,72.89305555555555,14.004166666666666,283.68,186.0,0.0666481532907525,0.0,0.0,0
13322,199.48,1,117,25,17.936805555555555,0.0,199.48,117.0,0.0,0.0,0.0,0
13323,787.85,5,175,6,3.818055555555556,81.15902777777778,157.57,35.0,0.0486860678393021,0.0,0.0,0
13324,10513.47,18,8448,36,36.84861111111111,527.2534722222222,584.0816666666666,469.3333333333333,0.0321815206031405,0.1111111111111111,0.217391304347826,2
13325,675.3,1,240,12,82.09305555555555,0.0,675.3,240.0,0.0,0.0,0.0,0
13326,281.76,1,140,13,432.86805555555554,0.0,281.76,140.0,0.0,1.0,0.0,1
13327,9134.48,20,4203,175,39.10347222222222,682.7819444444444,456.724,210.15,0.0277866360092865,0.1,0.0909090909090909,2
13328,1308.48,1,680,17,316.89444444444445,0.0,1308.48,680.0,0.0,0.0,0.0,2
13329,4808.77,8,3311,68,32.09791666666667,703.7833333333333,601.09625,413.875,0.0099321304419798,0.0,0.4285714285714285,2
13330,2796.1,6,1951,80,93.01597222222222,562.09375,466.01666666666665,325.1666666666667,0.0088795160663743,0.1666666666666666,0.0,2
13331,262.4,1,54,12,402.1986111111111,0.0,262.4,54.0,0.0,0.0,0.0,0
13332,350.9,1,179,21,14.97222222222222,0.0,350.9,179.0,0.0,0.0,0.0,0
13333,1015.74,3,685,54,411.9763888888889,247.1652777777778,338.58,228.33333333333331,0.008059145170949,0.3333333333333333,0.0,2
13334,6201.8,5,3198,307,82.8951388888889,570.125,1240.36,639.6,0.007003720726636,0.2,0.1666666666666666,2
13336,795.12,1,559,51,77.94791666666667,0.0,795.12,559.0,0.0,0.0,0.0,2
13337,1575.26,1,980,87,546.9743055555556,0.0,1575.26,980.0,0.0,0.0,0.5,2
13338,2445.62,4,1151,113,158.15555555555557,545.8618055555555,611.405,287.75,0.0054858466426491,0.0,0.6,2
13339,860.12,1,326,54,201.1798611111111,0.0,860.12,326.0,0.0,0.0,0.0,2
13340,22100.56,12,9636,190,45.982638888888886,609.93125,1841.7133333333331,803.0,0.0180052992869492,0.1666666666666666,0.0,2
13341,775.85,1,301,42,261.125,0.0,775.85,301.0,0.0,0.0,0.0,0
13343,353.43,1,135,19,178.01805555555555,0.0,353.43,135.0,0.0,0.0,0.5,0
13344,2511.69,3,952,115,68.12847222222223,209.9701388888889,837.23,317.3333333333333,0.0094800146150225,0.0,0.0,2
13345,389.5,1,141,20,288.1590277777778,0.0,389.5,141.0,0.0,0.0,0.5,0
13346,299.4,6,180,4,463.04791666666665,133.96319444444444,49.9,30.0,0.0370471373368253,0.0,0.0,0
13347,341.36,1,205,8,70.97361111111111,0.0,341.36,205.0,0.0,0.0,0.0,0
13348,233.76,1,136,14,64.80694444444444,0.0,233.76,136.0,0.0,0.0,0.0,0
13349,247.32,1,225,16,11.196527777777778,0.0,247.32,225.0,0.0,0.0,0.0,0
13350,979.12,2,287,36,16.84513888888889,63.125,489.56,143.5,0.0155945419103313,0.0,0.3333333333333333,2
13351,373.94,1,117,16,66.99652777777777,0.0,373.94,117.0,0.0,0.0,0.0,0
13352,397.98,1,321,24,60.95486111111112,0.0,397.98,321.0,0.0,0.0,0.5,0
13354,743.53,1,604,51,71.98125,0.0,743.53,604.0,0.0,0.0,0.0,2
13355,674.7,1,314,32,122.91805555555555,0.0,674.7,314.0,0.0,0.0,0.0,0
13356,768.24,1,325,42,80.92847222222223,0.0,768.24,325.0,0.0,0.0,0.0,2
13357,3805.51,5,2112,284,257.95416666666665,369.9763888888889,761.102,422.4,0.010782357367757,0.2,0.0,2
13358,439.03,1,285,29,269.04027777777776,0.0,439.03,285.0,0.0,0.0,0.0,0
13359,1043.31,2,381,52,64.13888888888889,339.7673611111111,521.655,190.5,0.0029345533467154,0.0,0.5,2
13360,1553.65,4,942,58,432.00902777777776,269.05625,388.4125,235.5,0.0111087967784489,0.0,0.4285714285714285,2
13361,1450.5,2,324,29,472.9125,145.29652777777778,725.25,162.0,0.0068354322224173,0.0,0.0,0
13362,5394.07,7,2481,186,9.922916666666667,415.9680555555556,770.5814285714285,354.42857142857144,0.0143895915287941,0.1428571428571428,0.3,2
13363,1723.86,3,1146,78,18.006944444444443,392.06458333333336,574.62,382.0,0.0050882223553169,0.0,0.0,2
13364,134.95999999999998,1,71,10,71.77569444444444,0.0,134.95999999999998,71.0,0.0,0.0,0.5,0
13365,2225.37,2,1247,122,34.00972222222222,184.025,1112.685,623.5,0.0054046750439129,0.5,0.5,2
13366,56.16,1,144,1,50.96736111111111,0.0,56.16,144.0,0.0,0.0,0.0,0
13367,510.2000000000001,1,253,20,432.11805555555554,0.0,510.2000000000001,253.0,0.0,0.0,0.0,0
13368,1121.5,4,606,45,257.11875,166.96944444444443,280.375,151.5,0.0178603912748681,0.0,0.2,2
13369,308.28000000000003,1,149,14,366.05555555555554,0.0,308.28000000000003,149.0,0.0,0.0,0.5,0
13370,754.87,1,343,39,372.1,0.0,754.87,343.0,0.0,0.0,0.5,2
13371,2297.66,2,1019,75,505.80347222222224,127.08611111111112,1148.83,509.5,0.0078072477283077,0.0,0.5,2
13372,378.64,1,159,23,90.00277777777778,0.0,378.64,159.0,0.0,1.0,0.0,1
13373,7587.19,6,4263,292,61.08263888888889,672.9284722222222,1264.5316666666668,710.5,0.0074191849819208,0.3333333333333333,0.0,2
13374,422.8,2,135,17,415.1152777777778,34.982638888888886,211.4,67.5,0.0277911801601852,0.0,0.0,0
13375,1792.23,2,1124,62,89.1048611111111,356.08819444444447,896.115,562.0,0.0028004286211584,0.0,0.3333333333333333,2
13376,1019.76,3,493,45,99.85694444444444,135.1340277777778,339.92,164.33333333333334,0.0146914039983064,0.0,0.0,2
13377,1552.88,2,748,71,397.0208333333333,249.0930555555556,776.44,374.0,0.0039985116651024,0.0,0.5,2
13379,572.56,3,601,85,26.96180555555556,110.05486111111112,190.85333333333327,200.33333333333331,0.0180091171155397,0.6666666666666666,0.0,1
13380,62.4,1,48,3,433.1055555555556,0.0,62.4,48.0,0.0,1.0,0.0,1
13381,8224.37,12,5125,154,32.03611111111111,706.8604166666667,685.3641666666667,427.0833333333333,0.0155397868576961,0.0833333333333333,0.2,2
13382,1387.58,5,863,74,281.11597222222224,451.0048611111111,277.516,172.6,0.0088494623490713,0.0,0.0,2
13383,305.28000000000003,1,288,1,544.0451388888889,0.0,305.28000000000003,288.0,0.0,0.0,0.0,0
13384,6680.83,11,4142,192,31.073611111111116,469.9458333333333,607.3481818181818,376.54545454545456,0.0212338644748599,0.0909090909090909,0.2666666666666666,2
13385,534.57,1,281,35,330.1236111111112,0.0,534.57,281.0,0.0,0.0,0.0,0
13386,835.46,2,514,24,414.99861111111113,22.98819444444445,417.73,257.0,0.0416871725096256,0.0,0.0,2
13387,186.94,1,123,71,417.94652777777776,0.0,186.94,123.0,0.0,0.0,0.0,0
13388,1185.65,3,701,68,131.9986111111111,472.1069444444444,395.2166666666667,233.66666666666663,0.0042273740081083,0.6666666666666666,0.25,1
13389,797.96,3,429,50,11.950694444444444,221.07569444444445,265.9866666666667,143.0,0.0090059382905603,0.0,0.0,0
13390,544.08,1,224,13,75.175,0.0,544.08,224.0,0.0,0.0,0.0,0
13391,59.8,1,4,1,204.08333333333331,0.0,59.8,4.0,0.0,0.0,0.0,0
13392,91.14,1,82,8,677.9694444444444,0.0,91.14,82.0,0.0,1.0,0.0,1
13393,1131.45,4,662,53,584.1361111111111,148.64027777777778,282.8625,165.5,0.0200480782617573,0.0,0.3333333333333333,2
13394,6621.7,19,5354,254,2.051388888888889,736.9847222222222,348.5105263157895,281.7894736842105,0.0243907488298651,0.2105263157894736,0.2083333333333333,2
13395,1180.23,3,1660,77,185.90694444444443,236.0861111111111,393.41,553.3333333333334,0.0084357535354008,0.0,0.0,2
13396,1360.99,2,600,42,29.82708333333333,290.1402777777778,680.495,300.0,0.0034347703712891,0.0,0.5,2
13397,3191.87,10,1336,68,73.07916666666667,616.0458333333333,319.187,133.6,0.0145856264053858,0.1,0.2307692307692307,2
13398,670.34,2,341,37,192.98125,256.1548611111112,335.17,170.5,0.003888707355868,0.0,0.0,0
13399,275.4,3,120,10,464.95208333333335,54.84166666666667,91.8,40.0,0.0358155499179227,0.0,0.0,0
13400,310.83,1,284,23,583.1597222222222,0.0,310.83,284.0,0.0,0.0,0.5,0
13402,1226.85,4,917,55,127.87430555555557,437.2048611111111,306.71250000000003,229.25,0.006846113008407,0.0,0.0,2
13403,229.5,3,114,9,18.181944444444444,705.7951388888889,76.5,38.0,0.0028296742435779,0.0,0.0,0
13404,252.49,2,111,11,1.8840277777777776,211.15277777777777,126.245,55.5,0.0047135842880523,0.0,0.0,0
13405,1213.811,6,855,33,74.82569444444445,650.1166666666667,202.3018333333333,142.5,0.0076791153659098,0.1666666666666666,0.3333333333333333,2
13406,568.92,2,292,7,427.92083333333335,204.30208333333331,284.46,146.0,0.004870871175605,0.0,0.3333333333333333,0
13407,2244.7,3,1690,85,579.00625,83.06111111111112,748.2333333333332,563.3333333333334,0.0237922146586478,0.0,0.5,2
13408,50174.782,106,28675,321,2.15625,733.9819444444445,473.347,270.5188679245283,0.1428606522835973,0.1415094339622641,0.2148148148148148,2
13410,2201.96,9,1244,25,24.886805555555554,707.0763888888889,244.66222222222223,138.22222222222223,0.0112982160195364,0.2222222222222222,0.25,2
13411,213.55,1,72,17,107.95347222222222,0.0,213.55,72.0,0.0,0.0,0.0,0
13412,487.35,1,176,33,620.8486111111112,0.0,487.35,176.0,0.0,0.0,0.0,0
13413,429.44,6,455,38,640.0229166666667,47.77361111111111,71.57333333333334,75.83333333333333,0.1025144516900646,0.1666666666666666,0.25,0
13414,2494.14,6,2702,48,134.04513888888889,469.78125,415.69,450.3333333333333,0.010620643876535,0.1666666666666666,0.1428571428571428,2
13415,784.17,4,496,85,473.05,255.8875,196.0425,124.0,0.0116782638314437,0.0,0.2,0
13416,940.8,3,208,16,44.1625,692.8291666666667,313.6,69.33333333333333,0.0028825539427933,0.0,0.0,0
13417,1669.49,6,532,57,5.167361111111111,664.8402777777778,278.24833333333333,88.66666666666667,0.0075093084135543,0.0,0.1428571428571428,2
13418,11559.66,31,7354,328,12.102083333333333,716.8972222222222,372.8922580645161,237.2258064516129,0.0417887116308044,0.032258064516129,0.1621621621621621,2
13419,221.06,1,275,16,64.00069444444445,0.0,221.06,275.0,0.0,0.0,0.0,0
13420,159.85,2,101,8,150.16805555555555,20.884027777777774,79.925,50.5,0.045695427283978,0.0,0.5,0
13421,4058.75,8,2351,174,40.93680555555556,622.9833333333333,507.34375,293.875,0.0112182483506503,0.5,0.2727272727272727,2
13422,2626.3,1,1326,127,64.96388888888889,0.0,2626.3,1326.0,0.0,0.0,0.5,2
13423,217.03,1,141,12,429.15833333333336,0.0,217.03,141.0,0.0,0.0,0.0,0
13424,572.77,1,529,40,450.0840277777778,0.0,572.77,529.0,0.0,0.0,0.5,2
13425,3390.4300000000003,5,2358,124,108.81736111111113,471.1097222222222,678.086,471.6,0.0084726067092454,0.2,0.375,2
13426,8167.38,22,4868,162,1.1604166666666669,729.7381944444444,371.2445454545455,221.27272727272728,0.0287380626326308,0.0909090909090909,0.0833333333333333,2
13427,1006.53,6,880,35,19.991666666666667,702.9708333333333,167.755,146.66666666666666,0.0071025669860848,0.3333333333333333,0.0,2
13428,478.54,3,356,122,10.9375,504.0416666666667,159.51333333333335,118.66666666666669,0.0039600693012127,0.0,0.0,0
13429,1006.8,4,1390,55,11.15277777777778,64.71597222222222,251.7,347.5,0.0456510023142522,0.25,0.0,2
13430,679.45,2,751,48,19.188194444444445,67.74513888888889,339.725,375.5,0.0145464830846625,0.0,0.5,2
13431,3316.24,8,1570,113,67.95902777777778,592.0805555555555,414.53,196.25,0.0118027811473989,0.0,0.1111111111111111,2
13432,439.1,2,217,98,571.9805555555556,40.94166666666667,219.55,108.5,0.0238426385853367,0.0,0.0,0
13433,658.3199999999999,4,190,22,501.8298611111111,195.33055555555555,164.57999999999998,47.5,0.0152803520140352,0.0,0.2,0
13434,1666.86,5,864,17,74.93055555555556,581.1916666666667,333.372,172.8,0.0068705895824685,0.4,0.0,2
13435,4447.33,9,2754,96,5.920138888888889,494.9090277777778,494.1477777777778,306.0,0.0161319910545869,0.4444444444444444,0.1818181818181818,2
13436,196.89,1,76,12,2.095138888888889,0.0,196.89,76.0,0.0,0.0,0.0,0
13437,3408.06,7,1283,143,14.95138888888889,175.97916666666666,486.8657142857143,183.28571428571428,0.0339022954679223,0.0,0.0,2
13438,46.5,1,10,1,547.7527777777777,0.0,46.5,10.0,0.0,0.0,0.0,0
13439,986.61,3,952,132,255.9375,270.9888888888889,328.87,317.3333333333333,0.007353241553985,0.0,0.0,2
13440,1295.25,7,573,49,423.98541666666665,28.10902777777778,185.03571428571428,81.85714285714286,0.2061216212992342,0.0,0.3,2
13441,720.9,2,520,33,92.13333333333334,339.9583333333333,360.45,260.0,0.0029329096908224,0.0,0.0,2
13442,419.87,3,115,33,667.9493055555556,70.96111111111111,139.95666666666668,38.333333333333336,0.0277927893152165,0.0,0.0,0
13443,1273.16,6,805,176,449.0131944444444,228.95902777777775,212.19333333333336,134.16666666666666,0.0217430037355688,0.1666666666666666,0.1428571428571428,2
13444,619.08,2,331,51,374.9916666666667,131.9361111111111,309.54,165.5,0.0075224105146582,0.0,0.0,0
13445,241.9,1,198,7,626.8861111111111,0.0,241.9,198.0,0.0,0.0,0.0,0
13446,3881.89,11,2403,113,430.7493055555556,233.29097222222225,352.8990909090909,218.45454545454547,0.0426819689429395,0.0909090909090909,0.3888888888888889,2
13447,1129.14,3,584,55,23.966666666666665,12.144444444444444,376.38000000000005,194.66666666666663,0.1521555367709214,0.3333333333333333,0.25,2
13448,8745.93,13,4195,321,17.011805555555554,717.0131944444445,672.7638461538462,322.6923076923077,0.016712784796782,0.0769230769230769,0.3157894736842105,2
13449,291.88,1,222,19,24.181944444444444,0.0,291.88,222.0,0.0,0.0,0.0,0
13450,4120.04,13,4318,57,27.038888888888888,576.69375,316.92615384615385,332.15384615384613,0.0207722517337256,0.2307692307692307,0.0714285714285714,2
13451,7090.06,11,5229,561,26.869444444444444,601.9895833333334,644.5509090909092,475.3636363636364,0.0165840344118714,0.5454545454545454,0.1538461538461538,2
13452,729.8,3,6,2,259.93819444444443,213.18472222222223,243.26666666666665,2.0,0.0093377341728648,0.0,0.0,0
13453,781.6899999999999,3,341,33,166.13611111111112,236.84097222222223,260.56333333333333,113.66666666666669,0.0084089800899877,0.0,0.4,0
13454,219.87,1,198,23,641.9236111111111,0.0,219.87,198.0,0.0,0.0,0.0,0
13455,2212.99,6,795,79,25.061805555555555,706.0993055555556,368.8316666666667,132.5,0.0070711425689657,0.3333333333333333,0.4545454545454545,2
13456,1766.72,6,765,43,18.147222222222226,189.73888888888888,294.4533333333333,127.5,0.026213846736376,0.0,0.1428571428571428,2
13457,148.22,2,96,9,689.1680555555556,48.83472222222223,74.11,48.0,0.0200663303698336,0.0,0.5,0
13458,11959.27,16,6760,290,7.889583333333333,381.06111111111113,747.454375,422.5,0.0392607349027933,0.0,0.3333333333333333,2
13459,1160.41,2,986,57,625.1013888888889,57.86736111111111,580.2049999999999,493.0,0.0169873420708041,0.0,0.0,2
13460,183.44,2,286,16,29.81458333333333,20.310416666666665,91.72,143.0,0.0469254081532896,0.0,0.0,0
13461,4160.0,6,3132,30,39.15902777777778,558.7083333333334,693.3333333333334,522.0,0.0089332241494826,0.1666666666666666,0.25,2
13462,1153.85,5,697,64,253.0625,473.06388888888887,230.77,139.4,0.0084376812783087,0.0,0.1666666666666666,2
13464,3097.64,6,1440,128,58.90902777777778,559.9854166666667,516.2733333333333,240.0,0.0089128876641921,0.0,0.1428571428571428,2
13465,931.12,2,584,34,446.90069444444447,139.98819444444445,465.56,292.0,0.0070927924422356,1.0,0.0,1
13466,1013.35,5,660,49,184.84097222222223,444.1173611111111,202.67,132.0,0.0089863940377771,0.2,0.2857142857142857,2
13467,1071.91,2,580,89,11.11736111111111,25.71180555555556,535.955,290.0,0.0374366307032367,0.0,0.0,2
13468,12793.28,72,5617,290,2.0909722222222222,734.8798611111112,177.68444444444447,78.01388888888889,0.096483140458276,0.0416666666666666,0.1724137931034483,2
13469,82.4,1,52,6,653.9076388888889,0.0,82.4,52.0,0.0,0.0,0.0,0
13470,165.0,2,100,7,99.91180555555556,15.910416666666666,82.5,50.0,0.0591351484538622,0.0,0.0,0
13471,2501.84,4,1583,214,1.8791666666666669,46.10694444444445,625.46,395.75,0.0636848777898988,0.5,0.0,2
13472,592.24,2,310,24,464.13125,91.99513888888887,296.12,155.0,0.0107532502445617,0.0,0.0,0
13473,2657.76,8,1000,65,61.0625,663.6791666666667,332.22,125.0,0.0105313967264908,0.0,0.2,2
13474,646.59,3,318,116,236.95625,258.9673611111112,215.53,106.0,0.0076932734611449,0.6666666666666666,0.0,1
13475,1431.78,4,1012,64,191.95694444444445,107.05277777777778,357.945,253.0,0.0277642098768605,0.0,0.0,2
13476,2061.4700000000003,5,713,86,179.03472222222223,466.09791666666666,412.294,142.6,0.0085635149660804,0.0,0.2857142857142857,2
13477,2819.17,11,2091,112,38.03194444444444,646.0083333333333,256.28818181818184,190.0909090909091,0.0154557514715163,0.0909090909090909,0.1538461538461538,2
13478,2215.78,5,1189,114,469.9770833333333,207.8972222222222,443.15600000000006,237.8,0.0191481722803611,0.2,0.2857142857142857,2
13479,851.37,4,716,45,201.08680555555557,276.76875,212.8425,179.0,0.0108003510114078,0.0,0.4285714285714285,2
13480,627.82,2,362,40,417.0395833333333,262.97083333333336,313.91,181.0,0.0037882973182011,0.0,0.0,0
13481,3830.84,11,2055,162,46.15486111111111,689.8541666666666,348.2581818181818,186.8181818181818,0.0144748348964144,0.0,0.2142857142857142,2
13482,336.09,2,187,20,232.82430555555555,395.27222222222224,168.045,93.5,0.0025235177837906,0.0,0.0,0
13483,140.34,1,160,10,66.03958333333334,0.0,140.34,160.0,0.0,0.0,0.0,0
13484,790.72,3,224,38,241.84722222222223,398.1972222222222,263.5733333333333,74.66666666666667,0.0050100549018516,0.3333333333333333,0.25,0
13485,3019.2200000000003,11,1798,131,233.95277777777775,503.0083333333333,274.4745454545455,163.45454545454547,0.0198409417833699,0.1818181818181818,0.2666666666666666,2
13486,1122.41,3,669,69,78.98402777777778,76.82916666666667,374.1366666666667,223.0,0.0256973071363563,0.0,0.0,2
13487,846.87,5,362,31,58.02986111111111,677.0708333333333,169.374,72.4,0.0058990887136914,0.2,0.0,0
13488,14205.96,23,7375,370,17.922916666666666,666.1861111111111,617.6504347826086,320.6521739130435,0.0329743075187249,0.1304347826086956,0.2068965517241379,2
13489,449.52,4,560,11,105.98194444444444,189.10694444444445,112.38,140.0,0.0157805913338252,0.0,0.0,0
13490,154.25,1,25,8,654.9180555555556,0.0,154.25,25.0,0.0,0.0,0.0,0
13491,4467.66,27,2349,144,52.17916666666667,681.0055555555556,165.46888888888887,87.0,0.0381228566075545,0.074074074074074,0.0,2
13492,1269.84,3,408,38,136.93402777777777,78.17986111111111,423.28,136.0,0.0252589480700585,0.0,0.0,2
13493,618.63,2,380,6,275.8854166666667,11.953472222222222,309.315,190.0,0.0771993781161207,0.0,0.0,0
13494,316.26000000000005,1,162,18,312.0361111111111,0.0,316.26000000000005,162.0,0.0,0.0,0.0,0
13495,4863.31,10,2465,59,8.061805555555555,724.9645833333333,486.331,246.5,0.0123972989958761,0.0,0.2307692307692307,2
13496,653.33,2,341,28,11.077777777777778,349.0284722222222,326.665,170.5,0.0028569104497451,0.0,0.3333333333333333,0
13497,1166.83,6,525,52,283.15694444444443,386.9423611111111,194.47166666666664,87.5,0.0128885125761451,0.0,0.1428571428571428,0
13498,327.38,1,362,17,730.8916666666667,0.0,327.38,362.0,0.0,0.0,0.0,0
13499,1159.11,5,1365,31,18.061805555555555,252.10347222222225,231.822,273.0,0.0158038132186825,0.0,0.2857142857142857,2
13500,1466.3,4,838,77,23.885416666666668,378.0965277777778,366.575,209.5,0.0079135517742292,0.0,0.2,2
13501,2885.11,3,1253,90,288.74375,282.2326388888889,961.7033333333334,417.6666666666667,0.0070613330718024,0.0,0.4,2
13502,780.5,5,490,28,17.090972222222224,531.9909722222222,156.1,98.0,0.007504817545638,0.0,0.1666666666666666,0
13503,1859.24,6,1105,158,71.97708333333334,589.9819444444445,309.87333333333333,184.16666666666663,0.0084604953620034,0.0,0.5,2
13504,295.93,1,178,22,64.97916666666667,0.0,295.93,178.0,0.0,0.0,0.0,0
13505,4393.63,4,2486,182,73.0375,159.9923611111111,1098.4075,621.5,0.0186344245111698,0.25,0.5,2
13506,1338.08,5,942,55,316.95625,144.05555555555554,267.616,188.4,0.0275756415166602,0.4,0.375,2
13507,2479.16,4,1597,146,3.984027777777778,142.0576388888889,619.79,399.25,0.0209705683897807,0.25,0.0,2
13508,287.05,2,180,27,244.0361111111111,399.0,143.525,90.0,0.0025,1.0,0.0,1
13509,1114.72,8,1214,27,9.11111111111111,498.9166666666667,139.34,151.75,0.014002333722287,0.0,0.0,2
13510,4558.29,11,3044,176,1.961111111111111,717.0784722222222,414.39,276.72727272727275,0.0139260545843314,0.0909090909090909,0.3529411764705882,2
13511,282.76,1,60,5,677.0277777777778,0.0,282.76,60.0,0.0,0.0,0.5,0
13512,713.39,4,419,31,261.11597222222224,322.8618055555556,178.3475,104.75,0.009263210259863,0.0,0.0,0
13513,824.59,3,364,32,127.04166666666669,528.8013888888889,274.86333333333334,121.33333333333331,0.0037749995412326,0.0,0.25,0
13514,815.9000000000001,4,288,15,74.13263888888889,608.7694444444444,203.975,72.0,0.0049198923090239,0.25,0.0,0
13515,1265.82,6,819,64,73.05833333333334,571.9777777777778,210.97,136.5,0.0087263419174681,0.1666666666666666,0.0,2
13516,1685.26,4,1114,55,21.98263888888889,396.1826388888889,421.315,278.5,0.0075532002314916,0.0,0.0,2
13517,2128.42,3,1369,125,60.046527777777776,120.12430555555557,709.4733333333334,456.3333333333333,0.0165119625728848,0.0,0.4,2
13518,627.16,1,382,36,86.09791666666666,0.0,627.16,382.0,0.0,0.0,0.0,2
13519,343.21,2,133,19,78.76805555555555,364.2770833333333,171.605,66.5,0.0027376477902049,0.0,0.3333333333333333,0
13520,6606.0,11,3179,81,59.10416666666666,663.9645833333333,600.5454545454545,289.0,0.0150383949019841,0.0909090909090909,0.2666666666666666,2
13521,1071.73,3,718,313,1.9583333333333333,8.94513888888889,357.24333333333334,239.33333333333331,0.2011032749109698,0.3333333333333333,0.0,2
13522,125.8,1,44,5,30.902083333333334,0.0,125.8,44.0,0.0,0.0,0.0,0
13523,4534.57,6,1989,177,33.90208333333333,369.0111111111111,755.7616666666667,331.5,0.013513107714483,0.1666666666666666,0.1428571428571428,2
13524,680.1800000000001,5,324,17,41.01111111111111,179.00555555555556,136.036,64.8,0.0222215363723341,0.4,0.0,1
13525,628.78,2,394,5,15.034027777777778,233.85069444444449,314.39,197.0,0.0042580244540709,0.0,0.0,0
13526,1182.0,2,1911,29,738.9840277777778,0.0118055555555555,591.0,955.5,0.9883321894303364,0.0,0.5,2
13527,4541.29,12,2736,266,34.03194444444444,653.9770833333333,378.4408333333333,228.0,0.016794480722926,0.6666666666666666,0.1428571428571428,1
13529,307.76,2,74,15,79.14930555555556,125.89236111111111,153.88,37.0,0.0078806950335203,0.0,0.0,0
13530,402.98,1,272,18,634.9444444444445,0.0,402.98,272.0,0.0,0.0,0.0,0
13531,1433.07,6,497,44,205.82916666666668,531.0666666666667,238.845,82.83333333333333,0.0093973186317504,0.0,0.0,0
13532,210.31,1,129,66,34.017361111111114,0.0,210.31,129.0,0.0,1.0,0.0,1
13533,269.09,3,202,61,183.0388888888889,84.96319444444444,89.69666666666666,67.33333333333333,0.0232657710421934,0.0,0.0,0
13534,7720.9,35,3869,163,2.915277777777778,517.9944444444444,220.59714285714284,110.54285714285714,0.0655112985581091,0.0,0.4166666666666667,2
13535,89.5,1,10,1,403.0423611111111,0.0,89.5,10.0,0.0,0.0,0.0,0
13536,3444.39,7,2126,91,1.8416666666666663,74.13055555555556,492.0557142857143,303.7142857142857,0.0798609827337597,0.5714285714285714,0.0,1
13537,717.85,2,337,38,426.00347222222223,26.086111111111112,358.925,168.5,0.036919290329197,0.5,0.0,1
13538,3103.13,12,959,105,43.84444444444444,632.1576388888889,258.5941666666667,79.91666666666667,0.0173732406029304,0.0833333333333333,0.0,2
13539,1569.36,7,710,69,86.10555555555555,504.9263888888889,224.1942857142857,101.42857142857144,0.0118594327787035,0.0,0.2222222222222222,2
13540,632.39,3,189,26,467.9375,188.20694444444445,210.79666666666665,63.0,0.0105704365443481,0.3333333333333333,0.0,0
13541,785.25,2,279,10,427.84236111111113,143.01527777777778,392.625,139.5,0.0069437077470561,0.0,0.3333333333333333,0
13542,3959.49,17,804,98,377.0597222222222,352.6465277777778,232.91117647058823,47.294117647058826,0.0452429155760126,0.6470588235294118,0.0555555555555555,1
13543,1439.61,2,329,37,634.9694444444444,52.96111111111111,719.8050000000001,164.5,0.0185318645114794,0.0,0.0,0
13544,790.2,6,331,219,40.03680555555555,605.0180555555555,131.70000000000002,55.16666666666666,0.0082505792594188,0.1666666666666666,0.1428571428571428,2
13545,364.93,2,252,54,391.0576388888889,153.98472222222222,182.465,126.0,0.0064522488775775,1.0,0.3333333333333333,1
13546,1086.24,5,587,95,12.916666666666666,411.89375,217.248,117.4,0.0096877223256588,0.2,0.0,2
13547,167.08,1,79,44,408.94166666666666,0.0,167.08,79.0,0.0,0.0,0.0,0
13548,901.44,3,558,169,96.91666666666669,375.04583333333335,300.48,186.0,0.0053185006260318,0.6666666666666666,0.0,1
13549,1005.8,8,554,44,26.14583333333333,361.87708333333336,125.725,69.25,0.0192902785033958,0.125,0.1111111111111111,0
13550,342.55,1,430,40,383.8930555555556,0.0,342.55,430.0,0.0,1.0,0.0,1
13551,244.2,2,36,5,319.9194444444444,346.9895833333333,122.1,18.0,0.0028736492351902,0.0,0.0,0
13552,6948.92,22,2630,162,66.89652777777778,592.0770833333333,315.86,119.54545454545456,0.0354085507434741,0.0,0.3125,2
13553,499.6,1,201,85,675.0201388888889,0.0,499.6,201.0,0.0,0.0,0.0,0
13554,1629.35,7,578,156,380.90625,66.10138888888889,232.7642857142857,82.57142857142857,0.0894169271210647,0.1428571428571428,0.3,2
13555,8891.84,13,4762,264,74.00972222222222,615.9694444444444,683.9876923076923,366.3076923076923,0.0194499097290069,0.3076923076923077,0.1875,2
13556,200.82,2,134,8,429.8375,6.321527777777778,100.41,67.0,0.1365835151285213,0.0,0.0,0
13557,3032.26,13,2398,126,28.89305555555556,702.9048611111111,233.25076923076924,184.46153846153845,0.0170477583874872,0.0769230769230769,0.1875,2
13558,594.52,4,338,123,6.059722222222222,62.93263888888889,148.63,84.5,0.0469243887338018,0.75,0.0,1
13559,990.0,2,360,1,513.1236111111111,30.916666666666668,495.0,180.0,0.031331592689295,0.0,0.0,0
13560,171.42000000000002,1,63,32,7.985416666666667,0.0,171.42000000000002,63.0,0.0,0.0,0.0,0
13561,1803.4,11,1125,131,216.0076388888889,433.95625,163.94545454545457,102.27272727272728,0.0229908180420444,0.8181818181818182,0.0,1
13562,4838.18,8,1603,88,82.0826388888889,612.7625,604.7725,200.375,0.0114050630333394,0.0,0.0,2
13563,777.53,2,209,49,84.92013888888889,55.891666666666666,388.765,104.5,0.0175772667350227,0.0,0.0,0
13564,16498.97,37,8878,484,144.9284722222222,593.1097222222222,445.9181081081081,239.94594594594597,0.0605948676708146,0.2162162162162162,0.3148148148148148,2
13565,414.8,3,260,45,19.928472222222226,391.9458333333333,138.26666666666668,86.66666666666667,0.0050897600390214,1.0,0.0,1
13566,1688.6,5,1257,263,41.03541666666667,598.9840277777778,337.72,251.4,0.0066668441405268,0.6,0.0,1
13567,1079.29,4,643,180,428.9993055555556,113.00208333333332,269.8225,160.75,0.0263153085652674,0.0,0.2,2
13568,187.05,1,66,41,173.92222222222222,0.0,187.05,66.0,0.0,1.0,0.0,1
13569,726.54,4,345,140,17.988194444444446,411.00138888888887,181.635,86.25,0.0072815288513725,0.0,0.0,0
13570,239.49,1,161,27,243.9680555555556,0.0,239.49,161.0,0.0,1.0,0.0,1
13571,4537.26,26,3191,263,13.085416666666667,718.90625,174.51000000000002,122.73076923076924,0.0347267439336719,0.2307692307692307,0.0,2
13572,1384.25,1,534,32,206.03541666666663,0.0,1384.25,534.0,0.0,0.0,0.0,2
13573,904.52,6,647,73,50.92847222222223,586.9354166666667,150.75333333333333,107.83333333333331,0.0085043354393375,0.0,0.0,2
13574,404.45,1,304,84,411.9736111111111,0.0,404.45,304.0,0.0,1.0,0.0,1
13575,732.0699999999999,5,449,41,23.98333333333333,152.95138888888889,146.414,89.8,0.0259822274347061,0.0,0.0,0
13576,11202.59,28,4506,145,10.886111111111113,721.0152777777778,400.0925,160.92857142857142,0.0373953305851099,0.1071428571428571,0.125,2
13577,3489.28,11,1661,102,25.896527777777777,699.9645833333333,317.2072727272728,151.0,0.0142660560002139,0.0,0.2142857142857142,2
13578,147.66,1,127,9,409.9625,0.0,147.66,127.0,0.0,0.0,0.0,0
13579,1374.34,5,718,72,15.172916666666667,644.7833333333333,274.868,143.6,0.0061940279247425,0.2,0.1666666666666666,2
13580,107.75,1,45,5,406.9090277777778,0.0,107.75,45.0,0.0,0.0,0.0,0
13581,280.53000000000003,2,119,32,309.92291666666665,104.92430555555556,140.265,59.5,0.0094407038569208,0.0,0.0,0
13582,241.68,2,106,10,390.0527777777778,227.99722222222223,120.84,53.0,0.0043668651972973,0.0,0.0,0
13583,1445.031,2,1097,93,156.09027777777777,523.8659722222222,722.5155,548.5,0.0019052482975151,0.0,0.0,2
13584,385.7,3,360,74,307.00069444444443,369.17291666666665,128.56666666666666,120.0,0.0054028804106189,0.3333333333333333,0.4,0
13585,684.54,3,1386,29,531.0118055555556,207.90069444444444,228.18,462.0,0.0095739270054551,0.3333333333333333,0.25,2
13586,127.28,1,38,20,541.9604166666667,0.0,127.28,38.0,0.0,0.0,0.0,0
13587,1673.5,4,664,27,64.01319444444445,599.9680555555556,418.375,166.0,0.0049919458651203,0.25,0.3333333333333333,2
13588,2478.95,9,2606,131,16.08888888888889,239.78402777777777,275.43888888888887,289.55555555555554,0.0332247951570246,0.0,0.3076923076923077,2
13589,1120.74,6,293,48,15.02777777777778,719.0722222222222,186.79,48.833333333333336,0.0069437479265197,0.3333333333333333,0.0,0
13590,6336.04,18,5271,255,11.997222222222222,726.9701388888889,352.0022222222222,292.8333333333333,0.0233526062290787,0.1111111111111111,0.1428571428571428,2
13591,2093.94,7,850,89,65.01666666666667,660.8625,299.13428571428574,121.42857142857144,0.0090653270127858,0.0,0.125,2
13592,247.96,4,84,15,36.12569444444444,228.825,61.99,21.0,0.0130534102034156,0.25,0.0,0
13593,5493.29,14,2170,212,108.96875,538.8743055555556,392.3778571428571,155.0,0.0240796790405174,0.2142857142857142,0.125,2
13594,533.32,2,396,31,53.10486111111111,432.9972222222222,266.66,198.0,0.0023041622130197,0.0,0.3333333333333333,0
13595,784.48,3,341,114,517.0097222222222,129.9125,261.49333333333334,113.66666666666669,0.0152773799293421,0.6666666666666666,0.0,1
13596,664.11,2,384,133,6.034027777777778,7.002777777777778,332.055,192.0,0.1249566122874002,1.0,0.0,1
13597,396.71,2,231,17,400.9138888888889,2.225,198.355,115.5,0.3100775193798449,0.0,0.3333333333333333,0
13598,761.96,5,393,78,47.93194444444445,604.1291666666667,152.392,78.6,0.0066101589880948,0.6,0.1666666666666666,1
13599,9811.04,33,6248,235,1.8611111111111112,737.1527777777778,297.30424242424243,189.33333333333331,0.0433514591604417,0.0,0.3653846153846153,2
13600,518.42,2,599,35,312.8909722222222,321.9243055555556,259.21,299.5,0.0030967009382573,0.0,0.0,0
13601,1159.99,4,957,160,45.80486111111111,501.10277777777776,289.9975,239.25,0.0059748723424265,0.0,0.0,2
13602,1025.17,4,538,49,65.04375,495.99861111111113,256.2925,134.5,0.0060362341723512,0.0,0.0,2
13603,164.34,1,164,27,26.87013888888889,0.0,164.34,164.0,0.0,1.0,0.0,1
13604,717.62,1,242,21,659.0333333333333,0.0,717.62,242.0,0.0,0.0,0.5,0
13605,522.67,2,425,50,387.8152777777778,184.0625,261.335,212.5,0.0054035798716649,0.0,0.0,0
13606,276.75,3,276,40,29.794444444444444,282.2527777777778,92.25,92.0,0.0070608310205842,0.3333333333333333,0.0,0
13607,1075.81,2,466,110,40.85625,362.1868055555556,537.905,233.0,0.0027534039912885,0.5,0.3333333333333333,1
13608,232.05,1,110,31,541.0152777777778,0.0,232.05,110.0,0.0,0.0,0.0,0
13609,167.35,1,19,7,593.975,0.0,167.35,19.0,0.0,1.0,0.0,1
13610,2103.71,14,869,309,12.883333333333333,691.0597222222223,150.265,62.07142857142857,0.0187845059935819,0.5,0.1764705882352941,1
13611,3297.9300000000003,10,1988,170,89.91597222222222,647.2875,329.793,198.8,0.013882729498872,0.1,0.2857142857142857,2
13612,818.29,1,444,50,633.025,0.0,818.29,444.0,0.0,0.0,0.5,2
13613,1039.85,5,445,50,453.0340277777778,207.97291666666663,207.97000000000003,89.0,0.0191412364042389,0.0,0.0,0
13614,2332.74,6,821,227,24.91875,527.0451388888889,388.79,136.83333333333334,0.0094688874714782,0.3333333333333333,0.0,2
13615,6272.53,8,2910,259,319.1868055555556,361.69305555555553,784.06625,363.75,0.0193000662482432,0.125,0.3333333333333333,2
13616,283.85,2,172,31,568.99375,122.91875,141.925,86.0,0.008069803802895,0.5,0.0,1
13617,1278.75,8,593,48,40.958333333333336,454.9354166666666,159.84375,74.125,0.0153530516474829,0.625,0.1111111111111111,1
13618,177.34,1,246,13,174.0701388888889,0.0,177.34,246.0,0.0,1.0,0.0,1
13619,224.94,2,79,39,545.0493055555555,129.89097222222222,112.47,39.5,0.0076399463081551,0.5,0.0,1
13620,112.34,1,74,5,528.9083333333333,0.0,112.34,74.0,0.0,0.0,0.0,0
13621,213.85,1,343,19,117.18333333333334,0.0,213.85,343.0,0.0,0.0,0.0,0
13622,658.95,1,379,32,696.9777777777778,0.0,658.95,379.0,0.0,0.0,0.5,0
13623,2533.06,10,1010,211,31.03472222222222,706.91875,253.306,101.0,0.0127133233863349,0.1,0.3333333333333333,2
13624,462.08,1,820,22,388.96319444444447,0.0,462.08,820.0,0.0,0.0,0.5,2
13625,301.26,1,144,21,597.0833333333334,0.0,301.26,144.0,0.0,0.0,0.0,0
13626,707.04,2,398,44,253.11458333333331,126.74513888888887,353.52,199.0,0.0078280865221007,0.0,0.3333333333333333,0
13627,2245.9,7,1632,118,59.9375,581.0118055555556,320.8428571428572,233.14285714285717,0.0103090692366158,0.1428571428571428,0.3,2
13628,310.14,1,106,16,676.9208333333333,0.0,310.14,106.0,0.0,0.0,0.0,0
13629,13370.86,19,7722,28,23.978472222222223,642.8243055555556,703.7294736842106,406.42105263157896,0.0279579379726396,0.1052631578947368,0.0,2
13630,2031.78,7,1391,51,5.898611111111111,280.1020833333333,290.2542857142857,198.7142857142857,0.0213445589902837,0.4285714285714285,0.3636363636363636,2
13631,3070.42,11,467,6,100.12013888888887,167.69722222222222,279.1290909090909,42.45454545454545,0.0592777988177372,0.0909090909090909,0.0833333333333333,0
13632,3645.81,8,1633,166,25.082638888888887,586.9944444444444,455.72625,204.125,0.0119048743846786,0.25,0.2,2
13634,5033.77,16,2090,269,33.96527777777778,664.9680555555556,314.610625,130.625,0.0225236028588291,0.6875,0.0588235294117647,1
13635,2999.16,4,1884,135,68.07986111111111,671.0479166666667,749.79,471.0,0.0044639674130378,0.0,0.3333333333333333,2
13636,949.12,5,592,57,37.09722222222222,248.83402777777775,189.824,118.4,0.0160106292788823,0.2,0.1666666666666666,2
13637,804.3,3,405,79,52.97083333333333,174.01805555555555,268.1,135.0,0.011427392411894,0.3333333333333333,0.0,2
13638,122.64,1,93,8,16.091666666666665,0.0,122.64,93.0,0.0,0.0,0.0,0
13639,1346.27,2,997,49,74.96805555555555,362.1465277777778,673.135,498.5,0.0027537093803962,0.0,0.0,2
13640,405.0,1,108,4,611.8868055555556,0.0,405.0,108.0,0.0,0.0,0.0,0
13641,1016.47,5,1098,41,641.2173611111111,93.76388888888889,203.294,219.6,0.0422101714788216,0.2,0.2857142857142857,2
13642,472.2,4,231,93,216.01111111111112,217.0076388888889,118.05,57.75,0.0137609856943086,1.0,0.2,1
13643,2156.77,10,902,71,31.884027777777774,700.1173611111111,215.677,90.2,0.0128366526051174,0.0,0.3333333333333333,2
13644,2624.26,4,2067,144,16.946527777777778,89.09305555555555,656.065,516.75,0.0332989039110796,0.0,0.2,2
13645,252.1,1,158,5,120.86041666666668,0.0,252.1,158.0,0.0,0.0,0.0,0
13646,326.25,2,79,58,400.02569444444447,0.0090277777777777,163.125,39.5,0.9910529938059188,0.0,0.3333333333333333,0
13647,3041.68,8,1795,98,10.03472222222222,593.9618055555555,380.21,224.375,0.0117654611348767,0.125,0.1111111111111111,2
13648,1764.02,8,960,95,400.9194444444444,337.85625,220.5025,120.0,0.020657727281111,0.125,0.2727272727272727,2
13649,1453.68,6,782,97,257.0409722222222,270.8027777777778,242.28,130.33333333333334,0.0183956913202996,0.1666666666666666,0.0,2
13650,3288.0,10,1746,127,17.019444444444446,666.1513888888888,328.8,174.6,0.013490191506592,0.0,0.375,2
13651,226.85,3,62,14,35.91041666666667,346.21875,75.61666666666666,20.666666666666668,0.005760057600576,0.0,0.25,0
13652,2262.05,5,1458,116,46.16597222222222,606.6347222222222,452.41,291.6,0.0065829022827585,0.0,0.0,2
13653,152.2,1,72,9,488.1881944444444,0.0,152.2,72.0,0.0,0.0,0.0,0
13654,6308.0,11,4762,262,43.85138888888889,694.1951388888889,573.4545454545455,432.9090909090909,0.0143844504091077,0.2727272727272727,0.0,2
13655,2280.51,6,1225,103,114.93402777777776,477.1847222222222,380.085,204.16666666666663,0.0104562102627703,0.0,0.25,2
13656,1078.85,4,862,81,165.09652777777777,430.9034722222222,269.7125,215.5,0.0069459964851971,0.0,0.4285714285714285,2
13657,382.14,2,209,16,11.0125,190.99791666666667,191.07,104.5,0.0052083898479801,0.5,0.0,1
13658,6025.5,9,2171,164,10.109027777777778,662.8722222222223,669.5,241.22222222222223,0.0120505117283279,0.1111111111111111,0.3076923076923077,2
13659,4884.68,12,2527,224,206.0090277777778,455.14722222222224,407.0566666666667,210.58333333333331,0.0241150213442297,0.0833333333333333,0.2941176470588235,2
13660,306.64,1,136,39,400.8611111111111,0.0,306.64,136.0,0.0,0.0,0.5,0
13661,325.24,1,118,17,603.9111111111112,0.0,325.24,118.0,0.0,0.0,0.0,0
13662,2233.61,11,1169,126,86.03194444444445,572.9465277777778,203.05545454545452,106.27272727272728,0.0174232258860738,0.0,0.3529411764705882,2
13663,2047.51,5,893,87,179.87916666666666,467.23125,409.502,178.6,0.0085427873513354,0.2,0.1666666666666666,2
13665,1711.66,3,1652,97,386.9888888888889,117.98402777777778,570.5533333333333,550.6666666666666,0.0168089787961736,0.0,0.0,2
13666,127.9,5,54,19,60.88263888888889,675.2020833333333,25.58,10.8,0.0059153914171367,0.0,0.0,0
13667,299.05,1,149,82,149.88055555555556,0.0,299.05,149.0,0.0,0.0,0.0,0
13668,12948.48,35,6096,411,3.027083333333333,725.9048611111111,369.9565714285714,174.17142857142858,0.0467736588637325,0.2857142857142857,0.2553191489361702,2
13669,413.55,3,393,13,51.1375,356.76875,137.85,131.0,0.0055902031689464,0.0,0.0,0
13670,349.7,1,282,25,75.89236111111111,0.0,349.7,282.0,0.0,1.0,0.0,1
13671,172.6,1,95,61,395.0833333333333,0.0,172.6,95.0,0.0,0.0,0.0,0
13672,419.92,3,138,13,301.95625,429.09236111111113,139.97333333333333,46.0,0.004650163966719,0.0,0.5714285714285714,0
13673,387.44,2,114,47,19.027083333333334,13.854861111111113,193.72,57.0,0.0673180309475947,0.0,0.0,0
13674,240.68,1,102,14,433.0895833333333,0.0,240.68,102.0,0.0,1.0,0.5,1
13675,486.8200000000001,2,330,25,151.9951388888889,133.0298611111111,243.41000000000005,165.0,0.0074610239219079,0.0,0.0,0
13676,243.9,2,104,13,539.8055555555555,80.02569444444444,121.95,52.0,0.0123417640151872,0.0,0.3333333333333333,0
13677,551.24,2,217,98,405.0541666666667,115.75486111111113,275.62,108.5,0.0085649538741546,0.5,0.0,1
13678,232.6,1,924,16,152.10833333333332,0.0,232.6,924.0,0.0,0.0,0.0,0
13679,281.26,3,102,44,494.02569444444447,241.80625,93.75333333333332,34.0,0.0082370202579216,0.0,0.0,0
13680,11419.67,12,5244,354,1.9604166666666667,733.98125,951.6391666666668,437.0,0.0149663681896647,0.0,0.0769230769230769,2
13681,827.83,4,360,37,18.06736111111111,137.82777777777778,206.9575,90.0,0.0216095081836007,0.5,0.0,1
13682,59.5,1,10,3,187.94722222222225,0.0,59.5,10.0,0.0,1.0,0.0,1
13683,258.6,1,180,10,458.11805555555554,0.0,258.6,180.0,0.0,0.0,0.0,0
13684,594.88,4,234,81,286.1090277777778,335.80902777777777,148.72,58.5,0.0089071246688178,0.75,0.3333333333333333,1
13685,3119.44,7,5056,29,3.0479166666666666,57.94583333333333,445.63428571428574,722.2857142857143,0.1017883650243867,0.0,0.0,2
13686,409.04,3,378,27,183.15277777777777,218.80972222222223,136.34666666666666,126.0,0.0090987786153428,0.0,0.0,0
13687,11880.84,1,87167,45,438.84722222222223,0.0,11880.84,87167.0,0.0,0.0,0.0,2
13688,375.5,1,130,5,635.94375,0.0,375.5,130.0,0.0,1.0,0.0,1
13689,1259.5,2,722,6,63.97847222222222,381.1208333333333,629.75,361.0,0.0026169732523525,0.0,0.0,2
13690,172.25,1,67,9,59.90763888888889,0.0,172.25,67.0,0.0,0.0,0.0,0
13691,212.78,1,145,54,396.8027777777778,0.0,212.78,145.0,0.0,0.0,0.0,0
13692,3114.4,5,2101,83,25.06458333333333,395.9090277777778,622.88,420.2,0.0100778760876145,0.2,0.375,2
13693,2011.82,9,880,78,374.7701388888889,358.2861111111111,223.5355555555556,97.77777777777776,0.0222663769975955,0.3333333333333333,0.3076923076923077,2
13694,195640.69,143,188201,896,4.1375,731.7541666666667,1368.116713286713,1316.090909090909,0.1937894132297666,0.0209790209790209,0.1280487804878048,2
13695,2770.73,16,1791,47,31.933333333333334,546.1381944444445,173.170625,111.9375,0.0274153772343215,0.0625,0.0,2
13696,2020.4,3,552,24,422.12916666666666,244.81041666666667,673.4666666666667,184.0,0.0081363516938019,0.0,0.25,2
13697,151.29999999999998,1,177,12,39.15,0.0,151.29999999999998,177.0,0.0,0.0,0.0,0
13698,451.73,2,227,31,597.0402777777778,85.11805555555556,225.865,113.5,0.0116119667768728,0.0,0.0,0
13699,764.15,2,219,33,155.83263888888888,395.15833333333336,382.075,109.5,0.0025242432529081,0.0,0.3333333333333333,0
13700,2596.9700000000003,13,2786,163,26.99305555555556,644.0881944444444,199.7669230769231,214.30769230769232,0.018602107592954,0.3846153846153846,0.0714285714285714,2
13701,161.0,1,80,9,447.0076388888889,0.0,161.0,80.0,0.0,1.0,0.5,1
13702,135.18,1,74,5,446.0486111111111,0.0,135.18,74.0,0.0,0.0,0.0,0
13703,425.56,2,128,36,318.9861111111111,96.99930555555557,212.78,64.0,0.0102041539410001,0.0,0.3333333333333333,0
13704,2308.06,9,1531,111,5.9006944444444445,83.02291666666666,256.4511111111111,170.11111111111111,0.0952121197094046,0.1111111111111111,0.1,2
13705,1717.19,7,906,55,8.0125,616.8006944444444,245.31285714285715,129.42857142857142,0.0097118699508673,0.0,0.0,2
13706,631.17,2,301,38,303.1451388888889,324.00208333333336,315.585,150.5,0.0030769033531836,0.0,0.0,0
13707,3365.86,5,2210,142,267.78263888888887,269.25416666666666,673.172,442.0,0.014800881885879,0.0,0.0,2
13708,285.33,1,301,49,271.9611111111111,0.0,285.33,301.0,0.0,1.0,0.0,1
13709,7571.35,18,4122,296,4.098611111111111,693.9916666666667,420.6305555555556,229.0,0.0244607249487403,0.1111111111111111,0.1818181818181818,2
13710,509.52,3,336,13,32.19027777777778,580.8069444444444,169.84,112.0,0.0034375663939689,0.0,0.0,0
13711,1792.26,9,819,80,219.09652777777777,505.64375,199.14,91.0,0.0157901878785635,0.1111111111111111,0.4,2
13712,766.42,2,1128,32,247.01180555555555,364.05347222222224,383.21,564.0,0.0027393247184107,0.0,0.0,2
13713,740.76,3,284,70,408.8555555555556,174.97916666666666,246.92,94.66666666666669,0.01136498165029,0.0,0.0,0
13714,161.35,1,50,30,465.9534722222222,0.0,161.35,50.0,0.0,0.0,0.0,0
13715,8153.04,17,4800,277,281.7284722222222,357.15833333333336,479.5905882352941,282.3529411764706,0.0446729798273575,0.1764705882352941,0.1904761904761904,2
13716,138.28,1,138,21,269.9590277777778,0.0,138.28,138.0,0.0,0.0,0.0,0
13717,1763.3,8,2144,110,32.94236111111111,453.18958333333336,220.4125,268.0,0.0154120663636238,0.0,0.2727272727272727,2
13718,306.55,2,173,9,246.9763888888889,49.05972222222222,153.275,86.5,0.0199761396110201,0.0,0.0,0
13719,2783.08,11,1588,194,15.891666666666667,556.0347222222222,253.00727272727272,144.36363636363637,0.0179522022614788,0.1818181818181818,0.0,2
13720,799.9,4,501,42,117.00277777777778,138.14513888888888,199.975,125.25,0.0215602213915326,0.0,0.0,0
13721,741.54,2,512,41,36.94791666666666,358.8375,370.77,256.0,0.0027790322020356,0.0,0.0,2
13722,5635.41,10,3059,137,132.00416666666666,514.9381944444444,563.5409999999999,305.9,0.0174439498701798,0.2,0.0909090909090909,2
13723,1194.08,6,593,51,217.82361111111112,394.1055555555556,199.0133333333333,98.83333333333331,0.0126548461030104,0.0,0.0,0
13724,213.01,1,130,39,637.8902777777778,0.0,213.01,130.0,0.0,0.0,0.0,0
13725,1980.56,8,806,95,50.11597222222223,258.90625,247.57,100.75,0.0269327882649994,0.25,0.2727272727272727,2
13726,1079.66,2,1054,39,39.08402777777778,61.988194444444446,539.8299999999999,527.0,0.0158759908713052,0.0,0.0,2
13727,1074.15,8,368,74,29.127777777777776,701.8479166666667,134.26875,46.0,0.0099594803285442,0.125,0.1111111111111111,0
13728,2855.17,16,1269,75,37.08402777777778,693.7333333333333,178.448125,79.3125,0.0215910181364552,0.0,0.0,2
13729,724.73,3,419,36,436.0875,248.82430555555555,241.57666666666668,139.66666666666666,0.0080056261761738,0.3333333333333333,0.4,2
13730,752.6,2,488,38,136.17708333333334,25.825,376.3,244.0,0.0372786579683131,0.0,0.0,2
13731,610.59,2,278,36,219.9284722222222,27.18263888888889,305.295,139.0,0.0354828376413769,0.0,0.0,0
13732,491.86,1,498,33,28.875694444444445,0.0,491.86,498.0,0.0,0.0,0.0,2
13733,487.03,2,335,28,411.02222222222224,324.86805555555554,243.515,167.5,0.003068726691529,0.0,0.3333333333333333,0
13734,6695.6900000000005,4,302,24,509.0319444444444,94.14027777777778,1673.9225,75.5,0.0315323863885198,0.0,0.3333333333333333,2
13735,9762.77,13,4135,362,25.066666666666663,701.9048611111111,750.9823076923077,318.0769230769231,0.017072011681682,0.1538461538461538,0.4090909090909091,2
13736,2752.47,7,1549,325,5.896527777777778,728.1333333333333,393.21,221.28571428571428,0.0082289476090335,0.5714285714285714,0.4166666666666667,1
13737,339.6,1,125,29,200.84583333333333,0.0,339.6,125.0,0.0,0.0,0.0,0
13738,434.78,1,237,88,396.89375,0.0,434.78,237.0,0.0,0.0,0.0,0
13739,292.2,2,76,6,18.96875,509.13194444444446,146.1,38.0,0.0019602771614097,0.0,0.0,0
13740,1582.77,5,987,83,241.09583333333333,496.9236111111111,316.554,197.4,0.0080333607620535,0.0,0.0,2
13741,668.4300000000001,3,218,34,72.14652777777778,145.81666666666666,222.81000000000003,72.66666666666667,0.0136224316040413,0.0,0.25,0
13742,3107.87,12,1115,200,17.071527777777778,303.8388888888889,258.9891666666667,92.91666666666669,0.0360846348708789,0.3333333333333333,0.1428571428571428,2
13743,1341.6,7,1776,8,3.111805555555556,256.8076388888889,191.65714285714284,253.7142857142857,0.0232731660933674,0.0,0.125,2
13744,1080.52,2,1153,54,95.89652777777778,197.04930555555555,540.26,576.5,0.0050492476971573,0.5,0.0,1
13745,777.36,2,1146,46,162.83819444444444,383.975,388.68,573.0,0.0025975712708617,0.0,0.5,2
13746,176.69,1,83,9,414.03819444444446,0.0,176.69,83.0,0.0,0.0,0.0,0
13747,169.79999999999998,2,60,4,374.09236111111113,51.05694444444445,84.89999999999999,30.0,0.0192097329313518,0.0,0.0,0
13748,2064.35,9,1028,40,96.12847222222224,642.7090277777778,229.3722222222222,114.22222222222224,0.0124279754590637,0.0,0.0,2
13750,3602.1800000000003,11,1370,51,54.02361111111111,563.89375,327.4709090909091,124.54545454545456,0.0177024440436807,0.0909090909090909,0.1538461538461538,2
13751,296.25,1,152,9,288.87083333333334,0.0,296.25,152.0,0.0,0.0,0.0,0
13752,1579.8300000000002,7,1005,75,124.94027777777778,403.16180555555553,225.69000000000003,143.57142857142858,0.0148455393793396,0.2857142857142857,0.0,2
13753,2094.57,4,1450,64,288.00138888888887,449.10277777777776,523.6425,362.5,0.0066651443806044,0.0,0.0,2
13754,447.05,3,315,16,152.04097222222222,285.8486111111111,149.01666666666668,105.0,0.0069723189254881,0.0,0.0,0
13755,2108.06,9,1242,232,4.016666666666667,59.86180555555556,234.2288888888889,138.0,0.1314453280998619,0.0,0.1,2
13756,8655.95,23,5138,142,2.8375,722.0597222222223,376.3456521739131,223.3913043478261,0.030426255707324,0.0,0.08,2
13757,195.55,1,54,8,675.0090277777778,0.0,195.55,54.0,0.0,0.0,0.0,0
13758,8698.13,15,4667,213,12.06875,727.0451388888889,579.8753333333333,311.1333333333333,0.0192295769206923,0.2666666666666666,0.2105263157894736,2
13759,659.4100000000001,2,287,24,33.91875,37.96319444444445,329.70500000000004,143.5,0.0256652467606537,0.5,0.0,1
13760,1363.64,5,623,95,54.859027777777776,539.1270833333333,272.72799999999995,124.6,0.0074056645619665,0.6,0.1666666666666666,1
13761,1952.17,6,1079,118,50.95069444444445,606.1201388888888,325.3616666666667,179.83333333333334,0.0082356022798892,0.5,0.0,1
13762,2472.48,5,2608,23,219.14930555555557,479.87638888888887,494.496,521.6,0.0083181459776854,0.6,0.1666666666666666,1
13763,5217.4400000000005,3,3224,50,63.90069444444445,371.8986111111111,1739.1466666666668,1074.6666666666667,0.0053633881714943,0.0,0.5,2
13764,2919.62,6,2084,295,71.03263888888888,571.9631944444444,486.6033333333333,347.3333333333333,0.0087265640244974,0.3333333333333333,0.0,2
13765,352.821,1,297,17,653.9611111111111,0.0,352.821,297.0,0.0,0.0,0.0,0
13766,190.35,1,137,16,495.93402777777777,0.0,190.35,137.0,0.0,1.0,0.0,1
13767,33903.57,73,14595,117,2.9097222222222223,736.1722222222222,464.4324657534247,199.93150684931507,0.09767052776752,0.1232876712328767,0.2395833333333333,2
13768,875.97,2,373,30,727.0895833333333,4.011111111111111,437.985,186.5,0.1995565410199556,0.5,0.75,1
13769,5478.12,20,2452,121,2.904166666666667,721.13125,273.906,122.6,0.0263110064825473,0.0,0.3103448275862069,2
13770,785.37,4,468,48,422.90277777777777,308.0180555555556,196.3425,117.0,0.009708170594131,0.0,0.0,0
13771,5728.82,9,3140,182,64.93888888888888,588.0701388888889,636.5355555555556,348.8888888888889,0.0135807257436095,0.0,0.1,2
13772,3100.02,8,1446,394,34.046527777777776,620.9083333333333,387.5025,180.75,0.0112556780876066,0.25,0.1111111111111111,2
13773,301.54,2,174,19,397.0423611111111,263.05694444444447,150.77,87.0,0.0037870619237222,0.0,0.0,0
13774,345.0,1,192,22,82.03055555555555,0.0,345.0,192.0,0.0,0.0,0.0,0
13775,1049.66,1,455,63,591.0243055555555,0.0,1049.66,455.0,0.0,0.0,0.0,2
13776,623.98,2,2,1,428.86041666666665,0.0027777777777777,311.99,1.0,0.997229916897507,0.0,0.75,0
13777,49638.26,61,23190,44,1.0173611111111112,737.1097222222222,813.7419672131148,380.1639344262295,0.081288727398629,0.0983606557377049,0.1643835616438356,2
13778,1124.49,4,511,33,103.89236111111111,462.07708333333335,281.1225,127.75,0.0064784030736423,0.5,0.2,1
13779,161.13,1,53,27,516.0597222222223,0.0,161.13,53.0,0.0,0.0,0.0,0
13780,732.07,3,479,90,7.959027777777778,399.74861111111113,244.0233333333333,159.66666666666666,0.0049906598414772,0.0,0.0,2
13781,778.83,3,300,56,251.02916666666667,470.8486111111111,259.61,100.0,0.0042386476359237,0.3333333333333333,0.25,2
13782,1786.08,13,643,187,13.03888888888889,720.9597222222222,137.39076923076922,49.46153846153846,0.0166214258644007,0.9230769230769232,0.0714285714285714,1
13783,1542.09,4,3437,4,488.14375,185.81666666666663,385.5225,859.25,0.0160585244000356,0.0,0.0,2
13784,2910.23,14,2827,13,10.136805555555556,440.87916666666666,207.87357142857144,201.92857142857144,0.029419807451132,0.0714285714285714,0.0666666666666666,2
13785,542.49,4,151,26,429.1423611111111,31.725,135.6225,37.75,0.0916730328495034,0.25,0.0,0
13786,3127.99,6,1515,80,367.95625,368.93125,521.3316666666666,252.5,0.013516024937066,0.3333333333333333,0.25,2
13787,1222.5,6,998,71,76.03055555555555,619.0784722222222,203.75,166.33333333333334,0.0080634955477185,0.1666666666666666,0.3333333333333333,2
13788,3.75,1,1,1,505.875,0.0,3.75,1.0,0.0,0.0,0.0,0
13789,239.46,1,258,18,388.8881944444444,0.0,239.46,258.0,0.0,0.0,0.0,0
13790,348.8,1,748,45,4.876388888888889,0.0,348.8,748.0,0.0,0.0,0.0,2
13791,1516.0,2,1200,7,128.04583333333332,40.79583333333333,758.0,600.0,0.0239258299272256,0.0,0.3333333333333333,2
13792,383.95,3,156,23,66.92986111111111,356.1430555555556,127.98333333333332,52.0,0.0055999968888906,0.0,0.0,0
13793,96.0,1,52,7,647.1840277777778,0.0,96.0,52.0,0.0,0.0,0.0,0
13794,126.03,1,63,9,547.0138888888889,0.0,126.03,63.0,0.0,0.0,0.0,0
13795,836.3,4,1250,23,388.80902777777777,249.1951388888889,209.075,312.5,0.0119906406388346,0.25,0.0,2
13796,289.7,1,218,22,499.9201388888889,0.0,289.7,218.0,0.0,0.0,0.0,0
13797,1179.45,3,573,71,437.0944444444444,210.9284722222222,393.15,191.0,0.0094371463118124,0.0,0.25,2
13798,75428.87,110,48187,168,1.8743055555555557,729.9791666666666,685.717,438.0636363636364,0.1491150568586656,0.1181818181818181,0.12,2
13799,2803.57,9,1539,64,117.02986111111112,527.8111111111111,311.5077777777778,171.0,0.015128275166516,0.1111111111111111,0.3076923076923077,2
13800,1679.56,3,891,73,310.0159722222222,427.1,559.8533333333334,297.0,0.0046718056528848,0.0,0.0,2
13801,324.8,1,168,23,67.10763888888889,0.0,324.8,168.0,0.0,0.0,0.0,0
13802,26259.11,19,14129,212,139.08055555555555,523.0298611111111,1382.0584210526315,743.6315789473684,0.0343491875860551,0.2105263157894736,0.2083333333333333,2
13803,1338.91,3,831,73,255.9951388888889,363.1229166666666,446.3033333333333,277.0,0.0054926507189078,0.0,0.25,2
13804,3161.12,9,1797,149,31.0125,406.0875,351.23555555555555,199.66666666666663,0.0196517947615684,0.1111111111111111,0.0,2
13805,924.6,2,1900,10,52.91666666666666,76.97291666666666,462.3,950.0,0.0128249659336842,0.0,0.0,2
13806,256.38,1,56,10,64.04652777777778,0.0,256.38,56.0,0.0,0.0,0.0,0
13807,422.2,3,116,24,367.87638888888887,368.1298611111111,140.73333333333332,38.66666666666666,0.0054181474074729,0.0,0.25,0
13808,1747.66,5,782,70,6.022222222222222,91.00763888888888,349.53200000000004,156.4,0.0434746511083771,0.4,0.0,2
13809,679.7,3,281,23,305.9826388888889,155.06458333333333,226.5666666666667,93.66666666666669,0.0128152073794235,0.3333333333333333,0.0,0
13810,1499.01,3,312,32,29.178472222222226,27.816666666666663,499.67,104.0,0.0694042799305957,0.0,0.25,2
13811,814.5,3,68,7,184.12222222222223,55.63472222222222,271.5,22.666666666666668,0.0353140250631483,0.0,0.25,0
13812,539.0,3,333,33,42.93263888888889,63.06458333333333,179.66666666666666,111.0,0.0312184969594484,0.0,0.0,0
13813,2765.47,8,1292,84,40.09166666666667,694.0152777777778,345.68375,161.5,0.0100717210453007,0.25,0.3333333333333333,2
13814,2257.32,3,1214,56,92.95972222222224,434.98333333333335,752.44,404.6666666666667,0.0045873313200045,0.0,0.4,2
13815,7475.74,8,5381,203,22.938194444444445,643.1618055555556,934.4675,672.625,0.0108668349157442,0.0,0.2,2
13816,571.6700000000001,2,269,25,24.175,40.75069444444444,285.83500000000004,134.5,0.0239516974102227,0.0,0.5,0
13817,382.98,2,211,20,29.792361111111116,322.25208333333336,191.49,105.5,0.0030935608819226,0.0,0.0,0
13818,61.28,1,60,5,430.0104166666667,0.0,61.28,60.0,0.0,0.0,0.0,0
13819,2642.35,6,2309,47,302.09166666666664,436.7638888888889,440.39166666666665,384.8333333333333,0.011421682159967,0.0,0.1428571428571428,2
13820,652.75,3,285,68,418.9611111111111,262.05555555555554,217.58333333333331,95.0,0.0076029567053854,0.3333333333333333,0.4,0
13821,1379.08,6,477,158,145.12569444444443,559.8423611111111,229.84666666666664,79.5,0.0089151610981992,0.0,0.1428571428571428,2
13822,632.0,2,611,90,6.0256944444444445,34.84583333333333,316.0,305.5,0.0278972451470417,1.0,0.0,1
13823,3403.4500000000003,7,1564,108,19.102777777777774,705.825,486.2071428571429,223.42857142857144,0.0084886640964878,0.0,0.125,2
13824,3314.76,12,1442,59,33.00625,604.8916666666667,276.23,120.16666666666669,0.0181550607231765,0.0833333333333333,0.1428571428571428,2
13825,255.59,2,182,38,622.075,108.85555555555555,127.795,91.0,0.0091028623444927,0.5,0.0,1
13826,189.5,1,82,10,176.9597222222222,0.0,189.5,82.0,0.0,0.0,0.5,0
13827,409.8,3,138,83,58.00833333333333,85.875,136.6,46.0,0.0230215827338129,0.0,0.0,0
13828,209.49,1,311,15,22.866666666666667,0.0,209.49,311.0,0.0,0.0,0.0,0
13829,102.0,1,12,1,421.7715277777778,0.0,102.0,12.0,0.0,0.0,0.5,0
13830,156.85000000000002,1,47,11,582.0180555555555,0.0,156.85000000000002,47.0,0.0,0.0,0.5,0
13831,6585.54,18,2393,121,16.88125,713.0354166666667,365.8633333333333,132.94444444444446,0.0238083428401368,0.1666666666666666,0.1,2
13832,609.89,2,420,54,19.884722222222223,403.03819444444446,304.945,210.0,0.0024750135352302,0.5,0.3333333333333333,1
13833,700.41,2,243,43,159.97430555555556,244.96944444444443,350.205,121.5,0.0040655456301031,1.0,0.0,1
13834,324.19,2,221,15,577.0993055555556,92.89930555555556,162.095,110.5,0.0106497060237399,0.0,0.3333333333333333,0
13835,1095.27,7,520,60,25.884027777777774,620.2993055555555,156.46714285714285,74.28571428571429,0.0096571812431608,0.1428571428571428,0.125,2
13836,620.37,2,273,29,399.9715277777778,15.002777777777778,310.185,136.5,0.0624891511890296,0.0,0.3333333333333333,0
13837,266.59000000000003,2,182,17,212.02777777777777,105.99652777777776,133.29500000000002,91.0,0.0093460976797014,0.0,0.0,0
13838,1690.07,10,694,328,6.076388888888889,573.9722222222222,169.007,69.4,0.0156529300932412,1.0,0.0,1
13839,139.95000000000002,1,25,7,486.9569444444445,0.0,139.95000000000002,25.0,0.0,0.0,0.0,0
13840,651.4,1,358,40,416.9694444444444,0.0,651.4,358.0,0.0,0.0,0.0,0
13841,85.0,1,100,1,253.02777777777777,0.0,85.0,100.0,0.0,0.0,0.0,0
13842,5319.34,18,2716,214,59.08263888888889,602.7895833333333,295.5188888888889,150.88888888888889,0.0281555039524668,0.0555555555555555,0.0526315789473684,2
13843,319.75,1,145,18,381.7930555555556,0.0,319.75,145.0,0.0,0.0,0.0,0
13844,361.62,1,196,20,11.978472222222225,0.0,361.62,196.0,0.0,0.0,0.0,0
13845,312.98,1,182,9,65.18402777777777,0.0,312.98,182.0,0.0,0.0,0.0,0
13846,1307.79,4,705,81,25.02986111111111,375.09722222222223,326.9475,176.25,0.0079766608811255,0.0,0.2,2
13847,310.72,1,96,19,720.0895833333333,0.0,310.72,96.0,0.0,1.0,0.0,1
13848,3015.0,8,9200,3,92.99444444444444,637.8618055555555,376.875,1150.0,0.010956986220068,0.125,0.0,2
13849,3469.3,5,1883,189,52.07708333333333,572.9555555555555,693.86,376.6,0.006969180734087,0.2,0.1666666666666666,2
13850,1595.48,1,944,93,129.94861111111112,0.0,1595.48,944.0,0.0,0.0,0.5,2
13851,4606.46,8,2525,111,96.00972222222222,584.0291666666667,575.8075,315.625,0.0119652154094881,0.0,0.1111111111111111,2
13852,187.35,1,85,11,611.1555555555556,0.0,187.35,85.0,0.0,0.0,0.5,0
13853,1090.14,1,312,23,57.93888888888889,0.0,1090.14,312.0,0.0,0.0,0.5,2
13854,11944.56,39,3642,61,9.155555555555557,691.9013888888888,306.2707692307692,93.3846153846154,0.054841858609831,0.1025641025641025,0.1333333333333333,2
13855,1310.34,4,575,64,501.1229166666666,230.70625,327.58500000000004,143.75,0.012947428047366,0.0,0.2,2
13856,1142.03,11,1105,33,169.1159722222222,450.7659722222222,103.82090909090908,100.45454545454544,0.0221353546191412,0.0909090909090909,0.2666666666666666,2
13857,1001.01,6,782,99,393.9972222222222,177.93958333333333,166.835,130.33333333333334,0.0279423921016171,0.1666666666666666,0.1428571428571428,2
13858,216.17,1,75,11,57.85625,0.0,216.17,75.0,0.0,0.0,0.0,0
13859,515.86,2,167,34,326.8583333333333,203.0263888888889,257.93,83.5,0.0049013267619248,0.0,0.0,0
13860,1245.9,5,591,58,1.9951388888888888,85.14583333333333,249.18,118.2,0.0464328899637243,0.0,0.1666666666666666,2
13861,273.26,2,225,21,429.9375,101.11319444444445,136.63,112.5,0.0097930537325816,0.5,0.3333333333333333,1
13862,2556.09,9,1927,113,18.851388888888888,371.1118055555556,284.01,214.11111111111111,0.0214989147900216,0.1111111111111111,0.1818181818181818,2
13863,1239.55,4,553,59,248.10416666666663,345.8826388888889,309.8875,138.25,0.0086484581921118,0.25,0.3333333333333333,2
13864,662.4000000000001,1,192,1,387.0,0.0,662.4000000000001,192.0,0.0,0.0,0.0,0
13865,501.56,4,204,26,58.97152777777778,231.06041666666667,125.39,51.0,0.0129276679025756,0.0,0.0,0
13866,145.67000000000002,1,57,7,74.91388888888889,0.0,145.67000000000002,57.0,0.0,0.0,0.0,0
13867,1005.09,3,501,51,31.87638888888889,186.93055555555557,335.03000000000003,167.0,0.0106422289557312,0.0,0.0,2
13868,3192.54,2,1964,32,7.845833333333333,31.15763888888889,1596.27,982.0,0.0310968104174314,0.0,0.0,2
13869,7996.87,10,4302,502,123.95625,567.9583333333334,799.687,430.2,0.0158183815452215,0.3,0.0,2
13870,5712.08,15,3449,159,2.9770833333333333,667.0520833333334,380.80533333333335,229.9333333333333,0.0209564498775981,0.1333333333333333,0.1666666666666666,2
13871,7885.85,17,3502,183,23.084027777777777,696.9027777777778,463.8735294117647,206.0,0.0229258293697387,0.1176470588235294,0.1904761904761904,2
13872,919.57,3,339,51,527.8854166666666,198.23541666666668,306.52333333333337,113.0,0.0100383758744366,0.0,0.5,0
13873,1038.92,8,472,55,120.1125,526.9006944444444,129.865,59.0,0.0132600696942948,0.25,0.1111111111111111,0
13874,2049.15,7,864,46,358.7708333333333,314.9868055555556,292.7357142857143,123.42857142857144,0.0189881346135672,0.0,0.3,2
13875,4814.37,14,3072,159,54.13472222222222,668.9625,343.88357142857143,219.42857142857144,0.0194040711233837,0.1428571428571428,0.0,2
13876,122.7,1,36,7,64.10277777777777,0.0,122.7,36.0,0.0,0.0,0.0,0
13877,449.68,3,478,23,86.87569444444445,603.2055555555555,149.89333333333337,159.33333333333334,0.0033101317616337,0.0,0.4,0
13878,2416.9,4,927,93,55.02152777777778,549.9368055555556,604.225,231.75,0.0054452706186054,0.25,0.0,2
13879,395.5,1,204,25,646.0840277777778,0.0,395.5,204.0,0.0,0.0,0.0,0
13880,4293.86,17,2535,148,21.9625,540.96875,252.58,149.11764705882354,0.029521997347633,0.1176470588235294,0.0,2
13881,45179.1,43,29760,182,4.0,641.9229166666667,1050.6767441860466,692.0930232558139,0.0653266494492924,0.0,0.1568627450980392,2
13882,1191.13,5,953,54,3.0652777777777778,61.825,238.22600000000003,190.6,0.0636689216076402,0.0,0.1666666666666666,2
13883,6560.02,15,3584,200,11.086805555555555,720.7215277777777,437.3346666666667,238.9333333333333,0.0193980634651522,0.2,0.4230769230769231,2
13884,1825.03,10,752,108,7.847222222222222,462.85625,182.503,75.2,0.0194025627551639,0.4,0.2857142857142857,2
13885,506.8,2,182,28,189.9048611111111,11.260416666666666,253.4,91.0,0.0815632965165675,0.0,0.0,0
13886,243.56,1,126,16,71.98125,0.0,243.56,126.0,0.0,0.0,0.0,0
13887,349.55,1,147,19,204.8111111111111,0.0,349.55,147.0,0.0,0.0,0.0,0
13888,2001.59,7,795,124,120.10902777777778,455.9277777777778,285.94142857142856,113.57142857142856,0.0131311780368888,0.1428571428571428,0.0,2
13889,1991.23,6,979,57,93.15069444444444,593.7784722222223,331.87166666666667,163.16666666666666,0.0084064912122977,0.0,0.25,2
13890,2927.38,14,1392,100,1.8847222222222224,732.0145833333333,209.09857142857143,99.42857142857144,0.0177349813981645,0.0714285714285714,0.3636363636363636,2
13891,859.21,3,476,97,378.8701388888889,203.99652777777777,286.40333333333336,158.66666666666666,0.0097562628093294,0.0,0.0,0
13892,1267.65,6,3125,33,27.041666666666668,549.0541666666667,211.275,520.8333333333334,0.0090900138622711,0.1666666666666666,0.0,2
13893,821.1,1,190,21,298.05555555555554,0.0,821.1,190.0,0.0,0.0,0.0,0
13894,564.62,3,354,25,24.129166666666663,286.86805555555554,188.20666666666668,118.0,0.0069476274334788,0.0,0.4,0
13895,4008.52,6,2060,154,28.82847222222222,708.1583333333333,668.0866666666667,343.3333333333333,0.0070506116405598,0.0,0.25,2
13896,388.55,1,149,21,626.1631944444445,0.0,388.55,149.0,0.0,0.0,0.0,0
13897,1160.72,3,820,58,50.93055555555556,627.0291666666667,386.9066666666667,273.3333333333333,0.0031845654726757,0.3333333333333333,0.0,2
13898,686.4,2,544,43,326.0986111111111,85.78194444444445,343.2,272.0,0.0115231342925275,0.5,0.0,1
13899,388.52,2,156,19,16.96527777777778,258.1736111111111,194.26,78.0,0.0038584175129283,0.0,0.0,0
13900,1610.59,6,938,80,183.725,441.2361111111111,268.4316666666667,156.33333333333334,0.0113061775697999,0.0,0.1428571428571428,2
13901,5676.34,15,3344,280,72.91805555555555,631.2215277777777,378.42266666666666,222.9333333333333,0.0221441368015562,0.0,0.25,2
13902,34095.26,5,220600,58,632.9868055555555,92.12986111111113,6819.052000000001,44120.0,0.0429507781100166,0.0,0.375,2
13903,165.45000000000002,1,103,10,400.79583333333335,0.0,165.45000000000002,103.0,0.0,0.0,0.0,0
13904,332.64,2,332,24,37.96458333333333,257.0993055555556,166.32,166.0,0.00387447768543,0.0,0.0,0
13905,312.65,1,135,12,733.0479166666667,0.0,312.65,135.0,0.0,0.0,0.6666666666666666,0
13906,42.0,1,100,1,409.90972222222223,0.0,42.0,100.0,0.0,0.0,0.0,0
13907,136.8,1,68,4,692.0194444444444,0.0,136.8,68.0,0.0,1.0,0.0,1
13908,2369.55,4,1478,104,80.0423611111111,196.98958333333331,592.3875,369.5,0.0151523123059925,0.0,0.2,2
13909,282.85,2,301,35,423.81111111111113,98.02083333333331,141.425,150.5,0.0100988849147906,0.0,0.0,0
13911,4234.99,20,4487,178,57.87986111111111,590.9666666666667,211.7495,224.35,0.032096401824427,0.1,0.0909090909090909,2
13912,124.95,1,29,7,424.1715277777778,0.0,124.95,29.0,0.0,0.0,0.0,0
13913,42.22,1,10,3,507.11041666666665,0.0,42.22,10.0,0.0,0.0,0.0,0
13914,626.45,2,380,28,12.09375,24.75486111111111,313.225,190.0,0.0388276215385445,0.0,0.3333333333333333,2
13915,70.80000000000001,1,24,2,394.8979166666667,0.0,70.80000000000001,24.0,0.0,0.0,0.5,0
13916,1275.81,4,673,72,464.1152777777778,211.9986111111111,318.9525,168.25,0.0140845988823609,0.0,0.2,2
13917,272.04,2,228,16,50.12083333333333,141.88194444444446,136.02,114.0,0.0069987849331713,0.0,0.0,0
13918,1212.84,2,1140,30,50.01736111111112,203.76388888888889,606.4200000000001,570.0,0.0048836736078138,0.0,0.0,2
13919,1360.68,4,1133,65,59.93472222222222,481.20416666666665,340.17,283.25,0.0062214311019709,0.0,0.2,2
13920,1774.68,4,1772,81,432.00902777777776,130.8673611111111,443.67,443.0,0.0227501329724207,0.0,0.2,2
13921,730.7,4,210,36,402.84583333333336,319.17569444444445,182.675,52.5,0.0093698555263711,0.0,0.2,0
13922,865.2,3,467,30,352.09166666666664,115.83472222222224,288.40000000000003,155.66666666666666,0.0171181987850833,0.3333333333333333,0.4,2
13923,351.13,1,185,20,54.011805555555554,0.0,351.13,185.0,0.0,0.0,0.0,0
13924,1838.85,6,1575,90,2.1326388888888888,70.77222222222223,306.475,262.5,0.0696648347395309,0.0,0.4545454545454545,2
13925,678.25,4,331,28,93.00208333333332,42.02638888888889,169.5625,82.75,0.0697246521837373,0.0,0.3333333333333333,0
13926,223.85,1,104,11,23.981944444444444,0.0,223.85,104.0,0.0,0.0,0.0,0
13927,708.26,2,463,37,75.03472222222223,362.825,354.13,231.5,0.0027485741771456,0.0,0.3333333333333333,2
13928,464.57,4,129,23,11.095138888888888,122.77361111111112,116.1425,32.25,0.0242377997464008,0.0,0.0,0
13929,3494.1,11,1566,38,169.89166666666668,525.3340277777778,317.6454545454545,142.36363636363637,0.0189993416200369,0.0,0.2142857142857142,2
13930,337.34,2,274,15,58.12847222222222,78.94791666666667,168.67,137.0,0.0125081433224755,0.0,0.0,0
13931,5257.38,11,3488,205,96.10972222222222,640.9902777777778,477.9436363636364,317.09090909090907,0.0155765598734837,0.0,0.0833333333333333,2
13932,307.4,1,72,16,295.03333333333336,0.0,307.4,72.0,0.0,0.0,0.0,0
13933,608.7900000000001,2,205,23,109.94930555555555,39.019444444444446,304.39500000000004,102.5,0.0249878531269521,0.0,0.0,0
13934,922.1,1,390,31,264.1743055555556,0.0,922.1,390.0,0.0,0.0,0.0,2
13935,6116.92,3,2252,67,597.0618055555556,55.80555555555556,2038.9733333333331,750.6666666666666,0.0352078239608801,0.0,0.0,2
13936,939.66,3,661,56,180.16875,234.76805555555555,313.22,220.33333333333331,0.0084829134094831,0.0,0.25,2
13937,880.13,2,587,54,169.84375,233.1652777777778,440.065,293.5,0.004270487962562,0.0,0.3333333333333333,2
13938,71.66,1,70,7,35.925694444444446,0.0,71.66,70.0,0.0,0.0,0.0,0
13939,1560.96,7,1608,91,23.97013888888889,589.0347222222222,222.99428571428567,229.7142857142857,0.0101688930736185,0.0,0.3,2
13940,839.14,4,516,39,17.899305555555557,126.96527777777776,209.785,129.0,0.0234438595539154,0.0,0.0,0
13941,10027.18,15,4782,42,22.12986111111111,701.73125,668.4786666666666,318.8,0.0199222675809564,0.3333333333333333,0.1176470588235294,2
13942,320.0,1,1000,1,535.0104166666666,0.0,320.0,1000.0,0.0,0.0,0.0,0
13943,246.54,1,94,15,578.0555555555555,0.0,246.54,94.0,0.0,0.0,0.0,0
13944,200.43,1,153,35,653.9083333333333,0.0,200.43,153.0,0.0,0.0,0.0,0
13945,854.15,2,413,49,395.11805555555554,85.00069444444445,427.075,206.5,0.0116278130829046,0.0,0.0,0
13946,1876.23,6,2847,49,79.97013888888888,656.1013888888889,312.705,474.5,0.0076091758205756,0.3333333333333333,0.1428571428571428,2
13947,90.6,1,44,5,65.92222222222222,0.0,90.6,44.0,0.0,0.0,0.0,0
13948,548.76,4,248,23,361.1055555555556,374.9194444444444,137.19,62.0,0.0079804331601776,0.25,0.2,0
13949,2427.32,6,2474,124,3.1354166666666665,91.90277777777776,404.5533333333333,412.3333333333333,0.053819703991628,0.1666666666666666,0.0,2
13950,745.06,4,323,33,11.920833333333333,235.13541666666663,186.265,80.75,0.0127045745290925,0.0,0.2,0
13951,674.45,3,459,38,176.83819444444444,118.05694444444444,224.8166666666667,153.0,0.0167986841030785,0.3333333333333333,0.0,2
13952,12823.521,14,5947,238,218.15972222222223,505.9715277777778,915.9657857142856,424.7857142857143,0.0256424656764912,0.1428571428571428,0.1764705882352941,2
13953,6640.68,12,5224,8,7.865277777777778,721.1291666666667,553.39,435.3333333333333,0.0152327319096883,0.0,0.0,2
13954,439.92,2,150,24,2.0,69.08194444444445,219.96,75.0,0.014269010483759,0.0,0.3333333333333333,0
13955,544.0699999999999,3,272,82,154.81319444444443,220.98888888888888,181.35666666666663,90.66666666666669,0.0090094599329295,0.0,0.0,0
13956,1019.27,5,486,123,5.979166666666667,266.0201388888889,203.854,97.2,0.0149801435076942,1.0,0.0,1
13957,458.25,3,157,21,418.1166666666667,240.97916666666663,152.75,52.333333333333336,0.0082651743435213,0.3333333333333333,0.0,0
13958,4709.2300000000005,8,2264,172,380.11041666666665,354.8743055555556,588.6537500000001,283.0,0.0196698662722286,0.375,0.3333333333333333,2
13959,1064.77,6,694,120,79.90555555555555,431.99652777777777,177.46166666666667,115.66666666666669,0.011547436709622,0.1666666666666666,0.0,2
13960,230.22,2,142,11,21.89097222222222,50.11666666666667,115.11,71.0,0.019563090968373,0.0,0.0,0
13961,538.4,1,226,19,392.9236111111111,0.0,538.4,226.0,0.0,0.0,0.5,0
13962,362.8,3,160,23,22.16875,413.925,120.93333333333334,53.333333333333336,0.0048201482195577,0.0,0.0,0
13963,2860.57,17,2007,129,308.9215277777778,288.9326388888889,168.26882352941178,118.05882352941175,0.0551852322019243,0.1176470588235294,0.0555555555555555,2
13964,438.9,2,228,22,387.95625,43.052083333333336,219.45,114.0,0.0227004019862851,0.0,0.3333333333333333,0
13965,996.61,3,425,23,477.09027777777777,226.8048611111111,332.2033333333333,141.66666666666666,0.0087794439075841,0.0,0.4,0
13966,384.26,1,760,21,435.9875,0.0,384.26,760.0,0.0,0.0,0.0,0
13967,166.3,2,66,4,146.03333333333333,250.9430555555556,83.15,33.0,0.0039691508773477,0.5,0.0,1
13968,123.66,1,174,8,423.97777777777776,0.0,123.66,174.0,0.0,0.0,0.0,0
13969,12973.46,35,6640,472,7.902083333333334,617.0805555555555,370.67028571428574,189.7142857142857,0.0550090108714703,0.0,0.1025641025641025,2
13970,846.55,2,469,10,386.9784722222222,51.06111111111111,423.275,234.5,0.0192081954967452,0.0,0.0,0
13971,4667.57,14,3084,184,19.030555555555555,664.09375,333.3978571428571,220.28571428571428,0.0195461166188977,0.0714285714285714,0.2222222222222222,2
13972,190.25,2,187,15,71.03888888888889,131.01388888888889,95.125,93.5,0.0075749605470804,0.5,0.0,1
13973,264.7,1,109,11,287.8951388888889,0.0,264.7,109.0,0.0,0.0,0.0,0
13974,677.72,2,356,43,49.922916666666666,532.8652777777778,338.86,178.0,0.001873131746201,0.0,0.5,2
13975,5256.4,12,3884,434,31.979861111111116,644.0041666666667,438.0333333333333,323.6666666666667,0.0170541533969418,0.0833333333333333,0.1428571428571428,2
13976,1192.36,4,452,49,207.15069444444444,461.83680555555554,298.09,113.0,0.0064817662813116,0.0,0.0,0
13977,519.8100000000001,1,303,13,411.9458333333333,0.0,519.8100000000001,303.0,0.0,1.0,0.0,1
13978,196.79,2,315,14,15.051388888888887,30.855555555555554,98.395,157.5,0.031391698639693,0.0,0.0,0
13979,3379.93,7,2270,356,73.97083333333333,663.1458333333334,482.8471428571429,324.2857142857143,0.0090341604190846,0.1428571428571428,0.3636363636363636,2
13980,768.82,5,463,57,60.96944444444444,595.9694444444444,153.764,92.6,0.0067005104486084,0.4,0.4444444444444444,2
13981,331.14,1,234,22,416.11597222222224,0.0,331.14,234.0,0.0,0.0,0.5,0
13982,3954.29,9,2478,123,39.85138888888889,649.0972222222222,439.3655555555556,275.3333333333333,0.0123058516888499,0.0,0.3076923076923077,2
13983,6753.89,21,3925,238,30.072222222222223,700.8840277777778,321.61380952380955,186.9047619047619,0.0284947358943636,0.0952380952380952,0.3,2
13984,1893.8,12,1301,53,27.008333333333333,706.0326388888889,157.81666666666666,108.41666666666669,0.0155579804876994,0.1666666666666666,0.0769230769230769,2
13985,10020.86,22,4936,149,4.822222222222222,664.1319444444445,455.4936363636364,224.3636363636364,0.0315726829472013,0.0454545454545454,0.0833333333333333,2
13986,320.46,1,430,12,17.90972222222222,0.0,320.46,430.0,0.0,0.0,0.0,0
13987,682.54,2,492,46,380.1041666666667,21.01805555555556,341.27,246.0,0.0454172711789566,0.0,0.0,2
13988,4757.8,8,3385,218,20.10763888888889,605.9652777777778,594.725,423.125,0.0115327849158495,0.25,0.2727272727272727,2
13989,2026.06,5,2207,61,66.12708333333333,497.8986111111111,405.212,441.4,0.0080176611257575,0.0,0.0,2
13990,311.3,1,190,16,213.89652777777775,0.0,311.3,190.0,0.0,0.0,0.0,0
13991,852.88,6,995,58,12.855555555555556,131.13888888888889,142.14666666666668,165.83333333333334,0.0378389741433676,0.5,0.1428571428571428,1
13992,219.5,3,154,10,30.89375,432.9298611111111,73.16666666666667,51.333333333333336,0.0046090397993787,0.0,0.0,0
13993,6775.71,19,2135,110,43.15555555555556,693.88125,356.6163157894737,112.36842105263158,0.0259037065685683,0.1578947368421052,0.2083333333333333,2
13994,2274.14,6,932,122,4.072916666666667,144.6923611111111,379.0233333333333,155.33333333333334,0.0343188892119525,0.0,0.0,2
13995,3902.01,14,2359,146,15.936111111111112,706.06875,278.71500000000003,168.5,0.0183857651748857,0.0714285714285714,0.2222222222222222,2
13996,895.76,2,613,29,386.84930555555553,13.055555555555555,447.88,306.5,0.0711462450592885,0.0,0.0,2
13997,376.46,3,143,36,519.7805555555556,31.022916666666667,125.48666666666666,47.66666666666666,0.0624552729165311,0.0,0.0,0
13998,566.7,3,204,30,447.1041666666667,129.8763888888889,188.9,68.0,0.0152815952287463,0.3333333333333333,0.0,0
13999,9502.26,29,5043,174,10.96527777777778,724.0402777777778,327.6641379310345,173.89655172413794,0.0386185441804957,0.0689655172413793,0.1944444444444444,2
14000,2046.34,5,1838,28,211.83333333333331,526.2916666666666,409.268,367.6,0.0075859344132753,0.0,0.375,2
14001,4228.85,9,1779,60,46.09652777777778,447.9041666666666,469.8722222222223,197.66666666666663,0.0178211756406805,0.0,0.1,2
14002,529.73,2,877,47,134.87152777777777,22.038888888888888,264.865,438.5,0.0434048709910778,0.0,0.0,2
14003,209.41,1,149,16,733.1645833333333,0.0,209.41,149.0,0.0,0.0,0.0,0
14004,6258.45,11,3425,127,43.92361111111112,392.2090277777778,568.9499999999999,311.3636363636364,0.0254317660418811,0.0909090909090909,0.0,2
14005,2874.72,5,2478,53,10.00625,206.0888888888889,574.944,495.6,0.0193153771863933,0.4,0.0,2
14006,2196.67,7,2181,55,116.13263888888888,536.9958333333333,313.81,311.57142857142856,0.0111525027300397,0.0,0.0,2
14007,79.48,1,16,5,513.1555555555556,0.0,79.48,16.0,0.0,0.0,0.0,0
14008,509.04,1,326,32,432.9868055555556,0.0,509.04,326.0,0.0,1.0,0.5,1
14009,1099.91,3,951,71,198.87708333333333,264.15208333333334,366.6366666666667,317.0,0.0075428409796264,0.0,0.25,2
14010,445.15,2,177,20,565.9930555555555,0.0097222222222222,222.575,88.5,0.9903713892709768,1.0,0.3333333333333333,1
14011,457.82,2,644,32,480.8881944444444,127.07708333333332,228.91,322.0,0.0078077980382907,0.5,0.3333333333333333,1
14012,328.8,1,160,11,278.01666666666665,0.0,328.8,160.0,0.0,0.0,0.0,0
14013,1084.57,5,775,56,110.90902777777778,513.2076388888889,216.914,155.0,0.0077789587269517,0.4,0.1666666666666666,2
14014,1948.21,3,2004,76,77.98055555555555,499.1763888888889,649.4033333333333,668.0,0.0039985893865219,0.3333333333333333,0.0,2
14015,917.34,1,378,20,53.11666666666667,0.0,917.34,378.0,0.0,0.0,0.0,2
14016,11403.41,11,5722,354,162.05625,538.8868055555556,1036.6736363636364,520.1818181818181,0.0185224011720563,0.0909090909090909,0.1538461538461538,2
14017,229.75,1,73,14,571.9152777777778,0.0,229.75,73.0,0.0,0.0,0.0,0
14018,367.15,1,224,13,645.9354166666667,0.0,367.15,224.0,0.0,0.0,0.0,0
14019,1421.61,3,1037,37,47.109027777777776,91.77361111111112,473.87,345.6666666666667,0.0215578543946584,0.3333333333333333,0.25,2
14020,1249.01,4,648,63,17.144444444444446,512.7451388888888,312.2525,162.0,0.0058394713115695,0.0,0.2,2
14021,1716.58,7,878,84,155.87777777777777,437.1833333333333,245.22571428571428,125.42857142857144,0.0136928987105853,0.0,0.0,2
14022,792.15,2,681,45,225.92430555555555,261.2090277777778,396.075,340.5,0.0038137512215921,0.0,0.0,2
14023,584.07,2,345,30,7.9527777777777775,242.92222222222225,292.035,172.5,0.0040996674714162,0.5,0.0,1
14024,645.74,3,238,33,122.05555555555556,269.02708333333334,215.24666666666667,79.33333333333333,0.0074066644549543,0.6666666666666666,0.0,1
14025,4057.9,8,1914,60,465.11041666666665,119.01041666666669,507.2375,239.25,0.0583282701154413,0.0,0.2,2
14026,713.11,2,427,43,471.0965277777778,154.84791666666666,356.555,213.5,0.0064165118237598,0.0,0.0,0
14027,104.82,1,62,6,61.15902777777778,0.0,104.82,62.0,0.0,0.0,0.0,0
14028,10396.5,3,7170,3,550.9701388888889,0.0631944444444444,3465.5,2390.0,1.8811234487263224,0.0,0.4,2
14029,467.66,2,198,15,63.91944444444445,80.90902777777778,233.83,99.0,0.0122086664575367,0.0,0.0,0
14030,7521.8,20,4215,591,18.834722222222226,710.9729166666667,376.09,210.75,0.0266864083664231,0.2,0.0909090909090909,2
14031,39019.51,44,13783,280,7.817361111111111,729.0680555555556,886.8070454545455,313.25,0.0588986186599803,0.0,0.2,2
14032,4546.41,16,3740,79,2.89375,723.1395833333333,284.150625,233.75,0.0207142384496543,0.0625,0.36,2
14033,109.44,1,576,1,555.9027777777778,0.0,109.44,576.0,0.0,0.0,0.0,0
14034,648.89,3,420,82,22.95,135.0388888888889,216.29666666666665,140.0,0.014701678441622,0.0,0.25,2
14035,2794.75,9,1405,70,29.115972222222226,583.8916666666667,310.52777777777777,156.11111111111111,0.013677746591249,0.1111111111111111,0.1818181818181818,2
14036,626.65,1,268,38,285.14166666666665,0.0,626.65,268.0,0.0,0.0,0.0,0
14037,836.95,6,590,96,176.95347222222222,556.0958333333333,139.49166666666667,98.33333333333331,0.0089751164895327,0.1666666666666666,0.1428571428571428,2
14038,3069.88,5,1708,99,78.96736111111112,595.1951388888889,613.976,341.6,0.0067092127041738,0.2,0.375,2
14039,267.28000000000003,2,192,10,33.959722222222226,542.1479166666667,133.64,96.0,0.0018411190935556,0.5,0.0,1
14040,12523.81,35,4972,335,41.00555555555555,698.0194444444444,357.82314285714284,142.05714285714285,0.0486395625618425,0.2571428571428571,0.1666666666666666,2
14041,141.41,1,94,21,266.97569444444446,0.0,141.41,94.0,0.0,0.0,0.0,0
14042,431.98,1,180,21,725.9048611111111,0.0,431.98,180.0,0.0,0.0,0.0,0
14043,302.6,2,152,37,491.77222222222224,238.0986111111111,151.3,76.0,0.004182374775633,0.0,0.3333333333333333,0
14044,3077.7,10,2100,533,27.03125,657.86875,307.77,210.0,0.0136597767005947,0.8,0.0909090909090909,1
14045,10986.63,16,4459,16,109.89097222222222,591.2215277777777,686.664375,278.6875,0.0253283599066134,0.0,0.1578947368421052,2
14046,154.99,1,460,14,284.91805555555555,0.0,154.99,460.0,0.0,0.0,0.0,0
14047,3968.11,14,1541,91,9.046527777777778,668.0680555555556,283.43642857142856,110.07142857142856,0.0194300114794832,0.0714285714285714,0.2631578947368421,2
14048,748.69,3,467,126,305.9145833333333,77.03125,249.56333333333336,155.66666666666666,0.0256307569082899,0.0,0.25,2
14049,13023.4,13,8480,573,17.020833333333332,600.8944444444444,1001.8,652.3076923076923,0.0199370506087261,0.0,0.2777777777777778,2
14050,746.36,2,689,49,32.11805555555556,74.84305555555555,373.18,344.5,0.0131851227864559,0.0,0.0,2
14051,21770.98,37,5709,82,1.1041666666666667,735.9354166666667,588.4048648648649,154.2972972972973,0.0488509565232141,0.081081081081081,0.119047619047619,2
14052,466.66,2,174,115,20.01388888888889,371.03680555555553,233.33,87.0,0.0026879061024801,1.0,0.0,1
14053,572.3,4,490,3,124.93263888888887,362.1423611111111,143.075,122.5,0.0082612229287182,0.75,0.0,1
14054,92.46,1,62,6,65.87569444444445,0.0,92.46,62.0,0.0,0.0,0.0,0
14055,1520.96,3,720,33,106.90694444444443,616.9951388888888,506.9866666666667,240.0,0.0032362714108008,0.0,0.0,2
14056,8152.71,23,4252,320,1.9680555555555557,282.92847222222224,354.46565217391304,184.8695652173913,0.0774843038030411,0.0,0.2068965517241379,2
14057,8346.66,22,6438,244,24.09583333333333,712.8854166666666,379.3936363636364,292.6363636363636,0.0294164854887426,0.0909090909090909,0.0434782608695652,2
14058,469.19,2,211,23,463.1381944444444,67.91805555555555,234.595,105.5,0.0145099856915418,0.5,0.0,1
14059,183.6,1,128,8,267.1138888888889,0.0,183.6,128.0,0.0,0.0,0.0,0
14060,8898.24,30,7419,100,5.014583333333333,634.1125,296.608,247.3,0.0456612017555944,0.0666666666666666,0.0625,2
14061,917.43,3,133,17,507.81111111111113,230.97152777777777,305.81,44.333333333333336,0.008621747759992,0.0,0.0,0
14062,25585.65,24,12794,141,10.115277777777775,719.8166666666667,1066.06875,533.0833333333334,0.031908252213924,0.0,0.1111111111111111,2
14063,22710.2,9,3850,30,438.8555555555556,293.10555555555555,2523.355555555556,427.77777777777777,0.0272011182681954,0.0,0.3076923076923077,2
14064,3260.24,15,3911,131,29.98333333333333,657.9944444444444,217.3493333333333,260.7333333333333,0.0212444886569605,0.0666666666666666,0.2857142857142857,2
14065,891.02,3,582,42,389.8590277777778,42.17361111111112,297.00666666666666,194.0,0.0463245938555573,0.0,0.25,2
14066,152.55,1,45,7,267.0201388888889,0.0,152.55,45.0,0.0,0.0,0.0,0
14067,374.7,2,361,51,64.10347222222222,32.93125,187.35,180.5,0.0294713575244059,0.5,0.0,1
14068,1516.72,4,510,93,320.8666666666667,357.24444444444447,379.18,127.5,0.0083741703368277,0.75,0.2,1
14069,225.81,2,58,37,515.0263888888888,46.9875,112.905,29.0,0.0208387600937744,0.0,0.0,0
14070,321.6,1,85,40,685.0159722222222,0.0,321.6,85.0,0.0,1.0,0.0,1
14071,1437.57,8,994,271,4.015972222222223,261.0375,179.69625,124.25,0.0267137337213185,0.375,0.1111111111111111,2
14072,390.85,1,65,19,667.0131944444445,0.0,390.85,65.0,0.0,0.0,0.0,0
14073,151.04,1,130,13,32.87569444444444,0.0,151.04,130.0,0.0,0.0,0.5,0
14074,219.4,1,228,6,623.9548611111111,0.0,219.4,228.0,0.0,0.0,0.0,0
14075,1734.87,6,1494,59,5.175,536.74375,289.145,249.0,0.0092981089970827,0.1666666666666666,0.0,2
14076,118.67,1,79,43,129.89652777777778,0.0,118.67,79.0,0.0,0.0,0.0,0
14077,615.0799999999999,6,376,43,41.01041666666666,354.8569444444444,102.51333333333332,62.66666666666666,0.0140505899296299,0.1666666666666666,0.0,0
14078,1553.47,9,586,107,102.02361111111112,519.8826388888889,172.60777777777778,65.11111111111111,0.0153585460576398,0.2222222222222222,0.0,2
14079,618.73,2,302,13,125.02777777777776,557.7854166666667,309.365,151.0,0.0017895957377794,0.5,0.0,1
14080,1115.68,5,268,74,33.07013888888889,704.8388888888888,223.136,53.6,0.0056670156079054,0.2,0.1666666666666666,2
14081,4867.57,10,3381,465,302.85625,426.90972222222223,486.757,338.1,0.0210324737499797,0.1,0.375,2
14082,413.36,2,246,48,365.075,27.96875,206.68,123.0,0.0345199568500539,0.0,0.0,0
14083,1082.19,11,760,169,4.983333333333333,717.0694444444445,98.3809090909091,69.0909090909091,0.0139262296667375,0.0,0.0,2
14084,150.5,1,306,7,512.9263888888889,0.0,150.5,306.0,0.0,0.0,0.0,0
14085,9720.67,33,6434,479,2.9611111111111112,729.0034722222222,294.5657575757576,194.96969696969697,0.043835407936606,0.0,0.0294117647058823,2
14086,39.95,1,1,1,463.0819444444445,0.0,39.95,1.0,0.0,0.0,0.0,0
14087,829.47,3,718,175,3.00625,732.8847222222222,276.49,239.33333333333331,0.0027252236481282,0.3333333333333333,0.4,2
14088,64036.8,16,15276,436,10.856944444444444,410.8541666666667,4002.3,954.75,0.0364206586069098,0.0625,0.2,2
14089,158.75,1,133,13,57.09166666666667,0.0,158.75,133.0,0.0,0.0,0.0,0
14090,76.32000000000001,1,72,1,325.0826388888889,0.0,76.32000000000001,72.0,0.0,0.0,0.0,0
14091,9530.08,2,3316,13,654.8979166666667,44.06666666666667,4765.04,1658.0,0.022189349112426,0.5,0.0,2
14092,7229.45,24,3606,169,8.025694444444444,715.8256944444445,301.2270833333333,150.25,0.0320859034187181,0.125,0.1111111111111111,2
14093,433.86,1,391,95,12.849305555555556,0.0,433.86,391.0,0.0,1.0,0.0,1
14094,311.77,1,158,41,440.0361111111111,0.0,311.77,158.0,0.0,1.0,0.5,1
14095,2.95,1,1,1,723.0006944444444,0.0,2.95,1.0,0.0,0.0,0.0,0
14096,65164.79,17,16352,1119,4.814583333333333,97.26944444444445,3833.222941176471,961.8823529411764,0.1628176498855188,0.0,0.5,2
14097,422.86,2,352,39,481.9375,164.1486111111111,211.43,176.0,0.006055152345951,0.5,0.0,1
14098,147.35,1,104,21,37.109027777777776,0.0,147.35,104.0,0.0,0.0,0.0,0
14099,5750.91,20,3666,273,16.95625,713.0819444444444,287.5455,183.3,0.0266075905543053,0.0,0.0909090909090909,2
14100,191.95,1,63,24,138.07569444444445,0.0,191.95,63.0,0.0,0.0,0.0,0
14101,9961.93,13,10542,19,74.01527777777778,547.9527777777778,766.3023076923077,810.9230769230769,0.02185980376778,0.2307692307692307,0.0714285714285714,2
14102,1105.88,5,769,35,5.883333333333334,39.11944444444445,221.176,153.8,0.0997022779200997,0.2,0.375,2
14104,743.53,5,496,117,155.0,405.86041666666665,148.706,99.2,0.0098313815651354,0.0,0.0,0
14105,5988.83,5,3534,200,239.7861111111111,482.0423611111111,1197.766,706.8,0.0082808472341826,0.2,0.4444444444444444,2
14106,214.8,1,24,1,737.9451388888889,0.0,214.8,24.0,0.0,0.0,0.0,0
14107,4877.3,11,3489,102,52.02638888888889,678.9111111111112,443.39090909090913,317.1818181818182,0.0147078049418224,0.1818181818181818,0.1538461538461538,2
14108,1044.96,4,660,49,31.089583333333334,707.6902777777777,261.24,165.0,0.0042331609365476,0.0,0.2,2
14109,144.2,1,88,9,73.10555555555555,0.0,144.2,88.0,0.0,0.0,0.5,0
14110,12987.95,33,5825,177,4.016666666666667,735.1083333333333,393.57424242424247,176.5151515151515,0.0434718621579704,0.0909090909090909,0.0571428571428571,2
14111,692.85,4,458,10,14.9625,227.0888888888889,173.2125,114.5,0.0131527669524551,0.0,0.2,0
14112,5834.59,13,3539,199,23.01388888888889,631.9263888888889,448.8146153846154,272.2307692307692,0.0189595507639777,0.1538461538461538,0.5185185185185185,2
14113,7092.610000000001,16,3439,76,4.022222222222222,728.1916666666667,443.288125,214.9375,0.0205707232894872,0.0,0.4838709677419355,2
14114,1364.09,7,650,72,274.1305555555556,332.94097222222223,194.87,92.85714285714286,0.0179672472056147,0.1428571428571428,0.0,2
14115,622.6700000000001,2,509,22,502.0097222222222,165.0361111111111,311.33500000000004,254.5,0.0060227862078195,0.0,0.0,0
14116,1382.74,5,707,61,20.097916666666663,101.90625,276.548,141.4,0.0388703310051624,0.2,0.0,2
14117,90.0,1,72,3,144.12569444444443,0.0,90.0,72.0,0.0,0.0,0.0,0
14118,458.45,1,97,15,429.03541666666666,0.0,458.45,97.0,0.0,0.0,0.0,0
14119,183.37,2,177,11,376.09513888888887,342.8201388888889,91.685,88.5,0.0029084974580944,0.0,0.3333333333333333,0
14121,2780.15,4,2082,148,4.021527777777778,56.06944444444444,695.0375,520.5,0.0525675346799707,0.0,0.3333333333333333,2
14122,362.42,3,114,12,406.9020833333333,331.0340277777778,120.80666666666669,38.0,0.0060234790192604,0.0,0.4,0
14123,436.18,1,234,24,733.8854166666666,0.0,436.18,234.0,0.0,1.0,0.0,1
14124,419.58,1,1618,4,84.97083333333333,0.0,419.58,1618.0,0.0,0.0,0.0,2
14125,2720.63,3,1628,159,11.002083333333331,67.87986111111111,906.8766666666668,542.6666666666666,0.0290360631937653,0.0,0.0,2
14126,1172.46,4,887,37,8.04513888888889,436.8708333333333,293.115,221.75,0.006851335534642,0.0,0.2,2
14127,1900.08,6,828,96,123.08402777777778,302.9555555555556,316.68,138.0,0.0164497733586781,0.3333333333333333,0.0,2
14128,924.21,3,814,50,61.03472222222222,490.91319444444446,308.07,271.3333333333333,0.0040657579885791,0.3333333333333333,0.25,2
14129,2591.34,9,1414,40,2.075,577.8388888888888,287.9266666666667,157.11111111111111,0.0138207714677851,0.1111111111111111,0.0,2
14130,1858.77,4,1215,189,319.8645833333333,408.9805555555556,464.6925,303.75,0.0073174202028551,0.0,0.0,2
14131,168.22,1,105,45,649.0354166666667,0.0,168.22,105.0,0.0,0.0,0.0,0
14132,3586.03,11,3368,100,2.96875,181.06319444444443,326.00272727272727,306.1818181818182,0.054925983423033,0.0,0.0833333333333333,2
14133,911.14,4,398,33,130.05277777777778,603.975,227.785,99.5,0.0049588825984544,0.25,0.3333333333333333,2
14134,11123.35,15,5814,130,383.01666666666665,347.12569444444443,741.5566666666667,387.6,0.0402153596342317,0.0666666666666666,0.0,2
14135,8839.67,24,8534,138,2.05,736.1111111111111,368.31958333333336,355.5833333333333,0.0312028941814892,0.125,0.04,2
14136,1570.81,5,1148,86,401.0395833333333,331.1069444444444,314.162,229.6,0.0120443130350414,0.0,0.2857142857142857,2
14137,332.7,1,462,11,696.0138888888889,0.0,332.7,462.0,0.0,0.0,0.5,0
14138,965.88,2,600,40,2.004166666666667,62.12916666666667,482.94000000000005,300.0,0.0158405385783116,0.0,0.0,2
14139,1086.8,4,1049,48,46.96944444444444,496.17847222222224,271.7,262.25,0.0060340504820954,0.0,0.0,2
14140,935.05,2,811,60,4.15625,27.90625,467.525,405.5,0.0345945945945945,0.0,0.3333333333333333,2
14141,915.13,4,355,27,3.122916666666667,102.80069444444445,228.7825,88.75,0.0289015407464893,0.0,0.3333333333333333,0
14142,671.34,2,518,42,373.84513888888887,273.05555555555554,335.67,259.0,0.0036488951956213,0.0,0.5,2
14143,115.8,1,30,7,134.1263888888889,0.0,115.8,30.0,0.0,0.0,0.0,0
14144,30.6,1,12,1,486.8979166666667,0.0,30.6,12.0,0.0,0.0,0.0,0
14145,7600.05,7,1655,11,47.02777777777778,564.0993055555556,1085.7214285714283,236.42857142857144,0.0106176028549554,0.1428571428571428,0.125,2
14146,9450.3,12,5780,337,9.105555555555556,686.7597222222222,787.525,481.6666666666667,0.01599395783815,0.0833333333333333,0.0769230769230769,2
14147,2590.2,9,995,24,78.77777777777777,562.1854166666667,287.79999999999995,110.55555555555556,0.0142049132723459,0.1111111111111111,0.25,2
14148,466.29,2,223,15,234.03333333333333,180.9125,233.145,111.5,0.0054971483542912,0.0,0.0,0
14149,446.62,1,218,28,221.12916666666663,0.0,446.62,218.0,0.0,0.0,0.6666666666666666,0
14150,658.64,2,496,23,36.114583333333336,324.00069444444443,329.32,248.0,0.0030769165023151,0.0,0.0,0
14151,679.45,2,405,44,673.8854166666666,43.19513888888889,339.725,202.5,0.0226269228956176,0.0,0.3333333333333333,0
14152,1997.34,7,1844,104,75.99722222222222,583.95625,285.3342857142857,263.42857142857144,0.0102571773530071,0.1428571428571428,0.2222222222222222,2
14153,233.4,1,312,17,483.9270833333333,0.0,233.4,312.0,0.0,0.0,0.0,0
14154,6460.7,8,3222,236,239.85,456.1520833333333,807.5875,402.75,0.0153121909648958,0.0,0.2,2
14155,118.75,1,25,6,266.9423611111111,0.0,118.75,25.0,0.0,0.0,0.0,0
14156,313437.62,156,164325,1446,10.080555555555556,728.9333333333333,2009.215512820513,1053.3653846153843,0.212348159649283,0.0833333333333333,0.2277227722772277,2
14157,978.69,5,521,75,20.054166666666667,626.7798611111111,195.738,104.2,0.0063716602710389,0.4,0.1666666666666666,2
14158,507.66,1,781,41,40.90416666666667,0.0,507.66,781.0,0.0,1.0,0.0,1
14159,7860.8,20,6520,706,20.009722222222223,717.0034722222222,393.04,326.0,0.0264622675725995,0.2,0.2,2
14160,8421.47,7,4661,80,610.9305555555555,88.1,1203.0671428571427,665.8571428571429,0.0673400673400673,0.1428571428571428,0.0,2
14161,2996.93,7,1480,202,216.04791666666668,510.99652777777777,428.1328571428571,211.42857142857144,0.0117188294733986,1.0,0.0,1
14162,289.36,2,142,25,174.05138888888888,118.96111111111112,144.68,71.0,0.008336034826101,1.0,0.0,1
14163,2594.62,5,950,42,87.89722222222223,374.91875,518.924,190.0,0.010640597203518,0.2,0.0,2
14164,1631.77,2,1033,28,71.01805555555555,10.004166666666666,815.885,516.5,0.0908746686861037,0.0,0.0,2
14165,120.44,1,53,23,276.0076388888889,0.0,120.44,53.0,0.0,0.0,0.0,0
14166,251.15,2,82,39,505.7138888888889,121.18888888888888,125.575,41.0,0.0081840501955078,0.0,0.0,0
14167,1274.29,8,340,48,39.93125,641.9319444444444,159.28625,42.5,0.0108876220266962,0.0,0.0,0
14168,370.45,2,147,11,421.0840277777778,143.93125,185.225,73.5,0.0068998231920307,0.0,0.3333333333333333,0
14169,621.51,2,205,50,431.1701388888889,13.795833333333333,310.755,102.5,0.0675865953252605,0.0,0.0,0
14170,570.18,3,270,123,375.9861111111111,19.961111111111112,190.06,90.0,0.0954147892923403,0.0,0.0,0
14171,498.79,2,211,61,98.83819444444444,632.1201388888888,249.395,105.5,0.0015794790570948,0.0,0.0,0
14172,369.02,3,78,38,605.975,37.102777777777774,123.00666666666666,26.0,0.0524896114310709,0.3333333333333333,0.25,0
14173,586.0,6,194,30,11.03888888888889,719.9638888888888,97.66666666666669,32.333333333333336,0.0069351601058767,0.0,0.1428571428571428,0
14174,134.46,1,94,26,33.98125,0.0,134.46,94.0,0.0,1.0,0.0,1
14175,7678.88,8,3009,237,60.03819444444444,568.05,959.86,376.125,0.0123012037606537,0.125,0.5294117647058824,2
14176,756.46,5,265,33,297.9847222222222,83.99375,151.292,53.0,0.0470622839914699,0.0,0.1666666666666666,0
14177,2209.69,13,1043,141,86.90208333333334,565.1333333333333,169.97615384615386,80.23076923076923,0.0211964201601507,0.0769230769230769,0.0714285714285714,2
14178,1600.26,7,1494,191,9.034027777777778,173.96527777777777,228.60857142857145,213.42857142857144,0.0342925183568168,0.1428571428571428,0.0,2
14179,701.57,2,319,135,41.02986111111111,11.921527777777778,350.785,159.5,0.0773902294835277,0.5,0.0,1
14180,6117.5,33,847,125,11.079166666666667,537.8333333333334,185.37878787878788,25.666666666666668,0.0593875657284256,0.0606060606060606,0.2142857142857142,2
14181,308.35,2,120,48,411.1826388888889,151.82986111111111,154.175,60.0,0.0065432239009428,0.0,0.0,0
14182,678.77,4,174,42,444.0451388888889,152.83958333333334,169.6925,43.5,0.0195008328480695,0.0,0.2,0
14183,278.34000000000003,2,60,27,411.9201388888889,69.96458333333334,139.17000000000002,30.0,0.0140915362710272,1.0,0.0,1
14184,452.89,1,127,24,67.00486111111111,0.0,452.89,127.0,0.0,0.0,0.0,0
14185,197.65,1,6,3,331.95694444444445,0.0,197.65,6.0,0.0,0.0,0.0,0
14186,1550.63,5,1550,75,427.97222222222223,217.0923611111111,310.12600000000003,310.0,0.0183408532954628,0.0,0.0,2
14187,123.5,1,50,8,474.0305555555556,0.0,123.5,50.0,0.0,0.0,0.0,0
14188,2054.36,6,1162,34,31.00347222222222,279.9576388888889,342.3933333333334,193.66666666666663,0.0177962771176951,0.0,0.4,2
14189,5503.15,16,4392,199,2.8715277777777777,386.26875,343.946875,274.5,0.0387327921501541,0.0625,0.36,2
14190,79.9,1,2,1,666.9326388888888,0.0,79.9,2.0,0.0,0.0,0.0,0
14191,4817.66,15,3724,147,2.14375,726.9409722222222,321.1773333333333,248.26666666666668,0.0192323286285995,0.0,0.1176470588235294,2
14192,293.74,1,218,14,388.79583333333335,0.0,293.74,218.0,0.0,0.0,0.0,0
14193,1210.19,3,653,49,68.1361111111111,328.87708333333336,403.3966666666667,217.66666666666663,0.0060628643244642,0.0,0.0,2
14194,18670.59,36,10037,432,5.091666666666667,697.9319444444444,518.6275,278.80555555555554,0.0500764062627302,0.1111111111111111,0.3333333333333333,2
14195,2615.6,6,2144,10,202.09791666666663,432.72013888888887,435.9333333333333,357.3333333333333,0.0115281711677236,0.3333333333333333,0.4,2
14196,335.52,1,142,6,107.10069444444444,0.0,335.52,142.0,0.0,0.0,0.0,0
14197,390.05,1,143,20,411.1173611111111,0.0,390.05,143.0,0.0,0.0,0.0,0
14198,1569.73,9,623,58,18.84375,685.2694444444444,174.41444444444446,69.22222222222223,0.0116572288985942,0.1111111111111111,0.3076923076923077,2
14199,1091.7,4,254,15,218.9625,312.06319444444443,272.925,63.5,0.0095827297914203,0.25,0.3333333333333333,0
14200,379.2,1,140,21,617.9923611111111,0.0,379.2,140.0,0.0,0.0,0.0,0
14201,1193.54,10,806,47,60.97430555555555,528.01875,119.354,80.6,0.0170126295145493,0.1,0.1666666666666666,2
14202,847.76,3,166,27,381.8173611111111,243.27569444444444,282.58666666666664,55.333333333333336,0.0081874703275272,0.0,0.0,0
14203,339.34,1,80,16,397.96875,0.0,339.34,80.0,0.0,1.0,0.0,1
14204,1024.83,4,469,186,2.966666666666667,735.0083333333333,256.2075,117.25,0.0040760408056973,0.0,0.0,2
14205,2414.2,9,1342,79,17.07986111111111,625.9409722222222,268.2444444444444,149.11111111111111,0.0127603719559811,0.3333333333333333,0.25,2
14206,1185.01,3,930,62,239.84166666666667,163.20902777777778,395.0033333333333,310.0,0.0121795983269968,0.0,0.4,2
14207,157.8,1,36,2,688.1368055555556,0.0,157.8,36.0,0.0,0.0,0.0,0
14208,567.05,2,529,34,95.00138888888888,456.9840277777778,283.525,264.5,0.0021834822599647,0.5,0.0,1
14209,4993.27,15,1739,133,11.105555555555556,675.9930555555555,332.8846666666667,115.93333333333334,0.0206796803676387,0.0666666666666666,0.2105263157894736,2
14210,5556.570000000001,16,2511,143,106.00972222222222,597.0965277777777,347.28562500000004,156.9375,0.0250795637549215,0.0625,0.238095238095238,2
14211,4402.29,18,2575,155,53.97708333333333,677.0243055555555,244.57166666666663,143.05555555555554,0.0250728474786322,0.1666666666666666,0.3076923076923077,2
14212,2190.14,2,2046,18,90.00347222222223,356.0395833333333,1095.07,1023.0,0.0028008099008629,0.5,0.0,2
14213,1192.2,1,244,5,405.09236111111113,0.0,1192.2,244.0,0.0,1.0,0.5,1
14214,1004.38,5,751,64,31.096527777777776,246.92013888888889,200.876,150.2,0.0161342278119354,0.0,0.2857142857142857,2
14215,3250.33,9,2181,167,12.021527777777775,720.1138888888889,361.1477777777778,242.33333333333331,0.011093948020231,0.0,0.1,2
14216,2150.04,5,712,65,3.9125,410.9923611111111,430.008,142.4,0.0097089178770507,0.0,0.1666666666666666,2
14217,3298.59,23,1230,122,2.0395833333333333,525.9576388888889,143.41695652173914,53.47826086956522,0.0417490864092754,0.1304347826086956,0.303030303030303,2
14218,169.48000000000002,1,160,12,43.11805555555556,0.0,169.48000000000002,160.0,0.0,0.0,0.0,0
14219,633.83,3,363,39,4.852083333333334,489.0701388888889,211.27666666666667,121.0,0.0040810484893743,0.0,0.0,0
14220,1515.0,4,468,26,247.97708333333333,321.99791666666664,378.75,117.0,0.0092879856036223,0.0,0.0,0
14221,6517.49,17,3808,166,42.96388888888889,569.9805555555556,383.3817647058824,224.0,0.0280219700028703,0.1176470588235294,0.1052631578947368,2
14222,683.17,1,607,41,177.8388888888889,0.0,683.17,607.0,0.0,0.0,0.0,2
14223,991.13,3,585,50,92.96666666666668,171.9,330.37666666666667,195.0,0.0115673799884326,0.3333333333333333,0.25,2
14224,1841.71,9,826,189,110.97638888888888,433.9847222222222,204.63444444444443,91.77777777777776,0.0183914505298717,0.6666666666666666,0.0,1
14225,2031.07,4,1167,70,435.09583333333336,261.8125,507.7675,291.75,0.0114149821640903,0.0,0.2,2
14226,2985.13,6,1714,89,29.052777777777777,412.87638888888887,497.5216666666667,285.6666666666667,0.0120809017722011,0.0,0.3333333333333333,2
14227,6368.71,15,4048,246,26.87638888888889,643.2569444444445,424.5806666666667,269.8666666666667,0.0217304603710131,0.0666666666666666,0.3181818181818182,2
14228,745.5,3,260,38,438.12847222222223,108.8861111111111,248.5,86.66666666666667,0.0182006623018782,0.0,0.0,0
14229,2594.04,7,934,41,52.11527777777778,419.92847222222224,370.57714285714286,133.42857142857142,0.0142542032576793,0.0,0.3636363636363636,2
14230,979.8,3,246,27,436.15486111111113,112.79930555555556,326.6,82.0,0.01757479969,0.0,0.0,0
14231,1235.62,4,610,66,184.07291666666663,267.05069444444445,308.90500000000003,152.5,0.0111919128067089,0.0,0.3333333333333333,2
14232,2048.07,5,1941,81,43.07013888888889,221.93402777777777,409.614,388.2,0.0179425278405108,0.2,0.375,2
14233,2904.27,7,1261,42,49.87222222222222,594.9715277777777,414.8957142857143,180.14285714285714,0.010067595044972,0.0,0.3,2
14234,754.12,4,951,122,22.789583333333333,35.16319444444444,188.53,237.75,0.0829572731637062,0.0,0.0,2
14235,4717.99,9,3014,107,75.92569444444445,544.0423611111111,524.2211111111111,334.8888888888889,0.0146777582272529,0.1111111111111111,0.1,2
14236,1555.34,5,774,39,81.15069444444444,424.7819444444444,311.068,154.8,0.0093944800905523,0.0,0.2857142857142857,2
14237,471.14,2,238,26,373.9791666666667,217.13611111111112,235.57,119.0,0.0045842937004164,0.0,0.3333333333333333,0
14238,434.23,3,189,13,326.9236111111111,408.1541666666666,144.74333333333334,63.0,0.0048881330386875,0.3333333333333333,0.0,0
14239,4263.17,21,1729,97,43.92361111111112,691.0861111111111,203.00809523809525,82.33333333333333,0.0288981380769091,0.0952380952380952,0.125,2
14240,1247.49,3,655,46,30.96180555555556,393.0395833333333,415.83,218.33333333333331,0.0050756322070012,0.0,0.0,2
14241,333.70000000000005,2,242,12,184.04444444444445,512.8576388888889,166.85000000000002,121.0,0.0019460642876931,0.0,0.0,0
14242,280.55,2,123,13,235.04444444444445,91.12013888888887,140.275,61.5,0.0108553896255644,0.0,0.0,0
14243,7217.75,17,3631,235,9.068055555555556,467.8965277777778,424.5735294117647,213.58823529411765,0.0341226668404395,0.1176470588235294,0.2608695652173913,2
14244,366.42,1,814,16,661.0486111111111,0.0,366.42,814.0,0.0,0.0,0.5,0
14245,1693.45,2,976,107,220.17361111111111,43.91597222222222,846.725,488.0,0.0222637950493977,0.0,0.6,2
14246,1474.06,3,804,57,111.04166666666669,135.14236111111111,491.3533333333333,268.0,0.0146905047310566,0.3333333333333333,0.0,2
14247,753.56,5,378,82,278.8951388888889,273.0097222222222,150.712,75.6,0.0145980221707461,1.0,0.1666666666666666,1
14248,1032.95,3,692,41,318.9201388888889,197.0125,344.31666666666666,230.66666666666663,0.0101003724512341,0.0,0.0,2
14249,5400.461,12,2383,178,411.0111111111111,268.92569444444445,450.0384166666667,198.58333333333331,0.0407519559137931,0.3333333333333333,0.0,2
14250,1904.05,3,1200,94,7.930555555555555,82.03194444444445,634.6833333333333,400.0,0.0240871150661559,0.3333333333333333,0.0,2
14251,2879.7000000000003,5,1674,37,2.1791666666666667,55.82361111111111,575.94,334.8,0.0703932735316403,0.0,0.0,2
14252,350.99,1,111,10,381.9680555555556,0.0,350.99,111.0,0.0,0.0,0.0,0
14253,363.4,2,88,11,493.91319444444446,129.9909722222222,181.7,44.0,0.007634113886135,0.0,0.0,0
14254,601.03,1,263,23,433.04027777777776,0.0,601.03,263.0,0.0,1.0,0.0,1
14255,1000.63,1,1,1,546.8722222222223,0.0,1000.63,1.0,0.0,0.0,0.75,0
14256,2460.79,5,1147,100,260.98125,434.1125,492.158,229.4,0.0091930247924387,0.0,0.4444444444444444,2
14257,5954.45,9,3332,167,64.83055555555555,584.0541666666667,661.6055555555555,370.22222222222223,0.0136739475689572,0.1111111111111111,0.1,2
14258,32051.34,25,17488,97,9.890972222222222,726.2854166666667,1282.0536,699.52,0.032999424228796,0.08,0.21875,2
14259,120.0,1,68,5,142.0875,0.0,120.0,68.0,0.0,0.0,0.0,0
14260,824.28,3,544,50,471.91319444444446,77.14722222222223,274.76,181.33333333333331,0.0255927202928944,0.0,0.0,0
14261,1163.45,2,406,52,51.11527777777778,27.97013888888889,581.725,203.0,0.0345183018913152,0.0,0.0,2
14262,2618.23,8,1645,87,8.939583333333333,232.07916666666668,327.27875,205.625,0.0300327142065464,0.0,0.0,2
14263,322.93,1,171,16,423.9451388888889,0.0,322.93,171.0,0.0,0.0,0.0,0
14264,1517.36,6,553,59,155.10416666666666,456.8743055555556,252.89333333333332,92.16666666666669,0.0109200274820691,0.3333333333333333,0.25,2
14265,1373.35,4,715,74,109.97083333333332,502.9534722222222,343.3375,178.75,0.0059529305091822,0.0,0.0,2
14266,40.56,1,24,1,428.97083333333336,0.0,40.56,24.0,0.0,0.0,0.0,0
14267,1516.24,3,530,25,163.11180555555555,97.93819444444443,505.41333333333336,176.66666666666666,0.0202146401723859,0.0,0.6666666666666666,2
14268,354.85,1,147,19,471.08680555555554,0.0,354.85,147.0,0.0,0.0,0.0,0
14269,295.73,1,123,16,439.9979166666666,0.0,295.73,123.0,0.0,1.0,0.5,1
14270,492.65,1,197,29,332.13680555555555,0.0,492.65,197.0,0.0,0.0,0.0,0
14271,214.18,2,148,38,226.00208333333333,183.82361111111112,107.09,74.0,0.0054105641264569,0.0,0.0,0
14272,920.81,4,1097,62,74.1125,508.83819444444447,230.2025,274.25,0.0058842198028513,0.0,0.0,2
14273,559.97,4,264,22,51.97916666666666,190.99722222222223,139.9925,66.0,0.0156252260594047,0.0,0.0,0
14274,256.6,1,178,15,686.9993055555556,0.0,256.6,178.0,0.0,0.0,0.0,0
14275,1189.38,6,538,14,396.1555555555556,211.85694444444445,198.23,89.66666666666667,0.023489954781837,0.3333333333333333,0.0,0
14276,2102.68,7,1406,75,99.12847222222224,561.8576388888889,300.3828571428571,200.8571428571429,0.010659889082867,0.1428571428571428,0.4615384615384615,2
14277,17197.61,9,89806,334,15.909027777777778,710.9708333333333,1910.845555555556,9978.444444444443,0.0112364153494115,0.3333333333333333,0.3571428571428571,2
14278,205.83,1,131,13,410.02986111111113,0.0,205.83,131.0,0.0,0.0,0.0,0
14279,191.86,2,46,3,521.1722222222222,160.67222222222222,95.93,23.0,0.0061853544551733,0.0,0.0,0
14280,134.04,1,52,8,197.0923611111111,0.0,134.04,52.0,0.0,0.0,0.0,0
14281,245.15,1,45,7,408.9201388888889,0.0,245.15,45.0,0.0,0.0,0.0,0
14282,7250.76,25,5166,100,3.823611111111111,659.2375,290.0304,206.64,0.0363505556712546,0.08,0.0384615384615384,2
14283,628.4399999999999,4,550,36,463.9194444444444,106.1,157.11,137.5,0.0280112044817927,0.0,0.0,0
14284,1299.65,3,510,59,31.19375,622.8368055555555,433.2166666666667,170.0,0.0032059666601731,0.0,0.25,2
14285,3284.42,8,954,48,21.916666666666668,710.0256944444444,410.5525,119.25,0.0098449325456085,0.125,0.1111111111111111,2
14286,8479.76,7,8795,270,24.094444444444445,712.0791666666667,1211.3942857142858,1256.428571428571,0.0084142130081395,0.1428571428571428,0.4166666666666667,2
14287,176.63,3,261,9,8.975694444444445,190.07222222222225,58.876666666666665,87.0,0.0104672462419678,0.0,0.25,0
14288,426.6,1,188,16,213.9777777777778,0.0,426.6,188.0,0.0,0.0,0.5,0
14289,911.26,6,292,33,9.045833333333333,280.9659722222222,151.8766666666667,48.66666666666666,0.0177326361780258,0.0,0.0,0
14290,4516.56,8,1600,120,11.95,720.0958333333333,564.57,200.0,0.0097074475768939,0.0,0.4285714285714285,2
14291,7904.1,23,6146,241,2.1,728.9861111111111,343.6565217391304,267.2173913043478,0.0301375596948191,0.0434782608695652,0.08,2
14292,9226.25,16,3429,120,8.041666666666666,623.0277777777778,576.640625,214.3125,0.0240373914978856,0.25,0.4074074074074074,2
14293,2903.01,9,1558,88,3.8979166666666663,726.1805555555555,322.5566666666667,173.11111111111111,0.011001394273927,0.2222222222222222,0.1,2
14294,375.34,1,190,23,407.85069444444446,0.0,375.34,190.0,0.0,0.0,0.0,0
14295,2362.91,5,1029,66,40.875,691.2506944444444,472.582,205.8,0.0057782535028153,0.2,0.375,2
14296,456.4,2,314,27,421.94166666666666,152.98611111111111,228.2,157.0,0.0064940921800306,0.0,0.3333333333333333,0
14297,1305.33,4,865,48,18.155555555555555,257.02430555555554,326.3325,216.25,0.0116268116429599,0.0,0.3333333333333333,2
14298,91194.49,82,100272,1370,8.984722222222222,719.9743055555556,1112.1279268292683,1222.8292682926829,0.1123479704836144,0.0,0.0238095238095238,2
14299,14070.25,27,8136,164,8.864583333333334,729.2131944444444,521.1203703703703,301.3333333333333,0.0356060397125268,0.1111111111111111,0.3414634146341463,2
14300,43.2,1,32,3,19.16180555555556,0.0,43.2,32.0,0.0,0.0,0.0,0
14301,1992.18,4,1686,37,117.88680555555555,549.1013888888889,498.045,421.5,0.0054535401302285,0.5,0.4285714285714285,2
14302,742.9000000000001,3,298,25,431.19444444444446,306.99583333333334,247.63333333333333,99.33333333333331,0.0064935943397502,0.0,0.0,0
14303,277.94,2,218,21,407.88402777777776,27.2125,138.97,109.0,0.0354452813469206,0.0,0.0,0
14304,1725.01,3,775,69,223.04166666666663,348.0416666666667,575.0033333333333,258.3333333333333,0.0057299749313596,0.3333333333333333,0.4,2
14305,1858.96,3,1089,96,71.88958333333333,64.05208333333333,619.6533333333333,363.0,0.0307445956765412,0.0,0.4,2
14306,3151.4,6,2065,43,51.97708333333333,625.9868055555555,525.2333333333333,344.1666666666667,0.0079746494753899,0.1666666666666666,0.1428571428571428,2
14307,4287.92,10,2816,205,89.13333333333334,643.8555555555556,428.792,281.6,0.0139566138842462,0.0,0.0909090909090909,2
14308,1147.02,2,2,1,549.8347222222222,0.00625,573.51,1.0,0.9937888198757764,0.0,0.6,0
14309,3780.81,11,2583,125,8.970138888888888,542.13125,343.71,234.8181818181818,0.018411755906146,0.0,0.0833333333333333,2
14310,492.1,1,230,22,433.0111111111111,0.0,492.1,230.0,0.0,1.0,0.0,1
14311,516.45,2,235,31,243.1083333333333,324.9902777777778,258.225,117.5,0.003067576146187,0.0,0.3333333333333333,0
14312,3090.29,11,1904,148,47.12777777777778,457.7784722222222,280.93545454545455,173.0909090909091,0.021797012295634,0.0,0.0,2
14314,229.8,2,332,10,107.09097222222222,324.11041666666665,114.9,166.0,0.0030758780670669,0.0,0.3333333333333333,0
14315,3197.82,8,1344,83,45.03055555555556,589.9701388888889,399.7275,168.0,0.0118449301231379,0.0,0.2,2
14316,1370.34,5,4494,21,422.8465277777778,208.05069444444445,274.068,898.8,0.0191341148644832,0.0,0.1666666666666666,2
14317,508.58,1,255,24,65.0875,0.0,508.58,255.0,0.0,0.0,0.0,0
14318,158.02,1,152,9,460.8875,0.0,158.02,152.0,0.0,1.0,0.0,1
14319,494.85,1,329,26,424.9666666666666,0.0,494.85,329.0,0.0,0.0,0.5,0
14320,1346.75,5,713,68,207.14305555555555,480.90277777777777,269.35,142.6,0.0083004294319393,0.0,0.2857142857142857,2
14321,2218.06,7,3275,162,11.127083333333331,462.86875,316.86571428571426,467.8571428571428,0.0129346932726121,0.0,0.125,2
14322,474.1,4,158,10,429.8979166666667,230.26944444444445,118.525,39.5,0.0129718822441356,0.0,0.3333333333333333,0
14323,605.0600000000001,2,350,32,115.05069444444445,123.99513888888887,302.53000000000003,175.0,0.0080003111232103,0.0,0.5,0
14324,701.61,2,402,41,410.04583333333335,283.92569444444445,350.805,201.0,0.0035096869797924,0.0,0.0,0
14325,245.48,1,320,18,570.1458333333334,0.0,245.48,320.0,0.0,0.0,0.0,0
14326,940.98,3,572,54,242.90694444444443,290.12083333333334,313.66,190.66666666666663,0.006869999570625,0.0,0.25,2
14327,1894.93,6,1296,99,163.95277777777778,536.9958333333333,315.82166666666666,216.0,0.0092937522750331,0.0,0.0,2
14328,445.05,1,1,1,438.8673611111111,0.0,445.05,1.0,0.0,0.0,0.6666666666666666,0
14329,9887.62,15,5913,349,17.875,706.0131944444445,659.1746666666667,394.2,0.0198016106488661,0.0,0.4642857142857143,2
14330,200.63,1,103,13,624.1527777777778,0.0,200.63,103.0,0.0,0.0,0.0,0
14331,462.66,2,252,27,124.98125,10.91875,231.33,126.0,0.0839014158363922,0.5,0.0,1
14332,1917.41,5,875,47,23.038888888888888,393.9534722222222,383.482,175.0,0.0101277752477876,0.0,0.0,2
14333,415.2,1,58,15,68.09166666666667,0.0,415.2,58.0,0.0,0.0,0.5,0
14334,4318.48,12,2986,148,17.117361111111112,551.9979166666667,359.8733333333333,248.83333333333331,0.0198915758422839,0.0833333333333333,0.1428571428571428,2
14335,454.86,2,375,55,16.964583333333334,80.02361111111111,227.43,187.5,0.0123420813548862,0.5,0.0,1
14336,1614.91,4,1759,77,17.04861111111111,259.7861111111111,403.7275,439.75,0.0115036801124804,0.0,0.0,2
14338,928.1,3,622,43,161.94583333333333,375.15,309.3666666666667,207.33333333333331,0.0053170277814701,0.0,0.4,2
14339,620.27,2,456,21,243.07222222222225,186.09444444444443,310.135,228.0,0.0053448941414021,0.0,0.6,0
14340,134.7,1,58,6,219.12916666666663,0.0,134.7,58.0,0.0,0.0,0.0,0
14341,4452.02,18,2813,185,45.87638888888889,693.1444444444444,247.33444444444447,156.27777777777777,0.0244905799305299,0.2777777777777778,0.1,2
14342,918.44,6,521,27,21.978472222222223,451.0125,153.07333333333335,86.83333333333333,0.0110616409944415,0.1666666666666666,0.3333333333333333,2
14343,1079.66,4,626,193,421.9895833333333,268.84583333333336,269.915,156.5,0.011117459042972,0.25,0.0,2
14344,2993.05,20,1546,140,127.9576388888889,498.9194444444444,149.6525,77.3,0.0380061232087391,0.0,0.0,2
14345,108.98,1,50,6,39.12430555555556,0.0,108.98,50.0,0.0,0.0,0.0,0
14346,2315.75,5,1878,123,121.12708333333332,376.9604166666667,463.15,375.6,0.0105831188230689,0.4,0.0,2
14347,82.6,1,48,6,737.0840277777778,0.0,82.6,48.0,0.0,0.0,0.0,0
14348,409.57,1,183,18,260.8520833333333,0.0,409.57,183.0,0.0,0.0,0.0,0
14349,133.5,1,86,31,10.88263888888889,0.0,133.5,86.0,0.0,0.0,0.0,0
14350,972.03,3,543,55,274.94166666666666,155.93194444444444,324.01,181.0,0.0127443778708038,0.0,0.25,2
14351,51.0,1,12,1,165.0375,0.0,51.0,12.0,0.0,0.0,0.0,0
14352,1078.96,4,538,44,157.88125,116.02986111111112,269.74,134.5,0.0256344831269322,0.0,0.0,2
14353,376.5,3,344,18,215.86388888888888,216.14444444444445,125.5,114.66666666666669,0.0092104589878728,0.3333333333333333,0.0,0
14354,163.62,2,210,9,6.054166666666666,24.83055555555556,81.81,105.0,0.0387138401978707,0.5,0.0,1
14355,840.0500000000001,3,617,57,366.0236111111111,261.8805555555556,280.0166666666667,205.66666666666663,0.0076080180056426,0.0,0.0,0
14356,701.23,2,277,33,80.14722222222223,1.7743055555555556,350.615,138.5,0.360450563204005,0.0,0.5,2
14357,225.12,1,147,39,43.85208333333333,0.0,225.12,147.0,0.0,0.0,0.0,0
14358,400.06,2,338,21,389.8743055555556,38.93402777777778,200.03,169.0,0.0250413007564559,0.0,0.3333333333333333,0
14359,912.18,3,371,44,19.98125,68.1763888888889,304.06,123.66666666666669,0.028911598771257,0.3333333333333333,0.5,2
14360,2118.03,4,1139,104,32.15138888888889,62.88472222222222,529.5075,284.75,0.0469595843207165,0.0,0.0,2
14361,214.71,1,251,14,579.0145833333333,0.0,214.71,251.0,0.0,0.0,0.0,0
14362,151.5,1,96,37,22.904166666666665,0.0,151.5,96.0,0.0,0.0,0.0,0
14363,227.47000000000003,2,105,8,402.8256944444444,49.09861111111111,113.735,52.5,0.0199606331956419,0.0,0.0,0
14364,3717.35,8,1967,61,109.07569444444444,102.92013888888889,464.66875,245.875,0.0673594172875806,0.25,0.0,2
14365,634.68,2,557,50,395.12361111111113,287.0055555555556,317.34,278.5,0.0034721552439189,0.0,0.0,0
14366,136.0,1,16,1,525.8104166666667,0.0,136.0,16.0,0.0,0.0,0.0,0
14367,9227.82,16,4426,270,8.979861111111111,267.96319444444447,576.73875,276.625,0.0557697123986914,0.0625,0.1578947368421052,2
14368,155.0,1,36,8,320.1236111111112,0.0,155.0,36.0,0.0,0.0,0.0,0
14369,469.13,2,255,24,642.8770833333333,19.221527777777776,234.565,127.5,0.0494522476733404,0.5,0.0,1
14370,1175.78,6,266,37,451.08125,226.09583333333333,195.9633333333333,44.333333333333336,0.0220171366713758,0.1666666666666666,0.3333333333333333,0
14371,100.5,1,34,4,295.84375,0.0,100.5,34.0,0.0,0.0,0.0,0
14372,860.08,2,378,36,443.85625,156.01388888888889,430.04,189.0,0.0063688633348076,0.0,0.3333333333333333,0
14373,76.55,1,17,4,358.88194444444446,0.0,76.55,17.0,0.0,0.0,0.0,0
14374,108.0,1,20,7,541.9340277777778,0.0,108.0,20.0,0.0,0.0,0.0,0
14375,1106.82,3,647,176,185.9625,355.96527777777777,368.94,215.66666666666663,0.0056027858296208,0.0,0.0,2
14376,215.46,1,50,17,683.8847222222222,0.0,215.46,50.0,0.0,0.0,0.0,0
14377,617.05,2,219,11,191.97083333333333,70.99583333333334,308.525,109.5,0.0138896926905492,0.0,0.0,0
14378,131.25,1,57,9,622.0194444444444,0.0,131.25,57.0,0.0,1.0,0.0,1
14379,1265.16,4,712,93,44.83819444444445,436.05,316.29,178.0,0.0068642031804141,0.0,0.0,2
14380,48.96,1,1,1,682.81875,0.0,48.96,1.0,0.0,0.0,0.5,0
14381,625.9399999999999,2,449,104,52.81944444444444,399.03819444444446,312.97,224.5,0.002499761307514,0.0,0.0,2
14382,1193.63,2,1667,227,26.855555555555554,363.9902777777778,596.8149999999999,833.5,0.0027397990053007,1.0,0.3333333333333333,1
14383,1247.69,3,817,49,38.87291666666667,125.23263888888889,415.8966666666667,272.3333333333333,0.0158437628936872,0.0,0.0,2
14384,58.5,1,30,3,501.1229166666666,0.0,58.5,30.0,0.0,0.0,0.0,0
14385,202.11,3,159,13,9.884722222222225,14.153472222222222,67.37,53.0,0.1319829522020072,0.0,0.0,0
14386,142.4,1,54,7,297.12847222222223,0.0,142.4,54.0,0.0,0.0,0.0,0
14387,1727.6,3,795,125,33.014583333333334,76.92777777777778,575.8666666666667,265.0,0.0256647893348542,0.0,0.0,2
14388,6388.2,16,4190,184,10.970833333333331,678.0680555555556,399.2625,261.875,0.0220890967809232,0.0625,0.2,2
14389,1898.01,5,1388,48,65.89791666666666,525.0138888888889,379.602,277.6,0.0076043619465054,0.0,0.5454545454545454,2
14390,6150.03,13,2830,197,10.959027777777775,414.9715277777778,473.0792307692308,217.69230769230768,0.0288481282940372,0.0769230769230769,0.2777777777777778,2
14391,135.6,1,168,14,577.1305555555556,0.0,135.6,168.0,0.0,0.0,0.0,0
14392,266.4,1,114,14,432.9958333333333,0.0,266.4,114.0,0.0,1.0,0.0,1
14393,67.95,1,13,5,218.7736111111111,0.0,67.95,13.0,0.0,0.0,0.0,0
14394,93.8,1,58,6,565.0881944444444,0.0,93.8,58.0,0.0,0.0,0.0,0
14395,7801.93,20,3872,320,2.9277777777777776,598.0569444444444,390.0965,193.6,0.0317165173965561,0.15,0.1666666666666666,2
14396,1969.38,7,959,202,65.86180555555555,672.075,281.34000000000003,137.0,0.0089143111837462,0.5714285714285714,0.0,1
14397,2612.96,19,1890,18,3.1444444444444444,210.87291666666667,137.52421052631578,99.47368421052632,0.0849565875770656,0.1578947368421052,0.1739130434782608,2
14398,707.79,2,267,50,401.9611111111111,126.07569444444444,353.895,133.5,0.0078693254785806,0.0,0.0,0
14399,2108.21,8,965,119,394.9770833333333,280.0097222222222,263.52625,120.625,0.0249101701700712,0.0,0.1111111111111111,2
14400,1732.47,3,1706,71,149.875,482.1520833333333,577.49,568.6666666666666,0.0041394833407355,0.0,0.4,2
14401,6795.9,22,6401,171,4.972222222222222,721.0055555555556,308.9045454545454,290.95454545454544,0.0290856487715545,0.0,0.12,2
14402,285.6,1,240,8,652.9791666666666,0.0,285.6,240.0,0.0,0.0,0.0,0
14403,1880.51,6,737,20,130.9951388888889,508.95625,313.4183333333333,122.83333333333331,0.0098047626634637,0.0,0.3333333333333333,2
14404,2724.13,13,1577,123,34.013888888888886,685.9097222222222,209.54846153846157,121.3076923076923,0.0174695445584592,0.6153846153846154,0.1333333333333333,1
14405,195.0,1,100,2,387.0486111111111,0.0,195.0,100.0,0.0,0.0,0.0,0
14406,156.75,1,77,8,119.83055555555556,0.0,156.75,77.0,0.0,0.0,0.0,0
14407,2157.73,6,1415,67,107.95,169.08541666666667,359.62166666666667,235.83333333333331,0.0293969941573474,0.0,0.3333333333333333,2
14408,4102.27,11,2438,63,11.047916666666667,721.9743055555556,372.9336363636364,221.63636363636363,0.0138317502062755,0.0909090909090909,0.0,2
14409,3427.29,9,2233,76,71.77222222222223,496.06458333333336,380.81,248.11111111111111,0.0160944880569677,0.0,0.1,2
14410,2631.9,11,1369,307,92.90416666666668,344.9736111111111,239.2636363636364,124.45454545454544,0.0289039385630728,0.0909090909090909,0.3529411764705882,2
14411,1063.0,1,196,14,311.07916666666665,0.0,1063.0,196.0,0.0,0.0,0.0,0
14412,1426.19,3,1428,75,43.08680555555556,381.925,475.3966666666667,476.0,0.0052229548867271,0.0,0.25,2
14413,764.52,4,277,93,362.96736111111113,326.96527777777777,191.13,69.25,0.0091473098015965,0.25,0.0,0
14414,2399.33,8,2877,99,92.02847222222222,283.08125,299.91625,359.625,0.0246408377884848,0.125,0.1111111111111111,2
14415,11980.09,23,6263,445,1.925,722.0208333333334,520.8734782608695,272.30434782608694,0.0304278922345483,0.391304347826087,0.28125,2
14416,490.22,2,326,13,22.89444444444445,20.008333333333333,245.11,163.0,0.0476001586671955,0.0,0.0,0
14417,524.65,1,543,106,388.0798611111111,0.0,524.65,543.0,0.0,0.0,0.0,2
14418,1937.25,3,1711,114,4.049305555555556,104.76458333333332,645.75,570.3333333333334,0.0189099217995942,0.0,0.0,2
14419,1254.64,7,552,118,11.061111111111112,372.00902777777776,179.23428571428573,78.85714285714286,0.0160854015672096,0.0,0.0,2
14420,1639.17,4,1120,85,99.77986111111112,592.2263888888889,409.7925,280.0,0.0050570912828389,0.25,0.4285714285714285,2
14421,2469.37,6,1342,72,57.97638888888889,634.0791666666667,411.56166666666667,223.66666666666663,0.0078730342017727,0.1666666666666666,0.1428571428571428,2
14422,10271.52,19,6067,317,1.0583333333333331,721.9680555555556,540.6063157894737,319.3157894736842,0.0248973656051346,0.0526315789473684,0.0952380952380952,2
14423,916.61,3,419,12,218.9013888888889,476.1409722222222,305.53666666666663,139.66666666666666,0.0041916333252314,0.0,0.25,0
14424,322.08,1,48,1,18.043055555555554,0.0,322.08,48.0,0.0,0.0,0.0,0
14425,661.39,3,325,35,435.1013888888889,302.9534722222222,220.4633333333333,108.33333333333331,0.0065799544429543,0.0,0.4,0
14426,11727.94,17,7023,452,24.01736111111111,621.9090277777777,689.8788235294118,413.11764705882354,0.0256859337182507,0.0588235294117647,0.3703703703703703,2
14427,1263.52,4,538,43,50.93541666666667,581.1902777777777,315.88,134.5,0.0051529544798498,0.0,0.0,2
14428,1224.06,5,428,108,7.98125,317.8597222222222,244.812,85.6,0.0125447013881931,0.0,0.2857142857142857,2
14429,516.28,1,286,22,404.1125,0.0,516.28,286.0,0.0,0.0,0.0,0
14430,1220.9,3,446,29,512.0520833333334,95.81666666666666,406.9666666666667,148.66666666666666,0.0206576002754346,0.3333333333333333,0.4,2
14431,2614.2,4,1202,72,303.09027777777777,384.99375,653.55,300.5,0.0077721465697307,0.0,0.2,2
14432,2248.5,6,2013,256,10.198611111111113,79.74652777777777,374.75,335.5,0.0619221672758546,0.6666666666666666,0.0,1
14433,280.7,1,131,72,466.0104166666667,0.0,280.7,131.0,0.0,0.0,0.0,0
14434,1372.8,6,368,3,22.1625,50.72569444444444,228.8,61.333333333333336,0.0966637578035846,0.0,0.0,0
14435,90.42,1,282,3,502.0118055555556,0.0,90.42,282.0,0.0,0.0,0.0,0
14436,271.70000000000005,2,297,11,99.10902777777778,454.9451388888889,135.85000000000002,148.5,0.0021932463244085,0.0,0.0,0
14437,873.34,5,420,34,366.1409722222222,217.8798611111111,174.668,84.0,0.0182748653973672,0.2,0.2857142857142857,0
14438,131.9,1,82,9,306.9125,0.0,131.9,82.0,0.0,1.0,0.0,1
14439,9443.04,5,2244,105,320.0493055555556,367.9013888888889,1888.608,448.8,0.0108430060728363,0.0,0.0,2
14440,5982.03,13,1605,63,8.880555555555556,729.1451388888889,460.1561538461538,123.46153846153848,0.0164350885335773,0.0,0.1333333333333333,2
14441,4611.6900000000005,11,1260,103,1.1548611111111111,689.9354166666667,419.2445454545455,114.54545454545456,0.0144731327397338,0.0909090909090909,0.4210526315789473,2
14442,5367.02,7,1431,128,205.05138888888888,485.9423611111111,766.7171428571428,204.42857142857144,0.0123217868872798,0.0,0.4166666666666667,2
14443,2082.97,5,1357,119,54.11111111111112,325.8277777777778,416.594,271.4,0.0122388617858539,0.2,0.375,2
14444,120.44,1,172,11,456.7458333333333,0.0,120.44,172.0,0.0,0.0,0.0,0
14445,221.65,1,83,32,456.0701388888889,0.0,221.65,83.0,0.0,0.0,0.0,0
14446,1200.28,5,1091,259,1.0527777777777778,385.9763888888889,240.056,218.2,0.0103365479518919,0.0,0.0,2
14447,1711.73,6,913,81,19.181944444444444,381.7888888888889,285.28833333333336,152.16666666666666,0.0130620301297495,0.0,0.0,2
14448,375.35,2,104,20,9.958333333333334,354.85,187.675,52.0,0.0028101728256287,0.0,0.0,0
14449,2230.96,8,1604,301,19.030555555555555,417.95208333333335,278.87,200.5,0.0167083546746097,0.0,0.0,2
14450,1128.44,7,522,47,181.0861111111111,429.9423611111111,161.2057142857143,74.57142857142857,0.0139229756492957,0.4285714285714285,0.0,1
14451,3258.68,12,1737,245,60.96666666666667,631.1270833333333,271.5566666666667,144.75,0.0174015641633242,0.5,0.3333333333333333,2
14452,658.95,4,285,108,11.030555555555557,510.9534722222222,164.7375,71.25,0.0058599075165522,0.0,0.0,0
14453,119.93,1,49,22,190.94097222222223,0.0,119.93,49.0,0.0,0.0,0.0,0
14454,977.3,5,400,93,376.975,357.0208333333333,195.46,80.0,0.0111725341867908,1.0,0.1666666666666666,1
14455,617.72,4,706,65,432.87638888888887,63.09861111111111,154.43,176.5,0.0468028861779809,0.75,0.2,1
14456,3017.28,9,2885,580,5.952083333333333,137.03680555555556,335.25333333333333,320.55555555555554,0.0579555573443073,0.4444444444444444,0.3571428571428571,2
14457,113.64,1,88,4,311.1326388888889,0.0,113.64,88.0,0.0,0.0,0.0,0
14458,228.07,1,317,46,381.0048611111111,0.0,228.07,317.0,0.0,0.0,0.0,0
14459,5375.741,2,2303,113,155.96875,496.00625,2687.8705,1151.5,0.002012047132204,0.0,0.3333333333333333,2
14460,1093.5,9,1879,33,110.93819444444443,613.8006944444444,121.5,208.77777777777777,0.0130123470456211,0.2222222222222222,0.25,2
14461,6676.91,13,3005,515,148.81875,542.1826388888888,513.6084615384615,231.15384615384616,0.0220920168298211,0.0,0.0714285714285714,2
14462,2242.81,12,1063,182,66.87152777777777,366.0708333333333,186.9008333333333,88.58333333333333,0.029966968228203,0.1666666666666666,0.25,2
14463,786.5699999999999,4,210,7,98.89583333333331,401.15625,196.6425,52.5,0.0074597870852436,0.0,0.0,0
14464,111.0,2,62,4,568.7847222222222,59.11111111111112,55.5,31.0,0.0166358595194085,0.0,0.0,0
14465,3925.85,11,2539,128,247.00833333333333,454.89930555555554,356.8954545454545,230.8181818181818,0.0219346682000624,0.0909090909090909,0.0,2
14466,4267.15,13,2507,77,29.946527777777774,696.9326388888888,328.2423076923077,192.84615384615384,0.0171936363645409,0.2307692307692307,0.0,2
14467,2203.24,12,1187,144,18.00138888888889,720.0027777777777,183.60333333333332,98.91666666666669,0.015256529293692,0.0,0.0,2
14468,204.24,1,164,12,734.0201388888889,0.0,204.24,164.0,0.0,1.0,0.0,1
14469,2093.46,4,973,120,416.93055555555554,263.1375,523.365,243.25,0.0113577208840092,0.0,0.0,2
14470,712.04,3,282,56,12.096527777777778,418.9111111111111,237.34666666666664,94.0,0.0047629127857747,0.0,0.0,0
14471,400.95,2,187,38,591.8180555555556,141.19861111111112,200.475,93.5,0.007032417491185,0.0,0.0,0
14472,2118.72,9,1271,173,104.07569444444444,585.9111111111112,235.4133333333333,141.22222222222223,0.01363068418462,0.8888888888888888,0.0,1
14473,234.34000000000003,2,88,7,74.90277777777777,208.05138888888888,117.17000000000002,44.0,0.0047835128257937,0.0,0.0,0
14474,1258.89,2,448,122,46.975,533.0513888888889,629.4449999999999,224.0,0.0018724789801231,0.5,0.3333333333333333,1
14475,1151.15,4,541,40,72.08611111111111,337.0597222222222,287.7875,135.25,0.0088741716412698,0.0,0.4285714285714285,2
14476,193.0,1,110,17,257.8826388888889,0.0,193.0,110.0,0.0,1.0,0.0,1
14477,1969.6,7,1120,7,20.06875,684.8125,281.37142857142857,160.0,0.0087487469242686,0.1428571428571428,0.3,2
14478,1276.66,4,1226,59,382.88958333333335,356.08958333333334,319.165,306.5,0.0084012531869337,0.0,0.0,2
14479,1124.71,4,562,127,254.1548611111111,479.8048611111111,281.1775,140.5,0.006239537580937,0.5,0.0,1
14480,1299.52,4,670,52,11.84375,707.0020833333333,324.88,167.5,0.0042372756671502,0.0,0.2,2
14481,2284.69,5,1568,114,165.09166666666667,512.9131944444445,456.938,313.6,0.0077834156492598,0.2,0.1666666666666666,2
14482,4306.72,12,2869,185,18.98333333333333,451.9590277777778,358.8933333333334,239.08333333333331,0.0242847571754251,0.0833333333333333,0.1428571428571428,2
14483,257.1,2,193,13,282.1,455.00694444444446,128.55,96.5,0.0021929490596208,0.0,0.3333333333333333,0
14484,1070.98,4,744,47,50.94375,672.1347222222222,267.745,186.0,0.0044567601417084,0.0,0.0,2
14485,162.8,1,70,44,39.01736111111112,0.0,162.8,70.0,0.0,0.0,0.0,0
14486,175.5,2,90,4,512.1305555555556,41.96666666666667,87.75,45.0,0.0232738557020946,0.0,0.0,0
14487,1266.27,7,761,129,27.022916666666667,352.9451388888889,180.8957142857143,108.71428571428572,0.0169517796425607,0.7142857142857143,0.125,1
14488,1064.28,1,799,46,68.13888888888889,0.0,1064.28,799.0,0.0,0.0,0.5,2
14489,1574.93,4,1011,65,207.91597222222225,405.2076388888889,393.7325,252.75,0.0073853854846402,0.0,0.0,2
14490,1273.47,2,933,72,406.9069444444444,22.14444444444445,636.735,466.5,0.0432069131060969,0.0,0.0,2
14491,340.93,2,139,17,175.89444444444445,197.13333333333333,170.465,69.5,0.0050471063257065,0.0,0.0,0
14492,1921.91,7,751,70,430.9784722222222,188.95694444444445,274.55857142857144,107.28571428571428,0.0315861050384224,0.1428571428571428,0.3,2
14493,5087.86,10,3148,292,7.858333333333333,634.3201388888889,508.786,314.8,0.0141660864328023,0.1,0.2857142857142857,2
14494,401.46,3,210,17,26.145138888888887,705.8305555555555,133.82,70.0,0.0028295324590602,0.0,0.0,0
14495,174.8,3,68,7,51.015277777777776,609.1520833333333,58.26666666666667,22.666666666666668,0.0032778712957493,0.0,0.25,0
14496,2363.89,7,905,64,312.1590277777778,321.8236111111111,337.6985714285714,129.28571428571428,0.0185860011272065,0.1428571428571428,0.3,2
14497,697.0600000000001,2,332,40,309.8256944444444,364.2930555555556,348.53000000000003,166.0,0.0027375280881788,0.0,0.3333333333333333,0
14498,3900.83,10,2120,276,43.02847222222222,507.8361111111111,390.083,212.0,0.0176874239140522,0.0,0.0,2
14499,2101.79,7,1231,199,26.992361111111112,443.0444444444444,300.2557142857143,175.85714285714286,0.0135121609448503,0.4285714285714285,0.3,2
14500,356.85,3,117,6,88.83680555555556,101.27569444444444,118.95,39.0,0.0195549882194775,0.0,0.0,0
14501,251.21,2,161,9,184.03333333333333,136.0548611111111,125.605,80.5,0.0072963482790245,0.0,0.3333333333333333,0
14502,2429.83,11,1480,368,20.041666666666668,293.83194444444445,220.89363636363635,134.54545454545453,0.0339176272735409,0.6363636363636364,0.2142857142857142,1
14503,3543.26,6,2004,113,3.9722222222222223,175.14583333333334,590.5433333333334,334.0,0.0283855706682436,0.1666666666666666,0.0,2
14504,673.26,4,308,85,47.86805555555556,231.05694444444444,168.315,77.0,0.0129278613367169,0.75,0.0,1
14505,11879.08,19,5325,898,17.87847222222222,713.0395833333333,625.2147368421053,280.2631578947368,0.0252086864932207,0.3684210526315789,0.2962962962962963,2
14506,2960.25,7,936,251,17.991666666666667,582.1909722222222,422.8928571428572,133.71428571428572,0.0102882251025547,0.1428571428571428,0.0,2
14507,3216.74,11,1491,182,24.020138888888887,705.8034722222222,292.4309090909091,135.54545454545453,0.0141482044061831,0.3636363636363636,0.2142857142857142,2
14508,822.92,5,347,142,22.709722222222226,518.2819444444444,164.584,69.4,0.0077029445040293,0.4,0.1666666666666666,1
14509,110.95,1,38,25,534.9784722222222,0.0,110.95,38.0,0.0,0.0,0.0,0
14510,979.85,3,793,67,376.0027777777778,60.96597222222222,326.6166666666667,264.3333333333333,0.0322757785971243,0.0,0.25,2
14511,1314.81,5,784,53,11.822916666666666,122.20277777777778,262.962,156.8,0.0324668004419092,0.2,0.1666666666666666,2
14512,1215.97,7,736,55,188.0076388888889,544.9513888888889,173.71,105.14285714285714,0.0109899894424869,0.2857142857142857,0.0,2
14513,788.01,6,593,15,101.05902777777776,467.72777777777776,131.335,98.83333333333331,0.010667172369653,0.1666666666666666,0.1428571428571428,0
14514,4380.04,9,2362,212,61.864583333333336,665.1138888888889,486.6711111111111,262.44444444444446,0.0120099582570548,0.3333333333333333,0.1,2
14515,3724.06,12,1893,109,18.05069444444445,532.9583333333334,310.3383333333333,157.75,0.0206008583690987,0.0,0.2,2
14516,151.17,1,63,35,516.9465277777778,0.0,151.17,63.0,0.0,1.0,0.0,1
14517,330.45,2,91,17,33.9375,108.10972222222222,165.225,45.5,0.0091650861136216,0.5,0.0,1
14518,174.37,1,278,16,64.92152777777778,0.0,174.37,278.0,0.0,0.0,0.0,0
14519,203.14,2,81,38,684.0638888888889,45.02638888888889,101.57,40.5,0.0217266664654938,0.0,0.0,0
14520,270.6,2,146,3,2.1277777777777778,289.0215277777778,135.3,73.0,0.0034480199027371,0.0,0.0,0
14521,199.45,1,211,17,491.84375,0.0,199.45,211.0,0.0,0.0,0.5,0
14522,1748.42,8,956,34,24.976388888888888,659.9784722222222,218.5525,119.5,0.0105903600407224,0.125,0.0,2
14523,241.09,1,251,12,108.98402777777778,0.0,241.09,251.0,0.0,0.0,0.0,0
14524,2909.86,13,1169,250,32.014583333333334,385.03125,223.8353846153846,89.92307692307692,0.0310855662592082,0.1538461538461538,0.0,2
14525,8026.54,17,5106,340,20.05069444444445,706.9,472.14941176470586,300.3529411764706,0.0226020624381974,0.1764705882352941,0.1904761904761904,2
14526,258.65,1,178,41,389.97083333333336,0.0,258.65,178.0,0.0,0.0,0.0,0
14527,27246.88,122,6647,607,3.0215277777777776,735.0090277777778,223.3350819672131,54.48360655737705,0.1644001573803159,0.0327868852459016,0.3578947368421052,2
14528,364.22,1,278,18,37.82013888888889,0.0,364.22,278.0,0.0,0.0,0.0,0
14529,578.61,3,325,177,60.890972222222224,50.05347222222223,192.87,108.33333333333331,0.0391746126746194,0.3333333333333333,0.0,2
14530,6088.87,16,2989,269,26.091666666666665,661.9673611111111,380.554375,186.8125,0.0226255482243658,0.0,0.1578947368421052,2
14531,376.34,1,260,29,480.1069444444444,0.0,376.34,260.0,0.0,0.0,0.0,0
14532,3845.78,11,1111,209,236.98958333333331,462.0541666666667,349.61636363636364,101.0,0.0215957456381092,0.9090909090909092,0.0833333333333333,1
14533,3466.37,11,6038,74,25.03125,585.9944444444444,315.12454545454545,548.9090909090909,0.0170359363613132,0.1818181818181818,0.2666666666666666,2
14534,6187.66,26,2822,437,3.0215277777777776,631.91875,237.98692307692303,108.53846153846152,0.0394995408178379,0.0384615384615384,0.3157894736842105,2
14535,5973.2300000000005,9,3214,589,60.88263888888889,593.025,663.6922222222223,357.1111111111111,0.0134674466562855,0.0,0.1818181818181818,2
14536,170.95,1,39,18,260.0201388888889,0.0,170.95,39.0,0.0,0.0,0.0,0
14537,641.4,2,228,23,58.08055555555556,565.8819444444445,320.7,114.0,0.0017640357217233,0.0,0.3333333333333333,0
14538,1370.84,5,284,45,65.09652777777778,618.7840277777777,274.168,56.8,0.0064538610559906,0.4,0.0,1
14539,537.48,2,428,31,16.125,28.90763888888889,268.74,214.0,0.0334362737130517,0.0,0.0,0
14540,3709.64,11,1595,197,10.10763888888889,722.8854166666666,337.24,145.0,0.0138143410127638,0.0909090909090909,0.0833333333333333,2
14541,2491.38,14,1123,99,59.1125,642.9229166666667,177.9557142857143,80.21428571428571,0.0201887518886512,0.0,0.0,2
14542,103.25,1,19,5,186.18819444444443,0.0,103.25,19.0,0.0,0.0,0.0,0
14543,14587.87,39,2639,106,29.00347222222222,709.9569444444444,374.0479487179487,67.66666666666667,0.0534490875951622,0.0,0.22,2
14544,2938.53,3,2412,148,24.905555555555555,445.9625,979.51,804.0,0.0044746483206085,0.0,0.0,2
14545,349.25,1,236,23,674.89375,0.0,349.25,236.0,0.0,0.0,0.0,0
14546,5184.84,11,2688,410,5.993055555555555,727.9930555555555,471.3490909090909,244.3636363636364,0.0137175517980471,0.7272727272727273,0.45,1
14547,3974.75,8,2639,198,4.072222222222222,50.85486111111111,496.84375,329.875,0.1349921656332444,0.625,0.1111111111111111,1
14548,2541.29,9,986,66,151.02152777777778,582.9298611111111,282.36555555555555,109.55555555555556,0.013700275551549,0.2222222222222222,0.0,2
14549,913.6,4,394,117,311.9604166666667,425.9868055555556,228.4,98.5,0.0070259782292257,0.25,0.0,2
14550,1345.06,4,771,77,11.026388888888889,473.0048611111111,336.265,192.75,0.0063290490164335,0.0,0.0,2
14551,878.09,7,486,69,18.968055555555555,663.0625,125.44142857142856,69.42857142857143,0.009035294117647,0.5714285714285714,0.2222222222222222,1
14552,507.93,3,258,124,152.00069444444443,440.96180555555554,169.31,86.0,0.0045252779196291,0.0,0.0,0
14553,1818.6,9,1118,233,19.979166666666668,490.0506944444445,202.06666666666663,124.22222222222224,0.0162915969583362,0.7777777777777778,0.1,1
14554,2279.49,4,1443,147,10.8375,42.15277777777778,569.8725000000001,360.75,0.0695204377212745,0.0,0.0,2
14555,2304.03,6,842,94,57.85138888888889,664.1979166666666,384.00500000000005,140.33333333333334,0.0075165599210761,0.0,0.1428571428571428,2
14556,815.69,3,323,158,596.9118055555556,92.13055555555556,271.8966666666667,107.66666666666669,0.0214752289199749,0.0,0.0,0
14557,788.38,1,510,16,85.87638888888888,0.0,788.38,510.0,0.0,0.0,0.5,2
14558,655.5,3,162,13,654.9993055555556,77.09027777777777,218.5,54.0,0.0256113828368163,0.0,0.4,0
14559,75.6,1,72,2,390.8645833333333,0.0,75.6,72.0,0.0,1.0,0.0,1
14560,6114.03,44,4580,60,7.894444444444445,730.2131944444444,138.95522727272726,104.0909090909091,0.0588063786686319,0.1818181818181818,0.0434782608695652,2
14561,1080.76,3,1014,67,76.00763888888889,108.96736111111112,360.25333333333333,338.0,0.0181872146407077,0.3333333333333333,0.0,2
14562,6638.150000000001,26,2574,245,4.072916666666667,666.8715277777778,255.31346153846155,99.0,0.0374323488278995,0.1923076923076923,0.1333333333333333,2
14563,640.54,2,279,95,510.0340277777778,82.96527777777777,320.27,139.5,0.0119096848895872,0.5,0.0,1
14564,2605.62,2,1295,107,435.15833333333336,300.9826388888889,1302.81,647.5,0.0033114486438008,0.0,0.6,2
14565,3859.22,5,1940,139,96.15486111111112,377.9715277777778,771.844,388.0,0.0105548826410661,0.0,0.2857142857142857,2
14566,4092.0,4,2400,9,111.07291666666669,423.0215277777778,1023.0,600.0,0.0070751124729974,0.25,0.0,2
14567,1530.36,2,412,33,57.10347222222222,73.85625,765.1800000000001,206.0,0.0133589379644318,0.0,0.3333333333333333,2
14568,919.7,1,645,47,435.81597222222223,0.0,919.7,645.0,0.0,0.0,0.5,2
14569,597.3299999999999,4,257,31,1.9111111111111112,602.13125,149.33249999999998,64.25,0.0049740417197749,0.0,0.0,0
14570,613.75,3,431,64,281.0777777777778,162.91041666666666,204.58333333333331,143.66666666666666,0.0122017870533955,0.0,0.0,0
14571,160.0,1,56,30,425.9055555555556,0.0,160.0,56.0,0.0,1.0,0.0,1
14572,5526.88,11,2878,336,3.923611111111111,618.0368055555556,502.4436363636364,261.6363636363636,0.0161541283333314,0.3636363636363636,0.2666666666666666,2
14573,2163.12,13,683,183,180.06597222222223,520.7784722222223,166.39384615384614,52.53846153846154,0.0229982658136368,0.3076923076923077,0.2352941176470588,2
14574,143.70000000000002,1,63,11,733.0055555555556,0.0,143.70000000000002,63.0,0.0,0.0,0.0,0
14575,420.22,1,163,71,488.9159722222222,0.0,420.22,163.0,0.0,1.0,0.0,1
14576,35.400000000000006,1,12,1,372.7909722222222,0.0,35.400000000000006,12.0,0.0,0.0,0.0,0
14577,1364.15,7,569,104,13.002083333333331,716.0263888888888,194.87857142857143,81.28571428571429,0.0083678928599791,0.2857142857142857,0.0,2
14578,168.63,1,240,24,3.813888888888889,0.0,168.63,240.0,0.0,0.0,0.0,0
14579,105.56,1,56,24,432.9263888888889,0.0,105.56,56.0,0.0,1.0,0.0,1
14580,14.85,1,3,1,518.8958333333334,0.0,14.85,3.0,0.0,0.0,0.0,0
14581,409.65,2,304,59,17.007638888888888,527.86875,204.825,152.0,0.0018908283009725,0.5,0.0,1
14582,114.11,1,73,6,41.0375,0.0,114.11,73.0,0.0,1.0,0.0,1
14583,1660.29,8,1071,353,6.0125,615.8861111111111,207.53625,133.875,0.0113473133434498,0.375,0.0,2
14584,1738.16,8,960,127,169.76180555555555,491.18888888888887,217.27,120.0,0.0142221820890805,0.0,0.1111111111111111,2
14585,1143.27,5,630,88,50.92847222222223,366.0944444444444,228.654,126.0,0.0108963784675454,0.0,0.0,2
14586,237.36,1,444,19,277.1152777777778,0.0,237.36,444.0,0.0,0.0,0.6666666666666666,0
14587,1580.29,9,749,170,19.052777777777777,312.9291666666667,175.58777777777777,83.22222222222223,0.0254834556627689,0.0,0.1,2
14588,135.39,1,62,16,578.9041666666667,0.0,135.39,62.0,0.0,0.0,0.0,0
14589,39.75,1,5,3,372.0472222222222,0.0,39.75,5.0,0.0,0.0,0.0,0
14590,2993.37,20,901,124,425.0305555555556,307.9138888888889,149.6685,45.05,0.0615058133784136,0.0,0.2857142857142857,2
14591,1320.21,4,1228,138,15.953472222222222,197.99166666666667,330.0525,307.0,0.0150760082080489,0.0,0.0,2
14592,557.94,3,407,132,35.84375,28.935416666666665,185.98,135.66666666666666,0.0668104948152272,0.0,0.0,2
14593,3665.53,12,1848,436,22.00138888888889,708.99375,305.4608333333333,154.0,0.0154930941293497,0.0833333333333333,0.3333333333333333,2
14594,363.33,2,183,48,7.973611111111111,365.9819444444444,181.665,91.5,0.0027249297005983,0.0,0.0,0
14595,2164.45,8,1228,119,20.02638888888889,668.9256944444444,270.55625,153.5,0.0104489200191148,0.5,0.0,1
14596,222.22000000000003,1,75,50,627.0256944444444,0.0,222.22000000000003,75.0,0.0,0.0,0.0,0
14597,2184.63,6,1436,79,11.984027777777778,425.9972222222222,364.105,239.33333333333331,0.0117096780489074,0.0,0.0,2
14598,384.04,2,354,83,44.97986111111111,525.0083333333333,192.02,177.0,0.0019011105654219,0.0,0.3333333333333333,0
14599,457.89,2,292,77,390.9173611111111,118.95486111111111,228.945,146.0,0.0083364691579587,1.0,0.0,1
14600,865.1700000000001,2,487,53,306.12638888888887,87.74444444444444,432.585,243.5,0.0112683110053837,0.0,0.0,2
14601,213.96,1,168,7,11.126388888888888,0.0,213.96,168.0,0.0,0.0,0.0,0
14602,205.36,1,80,31,656.8770833333333,0.0,205.36,80.0,0.0,1.0,0.0,1
14603,660.0,1,400,2,275.0993055555556,0.0,660.0,400.0,0.0,0.0,0.0,0
14604,143.86,1,88,20,633.9930555555555,0.0,143.86,88.0,0.0,0.0,0.0,0
14605,921.56,4,416,88,374.94652777777776,357.0055555555556,230.39,104.0,0.008379758228457,0.0,0.0,0
14606,29951.37,192,15217,1262,1.7236111111111112,735.2833333333333,155.99671875,79.25520833333333,0.259411005726962,0.171875,0.2586872586872586,2
14607,23763.13,22,15335,106,16.09375,708.9652777777778,1080.1422727272727,697.0454545454545,0.0295789113317357,0.0909090909090909,0.1851851851851851,2
14608,3352.94,11,927,15,4.831944444444445,729.1791666666667,304.8127272727273,84.27272727272727,0.0136952688552467,0.1818181818181818,0.0833333333333333,2
14609,1486.2,10,12720,6,72.99722222222222,596.1291666666667,148.62,1272.0,0.0150721158878243,0.1,0.0909090909090909,2
14610,24.35,2,15,10,396.0777777777778,118.78611111111113,12.175,7.5,0.0083482132504695,0.0,0.0,0
14611,604.3299999999999,2,582,37,444.1465277777778,154.95833333333334,302.165,291.0,0.0064119690088164,0.0,0.3333333333333333,0
14612,877.7,1,134,14,415.8673611111111,0.0,877.7,134.0,0.0,0.0,0.0,0
14613,76.32000000000001,1,72,1,680.9916666666667,0.0,76.32000000000001,72.0,0.0,0.0,0.0,0
14614,295.13,1,189,19,386.9902777777778,0.0,295.13,189.0,0.0,0.0,0.0,0
14615,951.76,5,495,40,394.9680555555556,153.98402777777778,190.352,99.0,0.0258091111539271,0.0,0.1666666666666666,0
14616,527.78,5,170,3,243.12222222222223,306.0083333333333,105.556,34.0,0.0130289622974403,0.0,0.0,0
14617,190.47000000000003,2,81,7,403.04791666666665,13.042361111111113,95.235,40.5,0.0712130952969685,0.0,0.0,0
14618,1342.32,7,704,40,9.961805555555555,537.1486111111111,191.76,100.57142857142856,0.0111493365886643,0.1428571428571428,0.2222222222222222,2
14619,1291.24,2,594,58,246.2173611111111,295.7055555555556,645.62,297.0,0.0033703447113674,0.0,0.3333333333333333,2
14620,412.78,2,214,26,206.0361111111111,78.14444444444445,206.39,107.0,0.012635125649305,0.0,0.3333333333333333,0
14621,3000.57,9,1706,134,1.8527777777777776,682.3013888888889,333.3966666666667,189.55555555555557,0.0117078643920345,0.1111111111111111,0.4375,2
14622,320.58000000000004,1,146,21,185.0055555555556,0.0,320.58000000000004,146.0,0.0,0.0,0.0,0
14623,2016.98,10,1025,193,32.954166666666666,569.8638888888889,201.698,102.5,0.0157655794580338,0.0,0.1666666666666666,2
14624,814.07,6,645,39,57.9625,547.125,135.67833333333334,107.5,0.0091220068415051,0.0,0.0,0
14625,4497.88,11,2155,167,196.8875,527.0895833333333,408.89818181818185,195.9090909090909,0.0189361811245724,0.0,0.3888888888888889,2
14626,5410.92,11,3135,181,24.09236111111111,705.8194444444445,491.9018181818182,285.0,0.0141478846947397,0.0909090909090909,0.2666666666666666,2
14627,462.75,1,284,29,379.84583333333336,0.0,462.75,284.0,0.0,0.0,0.6666666666666666,0
14628,1998.0,5,1147,65,91.91111111111113,592.0125,399.6,229.4,0.006745220378997,0.0,0.0,2
14629,955.26,2,378,133,4.829861111111111,43.02916666666667,477.63,189.0,0.0227122172802119,0.5,0.3333333333333333,1
14630,338.65,1,111,21,484.8416666666666,0.0,338.65,111.0,0.0,0.0,0.0,0
14631,2025.69,6,1407,65,51.06458333333333,436.8555555555556,337.615,234.5,0.0114192909889106,0.0,0.1428571428571428,2
14632,114.56,1,96,8,263.1673611111111,0.0,114.56,96.0,0.0,0.0,0.0,0
14633,344.90000000000003,1,96,20,266.82152777777776,0.0,344.90000000000003,96.0,0.0,0.0,0.0,0
14634,2124.46,4,1906,105,438.09027777777777,104.03611111111113,531.115,476.5,0.0285616057969481,0.0,0.4285714285714285,2
14635,215.22,1,118,15,454.0854166666667,0.0,215.22,118.0,0.0,1.0,0.0,1
14636,609.85,2,241,27,36.859722222222224,232.26388888888889,304.925,120.5,0.0042869901756475,0.0,0.0,0
14637,106.68,1,100,7,677.8736111111111,0.0,106.68,100.0,0.0,1.0,0.0,1
14638,443.6,1,166,16,51.11111111111112,0.0,443.6,166.0,0.0,0.0,0.0,0
14639,4978.96,9,2410,203,52.90555555555556,609.1048611111111,553.2177777777778,267.77777777777777,0.0131125000142279,0.0,0.1818181818181818,2
14640,3649.36,10,1645,165,24.98819444444445,661.8909722222222,364.936,164.5,0.0135768933009136,0.0,0.375,2
14641,110.46,1,90,7,22.08888888888889,0.0,110.46,90.0,0.0,0.0,0.0,0
14642,96.12,1,76,2,59.07083333333333,0.0,96.12,76.0,0.0,0.0,0.0,0
14643,1679.89,5,1377,57,170.92291666666668,558.1173611111111,335.978,275.4,0.0071541330643909,0.0,0.1666666666666666,2
14644,2247.72,7,770,50,68.18055555555556,668.6708333333333,321.1028571428571,110.0,0.008959625686749,0.0,0.4166666666666667,2
14645,876.89,3,587,45,157.14930555555554,477.9041666666666,292.2966666666667,195.66666666666663,0.0041762008752621,0.0,0.25,2
14646,528602.52,151,367193,961,2.026388888888889,735.8055555555555,3500.678940397351,2431.7417218543046,0.2035815268614514,0.0198675496688741,0.0736196319018405,2
14647,506.04,2,175,42,201.96527777777777,322.00902777777776,253.02,87.5,0.0030958887028011,1.0,0.0,1
14648,4466.65,15,3265,286,416.9847222222222,312.9673611111112,297.77666666666664,217.66666666666663,0.0445906222559404,0.0,0.2105263157894736,2
14649,3651.19,9,2415,374,5.013888888888889,683.9722222222222,405.6877777777778,268.3333333333333,0.0116793057301593,0.1111111111111111,0.1818181818181818,2
14650,62.5,1,22,4,589.6826388888888,0.0,62.5,22.0,0.0,0.0,0.0,0
14651,2025.52,9,880,216,67.87361111111112,564.1756944444444,225.05777777777777,97.77777777777776,0.0141548903794665,0.0,0.0,2
14652,114.18,1,53,29,77.93680555555555,0.0,114.18,53.0,0.0,0.0,0.0,0
14653,3593.06,12,1969,271,1.961805555555556,736.0791666666667,299.4216666666667,164.08333333333334,0.0149237700608821,0.1666666666666666,0.0,2
14654,246.86,1,273,27,738.9951388888888,0.0,246.86,273.0,0.0,0.0,0.0,0
14655,3878.51,7,2341,72,8.848611111111111,588.0826388888889,554.0728571428572,334.42857142857144,0.010185328176225,0.1428571428571428,0.4166666666666667,2
14656,790.0,5,309,148,169.95763888888888,434.0701388888889,158.0,61.8,0.0091939198820113,0.0,0.0,0
14657,1450.19,6,879,143,18.002083333333335,417.7013888888889,241.69833333333332,146.5,0.0119416847726933,0.0,0.1428571428571428,2
14658,247.15,2,47,27,5.885416666666667,111.99513888888887,123.575,23.5,0.008849938234806,1.0,0.0,1
14659,2529.93,9,1195,147,9.022916666666667,306.9819444444444,281.1033333333333,132.77777777777777,0.0259755487109183,0.2222222222222222,0.25,2
14660,285.74,2,228,24,87.05277777777778,14.0375,142.87,114.0,0.0665004156275976,0.0,0.0,0
14661,107.95,1,35,4,27.040972222222223,0.0,107.95,35.0,0.0,1.0,0.0,1
14662,1376.43,7,907,199,29.025694444444444,707.8097222222223,196.63285714285715,129.57142857142858,0.0084648951783408,0.0,0.0,2
14663,490.6,2,397,60,430.9784722222222,0.00625,245.3,198.5,0.9937888198757764,0.0,0.0,0
14664,636.24,2,465,78,20.07708333333333,13.835416666666667,318.12,232.5,0.0674062631652857,1.0,0.0,1
14665,2749.65,7,1144,94,61.15,531.9145833333333,392.8071428571429,163.42857142857142,0.0112588399485533,0.1428571428571428,0.2222222222222222,2
14666,195.25,1,161,14,24.99513888888889,0.0,195.25,161.0,0.0,0.0,0.0,0
14667,20395.34,54,11939,578,11.055555555555555,726.9527777777778,377.6914814814815,221.09259259259255,0.0728069204733213,0.074074074074074,0.1147540983606557,2
14668,111.63,1,49,10,445.90763888888887,0.0,111.63,49.0,0.0,0.0,0.0,0
14669,3216.78,7,2043,334,242.04652777777775,495.9423611111111,459.54,291.85714285714283,0.012073834853975,0.0,0.0,2
14670,583.33,3,423,159,280.9423611111111,452.0097222222222,194.44333333333336,141.0,0.0044149162852158,0.0,0.0,0
14671,1127.45,2,571,48,549.9659722222223,18.804166666666667,563.725,285.5,0.0504944245739532,0.0,0.0,2
14672,1113.14,4,646,93,235.10486111111112,445.9486111111111,278.285,161.5,0.0067121810548689,0.0,0.0,2
14673,3037.32,7,1822,86,3.9298611111111112,406.17847222222224,433.9028571428572,260.2857142857143,0.01473555310342,0.0,0.0,2
14674,173.66,1,103,14,509.93402777777777,0.0,173.66,103.0,0.0,1.0,0.0,1
14675,1015.58,2,660,196,16.994444444444444,372.025,507.79,330.0,0.0026807854701427,0.0,0.0,2
14676,8356.79,12,8792,77,31.972916666666663,608.1659722222222,696.3991666666667,732.6666666666666,0.0180574761257137,0.0833333333333333,0.25,2
14677,184.91,1,139,14,593.1263888888889,0.0,184.91,139.0,0.0,0.0,0.0,0
14678,403.39,1,179,24,579.9291666666667,0.0,403.39,179.0,0.0,1.0,0.5,1
14679,1289.44,3,794,49,382.0409722222222,349.7763888888889,429.8133333333333,264.6666666666667,0.0057016380330932,0.0,0.4,2
14680,55688.5,58,26894,222,25.82708333333333,710.1826388888888,960.146551724138,463.6896551724138,0.080148188219349,0.0,0.3333333333333333,2
14681,875.1500000000001,6,172,19,71.87361111111112,582.2902777777778,145.85833333333335,28.666666666666668,0.008572061271189,0.0,0.0,0
14682,1514.81,6,949,79,188.0263888888889,484.8923611111111,252.46833333333333,158.16666666666666,0.0102903449409377,0.3333333333333333,0.0,2
14683,146.56,1,386,21,588.8138888888889,0.0,146.56,386.0,0.0,0.0,0.0,0
14684,1430.03,6,1005,272,26.053472222222226,364.8930555555556,238.3383333333333,167.5,0.0136651951275987,0.6666666666666666,0.0,1
14685,4536.64,8,1969,109,576.9875,150.06666666666666,567.08,246.125,0.0463371579876434,0.75,0.3846153846153846,1
14686,852.53,5,457,185,414.7631944444444,245.0013888888889,170.506,91.4,0.0162600707990582,0.0,0.1666666666666666,0
14687,1402.06,3,850,34,107.03541666666666,445.0576388888889,467.3533333333333,283.3333333333333,0.0044837254776802,0.3333333333333333,0.0,2
14688,7190.42,28,5041,197,8.016666666666667,448.99375,256.80071428571426,180.03571428571428,0.0600008333449075,0.0357142857142857,0.1764705882352941,2
14689,112.8,1,76,13,209.0611111111111,0.0,112.8,76.0,0.0,1.0,0.0,1
14690,777.68,4,341,69,44.88263888888889,366.1381944444444,194.42,85.25,0.0081713100009646,0.0,0.2,0
14691,2114.33,5,707,50,31.01388888888889,182.10763888888889,422.866,141.4,0.0218450744287475,0.2,0.0,2
14692,1715.14,12,890,101,137.90416666666667,480.0444444444444,142.9283333333333,74.16666666666667,0.0228669099644292,0.0833333333333333,0.0769230769230769,2
14693,1165.36,7,388,43,265.0,261.18194444444447,166.48,55.42857142857143,0.0228848710871902,0.5714285714285714,0.125,1
14694,244.31,1,193,15,617.7111111111111,0.0,244.31,193.0,0.0,0.0,0.0,0
14695,1534.22,3,661,76,519.9388888888889,213.1340277777778,511.4066666666667,220.33333333333331,0.0093399448035206,0.0,0.25,2
14696,2473.28,8,1867,137,4.9631944444444445,417.0833333333333,309.16,233.375,0.0167430735499302,0.125,0.2,2
14697,188.61,2,181,22,218.8826388888889,0.0069444444444444,94.305,90.5,0.993103448275862,0.0,0.0,0
14698,1217.27,5,602,148,2.0166666666666666,49.980555555555554,243.454,120.4,0.0784612869830545,0.4,0.0,2
14699,702.6,4,484,45,214.9138888888889,311.11805555555554,175.65,121.0,0.009611747691623,0.0,0.0,0
14700,3076.06,5,1606,111,32.923611111111114,453.09791666666666,615.212,321.2,0.008808672872499,0.0,0.0,2
14701,4487.11,15,1744,455,11.008333333333333,674.0159722222222,299.1406666666666,116.26666666666668,0.0207402499735088,0.1333333333333333,0.1666666666666666,2
14702,6368.78,29,2878,338,1.7229166666666669,727.9631944444444,219.6131034482759,99.24137931034484,0.0384107184195208,0.1034482758620689,0.09375,2
14703,318.17,1,183,22,15.14375,0.0,318.17,183.0,0.0,0.0,0.0,0
14704,1752.92,11,1164,319,11.999305555555557,612.8125,159.35636363636365,105.8181818181818,0.0162916199979635,0.2727272727272727,0.0,2
14705,179.0,1,100,1,199.0076388888889,0.0,179.0,100.0,0.0,0.0,0.0,0
14706,367.54,1,246,25,619.0701388888889,0.0,367.54,246.0,0.0,0.0,0.0,0
14707,139.2,2,96,1,436.0506944444445,141.02083333333334,69.6,48.0,0.0070412204782162,0.0,0.0,0
14708,1793.22,5,1159,27,3.1868055555555554,452.91319444444446,358.644,231.8,0.0088122576055443,0.0,0.1666666666666666,2
14709,8886.33,25,4141,105,15.88125,719.0104166666666,355.4532,165.64,0.0333328510872238,0.24,0.074074074074074,2
14710,1899.79,13,1135,310,14.914583333333333,721.9034722222223,146.1376923076923,87.3076923076923,0.0165997266040398,0.1538461538461538,0.0,2
14711,2839.62,11,966,221,10.911111111111111,252.05972222222223,258.1472727272727,87.81818181818181,0.0395163636164058,0.0909090909090909,0.0833333333333333,2
14712,1328.0700000000002,4,411,24,29.99375,388.9236111111111,332.01750000000004,102.75,0.0076938146716771,0.5,0.0,1
14713,5115.76,21,3329,222,9.85,726.8777777777777,243.60761904761907,158.52380952380952,0.0274771405455738,0.0,0.16,2
14714,906.24,4,642,64,24.98819444444445,663.0527777777778,226.56,160.5,0.0045177132005069,0.0,0.4285714285714285,2
14715,1825.45,8,1030,102,25.02777777777778,664.9944444444444,228.18125,128.75,0.0105105981865047,0.0,0.0,2
14716,543.28,3,643,85,43.80625,401.2236111111111,181.09333333333333,214.33333333333331,0.0049723585208614,0.0,0.0,2
14717,81.3,1,32,11,733.9895833333334,0.0,81.3,32.0,0.0,1.0,0.5,1
14718,226.42,1,202,11,410.9881944444445,0.0,226.42,202.0,0.0,0.0,0.0,0
14719,1581.84,5,1025,177,2.004861111111111,247.93472222222223,316.368,205.0,0.0160684695340701,0.0,0.1666666666666666,2
14720,663.81,3,219,34,6.033333333333333,120.99722222222222,221.27,73.0,0.0163938158883398,0.6666666666666666,0.0,1
14721,109.07,1,57,24,379.9875,0.0,109.07,57.0,0.0,0.0,0.0,0
14722,489.52,3,214,72,147.9111111111111,339.0625,163.17333333333332,71.33333333333333,0.0058812718250321,0.0,0.0,0
14723,1803.06,11,1168,287,10.89375,725.1673611111111,163.91454545454545,106.1818181818182,0.0137709301402626,0.1818181818181818,0.0,2
14724,341.9,1,184,40,590.975,0.0,341.9,184.0,0.0,0.0,0.0,0
14725,1252.74,4,1335,85,25.00555555555556,510.0472222222222,313.185,333.75,0.0058702990047669,0.0,0.2,2
14726,116.5,1,82,15,655.0104166666666,0.0,116.5,82.0,0.0,0.0,0.0,0
14727,463.73,3,458,43,274.9201388888889,272.05694444444447,154.57666666666665,152.66666666666666,0.0073244795296056,0.0,0.25,0
14728,190.58,1,68,14,413.8701388888889,0.0,190.58,68.0,0.0,0.0,0.0,0
14729,586.24,3,372,126,374.0048611111111,251.9673611111111,195.41333333333333,124.0,0.0079061582933678,0.0,0.0,0
14730,1897.57,8,1078,317,1.9243055555555555,275.0763888888889,237.19625,134.75,0.0253553012199723,0.0,0.0,2
14731,380.02,3,256,38,47.87222222222222,165.11666666666667,126.67333333333332,85.33333333333333,0.0120397311126718,0.3333333333333333,0.0,0
14732,5517.07,19,2273,162,8.927777777777777,722.1569444444444,290.3721052631579,119.63157894736842,0.0248908624030821,0.0,0.2083333333333333,2
14733,14335.15,15,5799,140,16.882638888888888,385.9979166666666,955.6766666666666,386.6,0.0361759053397143,0.0666666666666666,0.1666666666666666,2
14734,1056.42,4,378,48,426.0319444444444,125.86736111111112,264.105,94.5,0.0236467439199951,0.5,0.2,1
14735,12240.16,56,4513,198,4.028472222222222,732.0256944444444,218.5742857142857,80.58928571428571,0.0750314762727166,0.0714285714285714,0.0508474576271186,2
14736,374.05,2,148,70,485.8951388888889,0.0055555555555555,187.025,74.0,0.994475138121547,0.0,0.0,0
14737,3554.17,4,1071,28,4.106944444444444,396.9493055555556,888.5425,267.75,0.0075386486623261,0.0,0.0,2
14738,1821.9,9,757,58,43.1625,689.9409722222222,202.4333333333333,84.11111111111111,0.0115784130940595,0.0,0.25,2
14739,11573.62,25,9696,129,4.830555555555556,733.1465277777778,462.9448,387.84,0.0326910216038843,0.08,0.1071428571428571,2
14740,4161.06,11,2081,173,197.77291666666667,455.27569444444447,378.27818181818185,189.1818181818182,0.0219165739524562,0.0909090909090909,0.1538461538461538,2
14741,1713.09,7,1006,48,12.168055555555556,405.96875,244.72714285714284,143.71428571428572,0.0147431467403824,0.1428571428571428,0.0,2
14742,579.85,1,374,34,435.94652777777776,0.0,579.85,374.0,0.0,0.0,0.0,0
14743,50.48,1,40,3,593.1,0.0,50.48,40.0,0.0,0.0,0.0,0
14744,3660.08,14,2399,57,16.999305555555555,553.9479166666666,261.4342857142857,171.35714285714286,0.0234256217738151,0.0,0.1764705882352941,2
14745,2551.41,12,1969,74,113.11458333333331,524.9805555555556,212.6175,164.08333333333334,0.0209133206233859,0.0833333333333333,0.2941176470588235,2
14746,593.5,4,398,7,406.92083333333335,17.15138888888889,148.375,99.5,0.1652766087688423,0.0,0.0,0
14747,328.2,1,84,18,249.9451388888889,0.0,328.2,84.0,0.0,0.0,0.5,0
14748,2681.9,10,2422,129,29.761805555555554,616.0590277777778,268.19,242.2,0.0145853145239796,0.0,0.375,2
14749,310.15,1,403,18,480.0097222222222,0.0,310.15,403.0,0.0,0.0,0.0,0
14750,112.03,1,65,32,736.7868055555556,0.0,112.03,65.0,0.0,0.0,0.0,0
14751,126.45,2,65,7,684.9673611111111,41.97847222222222,63.225,32.5,0.0232674627155067,1.0,0.0,1
14752,389.64,1,260,5,44.03819444444444,0.0,389.64,260.0,0.0,0.0,0.0,0
14753,869.51,2,412,45,87.91666666666667,373.1569444444444,434.755,206.0,0.0026726752365503,0.5,0.0,1
14754,1547.93,6,1010,110,45.03402777777778,646.0395833333333,257.98833333333334,168.33333333333334,0.0077275025033888,0.1666666666666666,0.1428571428571428,2
14755,9972.55,25,4401,219,10.059722222222222,726.7729166666667,398.902,176.04,0.0329773195049966,0.12,0.1666666666666666,2
14756,2653.76,3,1423,102,15.775694444444444,409.2659722222222,884.5866666666667,474.3333333333333,0.0048748863796013,0.0,0.25,2
14757,420.5,1,160,19,75.9263888888889,0.0,420.5,160.0,0.0,1.0,0.0,1
14758,2864.97,7,840,91,145.18680555555557,465.9958333333333,409.2814285714285,120.0,0.0128480803718805,0.0,0.0,2
14759,1625.97,3,569,92,5.032638888888889,228.04722222222225,541.99,189.66666666666663,0.0087318238597086,0.0,0.0,2
14760,89.2,1,40,5,297.8493055555556,0.0,89.2,40.0,0.0,0.0,0.5,0
14761,447.92,3,206,21,59.02777777777778,385.90833333333336,149.30666666666667,68.66666666666667,0.0051691830536948,0.3333333333333333,0.0,0
14762,417.57,2,428,28,264.1875,362.6972222222222,208.785,214.0,0.0027495398339583,0.0,0.0,0
14764,278.3,1,190,6,47.03888888888889,0.0,278.3,190.0,0.0,0.0,0.5,0
14765,254.11,3,135,38,29.70625,147.00277777777777,84.70333333333333,45.0,0.0135132598862633,0.0,0.0,0
14766,6375.7300000000005,11,3999,251,8.864583333333334,543.2041666666667,579.6118181818182,363.54545454545456,0.0183754565152478,0.0909090909090909,0.2142857142857142,2
14767,382.81,1,117,18,474.9138888888889,0.0,382.81,117.0,0.0,1.0,0.0,1
14768,192.6,2,52,4,17.997222222222224,109.97847222222222,96.3,26.0,0.0090107565906801,0.0,0.3333333333333333,0
14769,15514.11,17,11058,834,3.1013888888888888,721.0465277777778,912.594705882353,650.4705882352941,0.0221592368143404,0.2941176470588235,0.1904761904761904,2
14770,3637.64,8,1598,152,232.9368055555556,419.8076388888889,454.705,199.75,0.0166346790150553,0.125,0.1111111111111111,2
14771,594.62,2,622,46,621.9986111111111,115.13055555555556,297.31,311.0,0.0086109981582031,0.5,0.3333333333333333,1
14772,139.26,1,82,9,112.90694444444443,0.0,139.26,82.0,0.0,0.0,0.0,0
14773,140.55,1,53,10,593.0979166666667,0.0,140.55,53.0,0.0,0.0,0.5,0
14774,241.45,1,99,13,529.0166666666667,0.0,241.45,99.0,0.0,0.0,0.0,0
14775,1011.9,3,1174,57,58.890972222222224,313.9506944444444,337.3,391.3333333333333,0.006350200317951,0.0,0.0,2
14776,3708.3,15,4658,68,51.88611111111111,395.05694444444447,247.22,310.53333333333336,0.035348452277836,0.0666666666666666,0.2105263157894736,2
14777,307.56,1,212,16,404.0,0.0,307.56,212.0,0.0,0.0,0.75,0
14778,730.86,2,306,34,127.89375,181.15277777777777,365.43,153.0,0.00548989706443,0.0,0.0,0
14779,386.15,3,84,40,281.0055555555556,43.02638888888889,128.71666666666667,28.0,0.0454273005457585,0.0,0.0,0
14780,447.68,2,310,26,55.00277777777778,24.896527777777777,223.84,155.0,0.038615215467539,0.5,0.0,1
14782,200.1,1,114,6,320.0680555555556,0.0,200.1,114.0,0.0,0.0,0.0,0
14783,307.3,1,262,17,659.8569444444445,0.0,307.3,262.0,0.0,0.0,0.5,0
14784,449.93,3,363,25,26.97222222222222,363.1534722222222,149.97666666666666,121.0,0.0054921898390673,0.3333333333333333,0.0,0
14785,77.4,2,84,2,10.978472222222225,4.986805555555556,38.7,42.0,0.167033986776476,0.0,0.0,0
14786,90.96,1,112,7,550.9638888888888,0.0,90.96,112.0,0.0,0.0,0.0,0
14787,110.65,1,59,14,471.925,0.0,110.65,59.0,0.0,0.0,0.0,0
14788,1156.32,3,719,53,7.822222222222222,588.9513888888889,385.44,239.66666666666663,0.0033901098254328,0.3333333333333333,0.0,2
14789,197.64,1,116,6,29.160416666666663,0.0,197.64,116.0,0.0,0.0,0.0,0
14790,2526.62,10,2642,65,17.14027777777778,711.7854166666667,252.662,264.2,0.012626520955056,0.1,0.0,2
14791,303.63,1,127,19,607.1013888888889,0.0,303.63,127.0,0.0,0.0,0.0,0
14792,6.2,1,2,2,64.14652777777778,0.0,6.2,2.0,0.0,0.0,0.5,0
14793,625.9,2,361,39,21.916666666666668,513.9138888888889,312.95,180.5,0.0019420722990359,0.0,0.3333333333333333,2
14794,1953.9,10,783,85,3.1104166666666666,484.76875,195.39,78.3,0.0185273342511225,0.1,0.2307692307692307,2
14795,131.45000000000002,1,17,6,166.99027777777778,0.0,131.45000000000002,17.0,0.0,1.0,0.0,1
14796,10169.33,27,7188,487,1.8881944444444445,724.0173611111111,376.6418518518519,266.22222222222223,0.0358612102200617,0.0,0.3076923076923077,2
14797,300.31,1,99,16,507.94652777777776,0.0,300.31,99.0,0.0,0.0,0.0,0
14798,724.31,8,601,30,53.077777777777776,596.0972222222222,90.53875,75.125,0.0117233839640855,0.0,0.1111111111111111,0
14799,338.15,2,495,20,51.85694444444445,686.2069444444444,169.075,247.5,0.0014551657373142,0.0,0.0,0
14800,7191.33,17,6501,337,48.00277777777778,387.9222222222222,423.01941176470586,382.4117647058824,0.041139330914493,0.7058823529411765,0.2608695652173913,1
14801,189.34,1,173,56,61.89305555555556,0.0,189.34,173.0,0.0,1.0,0.0,1
14802,1502.98,2,2,1,438.8444444444444,0.0013888888888888,751.49,1.0,0.9986130374479888,0.0,0.6666666666666666,0
14803,845.55,3,370,35,162.95277777777778,130.02569444444444,281.85,123.33333333333331,0.0152641816437615,0.3333333333333333,0.0,2
14804,353.27,1,121,12,9.0625,0.0,353.27,121.0,0.0,0.0,0.0,0
14805,1082.55,7,416,88,15.854166666666666,606.1569444444444,154.65,59.42857142857143,0.0098821236500721,0.7142857142857143,0.0,1
14806,303.43,2,423,17,75.8875,363.9875,151.715,211.5,0.0027398198568444,1.0,0.0,1
14807,504.14,2,234,37,391.00208333333336,259.0513888888889,252.07,117.0,0.0038453938057114,1.0,0.0,1
14808,2718.6,8,2120,176,40.02013888888889,132.9777777777778,339.825,265.0,0.052247470558965,0.5,0.4666666666666667,2
14809,686.76,2,232,18,621.8791666666667,0.0013888888888888,343.38,116.0,0.9986130374479888,1.0,0.0,1
14810,2354.03,13,1162,125,41.06319444444444,388.9215277777778,181.0792307692308,89.38461538461539,0.0307754231175432,0.6923076923076923,0.0,1
14811,170.5,1,74,28,387.9868055555556,0.0,170.5,74.0,0.0,0.0,0.0,0
14812,178.85,1,135,36,599.0256944444444,0.0,178.85,135.0,0.0,0.0,0.0,0
14813,888.91,4,392,110,370.03680555555553,241.0055555555556,222.2275,98.0,0.0123964096324694,0.5,0.0,1
14814,154.21,1,93,28,581.9444444444445,0.0,154.21,93.0,0.0,0.0,0.0,0
14815,778.5,2,744,53,37.05138888888889,31.0,389.25,372.0,0.03125,0.0,0.0,2
14816,271.85,1,5,4,197.98194444444445,0.0,271.85,5.0,0.0,0.0,0.0,0
14817,3959.86,7,2462,142,200.96875,427.05902777777777,565.6942857142857,351.7142857142857,0.0140167584623745,0.1428571428571428,0.2222222222222222,2
14818,1153.56,6,543,87,74.07569444444445,573.9256944444444,192.26,90.5,0.0086967760326515,0.0,0.0,2
14819,456.41,4,170,52,64.96458333333334,653.9076388888889,114.1025,42.5,0.0045807986070979,0.0,0.0,0
14820,1274.76,9,724,51,21.88125,656.1194444444444,141.64,80.44444444444444,0.0121743467913409,0.5555555555555556,0.0,1
14821,1230.15,7,459,65,367.1715277777778,309.7986111111111,175.7357142857143,65.57142857142857,0.0193051055747961,0.0,0.0,0
14822,157.70000000000002,1,94,9,485.99861111111113,0.0,157.70000000000002,94.0,0.0,0.0,0.0,0
14823,321.43,3,88,56,180.98472222222225,14.016666666666667,107.14333333333332,29.33333333333333,0.1331853496115427,1.0,0.0,1
14824,4022.91,10,1954,84,10.9375,627.0506944444444,402.29100000000005,195.4,0.0143300534170432,0.1,0.1666666666666666,2
14825,4735.08,24,2774,187,4.05,608.8916666666667,197.295,115.58333333333331,0.0377116154508314,0.0416666666666666,0.1111111111111111,2
14826,385.2,2,152,10,582.1597222222222,113.82777777777778,192.6,76.0,0.0087086941796893,0.0,0.0,0
14828,9839.46,13,9718,72,197.10694444444445,535.95625,756.8815384615385,747.5384615384615,0.0223481894474642,0.0769230769230769,0.0714285714285714,2
14829,1455.87,7,957,77,29.856944444444444,407.12638888888887,207.98142857142855,136.71428571428572,0.014701328224168,0.0,0.2222222222222222,2
14830,188.88,1,164,39,53.93125,0.0,188.88,164.0,0.0,0.0,0.0,0
14831,1676.57,3,885,67,680.9298611111111,57.21527777777778,558.8566666666667,295.0,0.0343552427531909,0.0,0.5714285714285714,2
14832,322.69,1,1,1,630.9,0.0,322.69,1.0,0.0,0.0,0.6666666666666666,0
14833,94.8,1,58,7,499.1138888888889,0.0,94.8,58.0,0.0,0.0,0.0,0
14834,2206.16,7,872,55,18.09722222222222,389.7034722222222,315.1657142857143,124.57142857142856,0.0153569149664156,0.0,0.2222222222222222,2
14835,297.0,2,180,1,529.1125,88.60694444444445,148.5,90.0,0.0111598493420338,0.0,0.3333333333333333,0
14836,102.45,3,45,5,10.836805555555555,20.138194444444444,34.15,15.0,0.0946154604290548,0.0,0.0,0
14837,3460.32,9,3030,171,90.07777777777778,595.0263888888888,384.48,336.6666666666667,0.0134222245006862,0.5555555555555556,0.25,1
14838,769.9200000000001,2,361,69,423.8777777777778,313.24583333333334,384.96,180.5,0.003182221986502,0.0,0.0,0
14839,915.28,3,927,61,418.9923611111111,285.85555555555555,305.0933333333333,309.0,0.0069721501336328,0.6666666666666666,0.0,1
14840,362.71,2,179,20,268.03472222222223,271.84583333333336,181.355,89.5,0.0036650733778232,0.0,0.3333333333333333,0
14841,7163.0,14,4164,196,53.90763888888889,683.9263888888889,511.6428571428572,297.42857142857144,0.0189801418238375,0.0,0.0,2
14842,2824.69,4,1166,128,44.009027777777774,264.87847222222223,706.1725,291.5,0.011283350528254,0.0,0.5,2
14843,211.8,1,132,9,437.0076388888889,0.0,211.8,132.0,0.0,0.0,0.0,0
14844,6702.43,10,4369,158,64.08958333333334,542.9104166666667,670.243,436.9,0.0165468425024035,0.0,0.1666666666666666,2
14845,150.0,1,600,1,600.1048611111111,0.0,150.0,600.0,0.0,0.0,0.0,0
14846,437.4,1,193,12,427.82152777777776,0.0,437.4,193.0,0.0,0.0,0.5,0
14847,1348.95,3,533,56,149.08194444444445,415.9326388888889,449.65,177.66666666666666,0.0047969379546056,0.0,0.25,2
14848,310.56,1,260,11,405.0194444444445,0.0,310.56,260.0,0.0,1.0,0.0,1
14849,15407.61,43,11838,279,22.07777777777778,676.9708333333333,358.316511627907,275.30232558139534,0.0619495676436424,0.1395348837209302,0.14,2
14850,1770.96,7,1393,129,312.0618055555556,256.9118055555556,252.99428571428567,199.0,0.0232637664145527,0.4285714285714285,0.2222222222222222,2
14851,829.4100000000001,3,631,38,23.9375,607.1027777777778,276.47,210.33333333333331,0.0032889177176738,0.0,0.0,2
14852,6132.43,18,4366,152,58.97916666666666,585.9368055555556,340.6905555555556,242.55555555555557,0.0289639358770641,0.0555555555555555,0.1428571428571428,2
14853,1376.87,5,345,26,24.829166666666666,581.3125,275.374,69.0,0.0068691638939572,0.0,0.2857142857142857,0
14854,4303.06,11,2987,170,78.82638888888889,608.3,391.1872727272728,271.54545454545456,0.0164122763827342,0.0909090909090909,0.2142857142857142,2
14855,6520.3,7,3510,168,119.95,491.14722222222224,931.4714285714286,501.4285714285714,0.012191473870172,0.2857142857142857,0.0,2
14856,1290.53,3,711,65,36.91458333333333,20.22083333333333,430.1766666666667,237.0,0.0942470056940899,0.0,0.0,2
14857,3651.851,7,2081,170,60.14375,574.9326388888888,521.693,297.2857142857143,0.0104178850005365,0.0,0.3,2
14858,180.75,1,105,11,506.0826388888889,0.0,180.75,105.0,0.0,0.0,0.0,0
14859,1705.64,5,888,51,13.063888888888888,542.0361111111112,341.12800000000004,177.6,0.0073659926442379,0.4,0.1666666666666666,2
14860,170.32,1,232,11,19.93958333333333,0.0,170.32,232.0,0.0,1.0,0.5,1
14861,1380.73,10,1076,62,52.99722222222222,679.0291666666667,138.073,107.6,0.013234726451684,0.1,0.2857142857142857,2
14862,841.1999999999999,2,772,47,26.117361111111112,122.94513888888888,420.6,386.0,0.0080680856785876,0.0,0.0,2
14863,266.76,1,132,11,29.906944444444445,0.0,266.76,132.0,0.0,0.0,0.0,0
14865,92.52,4,204,4,7.850694444444445,731.0138888888889,23.130000000000003,51.0,0.0040982828953609,0.0,0.0,0
14866,20746.54,19,9089,40,11.04513888888889,459.99375,1091.923157894737,478.3684210526316,0.0390460825119646,0.0526315789473684,0.05,2
14867,2952.06,16,996,67,186.04930555555555,548.8277777777778,184.50375,62.25,0.0272812698925926,0.125,0.1578947368421052,2
14868,4184.01,12,2230,132,3.917361111111111,416.9979166666666,348.6675,185.83333333333331,0.0263159206335757,0.0833333333333333,0.0769230769230769,2
14869,2778.14,6,2130,187,9.009722222222225,715.0368055555556,463.0233333333333,355.0,0.0069828812725913,0.5,0.3333333333333333,2
14870,1838.95,6,483,43,262.0826388888889,422.0736111111111,306.4916666666667,80.5,0.0118182743349758,0.0,0.3333333333333333,2
14871,1228.17,9,446,123,3.963888888888889,735.0729166666666,136.46333333333334,49.55555555555556,0.0108684884593068,0.0,0.0,0
14872,816.6,3,662,34,484.0111111111111,149.91180555555556,272.2,220.66666666666663,0.0132527736490683,0.0,0.25,0
14873,854.13,2,311,48,210.95694444444445,423.1256944444444,427.065,155.5,0.0023577916006948,0.0,0.0,0
14874,116.18,1,148,6,535.9111111111112,0.0,116.18,148.0,0.0,0.0,0.0,0
14875,2862.4,3,1332,88,108.02083333333331,334.0777777777778,954.1333333333332,444.0,0.0059687634711675,0.0,0.5714285714285714,2
14876,256.7,2,162,12,521.9118055555556,40.047222222222224,128.35,81.0,0.0243621844758746,0.0,0.0,0
14877,425.85,2,168,57,418.9868055555556,224.0305555555556,212.925,84.0,0.0044438409598696,1.0,0.0,1
14878,4076.5,25,2416,159,13.06597222222222,644.0006944444444,163.06,96.64,0.0372092622639295,0.68,0.1071428571428571,1
14879,185.06,1,104,27,685.0520833333334,0.0,185.06,104.0,0.0,1.0,0.0,1
14880,690.59,3,365,45,77.96388888888889,211.05208333333331,230.1966666666667,121.66666666666669,0.0094316451343518,0.0,0.0,0
14881,255.4,1,316,17,20.072222222222223,0.0,255.4,316.0,0.0,1.0,0.0,1
14882,3546.65,14,1614,32,27.00208333333333,592.90625,253.33214285714288,115.28571428571428,0.0218889765851091,0.2857142857142857,0.0666666666666666,2
14883,761.59,6,790,39,19.102083333333333,193.0236111111111,126.93166666666669,131.66666666666666,0.0257700594858873,0.0,0.1428571428571428,0
14884,120.6,1,72,8,669.9958333333333,0.0,120.6,72.0,0.0,0.0,0.0,0
14885,1598.12,3,1308,24,132.03125,334.07916666666665,532.7066666666666,436.0,0.0059687387308969,0.3333333333333333,0.25,2
14886,364.8,1,160,18,253.1625,0.0,364.8,160.0,0.0,0.0,0.0,0
14887,1862.0,1,1100,6,79.8875,0.0,1862.0,1100.0,0.0,0.0,0.0,2
14888,369.2,1,184,20,207.9111111111111,0.0,369.2,184.0,0.0,0.0,0.0,0
14889,135.9,1,90,10,336.8965277777778,0.0,135.9,90.0,0.0,0.0,0.0,0
14890,817.25,3,636,55,254.0368055555556,406.1229166666666,272.4166666666667,212.0,0.0049125213003853,0.0,0.0,2
14891,1106.73,4,788,55,148.77916666666667,288.2270833333333,276.6825,197.0,0.0103724726101895,0.25,0.0,2
14892,202.35,1,79,13,691.1611111111112,0.0,202.35,79.0,0.0,0.0,0.0,0
14893,1809.61,3,1047,98,10.013194444444444,608.1444444444444,603.2033333333334,349.0,0.0032832935081991,0.0,0.5,2
14894,1492.81,3,603,39,85.9576388888889,652.13125,497.6033333333333,201.0,0.0030621716538597,0.0,0.4,2
14895,25119.54,38,10714,441,8.14375,721.7923611111111,661.0405263157895,281.94736842105266,0.0511903583805476,0.2368421052631578,0.2083333333333333,2
14896,1826.0,8,931,150,205.10416666666663,528.9013888888888,228.25,116.375,0.0132100050061725,0.375,0.2,2
14897,3140.54,8,1162,94,8.095833333333333,716.7270833333333,392.5675,145.25,0.0097530108066842,0.0,0.1111111111111111,2
14898,3365.95,14,2207,185,23.913888888888888,712.9263888888889,240.425,157.64285714285714,0.0182091602192102,0.1428571428571428,0.2222222222222222,2
14899,1331.38,1,570,126,395.8958333333333,0.0,1331.38,570.0,0.0,0.0,0.0,2
14900,13.919999999999998,1,48,1,522.9034722222223,0.0,13.919999999999998,48.0,0.0,0.0,0.0,0
14901,1919.0,12,880,103,11.82013888888889,487.24861111111113,159.91666666666666,73.33333333333333,0.0225295059723103,0.0,0.0769230769230769,2
14902,1035.62,3,716,51,26.094444444444445,527.9159722222222,345.2066666666667,238.66666666666663,0.0037813189713236,0.0,0.4,2
14903,2795.33,5,1531,227,21.86319444444445,257.17847222222224,559.066,306.2,0.0154931585332067,0.4,0.5,2
14904,1630.49,4,2522,127,2.9965277777777777,425.0048611111111,407.6225,630.5,0.0070421731624736,0.0,0.0,2
14905,1971.39,8,1009,45,158.00625,578.9201388888889,246.42375,126.125,0.012070627540909,0.0,0.2,2
14906,68.44,1,1,1,445.84722222222223,0.0,68.44,1.0,0.0,0.0,0.6666666666666666,0
14907,5547.72,16,2583,153,3.941666666666667,599.0236111111111,346.7325,161.4375,0.0249990162424163,0.0625,0.3043478260869565,2
14908,381.9,2,182,14,74.99583333333334,388.84513888888887,190.95,91.0,0.0025651211218129,0.0,0.0,0
14909,1404.68,3,888,61,437.82916666666665,226.04791666666668,468.2266666666667,296.0,0.0088087132855582,0.3333333333333333,0.4,2
14910,434.35,4,238,25,3.113888888888889,51.958333333333336,108.5875,59.5,0.056648308418568,0.25,0.4285714285714285,0
14911,291420.81,398,147972,2550,1.8722222222222225,737.1756944444444,732.2130904522613,371.7889447236181,0.537812343305051,0.0678391959798995,0.2196078431372549,2
14912,1889.25,6,1819,44,17.145833333333332,665.7020833333333,314.875,303.1666666666667,0.0074996015836658,0.0,0.4545454545454545,2
14913,4073.13,8,3955,176,36.18125,449.9923611111111,509.14125,494.375,0.0155213271966604,0.0,0.0,2
14915,1811.25,11,707,65,91.96944444444443,645.1368055555556,164.6590909090909,64.27272727272727,0.0154765986305359,0.0,0.1538461538461538,2
14916,3042.95,8,2415,113,71.14583333333333,546.9326388888888,380.36875,301.875,0.0127752929889242,0.125,0.2727272727272727,2
14917,1123.75,2,891,29,597.0569444444444,0.0722222222222222,561.875,445.5,0.932642487046632,0.0,0.0,2
14918,5955.81,9,2551,79,116.04166666666669,495.02222222222224,661.7566666666667,283.44444444444446,0.0161283096635455,0.1111111111111111,0.0,2
14919,359.35,1,129,13,539.9888888888889,0.0,359.35,129.0,0.0,0.0,0.0,0
14920,1607.17,3,886,90,213.09583333333333,352.7965277777778,535.7233333333334,295.3333333333333,0.0056529667279725,0.3333333333333333,0.0,2
14921,1316.07,2,953,78,30.98125,171.01805555555555,658.035,476.5,0.0058133432375477,0.5,0.0,1
14922,843.74,2,376,49,394.06666666666666,114.06180555555557,421.87,188.0,0.008690981296284,0.0,0.0,0
14923,749.1,1,418,44,51.04097222222222,0.0,749.1,418.0,0.0,0.0,0.0,2
14924,931.01,3,312,30,246.14236111111111,393.8569444444444,310.33666666666664,104.0,0.0050651255553171,0.0,0.0,0
14926,359.4,2,204,2,382.2340277777778,216.88472222222225,179.7,102.0,0.0045895829216519,0.0,0.3333333333333333,0
14927,308.2,1,196,20,397.0138888888889,0.0,308.2,196.0,0.0,0.0,0.0,0
14928,223.91000000000005,1,268,21,628.15,0.0,223.91000000000005,268.0,0.0,0.0,0.5,0
14929,836.69,2,487,34,32.81180555555556,389.2076388888889,418.345,243.5,0.0025627381433318,0.0,0.0,2
14930,5236.7300000000005,6,2193,213,109.09652777777778,497.9645833333333,872.7883333333334,365.5,0.0100207513058291,0.0,0.3333333333333333,2
14931,1257.68,5,417,30,5.104861111111111,236.0326388888889,251.536,83.4,0.0168753131161613,0.0,0.1666666666666666,0
14932,666.13,2,257,29,366.0430555555556,20.105555555555554,333.065,128.5,0.0473808897078178,0.0,0.0,0
14933,1770.0,4,600,1,444.0854166666667,0.7208333333333333,442.5,150.0,1.7433414043583535,0.0,0.2,0
14934,3503.5,5,2100,115,82.11111111111111,359.91805555555555,700.7,420.0,0.011082848138043,0.0,0.4444444444444444,2
14935,2849.83,2,1931,25,297.9208333333333,322.1222222222222,1424.915,965.5,0.0030948041676696,0.0,0.0,2
14936,12410.81,12,6274,267,34.09722222222222,549.9194444444445,1034.2341666666666,522.8333333333334,0.0199666214560507,0.25,0.1428571428571428,2
14937,1621.88,3,484,33,57.01458333333333,73.92569444444445,540.6266666666667,161.33333333333334,0.0266931126208373,0.0,0.25,2
14938,2322.43,2,1369,71,562.9666666666667,0.0020833333333333,1161.215,684.5,0.997920997920998,0.0,0.5,2
14940,531.49,2,384,32,418.0854166666667,315.7923611111111,265.745,192.0,0.0031566417715775,0.5,0.0,1
14941,182.1,1,80,7,579.0555555555555,0.0,182.1,80.0,0.0,0.0,0.0,0
14942,746.56,4,354,12,402.0826388888889,328.0131944444444,186.64,88.5,0.009118175351799,0.0,0.2,0
14943,107.62,1,46,5,663.8652777777778,0.0,107.62,46.0,0.0,1.0,0.0,1
14944,9784.67,19,4864,184,30.15277777777778,631.0159722222222,514.9826315789473,256.0,0.0284802928899256,0.0,0.2083333333333333,2
14945,179.4,1,156,11,414.0583333333333,0.0,179.4,156.0,0.0,0.0,0.0,0
14946,100.9,1,22,3,14.970138888888888,0.0,100.9,22.0,0.0,0.0,0.0,0
14947,1049.79,6,416,47,72.87638888888888,552.1798611111111,174.965,69.33333333333333,0.0090386515336206,0.0,0.0,0
14948,1101.97,6,673,56,23.815277777777776,196.1,183.66166666666663,112.16666666666669,0.0253678335870116,0.0,0.1428571428571428,2
14949,515.0,4,250,16,469.8833333333333,252.00694444444449,128.75,62.5,0.0118573820437515,0.0,0.3333333333333333,0
14950,371.2,1,136,19,19.959722222222226,0.0,371.2,136.0,0.0,1.0,0.5,1
14951,311.69,1,311,20,79.89930555555556,0.0,311.69,311.0,0.0,0.0,0.0,0
14952,17629.35,32,6977,240,60.09513888888889,676.7909722222222,550.9171875,218.03125,0.0457368145497167,0.03125,0.2558139534883721,2
14953,971.32,4,1014,202,25.910416666666663,410.1131944444445,242.83,253.5,0.0072972603179375,0.5,0.2,1
14954,462.12,2,209,111,12.930555555555555,690.9111111111112,231.06,104.5,0.0014452723535457,0.5,0.0,1
14955,163.77,1,74,30,733.0520833333334,0.0,163.77,74.0,0.0,0.0,0.0,0
14956,1325.0,1,2500,4,421.84027777777777,0.0,1325.0,2500.0,0.0,0.0,0.0,2
14957,261.69,2,97,27,253.78541666666663,391.29791666666665,130.845,48.5,0.0025490831266628,0.0,0.0,0
14958,941.99,6,248,52,147.9375,588.9291666666667,156.9983333333333,41.333333333333336,0.0084755938212921,0.0,0.0,0
14959,695.42,4,494,37,64.76875,232.2243055555556,173.855,123.5,0.0128631533186637,0.25,0.2,2
14960,221.27,2,221,23,8.997222222222222,162.96944444444443,110.635,110.5,0.0060986972505039,0.0,0.0,0
14961,16410.15,22,8372,328,11.130555555555556,724.9236111111111,745.9159090909092,380.54545454545456,0.0289286636755857,0.0454545454545454,0.2142857142857142,2
14962,366.91,4,123,14,271.1305555555556,313.78125,91.7275,30.75,0.0095304278765015,0.0,0.0,0
14963,3123.57,12,2287,304,10.02361111111111,515.98125,260.2975,190.58333333333331,0.0212773674093596,0.0833333333333333,0.0769230769230769,2
14964,206.21,1,143,13,247.9423611111111,0.0,206.21,143.0,0.0,0.0,0.0,0
14965,596.09,2,363,80,96.97916666666669,0.0034722222222222,298.045,181.5,0.9965397923875432,1.0,0.0,1
14966,1064.26,6,1060,125,15.020833333333334,709.9388888888889,177.3766666666667,176.66666666666666,0.0070329532933757,0.0,0.0,2
14967,1982.61,6,652,22,50.07222222222222,686.8743055555556,330.435,108.66666666666669,0.0072687698313746,0.0,0.1428571428571428,2
14968,501.24,2,257,83,30.95277777777778,428.0208333333333,250.62,128.5,0.0023308891370854,0.0,0.0,0
14969,906.23,1,665,13,704.0048611111112,0.0,906.23,665.0,0.0,0.0,0.0,2
14970,4919.35,12,982,71,68.9625,595.0048611111112,409.9458333333334,81.83333333333333,0.0184562253057686,0.5833333333333334,0.25,1
14971,1097.98,3,639,144,35.821527777777774,8.14861111111111,365.9933333333333,213.0,0.2186124183998785,0.0,0.0,2
14972,145.07,2,40,20,128.9138888888889,252.9423611111111,72.535,20.0,0.0039379014813619,0.0,0.0,0
14973,1314.45,3,369,29,107.87430555555557,118.1451388888889,438.15,123.0,0.0167862492641444,0.0,0.0,0
14974,89.94,1,37,17,37.99236111111111,0.0,89.94,37.0,0.0,0.0,0.0,0
14975,472.39,2,507,25,57.94583333333333,363.9979166666666,236.195,253.5,0.0027397416651921,0.0,0.0,0
14976,790.86,7,234,47,57.84236111111111,269.22777777777776,112.98,33.42857142857143,0.0222034908821775,0.0,0.125,0
14977,31.93,1,17,4,726.0923611111111,0.0,31.93,17.0,0.0,0.0,0.0,0
14978,3112.19,10,736,175,72.98819444444445,518.0951388888889,311.219,73.6,0.017337862225534,0.0,0.1666666666666666,2
14979,429.66,1,209,42,735.9972222222223,0.0,429.66,209.0,0.0,0.0,0.0,0
14980,150.68,1,79,24,737.9451388888889,0.0,150.68,79.0,0.0,0.0,0.0,0
14981,372.92,2,241,20,246.96180555555557,177.11180555555555,186.46,120.5,0.0056144509729765,0.0,0.3333333333333333,0
14982,237.78,1,125,39,572.8736111111111,0.0,237.78,125.0,0.0,1.0,0.0,1
14983,183.2,1,90,30,689.8041666666667,0.0,183.2,90.0,0.0,0.0,0.0,0
14984,1260.51,6,348,48,19.931944444444444,678.0458333333333,210.085,58.0,0.0073632732203889,0.6666666666666666,0.0,1
14985,292.01,2,256,78,198.93125,159.7763888888889,146.005,128.0,0.0062198187613922,0.0,0.0,0
14986,563.1,2,338,87,376.8923611111111,307.9798611111111,281.55,169.0,0.0032364568888209,1.0,0.0,1
14987,1550.65,8,607,4,16.11875,721.79375,193.83125,75.875,0.0096846437866957,0.25,0.1111111111111111,0
14988,2038.65,7,1260,171,212.03125,390.9381944444444,291.2357142857143,180.0,0.0153085361035168,0.0,0.0,2
14989,342.4,1,200,18,662.0902777777778,0.0,342.4,200.0,0.0,0.0,0.0,0
14990,304.17,2,129,41,612.9555555555555,118.01597222222222,152.085,64.5,0.0084022335937636,0.0,0.0,0
14991,314.67,1,191,21,430.9923611111111,0.0,314.67,191.0,0.0,0.0,0.0,0
14992,210.5,1,145,27,442.7930555555556,0.0,210.5,145.0,0.0,0.0,0.0,0
14993,36.13,1,21,9,564.0020833333333,0.0,36.13,21.0,0.0,0.0,0.0,0
14994,946.72,5,568,233,382.99375,240.9465277777778,189.344,113.6,0.0165325786517337,0.0,0.375,2
14995,231.98,2,102,53,39.04930555555556,241.93402777777777,115.99,51.0,0.0041163438862288,0.0,0.0,0
14996,442.29,2,404,37,481.9625,0.0020833333333333,221.145,202.0,0.997920997920998,1.0,0.0,1
14997,776.5999999999999,4,1408,36,46.97361111111111,609.0534722222222,194.15,352.0,0.0049176017129645,0.0,0.2,2
14998,753.18,4,352,111,170.80555555555554,435.0576388888889,188.295,88.0,0.0068798244370726,0.0,0.0,0
14999,129.48000000000002,1,88,9,593.0854166666667,0.0,129.48000000000002,88.0,0.0,0.0,0.0,0
15000,490.52,1,218,76,48.047222222222224,0.0,490.52,218.0,0.0,1.0,0.0,1
15001,199.11,2,70,44,394.9576388888889,0.0138888888888888,99.555,35.0,0.9863013698630138,0.0,0.0,0
15002,4138.08,9,2214,220,116.0875,580.9611111111111,459.7866666666666,246.0,0.0137466230084102,0.0,0.0,2
15003,1027.03,6,525,253,473.87916666666666,209.11111111111111,171.17166666666665,87.5,0.0237969328397673,0.0,0.1428571428571428,2
15004,1220.77,1,623,154,147.94791666666666,0.0,1220.77,623.0,0.0,0.0,0.0,2
15005,13754.58,56,8666,591,16.01736111111111,722.9208333333333,245.6175,154.75,0.0759751584254724,0.0892857142857142,0.2631578947368421,2
15006,757.78,2,387,165,51.90416666666667,402.08680555555554,378.89,193.5,0.0024808552059195,0.5,0.0,1
15007,156.91,1,69,12,159.86805555555554,0.0,156.91,69.0,0.0,1.0,0.0,1
15008,360.0,2,1500,6,480.9868055555556,157.08055555555555,180.0,750.0,0.0063258886995027,0.0,0.0,0
15009,1259.43,3,639,148,12.96875,12.82986111111111,419.81,213.0,0.1446146121014311,0.6666666666666666,0.0,1
15010,308.94,1,184,20,36.00555555555555,0.0,308.94,184.0,0.0,0.0,0.0,0
15011,416.6,2,289,17,396.06944444444446,20.96180555555556,208.3,144.5,0.0455335968379446,0.0,0.0,0
15012,646.26,3,383,165,54.019444444444446,523.0229166666667,215.42,127.66666666666669,0.0038166269763965,0.0,0.0,0
15013,1610.82,10,1715,177,488.03125,189.99305555555557,161.082,171.5,0.0471221321310402,0.3,0.0,2
15014,257.67,2,149,29,43.696527777777774,133.01875,128.835,74.5,0.007461642494054,0.0,0.0,0
15015,2354.97,13,1584,158,501.9583333333333,223.9611111111111,181.15153846153845,121.84615384615384,0.0533425530338577,0.0769230769230769,0.35,2
15016,620.89,5,243,93,173.03055555555557,370.9583333333333,124.178,48.6,0.0107538926851125,0.0,0.1666666666666666,0
15017,125.58,1,63,20,34.09513888888889,0.0,125.58,63.0,0.0,1.0,0.0,1
15018,496.21,3,189,30,39.00208333333333,329.0833333333333,165.40333333333334,63.0,0.0060590759909113,0.0,0.25,0
15019,252.81,1,150,64,267.0104166666667,0.0,252.81,150.0,0.0,0.0,0.0,0
15020,198.47,1,111,27,379.97291666666666,0.0,198.47,111.0,0.0,0.0,0.0,0
15021,2500.59,12,1079,355,9.039583333333333,489.8041666666667,208.3825,89.91666666666667,0.0224121976687918,0.1666666666666666,0.2941176470588235,2
15022,1133.44,5,640,115,12.010416666666666,665.85625,226.688,128.0,0.0059982942350768,0.8,0.0,1
15023,11578.65,20,4758,486,3.810416666666667,671.0680555555556,578.9325,237.9,0.0282709464360628,0.1,0.1304347826086956,2
15024,3559.39,16,1924,168,10.030555555555557,414.8277777777778,222.461875,120.25,0.0360726262207911,0.0,0.0,2
15025,979.79,2,503,132,33.895833333333336,535.0777777777778,489.895,251.5,0.0018654009575724,0.5,0.0,1
15026,1048.89,5,655,109,80.95694444444445,368.0,209.778,131.0,0.010840108401084,0.0,0.0,2
15027,3195.6,10,2782,69,31.106944444444444,593.8173611111112,319.56,278.2,0.0151306948794973,0.0,0.2307692307692307,2
15028,962.94,6,673,65,8.947222222222223,385.9819444444444,160.49,112.16666666666669,0.0129204994490842,0.0,0.0,2
15029,365.1,1,234,10,620.0236111111111,0.0,365.1,234.0,0.0,0.0,0.5,0
15030,1979.91,8,1225,25,72.08333333333333,573.7361111111111,247.48875,153.125,0.0121795026703076,0.125,0.1111111111111111,2
15031,3102.94,14,1576,237,4.938194444444444,727.0284722222223,221.63857142857145,112.57142857142856,0.0178564444881104,0.1428571428571428,0.125,2
15032,11010.05,8,6601,39,256.90763888888887,472.98333333333335,1376.25625,825.125,0.0147684517739723,0.0,0.2,2
15033,2557.18,10,1672,315,5.006944444444445,324.96666666666664,255.718,167.2,0.0276101850905,0.2,0.0909090909090909,2
15034,8231.2,14,4748,416,16.027083333333334,561.9451388888889,587.9428571428572,339.1428571428572,0.0230928364097054,0.1428571428571428,0.1764705882352941,2
15035,252.73,1,245,26,90.07083333333334,0.0,252.73,245.0,0.0,1.0,0.0,1
15036,429.56,3,316,107,72.88055555555556,107.14097222222222,143.18666666666667,105.33333333333331,0.0184943778375705,0.0,0.0,0
15037,397.76,2,298,40,376.9895833333333,0.0354166666666666,198.88,149.0,0.96579476861167,1.0,0.0,1
15038,1146.53,9,381,190,59.05347222222223,366.87361111111113,127.39222222222222,42.333333333333336,0.0217465992622768,0.8888888888888888,0.1,1
15039,39141.48,93,17780,562,10.05486111111111,719.9944444444444,420.8761290322581,191.18279569892476,0.127601537999214,0.032258064516129,0.1308411214953271,2
15040,7.49,1,1,1,542.0486111111111,0.0,7.49,1.0,0.0,0.0,0.0,0
15041,289.4,2,194,98,170.85694444444445,274.125,144.7,97.0,0.0036347114947751,0.0,0.0,0
15042,315.45,2,238,9,199.85069444444449,396.1,157.725,119.0,0.0025182573659027,0.0,0.0,0
15043,2870.32,6,1019,39,31.933333333333334,501.94166666666666,478.3866666666666,169.83333333333334,0.0099415107782546,0.0,0.0,2
15044,16024.15,35,5241,344,19.979166666666668,703.9215277777778,457.8328571428571,149.74285714285713,0.0482323190031987,0.1428571428571428,0.2553191489361702,2
15045,735.66,2,114,11,152.0534722222222,105.99236111111112,367.83,57.0,0.0093464616502995,0.5,0.3333333333333333,1
15046,7623.79,25,4585,248,9.875,685.05625,304.9516,183.4,0.0349825542730643,0.4,0.1071428571428571,2
15047,343.62,1,222,22,270.0840277777778,0.0,343.62,222.0,0.0,0.0,0.0,0
15048,381.0,4,192,86,65.91319444444444,303.1111111111111,95.25,48.0,0.0098648154914139,0.0,0.2,0
15049,121.17000000000002,1,63,3,274.02569444444447,0.0,121.17000000000002,63.0,0.0,0.0,0.0,0
15050,4087.19,5,2600,116,25.85625,455.17847222222224,817.438,520.0,0.0087684979532559,0.0,0.2857142857142857,2
15051,3926.91,9,3052,226,23.883333333333333,715.0895833333333,436.3233333333333,339.1111111111111,0.0111717865839644,0.0,0.1,2
15052,207.73,1,79,27,319.8736111111112,0.0,207.73,79.0,0.0,0.0,0.0,0
15053,693.95,3,984,49,5.029166666666667,277.00138888888887,231.3166666666667,328.0,0.007194208662027,0.0,0.0,2
15054,302.1,2,198,105,12.908333333333331,28.020138888888887,151.05,99.0,0.0344588288784129,1.0,0.0,1
15055,549.12,3,225,77,475.0722222222222,248.80416666666667,183.04,75.0,0.0080062715794038,0.6666666666666666,0.0,1
15056,113.65,1,69,6,520.8694444444444,0.0,113.65,69.0,0.0,0.0,0.0,0
15057,3255.96,5,1394,62,275.8979166666667,458.99305555555554,651.192,278.8,0.0086957834508371,0.2,0.1666666666666666,2
15058,3387.58,16,1645,232,25.91180555555556,628.0347222222222,211.72375,102.8125,0.0238460604320994,0.4375,0.0588235294117647,2
15059,3491.2,19,1599,308,41.052083333333336,692.9708333333333,183.7473684210526,84.15789473684211,0.0259376895042418,0.6842105263157895,0.2962962962962963,1
15060,294.25,4,257,81,8.960416666666667,0.9888888888888888,73.5625,64.25,1.5083798882681565,0.0,0.0,0
15061,126389.02,127,74280,131,4.030555555555556,734.9916666666667,995.1891338582676,584.8818897637796,0.1711975905524292,0.0236220472440944,0.0797101449275362,2
15062,2585.62,8,1872,98,71.8326388888889,539.0486111111111,323.2025,234.0,0.0129617961346072,0.0,0.0,2
15063,370.8,1,56,5,213.97569444444449,0.0,370.8,56.0,0.0,0.0,0.0,0
15064,1254.41,4,810,75,410.9291666666667,306.9270833333333,313.6025,202.5,0.0097425662190047,0.0,0.0,2
15065,3326.86,5,1446,156,38.12847222222222,373.02222222222224,665.3720000000001,289.2,0.0106945517200404,0.0,0.2857142857142857,2
15066,893.59,1,317,42,53.97569444444444,0.0,893.59,317.0,0.0,0.0,0.5,2
15067,3862.88,5,2151,170,78.97916666666667,528.8930555555555,772.576,430.2,0.0075486930014704,0.2,0.1666666666666666,2
15068,1174.9,4,832,178,46.91875,575.0618055555556,293.725,208.0,0.0052077745322948,0.5,0.0,1
15069,1109.53,1,520,70,179.94027777777777,0.0,1109.53,520.0,0.0,0.0,0.0,2
15070,737.0500000000001,3,339,26,373.0604166666666,351.8986111111111,245.68333333333337,113.0,0.005667350159591,0.0,0.0,0
15071,1455.56,4,416,41,94.04652777777778,476.9569444444445,363.89,104.0,0.0062767159989422,0.0,0.0,2
15072,187.52,1,164,13,479.8777777777778,0.0,187.52,164.0,0.0,0.0,0.0,0
15073,2788.02,8,1410,115,10.0875,672.0805555555555,348.5025,176.25,0.0103999438733187,0.0,0.1111111111111111,2
15074,1553.13,3,1039,63,105.92013888888889,362.12361111111113,517.7099999999999,346.3333333333333,0.0055077663330133,0.3333333333333333,0.0,2
15075,773.03,1,447,27,78.01597222222222,0.0,773.03,447.0,0.0,0.0,0.0,2
15076,1447.74,3,866,68,173.18541666666667,349.7583333333333,482.58,288.6666666666667,0.0057019315293055,0.0,0.4,2
15077,2428.08,2,528,28,495.0673611111111,235.75208333333333,1214.04,264.0,0.0042238276678311,0.0,0.5,2
15078,17286.73,53,8777,118,7.88125,728.1513888888888,326.1647169811321,165.60377358490567,0.0713157799496751,0.0188679245283018,0.171875,2
15079,3625.4,11,1459,119,213.00347222222223,519.0576388888888,329.58181818181816,132.63636363636363,0.0192286378513065,0.0,0.3529411764705882,2
15080,546.25,2,287,31,428.04027777777776,74.07569444444445,273.125,143.5,0.0133198901109065,0.0,0.0,0
15081,1854.57,12,749,75,22.820833333333333,513.2798611111111,154.5475,62.41666666666666,0.0213891323223007,0.0833333333333333,0.0769230769230769,2
15082,93.35,1,43,6,669.1020833333333,0.0,93.35,43.0,0.0,0.0,0.0,0
15083,88.2,1,38,5,257.02222222222224,0.0,88.2,38.0,0.0,0.0,0.0,0
15084,965.2,2,600,31,380.0361111111111,266.05069444444445,482.6,300.0,0.0037446073753162,0.0,0.0,2
15085,347.54,1,169,9,730.04375,0.0,347.54,169.0,0.0,0.0,0.0,0
15086,218.53,2,95,10,565.0159722222222,60.93819444444444,109.265,47.5,0.0161451267504568,0.0,0.0,0
15087,306.94,1,470,15,282.09444444444443,0.0,306.94,470.0,0.0,0.0,0.0,0
15088,1160.07,2,460,53,21.98333333333333,45.96458333333333,580.035,230.0,0.0212926407310473,0.0,0.3333333333333333,2
15089,2420.84,6,1359,139,10.846527777777778,118.09513888888888,403.47333333333336,226.5,0.041983241689359,0.0,0.0,2
15090,381.32,1,208,23,308.94930555555555,0.0,381.32,208.0,0.0,0.0,0.0,0
15091,1046.61,3,582,55,68.00208333333333,607.0423611111111,348.87000000000006,194.0,0.0032892445130718,0.0,0.5,2
15092,776.46,3,230,39,215.94444444444449,247.0673611111111,258.82,76.66666666666667,0.0080623262610682,0.3333333333333333,0.25,0
15093,13702.38,23,10778,104,18.98680555555556,713.0159722222222,595.7556521739131,468.60869565217394,0.0308116356718599,0.1304347826086956,0.3235294117647059,2
15094,83.0,2,28,4,463.8298611111111,181.16597222222225,41.5,14.0,0.005489499426271,0.0,0.0,0
15095,3141.64,10,2233,90,104.03402777777778,584.1,314.164,223.3,0.0153819859853016,0.3,0.0909090909090909,2
15096,219.39,1,120,11,43.09930555555555,0.0,219.39,120.0,0.0,0.0,0.0,0
15097,908.35,3,424,59,4.949305555555555,578.9868055555555,302.78333333333336,141.33333333333334,0.0034483543088264,0.0,0.4,2
15098,39916.5,3,121,1,182.88680555555555,0.0076388888888888,13305.5,40.333333333333336,1.984838042729152,0.0,0.4,2
15099,410.48,1,343,23,84.98402777777778,0.0,410.48,343.0,0.0,0.0,0.0,0
15100,2193.9,7,270,11,334.09375,367.83472222222224,313.41428571428565,38.57142857142857,0.0162674489100432,0.0,0.5,0
15101,1477.94,6,676,52,9.105555555555556,581.8041666666667,246.32333333333332,112.66666666666669,0.0085792111415355,0.0,0.4545454545454545,2
15102,554.67,2,339,26,531.0236111111111,16.083333333333332,277.335,169.5,0.0585365853658536,0.5,0.0,1
15103,703.36,2,329,35,31.914583333333333,55.04097222222222,351.68,164.5,0.0178440872873269,0.0,0.0,0
15104,993.54,2,635,66,197.0145833333333,85.92569444444445,496.77,317.5,0.0115040783555559,0.0,0.3333333333333333,2
15105,3094.91,9,1747,129,18.83055555555556,608.1916666666667,343.87888888888887,194.11111111111111,0.0131321559990698,0.0,0.0,2
15106,1422.52,5,1181,90,18.148611111111112,251.85,284.504,236.2,0.0158196559224836,0.0,0.2857142857142857,2
15107,824.35,9,330,32,311.9194444444444,140.16597222222222,91.59444444444443,36.66666666666666,0.0566708809075211,0.1111111111111111,0.25,0
15108,1300.25,4,499,50,142.1013888888889,85.97916666666667,325.0625,124.75,0.0344910179640718,0.25,0.2,2
15109,983.1,3,258,46,246.11944444444444,489.8923611111111,327.7,86.0,0.0040742129200647,0.3333333333333333,0.25,2
15110,1505.85,6,337,23,24.065277777777776,461.8104166666666,250.975,56.16666666666666,0.0108035597729451,0.0,0.3333333333333333,0
15111,2442.37,5,1058,109,29.82777777777778,563.1569444444444,488.474,211.6,0.0070902255824201,0.0,0.0,2
15112,209.4,1,72,7,611.9395833333333,0.0,209.4,72.0,0.0,0.0,0.0,0
15113,3509.43,3,2344,77,10.185416666666669,44.70555555555556,1169.81,781.3333333333334,0.0437583566306065,0.3333333333333333,0.25,2
15114,3400.12,12,3532,151,30.90625,390.93125,283.3433333333333,294.3333333333333,0.0280661468050838,0.0833333333333333,0.0,2
15115,531.85,2,245,35,18.910416666666663,714.1520833333333,265.925,122.5,0.0013983039738051,0.0,0.3333333333333333,0
15116,1352.75,4,648,37,18.01736111111111,187.14930555555557,338.1875,162.0,0.0159447838042334,0.0,0.0,2
15117,2485.9700000000003,8,3093,89,15.193055555555556,619.7729166666667,310.74625000000003,386.625,0.0112762651398961,0.125,0.1111111111111111,2
15118,244.8,1,1440,1,134.9138888888889,0.0,244.8,1440.0,0.0,0.0,0.0,0
15119,266.4,1,88,14,246.15416666666667,0.0,266.4,88.0,0.0,0.0,0.0,0
15120,358.82,1,296,21,134.1263888888889,0.0,358.82,296.0,0.0,0.0,0.5,0
15121,457.72,2,199,28,50.91597222222222,238.09027777777777,228.86,99.5,0.0041825205495367,0.0,0.0,0
15122,4487.27,11,2033,155,114.83472222222224,505.1131944444445,407.9336363636364,184.8181818181818,0.0197584258023087,0.0,0.3125,2
15123,4656.17,5,2524,149,7.9847222222222225,626.1409722222222,931.234,504.8,0.0063781512884197,0.0,0.0,2
15124,450.82,4,462,30,23.11180555555556,628.9722222222222,112.705,115.5,0.0047621147316901,0.0,0.0,0
15125,17024.87,24,8433,151,25.95347222222222,593.0194444444444,709.3695833333333,351.375,0.038719271254682,0.0,0.3333333333333333,2
15126,449.49,2,273,25,537.0131944444445,150.80694444444444,224.745,136.5,0.006587313931254,0.0,0.0,0
15127,711.5,2,464,27,66.09722222222223,454.0159722222222,355.75,232.0,0.0021977250493343,0.0,0.0,0
15128,1783.68,5,1583,87,60.95555555555556,369.88055555555553,356.736,316.6,0.0107851434648771,0.0,0.4444444444444444,2
15129,6860.18,23,4002,86,50.92361111111112,559.8923611111111,298.2686956521739,174.0,0.0392232120195373,0.0,0.0,2
15130,330.11,1,197,22,170.10763888888889,0.0,330.11,197.0,0.0,0.0,0.0,0
15131,80.28,1,88,7,395.02986111111113,0.0,80.28,88.0,0.0,0.0,0.0,0
15132,977.93,5,679,49,18.819444444444443,244.2138888888889,195.586,135.8,0.0163122897243902,0.0,0.0,2
15133,1806.9,5,960,45,128.0875,392.9256944444445,361.38,192.0,0.0101541992726349,0.2,0.0,2
15134,1596.29,10,1057,47,15.163194444444445,407.8409722222222,159.629,105.7,0.0220134492663032,0.0,0.0,2
15135,305.68,2,84,17,239.73194444444445,317.23819444444445,152.84,42.0,0.0031423003820949,0.0,0.3333333333333333,0
15136,1286.7,4,776,61,3.0166666666666666,93.84791666666666,321.675,194.0,0.0316295824455817,0.25,0.2,2
15137,823.4,2,596,34,521.13125,159.74722222222223,411.7,298.0,0.0062209473120323,0.0,0.6,2
15138,502.52,1,300,31,394.1486111111111,0.0,502.52,300.0,0.0,0.0,0.5,0
15139,178.96,2,208,13,240.04930555555555,96.95486111111111,89.48,104.0,0.0102087838077345,0.0,0.0,0
15140,3243.69,8,2010,103,52.946527777777774,390.0416666666667,405.46125,251.25,0.017900905700586,0.125,0.1111111111111111,2
15141,1388.47,7,1197,44,458.05347222222224,163.81597222222223,198.35285714285715,171.0,0.0364042387342785,0.1428571428571428,0.2222222222222222,2
15142,2619.92,6,2155,115,46.99930555555556,454.1569444444444,436.65333333333336,359.1666666666667,0.0109852218251946,0.0,0.1428571428571428,2
15143,563.63,2,320,27,226.0326388888889,206.92013888888889,281.815,160.0,0.0048095389188557,0.5,0.0,1
15144,12160.31,29,5251,199,8.901388888888889,718.1506944444444,419.3210344827586,181.06896551724137,0.0389348160494101,0.0689655172413793,0.1212121212121212,2
15145,1194.73,4,756,54,4.811805555555556,244.08402777777775,298.6825,189.0,0.0122406997600029,0.0,0.0,2
15146,1327.16,2,1473,90,165.02847222222223,126.95972222222224,663.58,736.5,0.0078149591342761,0.0,0.3333333333333333,2
15147,623.5,1,366,28,240.8701388888889,0.0,623.5,366.0,0.0,0.0,0.5,2
15148,301.29,1,187,20,11.186805555555557,0.0,301.29,187.0,0.0,0.0,0.0,0
15149,1554.61,5,380,62,134.07777777777778,515.9895833333334,310.922,76.0,0.0077370997964981,0.4,0.0,2
15150,8977.94,13,6167,495,17.99861111111111,526.0354166666667,690.6107692307693,474.38461538461536,0.0227688683160919,0.1538461538461538,0.0714285714285714,2
15151,2085.61,2,795,56,423.84236111111113,86.17916666666666,1042.805,397.5,0.0114706304067294,0.5,0.0,1
15152,5263.83,14,2994,214,10.0125,691.8868055555556,375.98785714285714,213.8571428571429,0.0187620833529606,0.1428571428571428,0.2222222222222222,2
15153,329.25,1,198,22,31.820138888888888,0.0,329.25,198.0,0.0,0.0,0.0,0
15154,1343.72,3,333,166,75.86458333333333,402.9333333333333,447.9066666666667,111.0,0.0049513120977058,0.3333333333333333,0.25,2
15155,383.97,1,192,24,383.99375,0.0,383.97,192.0,0.0,1.0,0.0,1
15156,961.49,3,597,51,1.7694444444444444,32.23680555555556,320.49666666666667,199.0,0.0601742546123148,0.3333333333333333,0.0,2
15157,2654.11,5,3466,152,4.0569444444444445,725.8638888888889,530.822,693.2,0.0055030935793419,0.0,0.2857142857142857,2
15158,606.02,2,219,11,45.95625,356.0048611111111,303.01,109.5,0.0028010823070803,0.0,0.3333333333333333,0
15159,22116.73,34,13512,413,2.03125,430.1069444444444,650.4920588235294,397.4117647058824,0.0765471315766582,0.0588235294117647,0.1052631578947368,2
15160,589.27,4,307,17,357.94097222222223,63.95069444444445,147.3175,76.75,0.0461888825925648,0.0,0.0,0
15161,119.92,1,144,33,388.8625,0.0,119.92,144.0,0.0,0.0,0.0,0
15162,312.9,1,74,12,731.9833333333333,0.0,312.9,74.0,0.0,0.0,0.5,0
15163,304.47,2,186,29,18.98611111111111,173.90833333333333,152.235,93.0,0.0057172804802515,0.0,0.0,0
15164,2028.11,9,912,243,69.03125,621.9381944444444,225.3455555555556,101.33333333333331,0.0128423655369769,0.4444444444444444,0.1,2
15165,487.75,1,160,27,373.9493055555556,0.0,487.75,160.0,0.0,0.0,0.0,0
15166,167.16,1,140,12,468.0131944444444,0.0,167.16,140.0,0.0,1.0,0.0,1
15167,1627.62,5,863,262,321.00625,352.9361111111112,325.524,172.6,0.0113014746854815,0.2,0.0,2
15168,106.56,1,52,5,26.058333333333334,0.0,106.56,52.0,0.0,0.0,0.0,0
15169,569.22,2,356,58,382.9902777777778,344.075,284.61,178.0,0.0028979207418677,0.5,0.0,1
15170,81.15,1,33,4,407.0944444444444,0.0,81.15,33.0,0.0,0.0,0.0,0
15171,1289.5,1,290,5,331.8847222222222,0.0,1289.5,290.0,0.0,0.0,0.5,2
15172,1624.05,5,1611,106,9.040972222222225,227.99652777777777,324.81,322.2,0.0174675137602159,0.2,0.0,2
15173,1494.6,7,840,68,381.1034722222222,236.91319444444449,213.5142857142857,120.0,0.0252192822428815,0.1428571428571428,0.125,2
15174,481.46,2,382,34,323.1555555555556,87.97638888888889,240.73,191.0,0.0112389366717137,0.0,0.0,0
15175,224.14,1,454,23,72.05486111111111,0.0,224.14,454.0,0.0,0.0,0.0,0
15176,988.04,1,448,52,668.0930555555556,0.0,988.04,448.0,0.0,0.0,0.5,2
15177,948.93,1,485,26,426.00138888888887,0.0,948.93,485.0,0.0,1.0,0.0,1
15178,40.5,1,30,3,260.9013888888889,0.0,40.5,30.0,0.0,0.0,0.0,0
15179,7491.92,13,5416,225,18.997916666666665,718.0180555555555,576.3015384615385,416.61538461538464,0.0166894279041825,0.0769230769230769,0.2352941176470588,2
15180,816.9300000000001,3,654,46,367.91180555555553,221.97916666666663,272.31,218.0,0.0089694478183686,0.0,0.0,0
15181,1200.2,5,688,15,66.95277777777778,664.7888888888889,240.04,137.6,0.0060079104153802,0.0,0.375,2
15182,2998.952,11,1186,78,154.9673611111111,502.0652777777778,272.632,107.8181818181818,0.0198781359830152,0.0909090909090909,0.2142857142857142,2
15183,639.93,3,297,33,548.0881944444444,36.96666666666667,213.31,99.0,0.0526777875329236,0.0,0.25,0
15184,685.39,4,462,72,29.964583333333334,694.0659722222222,171.3475,115.5,0.0043161370573336,0.0,0.0,0
15185,310.62,1,666,21,70.94722222222222,0.0,310.62,666.0,0.0,0.0,0.0,0
15186,1403.2,5,716,29,14.911111111111111,682.1972222222222,280.64,143.2,0.0058548247415135,0.2,0.0,2
15187,4777.18,16,1887,61,2.0375,210.92152777777775,298.57375,117.9375,0.0707809166784088,0.0625,0.1111111111111111,2
15188,310.43,1,233,23,725.9722222222222,0.0,310.43,233.0,0.0,0.0,0.0,0
15189,17524.38,46,6902,90,1.9777777777777776,507.9895833333333,380.96478260869566,150.04347826086956,0.0884104537175368,0.0434782608695652,0.2068965517241379,2
15190,834.4399999999999,1,790,40,434.9868055555556,0.0,834.4399999999999,790.0,0.0,0.0,0.0,2
15191,588.05,3,287,33,463.88402777777776,225.1263888888889,196.01666666666665,95.66666666666669,0.0088446112363415,0.0,0.0,0
15192,1666.39,5,1448,56,120.04791666666668,560.0611111111111,333.278,289.6,0.007129348159737,0.0,0.0,2
15193,499.32,1,144,19,61.18541666666667,0.0,499.32,144.0,0.0,0.0,0.0,0
15194,12021.53,28,8922,274,3.9027777777777777,733.1895833333333,429.3403571428572,318.6428571428572,0.0367752425435074,0.0357142857142857,0.282051282051282,2
15195,3861.0,1,1404,1,3.020833333333333,0.0,3861.0,1404.0,0.0,0.0,0.0,2
15196,313.7,2,130,34,433.0833333333333,293.9833333333333,156.85,65.0,0.0033900220351432,1.0,0.0,1
15197,1877.51,6,1058,44,11.118055555555555,717.8777777777777,312.9183333333333,176.33333333333334,0.0069552852439759,0.0,0.4,2
15198,571.35,5,327,28,92.92222222222222,597.1951388888889,114.27,65.4,0.0066867811855337,0.2,0.1666666666666666,0
15199,3122.4,10,894,17,59.90138888888889,516.2069444444444,312.24,89.4,0.0174011584660126,0.0,0.0,2
15200,549.05,1,195,30,495.1333333333333,0.0,549.05,195.0,0.0,0.0,0.0,0
15201,1842.95,7,1660,44,87.91458333333334,524.0020833333333,263.2785714285714,237.14285714285717,0.0114285260772774,0.1428571428571428,0.5,2
15202,6001.49,3,3,1,420.9895833333333,0.0180555555555555,2000.496666666667,1.0,1.9645293315143249,0.0,0.625,0
15203,4400.18,15,4182,150,26.190277777777776,705.5902777777778,293.3453333333334,278.8,0.0198134625401723,0.0666666666666666,0.0,2
15204,316.58,1,258,9,357.9590277777778,0.0,316.58,258.0,0.0,0.0,0.0,0
15205,653.24,2,378,37,85.71805555555555,42.14513888888889,326.62,189.0,0.0231775821275088,0.0,0.3333333333333333,2
15206,420.3,4,162,3,10.964583333333334,265.1958333333333,105.075,40.5,0.0112698984143879,0.25,0.0,0
15207,683.9200000000001,3,428,19,416.97291666666666,130.83333333333334,227.97333333333336,142.66666666666666,0.0151706700379266,0.0,0.4,0
15208,970.52,6,356,27,1.8097222222222225,422.21319444444447,161.75333333333333,59.333333333333336,0.0118143764552604,0.0,0.1428571428571428,0
15209,178.98000000000002,1,94,13,730.8083333333333,0.0,178.98000000000002,94.0,0.0,0.0,0.0,0
15210,1176.19,3,841,66,225.86041666666668,350.0618055555556,392.0633333333333,280.3333333333333,0.005697002545848,0.0,0.0,2
15211,894.4100000000001,2,240,52,60.97152777777778,304.8909722222222,447.205,120.0,0.0032691386500727,0.0,0.0,0
15212,208.28,2,84,7,241.96180555555557,135.125,104.14,42.0,0.0073461891643709,0.5,0.3333333333333333,1
15213,328.35,2,272,22,319.0201388888889,11.052777777777775,164.175,136.0,0.0829684259045863,0.0,0.3333333333333333,0
15214,1661.44,8,1254,109,2.029861111111111,241.09791666666663,207.68,156.75,0.0289139208481416,0.125,0.0,2
15215,2422.43,7,776,85,47.047916666666666,566.0138888888889,346.06142857142856,110.85714285714286,0.0105817513778322,0.2857142857142857,0.3636363636363636,2
15216,486.09,2,217,24,88.04791666666667,531.0756944444445,243.045,108.5,0.0018794318373142,0.0,0.0,0
15217,426.24,1,190,28,563.9576388888889,0.0,426.24,190.0,0.0,0.0,0.0,0
15218,11468.83,22,6530,139,11.043055555555556,672.0104166666666,521.3104545454545,296.8181818181818,0.0312030831617886,0.0454545454545454,0.12,2
15219,685.45,2,271,26,176.82847222222222,472.225,342.725,135.5,0.0021131597020444,0.0,0.0,0
15220,1778.96,6,1393,110,52.00763888888889,229.09375,296.49333333333334,232.16666666666663,0.0217302729865543,0.0,0.1428571428571428,2
15221,2062.2000000000003,4,244,21,366.9875,271.10277777777776,515.5500000000001,61.0,0.0110252457711036,0.25,0.4285714285714285,2
15222,3550.91,11,4458,98,319.19930555555555,404.7597222222222,322.81,405.27272727272725,0.0246451272818136,0.0,0.3529411764705882,2
15223,1417.95,5,385,26,226.0548611111111,509.0083333333333,283.59000000000003,77.0,0.0078430091011584,0.4,0.1666666666666666,1
15224,871.36,5,443,24,358.90833333333336,334.95,174.272,88.6,0.0119065337103735,0.2,0.375,0
15225,409.4,1,226,23,234.91597222222225,0.0,409.4,226.0,0.0,0.0,0.0,0
15226,154.41,1,71,8,311.04791666666665,0.0,154.41,71.0,0.0,0.0,0.0,0
15227,2488.49,9,1217,86,37.03541666666667,597.15,276.4988888888889,135.22222222222223,0.0133745715957535,0.1111111111111111,0.0,2
15228,5580.27,6,3375,184,66.95416666666667,433.14930555555554,930.045,562.5,0.0115167753029151,0.0,0.1428571428571428,2
15229,160.5,1,114,9,586.9583333333334,0.0,160.5,114.0,0.0,1.0,0.0,1
15230,429.6,2,351,23,239.92430555555555,1.1493055555555556,214.8,175.5,0.4652665589660743,0.0,0.0,0
15231,250.26,1,190,14,621.9013888888888,0.0,250.26,190.0,0.0,1.0,0.5,1
15232,612.06,2,686,26,113.84930555555556,27.17083333333333,306.03,343.0,0.0354977074397278,0.0,0.0,2
15233,59.400000000000006,1,12,1,401.9680555555556,0.0,59.400000000000006,12.0,0.0,0.0,0.0,0
15234,197.0,1,196,14,277.1645833333333,0.0,197.0,196.0,0.0,0.0,0.0,0
15235,2772.76,16,1676,161,218.12916666666663,170.87222222222223,173.2975,104.75,0.0872741377638426,0.0625,0.0,2
15236,321.05,1,269,15,299.08194444444445,0.0,321.05,269.0,0.0,0.0,0.0,0
15237,1412.32,4,1071,94,2.1277777777777778,225.77916666666667,353.08,267.75,0.0132287283884836,0.0,0.0,2
15238,1071.99,3,692,49,29.931944444444444,154.9361111111111,357.33,230.66666666666663,0.0128257655378805,0.0,0.4,2
15239,780.59,2,594,48,10.941666666666666,68.18125,390.295,297.0,0.0144547836299575,0.0,0.3333333333333333,2
15240,4459.98,12,3214,134,45.125,689.7868055555556,371.665,267.8333333333333,0.0159238710287082,0.0833333333333333,0.4,2
15241,3050.16,11,3328,120,67.15625,587.7958333333333,277.2872727272727,302.54545454545456,0.0169838158388235,0.0,0.0833333333333333,2
15242,302.04,1,196,4,422.8868055555556,0.0,302.04,196.0,0.0,0.0,0.0,0
15243,927.28,2,543,56,74.94305555555556,360.8638888888889,463.64,271.5,0.0027634699971597,0.0,0.0,2
15244,912.08,3,472,44,65.9798611111111,600.9381944444444,304.0266666666667,157.33333333333334,0.0033226002577322,0.0,0.25,2
15245,4610.84,8,3021,72,134.74583333333334,461.18958333333336,576.355,377.625,0.0151453002240242,0.125,0.0,2
15246,780.4,3,359,45,238.92013888888889,317.13680555555555,260.1333333333333,119.66666666666669,0.0062866036405547,0.0,0.0,0
15247,976.06,3,514,13,122.99861111111112,414.9472222222222,325.3533333333333,171.33333333333334,0.0048083023353657,0.3333333333333333,0.25,2
15248,1893.93,3,1065,103,411.9868055555556,122.94097222222224,631.3100000000001,355.0,0.0161367138254657,0.3333333333333333,0.25,2
15249,9266.0,18,4980,304,32.045138888888886,591.8708333333333,514.7777777777778,276.6666666666667,0.0286740366437321,0.0,0.1428571428571428,2
15250,60.0,1,48,3,641.21875,0.0,60.0,48.0,0.0,0.0,0.0,0
15251,20324.54,21,12108,183,9.908333333333331,670.0972222222222,967.835238095238,576.5714285714286,0.0298019412653407,0.1904761904761904,0.3225806451612903,2
15252,2103.41,5,1430,106,36.97222222222222,575.1291666666667,420.682,286.0,0.00694288751799,0.0,0.2857142857142857,2
15253,2055.09,8,1588,102,16.852777777777778,570.2118055555555,256.88625,198.5,0.012254648681835,0.125,0.3333333333333333,2
15254,1088.35,3,711,64,127.90694444444443,433.2055555555556,362.7833333333333,237.0,0.0046061133359775,0.0,0.25,2
15255,3706.02,9,2214,137,67.00486111111111,670.1479166666667,411.78,246.0,0.0119198760829548,0.2222222222222222,0.1818181818181818,2
15256,170.4,2,92,6,149.04375,413.00416666666666,85.2,46.0,0.0024154346272682,0.0,0.0,0
15257,685.9,2,71,11,283.99444444444447,130.95486111111111,342.95,35.5,0.0075783490777043,0.0,0.3333333333333333,0
15258,623.16,2,142,32,169.01388888888889,48.92638888888889,311.58,71.0,0.0200294878571229,0.0,0.0,0
15259,1182.38,4,631,50,513.16875,169.9625,295.595,157.75,0.0175477078306646,0.0,0.0,0
15260,8767.73,25,4468,186,100.95486111111111,633.0902777777778,350.7092,178.72,0.0378495000492832,0.16,0.1666666666666666,2
15261,1508.0,4,806,87,135.89583333333334,299.1395833333333,377.0,201.5,0.0099953493860495,0.0,0.0,2
15262,418.82,3,218,22,324.0236111111111,164.84791666666666,139.60666666666663,72.66666666666667,0.0120592410215182,0.3333333333333333,0.0,0
15263,156.51,1,89,12,107.1,0.0,156.51,89.0,0.0,0.0,0.0,0
15264,848.4,2,443,52,64.95902777777778,466.0138888888889,424.2,221.5,0.0021412639405204,0.5,0.3333333333333333,1
15265,3345.64,4,1570,179,151.91944444444445,586.9013888888888,836.41,392.5,0.0051028966025575,0.0,0.0,2
15266,852.21,5,236,38,338.96527777777777,363.05625,170.442,47.2,0.0109873130869199,0.2,0.1666666666666666,0
15267,1717.36,5,944,8,22.86875,160.23263888888889,343.472,188.8,0.0248088726176375,0.0,0.0,2
15268,961.9,3,428,21,479.09513888888887,126.9625,320.6333333333334,142.66666666666666,0.0156295789782162,0.0,0.25,0
15269,1225.36,3,372,33,24.1375,366.8569444444444,408.4533333333334,124.0,0.0054368961364056,0.3333333333333333,0.0,2
15270,8524.86,21,4010,66,16.143055555555556,706.7652777777778,405.9457142857143,190.95238095238096,0.0282579558901158,0.0952380952380952,0.3225806451612903,2
15271,4528.54,24,2412,369,7.94375,483.9680555555556,188.6891666666667,100.5,0.0474258041050813,0.0833333333333333,0.0769230769230769,2
15272,2030.95,6,665,257,57.99375,605.9722222222222,338.4916666666667,110.83333333333331,0.0082376092627339,0.3333333333333333,0.0,2
15273,228.96,1,216,1,600.0548611111111,0.0,228.96,216.0,0.0,0.0,0.0,0
15274,716.57,2,619,44,4.828472222222223,14.11111111111111,358.285,309.5,0.0661764705882353,0.0,0.0,2
15275,615.14,1,498,41,38.0625,0.0,615.14,498.0,0.0,0.0,0.5,2
15276,619.8,4,317,160,66.84097222222222,368.1770833333333,154.95,79.25,0.0081261815411529,0.0,0.2,0
15277,476.34,2,373,23,47.1125,378.75416666666666,238.17,186.5,0.0026332824963518,0.5,0.0,1
15278,496.16,4,458,29,562.1159722222222,103.79861111111111,124.04,114.5,0.0286263335763037,0.0,0.0,0
15279,1580.54,5,802,74,355.08472222222224,321.0229166666667,316.108,160.4,0.0124214762148139,0.0,0.2857142857142857,2
15280,397.52,3,507,48,172.81666666666666,399.1229166666666,132.50666666666666,169.0,0.0049984640136624,0.3333333333333333,0.0,0
15281,8543.57,16,5233,427,59.15277777777778,368.8722222222222,533.973125,327.0625,0.0405545458641873,0.1875,0.2727272727272727,2
15282,348.59,1,395,27,570.8493055555556,0.0,348.59,395.0,0.0,0.0,0.0,0
15283,148.33,3,27,9,390.9138888888889,127.96388888888887,49.443333333333335,9.0,0.0155082172011975,0.3333333333333333,0.25,0
15284,24.75,1,5,1,500.97569444444446,0.0,24.75,5.0,0.0,0.0,0.0,0
15285,94.92,1,120,6,408.1277777777778,0.0,94.92,120.0,0.0,0.0,0.0,0
15286,240.55,1,55,3,50.07083333333333,0.0,240.55,55.0,0.0,0.0,0.0,0
15287,856.03,5,1010,23,22.886111111111116,715.1395833333333,171.206,202.0,0.005585503291665,0.0,0.1666666666666666,2
15288,3715.38,10,1336,128,43.827777777777776,622.0631944444444,371.538,133.6,0.0144447627146791,0.2,0.0,2
15289,1593.09,5,1627,67,29.959027777777777,592.0861111111111,318.618,325.4,0.0067443831933717,0.2,0.2857142857142857,2
15290,10496.28,26,6567,106,5.049305555555556,649.0583333333333,403.70307692307694,252.57692307692307,0.0384580870947479,0.0769230769230769,0.1333333333333333,2
15291,13517.76,40,4905,116,26.075,710.9951388888888,337.944,122.625,0.0547756548743602,0.075,0.2452830188679245,2
15292,178.39,1,55,24,201.90972222222223,0.0,178.39,55.0,0.0,1.0,0.0,1
15293,247.5,1,178,19,666.0388888888889,0.0,247.5,178.0,0.0,0.0,0.0,0
15294,233.35,1,97,15,411.0451388888889,0.0,233.35,97.0,0.0,0.0,0.5,0
15295,207.04,1,139,50,654.9909722222222,0.0,207.04,139.0,0.0,0.0,0.0,0
15296,10323.03,12,5452,342,51.04375,636.9159722222222,860.2525,454.3333333333333,0.0172436503849884,0.0,0.4,2
15297,641.94,3,292,30,10.845833333333331,53.28472222222222,213.98,97.33333333333331,0.0368427785595497,0.0,0.25,0
15298,9061.77,23,6000,199,2.814583333333333,729.0090277777778,393.99,260.8695652173913,0.0301366136073279,0.1304347826086956,0.2068965517241379,2
15299,6156.53,10,3356,9,67.93819444444445,629.1145833333334,615.653,335.6,0.0142831164966689,0.0,0.3333333333333333,2
15300,496.44,1,292,28,64.82083333333334,0.0,496.44,292.0,0.0,0.0,0.0,0
15301,6909.67,17,3763,231,51.12013888888889,399.7611111111111,406.4511764705882,221.35294117647055,0.039924033436378,0.1176470588235294,0.1052631578947368,2
15302,308.0,1,102,15,730.9854166666667,0.0,308.0,102.0,0.0,0.0,0.5,0
15303,1224.18,3,514,63,290.9520833333333,393.17847222222224,408.06,171.33333333333334,0.0050738438066513,0.3333333333333333,0.25,2
15304,796.4000000000001,9,112,8,61.10208333333333,360.9993055555556,88.4888888888889,12.444444444444445,0.0220994899084751,0.0,0.1818181818181818,0
15305,93.6,1,40,5,555.9583333333334,0.0,93.6,40.0,0.0,0.0,0.0,0
15306,3484.73,9,3074,123,64.99583333333334,594.8222222222222,387.1922222222222,341.55555555555554,0.0134268238102342,0.1111111111111111,0.1,2
15307,205.3,1,37,12,96.05,0.0,205.3,37.0,0.0,0.0,0.0,0
15308,310.47,1,175,19,274.9875,0.0,310.47,175.0,0.0,0.0,0.5,0
15309,797.96,4,440,49,611.06875,124.92361111111111,199.49,110.0,0.023823967352341,0.0,0.6,0
15310,1634.64,1,1476,45,479.05,0.0,1634.64,1476.0,0.0,0.0,0.0,2
15311,114966.42,208,70149,864,1.0347222222222223,738.0270833333333,552.7231730769231,337.2548076923077,0.280097989191871,0.0384615384615384,0.2296296296296296,2
15312,2930.19,12,1693,118,75.98611111111111,648.1576388888889,244.1825,141.08333333333334,0.0169450366768044,0.3333333333333333,0.1428571428571428,2
15313,52.0,1,25,1,110.86666666666666,0.0,52.0,25.0,0.0,1.0,0.0,1
15314,820.4499999999999,3,750,49,199.92430555555555,228.95694444444445,273.4833333333333,250.0,0.0086972802879766,0.0,0.25,2
15315,570.5,2,862,35,64.99930555555555,51.89861111111111,285.25,431.0,0.0189040880090319,0.0,0.3333333333333333,2
15316,165.0,1,100,1,327.0527777777778,0.0,165.0,100.0,0.0,0.0,0.0,0
15317,129.75,1,45,5,677.8715277777778,0.0,129.75,45.0,0.0,1.0,0.5,1
15318,312.62,1,642,33,4.055555555555555,0.0,312.62,642.0,0.0,0.0,0.0,0
15319,204.5,1,175,16,284.00138888888887,0.0,204.5,175.0,0.0,0.0,0.0,0
15320,267.13,1,326,36,44.97430555555555,0.0,267.13,326.0,0.0,0.0,0.0,0
15321,6709.7300000000005,12,3653,242,71.13194444444444,603.9951388888888,559.1441666666667,304.4166666666667,0.018181964271981,0.0,0.3333333333333333,2
15322,1390.86,2,971,76,86.1361111111111,390.85,695.43,485.5,0.0025519969376036,0.0,0.3333333333333333,2
15323,434.6,3,188,29,563.1173611111111,99.02777777777776,144.86666666666667,62.66666666666666,0.0199944459872257,0.0,0.25,0
15324,140.22000000000003,1,74,8,701.9256944444444,0.0,140.22000000000003,74.0,0.0,0.0,0.0,0
15325,1601.46,8,1382,164,104.03819444444444,557.9340277777778,200.1825,172.75,0.0125238394016387,0.125,0.1111111111111111,2
15326,1700.52,5,1351,94,334.05,404.9298611111111,340.104,270.2,0.0098539190712681,0.0,0.5,2
15327,208.75,1,116,10,53.03819444444444,0.0,208.75,116.0,0.0,0.0,0.0,0
15328,107.24,1,88,8,408.15625,0.0,107.24,88.0,0.0,0.0,0.0,0
15329,2958.83,11,1217,98,39.88472222222222,686.1375,268.98454545454547,110.63636363636364,0.0145531280129522,0.0,0.45,2
15330,714.96,2,1312,10,32.791666666666664,28.22222222222222,357.48,656.0,0.0342205323193916,0.0,0.0,2
15331,767.91,3,701,41,500.13055555555553,109.80277777777778,255.97,233.66666666666663,0.0180500889969665,0.0,0.25,2
15332,4892.68,6,2306,113,366.9215277777778,147.07083333333333,815.4466666666667,384.3333333333333,0.0337676224779807,0.5,0.0,2
15333,1028.56,1,344,16,208.9743055555556,0.0,1028.56,344.0,0.0,1.0,0.0,1
15334,350.82,3,273,67,157.0611111111111,16.896527777777777,116.94,91.0,0.1117535214000232,0.3333333333333333,0.0,0
15335,170.22,1,79,34,54.0,0.0,170.22,79.0,0.0,0.0,0.0,0
15336,240.5,1,84,15,402.0076388888889,0.0,240.5,84.0,0.0,0.0,0.0,0
15337,373.02,1,200,21,411.88958333333335,0.0,373.02,200.0,0.0,1.0,0.5,1
15338,277.93,1,148,56,677.9340277777778,0.0,277.93,148.0,0.0,1.0,0.0,1
15339,1821.02,7,1138,162,66.99930555555555,602.9673611111111,260.1457142857143,162.57142857142858,0.0099343116637327,0.0,0.3636363636363636,2
15340,105.5,1,76,7,562.0993055555556,0.0,105.5,76.0,0.0,0.0,0.0,0
15341,2402.7200000000003,2,1008,22,81.13194444444444,368.7076388888889,1201.36,504.0,0.0027048399730267,0.0,0.3333333333333333,2
15342,406.09,1,283,24,130.10486111111112,0.0,406.09,283.0,0.0,0.0,0.5,0
15343,364.5,1,84,21,87.95486111111111,0.0,364.5,84.0,0.0,0.0,0.0,0
15344,563.94,3,116,21,1.0868055555555556,73.83125,187.98,38.66666666666666,0.0267268019711016,0.0,0.4,0
15345,393.54,1,81,20,46.05694444444445,0.0,393.54,81.0,0.0,0.0,0.5,0
15346,596.12,3,260,36,333.06388888888887,98.83819444444444,198.70666666666668,86.66666666666667,0.0200324135580487,0.3333333333333333,0.25,0
15347,1162.0,4,542,29,366.8923611111111,71.10763888888889,290.5,135.5,0.0416044686281119,0.0,0.3333333333333333,2
15348,158.04,1,84,9,72.98125,0.0,158.04,84.0,0.0,0.0,0.0,0
15349,463.91,2,321,65,158.86388888888888,29.01388888888889,231.955,160.5,0.0333179083757519,0.5,0.0,1
15350,547.6,2,272,26,373.97013888888887,9.92986111111111,273.8,136.0,0.0914924709320795,0.5,0.0,1
15351,3430.22,10,1350,201,12.998611111111112,420.0236111111111,343.022,135.0,0.0213764733437356,0.6,0.3333333333333333,1
15352,111.15,1,40,34,549.0569444444444,0.0,111.15,40.0,0.0,0.0,0.0,0
15353,2794.4700000000003,7,1391,274,255.02430555555557,483.0291666666666,399.21,198.7142857142857,0.0123959472139247,0.0,0.125,2
15354,284.4,3,3,1,603.8513888888889,0.0048611111111111,94.8,1.0,1.990324809951624,0.0,0.5714285714285714,0
15355,277.05,2,45,9,29.9625,23.931944444444444,138.525,22.5,0.040109186117765,0.0,0.0,0
15356,3239.57,13,1892,290,31.985416666666666,390.9993055555556,249.1976923076923,145.53846153846155,0.0306122991289312,0.0769230769230769,0.0,2
15358,16425.86,42,14902,359,5.156944444444444,727.8645833333334,391.0919047619048,354.8095238095238,0.0562518757771076,0.0238095238095238,0.2363636363636363,2
15359,181.35,8,145,10,663.0854166666667,30.97013888888889,22.66875,18.125,0.2189543193518257,0.0,0.1111111111111111,0
15360,427.93,1,223,13,40.13541666666666,0.0,427.93,223.0,0.0,0.0,0.0,0
15361,689.07,4,373,10,362.12361111111113,181.85069444444449,172.2675,93.25,0.0164068285828222,0.0,0.0,0
15362,613.08,2,368,38,449.09236111111113,290.0618055555556,306.54,184.0,0.0034356964085043,0.0,0.0,0
15363,678.11,2,383,32,373.0152777777778,120.15763888888888,339.055,191.5,0.0082537098706345,0.0,0.3333333333333333,0
15364,913.19,2,493,29,96.12777777777778,158.83819444444444,456.595,246.5,0.0062563269278393,0.0,0.0,2
15365,4557.13,13,2131,126,26.18125,647.6569444444444,350.54846153846154,163.92307692307693,0.0184997634000167,0.0769230769230769,0.1333333333333333,2
15366,2389.08,7,2447,86,75.90902777777778,576.2020833333333,341.29714285714283,349.57142857142856,0.0103949728756176,0.1428571428571428,0.0,2
15367,5081.33,11,2944,214,57.94236111111111,671.9951388888888,461.9390909090909,267.6363636363636,0.014858948337294,0.0909090909090909,0.1538461538461538,2
15368,722.74,2,406,8,21.92222222222222,372.9513888888889,361.37,203.0,0.0026741443666549,0.0,0.0,0
15369,6251.26,11,3288,44,492.9555555555556,239.2576388888889,568.2963636363637,298.90909090909093,0.0416219856577574,0.0909090909090909,0.1538461538461538,2
15370,3739.01,8,1397,90,41.077777777777776,369.9513888888889,467.37625,174.625,0.0188703970646049,0.125,0.1111111111111111,2
15371,59.400000000000006,1,12,1,662.9833333333333,0.0,59.400000000000006,12.0,0.0,0.0,0.0,0
15372,6017.06,8,6410,45,137.84097222222223,526.21875,752.1325,801.25,0.0132772212672633,0.125,0.2,2
15373,3084.54,17,726,107,8.90625,578.1305555555556,181.4435294117647,42.70588235294117,0.0276276218661115,0.2352941176470588,0.0555555555555555,2
15374,307.32,2,290,8,129.11875,495.9138888888889,153.66,145.0,0.0020124211102974,0.0,0.0,0
15375,60.96,1,84,6,690.8833333333333,0.0,60.96,84.0,0.0,0.0,0.0,0
15376,1221.56,3,615,100,40.90694444444444,182.0548611111111,407.18666666666667,205.0,0.0109256863645157,1.0,0.0,1
15377,1211.75,4,253,15,383.16319444444446,32.884027777777774,302.9375,63.25,0.0885372901850675,0.0,0.2,0
15378,246.5,2,130,8,463.05555555555554,39.113194444444446,123.25,65.0,0.0249294531101223,0.0,0.0,0
15379,4877.84,8,3000,177,169.98402777777778,231.05138888888888,609.73,375.0,0.030165731967895,0.125,0.1111111111111111,2
15380,3248.96,11,954,27,9.025694444444444,729.9326388888888,295.36,86.72727272727273,0.0136811512688792,0.0,0.1538461538461538,2
15381,1890.57,5,802,20,214.03819444444449,369.8888888888889,378.114,160.4,0.0107849011384062,0.0,0.1666666666666666,2
15382,13733.55,12,9178,315,15.077777777777778,720.8645833333334,1144.4625,764.8333333333334,0.0152383151272024,0.0,0.4,2
15384,2027.79,4,1767,83,170.07847222222222,422.9298611111111,506.9475,441.75,0.0070766423297879,0.0,0.2,2
15385,942.08,3,428,18,40.90208333333333,637.0895833333333,314.0266666666667,142.66666666666666,0.0031343561346858,0.6666666666666666,0.0,1
15386,394.14,1,446,31,186.96041666666667,0.0,394.14,446.0,0.0,0.0,0.0,0
15387,468.65,1,335,20,492.8645833333333,0.0,468.65,335.0,0.0,0.0,0.0,0
15388,140.54,1,88,10,270.95625,0.0,140.54,88.0,0.0,0.0,0.0,0
15389,2733.8,5,3940,2,172.85555555555555,509.1486111111111,546.76,788.0,0.0078408524749051,0.0,0.0,2
15390,1216.66,2,894,77,396.8965277777778,12.91388888888889,608.33,447.0,0.0718706328608504,0.0,0.0,2
15391,289.87,1,109,12,584.9069444444444,0.0,289.87,109.0,0.0,0.0,0.5,0
15392,2911.62,7,2144,100,5.075694444444444,426.9243055555556,415.9457142857143,306.2857142857143,0.0140211713195642,0.0,0.125,2
15393,891.34,5,378,37,16.834722222222222,707.9527777777778,178.268,75.6,0.0056421247301379,0.0,0.0,0
15394,5286.8,11,2372,129,10.042361111111113,714.6972222222222,480.6181818181818,215.63636363636363,0.0139723890068348,0.2727272727272727,0.1538461538461538,2
15395,107.45,1,17,7,326.00694444444446,0.0,107.45,17.0,0.0,0.0,0.0,0
15396,796.38,2,278,16,113.07916666666668,471.0777777777778,398.19,139.0,0.0021182950078847,0.0,0.0,0
15397,94.0,1,20,6,290.1423611111111,0.0,94.0,20.0,0.0,0.0,0.0,0
15398,1345.53,2,769,60,16.835416666666667,62.07708333333333,672.765,384.5,0.0158536182580836,0.0,0.3333333333333333,2
15399,815.77,3,611,45,1.9902777777777776,77.87986111111111,271.92333333333335,203.66666666666663,0.0253550142181763,0.0,0.0,2
15400,1302.3,8,662,16,92.95347222222222,468.225,162.7875,82.75,0.0149182162075763,0.125,0.1111111111111111,0
15401,216.95,2,93,14,452.9638888888889,116.11527777777778,108.475,46.5,0.0085385956382007,0.0,0.0,0
15402,1830.54,6,2034,79,149.02291666666667,443.00347222222223,305.09,339.0,0.0112611731952796,0.0,0.1428571428571428,2
15403,170.88,2,492,6,492.0201388888889,238.9833333333333,85.44,246.0,0.0041669560386137,0.0,0.0,0
15404,257.06,1,334,16,376.0743055555556,0.0,257.06,334.0,0.0,0.0,0.0,0
15405,659.84,2,348,29,189.9208333333333,386.95,329.92,174.0,0.0025776517592473,0.0,0.0,0
15406,975.87,4,547,108,31.977777777777774,422.0111111111111,243.9675,136.75,0.0070920122928213,0.5,0.3333333333333333,1
15407,1046.74,4,552,142,34.03819444444444,271.9423611111111,261.685,138.0,0.0109913316049125,0.5,0.0,1
15408,267.18,1,106,34,264.90833333333336,0.0,267.18,106.0,0.0,1.0,0.0,1
15409,131.25,1,59,9,721.8854166666666,0.0,131.25,59.0,0.0,0.0,0.5,0
15410,4685.72,10,1902,80,84.91875,515.2430555555555,468.572,190.2,0.0174336485559396,0.1,0.0,2
15411,1348.93,4,529,86,26.896527777777777,156.1173611111111,337.2325,132.25,0.019094007045335,0.5,0.2,1
15412,190.53,1,108,10,171.89305555555555,0.0,190.53,108.0,0.0,0.0,0.0,0
15413,6798.72,5,2694,20,692.0534722222222,47.052083333333336,1359.744,538.8,0.0832430088879254,0.4,0.2857142857142857,2
15414,774.9000000000001,3,443,37,10.125,232.83680555555557,258.3,147.66666666666666,0.0085529734946915,0.0,0.0,0
15415,559.61,1,551,46,313.9423611111111,0.0,559.61,551.0,0.0,1.0,0.0,1
15416,4572.82,7,2420,189,65.13333333333334,611.9048611111111,653.26,345.7142857142857,0.0097894475647049,0.0,0.2222222222222222,2
15417,508.8,1,284,28,85.89166666666667,0.0,508.8,284.0,0.0,0.0,0.0,0
15418,449.42,2,264,64,425.9666666666666,161.08819444444444,224.71,132.0,0.0061694807782114,1.0,0.0,1
15419,135.86,1,230,8,25.14375,0.0,135.86,230.0,0.0,0.0,0.0,0
15420,743.0,6,844,52,434.8777777777778,300.09513888888887,123.83333333333331,140.66666666666666,0.0166060469074697,0.5,0.0,1
15421,3805.34,10,1927,170,59.145833333333336,673.7569444444445,380.534,192.7,0.0133381361601399,0.3,0.0,2
15422,1619.97,7,710,80,323.85625,347.18402777777777,231.42428571428573,101.42857142857144,0.0172322666214585,0.2857142857142857,0.125,2
15423,266.89,3,198,13,38.95069444444445,583.0131944444445,88.96333333333332,66.0,0.0034245801619303,0.3333333333333333,0.25,0
15424,597.78,3,873,33,254.99166666666667,208.82291666666663,199.26,291.0,0.0095318472918631,0.0,0.0,0
15425,1941.12,4,1041,114,400.77569444444447,263.2340277777778,485.28,260.25,0.0113535717758615,0.5,0.0,1
15426,2156.35,9,1041,327,19.884722222222223,567.0180555555555,239.59444444444443,115.66666666666669,0.0140840593388805,0.7777777777777778,0.1818181818181818,1
15427,1430.54,3,967,233,33.93125,13.9875,476.8466666666666,322.3333333333333,0.1334445371142618,1.0,0.0,1
15428,762.75,4,347,39,15.830555555555556,706.9638888888888,190.6875,86.75,0.0042375042669313,0.0,0.0,0
15429,397.35,2,380,77,27.01527777777778,48.94861111111111,198.675,190.0,0.0200205767038344,1.0,0.3333333333333333,1
15430,954.75,2,309,36,468.0888888888889,60.81805555555555,477.375,154.5,0.0161765036284796,0.5,0.3333333333333333,1
15431,153.24,1,84,2,503.00416666666666,0.0,153.24,84.0,0.0,1.0,0.0,1
15432,320.76,2,92,16,23.84722222222222,518.0805555555555,160.38,46.0,0.0019264832583253,0.0,0.5,0
15433,533.3,2,534,40,214.08680555555557,53.85625,266.65,267.0,0.018229463370172,0.0,0.3333333333333333,2
15434,2567.06,11,1423,82,8.970138888888888,675.9152777777778,233.3690909090909,129.36363636363637,0.0147728974781432,0.0909090909090909,0.1538461538461538,2
15435,149.29,1,54,29,22.840972222222224,0.0,149.29,54.0,0.0,0.0,0.0,0
15436,1067.75,3,574,243,12.864583333333334,221.9673611111111,355.9166666666667,191.33333333333331,0.0089699227278531,0.6666666666666666,0.0,1
15437,393.45,2,177,56,262.98541666666665,378.1013888888889,196.725,88.5,0.0026378167669891,0.0,0.0,0
15438,156.57999999999998,1,59,25,131.93819444444443,0.0,156.57999999999998,59.0,0.0,1.0,0.0,1
15439,1269.05,4,572,49,405.0916666666666,248.93958333333333,317.2625,143.0,0.0120029007010027,0.25,0.0,2
15440,383.68,3,197,50,55.02361111111111,154.03194444444443,127.89333333333332,65.66666666666667,0.0129005670874282,0.6666666666666666,0.0,1
15441,1254.21,3,587,45,396.875,334.03819444444446,418.07,195.66666666666663,0.0059694686551077,0.0,0.0,2
15442,594.0,1,120,2,249.01805555555555,0.0,594.0,120.0,0.0,0.0,0.0,0
15443,5114.23,14,2699,408,2.0902777777777777,640.9375,365.3021428571428,192.78571428571428,0.0202511926784149,0.5,0.125,2
15444,1411.21,2,759,191,9.800694444444444,31.05902777777778,705.605,379.5,0.0311924618217264,0.5,0.0,1
15445,284.5,2,118,12,264.9055555555556,326.00416666666666,142.25,59.0,0.0030580650093653,0.5,0.0,1
15446,399.75,3,265,90,377.03541666666666,349.9208333333333,133.25,88.33333333333333,0.0056992911506631,1.0,0.4,1
15447,492.88,5,228,27,331.05833333333334,294.8652777777778,98.576,45.6,0.0135196668904296,0.0,0.1666666666666666,0
15448,788.81,2,487,49,313.0888888888889,361.88402777777776,394.405,243.5,0.0027557013355583,0.0,0.0,2
15449,974.52,3,812,47,26.90833333333333,235.1798611111111,324.84,270.6666666666667,0.008468122517267,0.3333333333333333,0.4,2
15450,429.84,1,376,30,30.81875,0.0,429.84,376.0,0.0,0.0,0.0,0
15451,226.86,2,76,56,434.96527777777777,164.98055555555555,113.43,38.0,0.0060248021019865,0.0,0.0,0
15452,1785.11,6,1087,158,30.025694444444444,481.90972222222223,297.5183333333334,181.16666666666663,0.010353902126864,0.3333333333333333,0.0,2
15453,1371.77,7,837,169,2.0770833333333334,185.93194444444444,195.96714285714285,119.57142857142856,0.0320972427576881,0.2857142857142857,0.0,2
15454,305.99,2,146,35,362.9368055555556,256.0458333333333,152.995,73.0,0.0038903567781361,0.5,0.0,1
15455,38.25,1,3,2,598.0048611111112,0.0,38.25,3.0,0.0,0.0,0.0,0
15456,2091.52,10,2727,128,283.9576388888889,448.0395833333333,209.152,272.7,0.0200427764812864,0.1,0.0,2
15457,237.07,1,132,56,262.8881944444444,0.0,237.07,132.0,0.0,0.0,0.0,0
15458,370.44,2,300,13,25.9875,376.72083333333336,185.22,150.0,0.0026474578888729,0.0,0.0,0
15459,202.83,2,121,6,417.8923611111111,80.0375,101.415,60.5,0.0123399660650933,0.0,0.0,0
15460,214.26,1,107,53,354.8625,0.0,214.26,107.0,0.0,0.0,0.0,0
15461,429.7,2,230,1,461.0131944444444,170.99375,214.85,115.0,0.0058141647588938,0.5,0.3333333333333333,1
15462,737.05,4,495,32,94.98541666666668,351.1166666666667,184.2625,123.75,0.0085199034410943,0.25,0.0,0
15463,126.14,1,106,7,29.99513888888889,0.0,126.14,106.0,0.0,0.0,0.0,0
15464,1044.65,1,348,155,338.87083333333334,0.0,1044.65,348.0,0.0,0.0,0.0,2
15465,12100.4,32,2638,94,20.110416666666666,710.0201388888889,378.1375,82.4375,0.0435993276483612,0.59375,0.1794871794871795,1
15466,1560.46,4,941,211,85.94583333333334,651.0694444444445,390.115,235.25,0.0046007369699035,0.0,0.0,2
15467,524.88,3,310,41,9.939583333333331,142.98263888888889,174.96,103.33333333333331,0.0138905635806786,0.6666666666666666,0.25,1
15468,1430.48,3,1400,80,51.95902777777778,341.1736111111111,476.82666666666665,466.6666666666667,0.0058449860978629,0.0,0.5714285714285714,2
15469,874.25,3,287,38,50.85347222222222,388.2583333333333,291.4166666666667,95.66666666666669,0.0051379760655948,0.0,0.5,0
15470,63.42,1,232,4,576.1354166666666,0.0,63.42,232.0,0.0,0.0,0.0,0
15471,1292.01,3,670,122,2.9430555555555555,548.0798611111111,430.67,223.33333333333331,0.0036424573939987,0.0,0.0,2
15472,371.56,1,251,76,113.89791666666666,0.0,371.56,251.0,0.0,0.0,0.0,0
15473,2046.0,8,776,5,14.899305555555555,430.2506944444444,255.75,97.0,0.0162318579197134,0.0,0.2727272727272727,2
15474,150.35,1,55,19,596.0666666666667,0.0,150.35,55.0,0.0,0.0,0.0,0
15475,454.11,1,319,29,77.89583333333333,0.0,454.11,319.0,0.0,0.0,0.0,0
15476,2209.98,4,1174,67,380.8979166666667,62.05347222222223,552.495,293.5,0.0475786644933202,0.0,0.2,2
15477,368.4,1,216,2,650.0923611111111,0.0,368.4,216.0,0.0,1.0,0.0,1
15478,1983.48,3,894,53,40.93819444444444,534.8125,661.16,298.0,0.0037326490143473,0.3333333333333333,0.0,2
15479,147.4,1,38,9,733.9041666666667,0.0,147.4,38.0,0.0,1.0,0.0,1
15480,6279.0,5,1852,199,116.92916666666666,559.9861111111111,1255.8,370.4,0.0071303013047461,0.0,0.2857142857142857,2
15481,1993.34,1,1450,38,401.91527777777776,0.0,1993.34,1450.0,0.0,0.0,0.0,2
15482,14417.36,19,6516,74,16.086111111111112,721.7409722222222,758.8084210526316,342.94736842105266,0.0249051882926398,0.2105263157894736,0.2083333333333333,2
15483,817.8199999999999,10,905,216,161.98819444444445,522.8923611111111,81.782,90.5,0.0171791014110457,0.2,0.0,2
15484,4652.1,6,4074,180,1.9076388888888889,732.9895833333334,775.35,679.0,0.0068120857755133,0.1666666666666666,0.1428571428571428,2
15485,4810.92,7,2153,80,30.929861111111112,707.875,687.2742857142857,307.57142857142856,0.0084641156762475,0.0,0.125,2
15486,102.0,1,40,1,527.9826388888889,0.0,102.0,40.0,0.0,0.0,0.0,0
15487,231.32,1,144,14,680.0298611111111,0.0,231.32,144.0,0.0,0.0,0.0,0
15488,431.92,5,251,10,93.11041666666668,490.88055555555553,86.384,50.2,0.0081320555464571,0.0,0.0,0
15489,2419.61,8,1264,75,23.164583333333333,670.6631944444445,302.45125,158.0,0.0104218901048909,0.125,0.3333333333333333,2
15490,210.85,1,82,22,430.98541666666665,0.0,210.85,82.0,0.0,0.0,0.5,0
15491,3100.09,6,1646,108,95.87083333333334,140.24444444444444,516.6816666666667,274.3333333333333,0.0353996224040276,0.0,0.1428571428571428,2
15492,659.4599999999999,2,483,32,28.914583333333333,46.03541666666667,329.73,241.5,0.0212605749213801,0.0,0.0,2
15493,4121.68,9,1206,289,33.03194444444444,622.0347222222222,457.9644444444445,134.0,0.0128403758485014,0.0,0.1818181818181818,2
15494,3702.6,5,3052,307,21.915972222222223,707.7743055555555,740.52,610.4,0.0056435454398487,0.0,0.1666666666666666,2
15495,246.5,1,194,20,379.9611111111111,0.0,246.5,194.0,0.0,0.0,0.0,0
15496,146.14,1,98,22,631.9819444444445,0.0,146.14,98.0,0.0,0.0,0.0,0
15497,8657.39,9,2937,66,18.040972222222223,703.8631944444444,961.9322222222222,326.3333333333333,0.0113497201486103,0.0,0.1818181818181818,2
15498,24972.86,44,12134,597,3.001388888888889,720.80625,567.565,275.77272727272725,0.0595727731645438,0.0454545454545454,0.2,2
15499,158.65,1,59,40,724.0229166666667,0.0,158.65,59.0,0.0,0.0,0.0,0
15500,1131.56,4,572,64,8.960416666666667,73.0,282.89,143.0,0.0405405405405405,0.25,0.0,2
15501,399.95,2,205,64,405.06597222222223,10.936111111111112,199.975,102.5,0.0837793809634628,0.5,0.0,1
15502,13003.87,14,5559,231,16.00138888888889,539.0666666666667,928.847857142857,397.07142857142856,0.0240711023330453,0.4285714285714285,0.4814814814814814,2
15503,257.3,2,130,112,363.0784722222222,363.97430555555553,128.65,65.0,0.0027399189060112,1.0,0.0,1
15504,402.7,4,141,42,81.96180555555556,584.0493055555555,100.675,35.25,0.0051277729441132,0.0,0.2,0
15505,3610.96,5,2390,90,53.204166666666666,102.76597222222222,722.192,478.0,0.0385482823929381,0.0,0.2857142857142857,2
15506,2030.33,6,1637,180,23.027083333333334,454.98125,338.3883333333333,272.8333333333333,0.0109653631591211,0.3333333333333333,0.0,2
15507,475.86,1,160,41,172.06319444444443,0.0,475.86,160.0,0.0,0.0,0.0,0
15508,1000.27,6,440,78,189.8798611111111,46.00833333333333,166.71166666666667,73.33333333333333,0.1063641198369083,0.0,0.0,0
15509,152.41,1,58,26,380.9180555555556,0.0,152.41,58.0,0.0,0.0,0.0,0
15510,250.0,1,2,1,331.02777777777777,0.0,250.0,2.0,0.0,0.0,0.0,0
15511,900.53,5,269,117,12.129861111111111,73.77638888888889,180.106,53.8,0.0534928211891008,0.0,0.0,0
15512,331.58,4,235,29,156.10416666666666,520.8729166666667,82.895,58.75,0.0057485259422193,0.25,0.0,0
15513,26437.05,35,10477,278,33.92638888888889,661.9840277777778,755.3442857142857,299.3428571428572,0.0512832867391434,0.1428571428571428,0.1463414634146341,2
15514,6392.06,18,4087,171,12.92361111111111,722.91875,355.1144444444445,227.05555555555557,0.0234832983673927,0.1666666666666666,0.1,2
15515,171.81,1,131,7,387.9659722222222,0.0,171.81,131.0,0.0,0.0,0.0,0
15516,62.43,3,27,15,45.08263888888889,1.9708333333333332,20.81,9.0,0.6732117812061711,0.0,0.0,0
15517,267.03,1,293,27,233.95,0.0,267.03,293.0,0.0,0.0,0.0,0
15518,4189.99,15,2810,250,64.98958333333333,655.0305555555556,279.3326666666666,187.33333333333331,0.0213404694056425,0.2666666666666666,0.3478260869565217,2
15519,344.61,2,116,34,383.9270833333333,63.02638888888889,172.305,58.0,0.0156185600555326,1.0,0.0,1
15520,343.5,1,314,18,2.077777777777778,0.0,343.5,314.0,0.0,0.0,0.0,0
15521,7098.24,16,4507,186,40.96388888888889,663.1409722222222,443.64,281.6875,0.0225855663592171,0.125,0.3333333333333333,2
15522,397.99,2,572,47,33.05833333333333,54.958333333333336,198.995,286.0,0.0178704393149664,0.0,0.0,0
15523,17259.19,16,15633,65,84.84791666666666,653.0506944444444,1078.699375,977.0625,0.02293400210016,0.0625,0.1111111111111111,2
15524,591.4,2,28,9,25.028472222222224,582.1180555555555,295.7,14.0,0.0017149186009122,0.0,0.0,0
15525,890.22,4,527,152,2.921527777777778,380.10625,222.555,131.75,0.007871820522492,0.0,0.2,2
15526,148.44,2,24,4,33.90694444444444,0.0020833333333333,74.22,12.0,0.997920997920998,1.0,0.0,1
15527,5554.89,23,2211,226,19.022916666666667,705.7819444444444,241.51695652173916,96.1304347826087,0.0311269977578343,0.1304347826086956,0.2580645161290322,2
15528,229.33,1,123,26,254.8583333333333,0.0,229.33,123.0,0.0,0.0,0.0,0
15529,4783.66,12,4271,451,23.05625,371.87708333333336,398.6383333333333,355.9166666666667,0.0295003380247065,0.0,0.0769230769230769,2
15530,1808.68,5,1328,111,22.01736111111111,491.0520833333333,361.736,265.6,0.0081292207379808,0.0,0.0,2
15531,1972.39,2,1085,196,8.754861111111111,22.038888888888888,986.195,542.5,0.0434048709910778,0.0,0.0,2
15532,3738.85,10,1337,417,25.915972222222223,523.9993055555556,373.885,133.7,0.0171428798186241,0.5,0.1666666666666666,2
15533,807.57,3,289,73,19.885416666666668,69.99583333333334,269.19,96.33333333333331,0.0281706672926814,1.0,0.4,1
15534,162.25,1,63,8,726.0013888888889,0.0,162.25,63.0,0.0,0.0,0.0,0
15535,1044.37,6,314,88,173.86666666666667,275.83194444444445,174.0616666666667,52.333333333333336,0.0180614994054756,0.8333333333333334,0.4,1
15536,259.09,1,242,16,409.8465277777778,0.0,259.09,242.0,0.0,0.0,0.0,0
15537,110.92,1,29,24,163.98611111111111,0.0,110.92,29.0,0.0,0.0,0.0,0
15538,3358.4,6,1016,3,538.0840277777778,125.92430555555556,559.7333333333332,169.33333333333334,0.0393935580589918,0.3333333333333333,0.4545454545454545,2
15539,538.46,1,410,41,7.968055555555556,0.0,538.46,410.0,0.0,0.0,0.0,2
15540,460.68,2,444,31,11.957638888888887,364.1118055555556,230.34,222.0,0.0027388870608508,0.0,0.0,0
15541,85.13000000000001,1,49,29,114.91111111111113,0.0,85.13000000000001,49.0,0.0,0.0,0.0,0
15542,855.71,3,418,212,512.9708333333333,225.06875,285.2366666666667,139.33333333333334,0.0088468662740869,0.0,0.25,2
15543,242.26,2,167,50,288.89166666666665,171.1652777777778,121.13,83.5,0.0058083721230406,0.0,0.0,0
15544,7807.89,20,6745,175,9.838194444444444,671.0861111111111,390.3945,337.25,0.0282701869386776,0.1,0.2307692307692307,2
15545,288.97,2,162,78,54.97638888888889,316.8305555555556,144.485,81.0,0.0031463305919471,0.5,0.0,1
15546,1079.1,2,198,6,607.0409722222222,0.0041666666666666,539.5500000000001,99.0,0.995850622406639,0.0,0.3333333333333333,0
15547,10057.05,26,7278,652,7.998611111111111,725.9666666666667,386.80961538461537,279.9230769230769,0.0343894722362327,0.7692307692307693,0.0714285714285714,1
15548,158.09,1,64,23,596.0208333333334,0.0,158.09,64.0,0.0,0.0,0.0,0
15549,2334.16,8,936,139,77.85277777777777,620.1291666666667,291.77,117.0,0.0112697976132178,0.0,0.1111111111111111,2
15550,2211.05,12,1139,166,4.883333333333334,732.0159722222222,184.2541666666667,94.91666666666669,0.0150064942877741,0.0,0.1428571428571428,2
15551,1679.81,7,796,117,37.009027777777774,513.8972222222222,239.97285714285712,113.71428571428572,0.0116528109709057,0.2857142857142857,0.2222222222222222,2
15552,252.52,2,166,29,217.91875,405.9375,126.26,83.0,0.0024573798187682,0.0,0.0,0
15553,428.93,1,449,51,60.95,0.0,428.93,449.0,0.0,0.0,0.0,0
15554,217.2,1,74,14,278.15972222222223,0.0,217.2,74.0,0.0,0.0,0.0,0
15555,11243.91,36,8511,667,12.854861111111113,721.18125,312.3308333333333,236.41666666666663,0.0484642878778699,0.5555555555555556,0.217391304347826,2
15556,279.77,1,236,31,24.8625,0.0,279.77,236.0,0.0,0.0,0.0,0
15557,468.91,1,213,16,29.002777777777776,0.0,468.91,213.0,0.0,0.0,0.0,0
15558,202.68,1,73,23,639.8923611111111,0.0,202.68,73.0,0.0,0.0,0.5,0
15559,1109.4,1,526,62,568.9472222222222,0.0,1109.4,526.0,0.0,0.0,0.0,2
15560,153.52,2,72,10,398.1076388888889,0.0006944444444444,76.76,36.0,0.9993060374739764,1.0,0.0,1
15561,1934.39,8,1334,65,12.071527777777778,651.9479166666666,241.79875,166.75,0.0107206100537625,0.5,0.1111111111111111,1
15562,671.4300000000001,3,560,32,352.12152777777777,374.7763888888889,223.81000000000003,186.66666666666663,0.0053223141717702,0.3333333333333333,0.0,0
15563,2859.46,7,3005,179,22.916666666666668,658.1347222222222,408.4942857142857,429.2857142857143,0.0091028431634908,0.0,0.3636363636363636,2
15564,70.74000000000001,2,42,4,463.87361111111113,212.9958333333333,35.370000000000005,21.0,0.004672988181234,0.0,0.0,0
15565,173.16,2,60,8,50.92847222222223,20.159027777777776,86.58,30.0,0.047261150677738,0.0,0.0,0
15566,227.87,2,153,9,393.0270833333333,331.8875,113.935,76.5,0.0030040178739063,0.0,0.0,0
15567,186.01,1,223,7,19.084722222222226,0.0,186.01,223.0,0.0,0.0,0.0,0
15568,758.29,3,461,27,3.057638888888889,70.86805555555556,252.7633333333333,153.66666666666666,0.0278287757271233,0.0,0.0,0
15569,3583.45,10,1734,123,104.10763888888889,545.9722222222222,358.345,173.4,0.0164542176628916,0.8,0.0,1
15570,8736.49,25,4079,442,7.91875,614.0298611111111,349.4596,163.16,0.0390224955202039,0.12,0.074074074074074,2
15571,3892.35,14,2411,442,12.116666666666667,721.9111111111112,278.025,172.21428571428572,0.0179828471304294,0.3571428571428571,0.0,2
15572,3965.2,10,2089,259,5.111805555555556,599.8131944444444,396.52,208.9,0.0149796976551456,0.2,0.0,2
15573,1188.42,5,770,181,32.05,697.8881944444445,237.68400000000003,154.0,0.0057233761162322,0.0,0.0,2
15574,1101.44,6,750,191,178.03402777777777,286.89166666666665,183.57333333333332,125.0,0.0173676440790806,0.0,0.1428571428571428,2
15575,30.1,1,6,3,620.0,0.0,30.1,6.0,0.0,0.0,0.0,0
15576,921.37,1,394,43,38.03263888888889,0.0,921.37,394.0,0.0,0.0,0.0,2
15577,396.03,5,120,58,151.82430555555555,575.0319444444444,79.206,24.0,0.0069440593331291,0.2,0.0,0
15578,127.1,1,52,13,162.9909722222222,0.0,127.1,52.0,0.0,0.0,0.0,0
15579,1250.63,5,713,140,69.00347222222223,363.9222222222222,250.12600000000003,142.6,0.0109612398380172,0.8,0.2857142857142857,1
15580,1375.39,8,955,150,377.0763888888889,293.98541666666665,171.92375,119.375,0.0237299866518825,0.625,0.4285714285714285,1
15581,7480.4,38,3028,542,121.13333333333334,616.8881944444445,196.85263157894732,79.6842105263158,0.0598813836106181,0.1578947368421052,0.1162790697674418,2
15582,682.9100000000001,3,453,39,25.12152777777778,195.84652777777777,227.63666666666668,151.0,0.0101601995350297,0.0,0.0,0
15583,95.96,1,56,37,376.9069444444444,0.0,95.96,56.0,0.0,1.0,0.0,1
15584,1268.2,6,483,174,24.07986111111111,646.94375,211.36666666666667,80.5,0.0077167192368164,0.3333333333333333,0.1428571428571428,2
15585,455.3,1,320,31,177.175,0.0,455.3,320.0,0.0,0.0,0.0,0
15586,1139.1,3,1338,30,593.0763888888889,108.04027777777776,379.7,446.0,0.0183418461577653,0.0,0.25,2
15587,1522.0800000000002,7,528,3,50.96736111111111,441.2034722222222,217.44000000000003,75.42857142857143,0.0135684144899359,0.1428571428571428,0.0,0
15588,579.6,1,96,4,678.0215277777778,0.0,579.6,96.0,0.0,1.0,0.0,1
15589,478.53,3,243,28,256.1222222222222,54.96388888888889,159.51000000000002,81.0,0.0357373306199434,0.0,0.25,0
15590,1496.6,5,832,75,382.9173611111111,224.19444444444449,299.32,166.4,0.0177624275317626,0.2,0.1666666666666666,2
15591,217.9,3,58,6,583.14375,91.00208333333332,72.63333333333334,19.33333333333333,0.0217386381648966,0.0,0.0,0
15592,388.58,1,354,24,47.16041666666667,0.0,388.58,354.0,0.0,0.0,0.0,0
15593,199.8,1,60,5,71.04444444444445,0.0,199.8,60.0,0.0,0.0,0.0,0
15594,1771.78,5,983,85,16.164583333333333,218.94791666666663,354.356,196.6,0.0181861236088089,0.0,0.1666666666666666,2
15595,357.6,1,144,4,488.0159722222222,0.0,357.6,144.0,0.0,0.0,0.0,0
15596,2727.72,9,1208,82,101.07986111111111,398.9645833333333,303.08,134.22222222222223,0.0200017709901397,0.0,0.4375,2
15597,563.37,2,393,35,35.975,540.0111111111111,281.685,196.5,0.0018483908730566,0.0,0.3333333333333333,2
15598,548.02,2,404,32,53.86527777777778,374.2805555555556,274.01,202.0,0.0026646730964241,0.0,0.5,2
15599,1250.06,3,1098,77,27.04583333333333,419.0618055555556,416.68666666666667,366.0,0.0047612041217479,0.3333333333333333,0.0,2
15600,1199.31,4,657,55,428.93055555555554,165.11111111111111,299.8275,164.25,0.0180602006688963,0.25,0.2,2
15601,14191.74,30,10395,310,11.899305555555555,727.0152777777778,473.058,346.5,0.0398343288735927,0.1333333333333333,0.1428571428571428,2
15602,3137.96,16,2292,62,8.941666666666666,729.19375,196.1225,143.25,0.0205424930027133,0.0,0.36,2
15603,88.48,2,128,4,79.11527777777778,569.7513888888889,44.24,64.0,0.0017520763321255,0.0,0.3333333333333333,0
15604,216.39,1,159,17,52.91875,0.0,216.39,159.0,0.0,0.0,0.0,0
15605,1741.95,9,641,80,36.93958333333333,658.0097222222222,193.55,71.22222222222223,0.0121394263699532,0.1111111111111111,0.1,2
15606,5230.99,17,1615,84,61.87708333333333,586.0409722222222,307.70529411764704,95.0,0.0272553377993917,0.2352941176470588,0.1052631578947368,2
15607,1708.97,9,1470,95,337.00416666666666,364.0194444444445,189.8855555555556,163.33333333333334,0.0219166406660223,0.0,0.3076923076923077,2
15608,1785.98,5,1262,93,28.979166666666668,387.13194444444446,357.196,252.4,0.0103057737381689,0.0,0.0,2
15609,298.48,1,148,16,184.99305555555557,0.0,298.48,148.0,0.0,0.0,0.5,0
15610,112.46,1,66,6,52.09305555555556,0.0,112.46,66.0,0.0,0.0,0.0,0
15611,2997.28,26,747,43,10.009722222222225,673.9069444444444,115.28,28.73076923076923,0.0370421436700121,0.1923076923076923,0.1875,2
15612,195.15,2,52,4,36.915277777777774,25.085416666666667,97.575,26.0,0.0383355961983867,0.5,0.0,1
15613,433.72,1,700,27,610.9993055555556,0.0,433.72,700.0,0.0,0.0,0.0,0
15614,3147.36,4,1632,73,438.0861111111111,188.98125,786.84,408.0,0.0157910320097378,0.0,0.4285714285714285,2
15615,21373.97,47,12090,292,10.922222222222222,726.9680555555556,454.7653191489362,257.2340425531915,0.0631895859288697,0.0212765957446808,0.1296296296296296,2
15616,317.11,1,137,13,438.9861111111111,0.0,317.11,137.0,0.0,0.0,0.0,0
15617,828.5500000000001,3,485,41,396.8631944444445,111.11875,276.18333333333334,161.66666666666666,0.0178382295557165,0.0,0.0,0
15618,776.851,4,454,39,33.17777777777778,103.93125,194.21275,113.5,0.0285901483113943,0.0,0.2,0
15619,336.40000000000003,1,136,3,11.191666666666666,0.0,336.40000000000003,136.0,0.0,0.0,0.0,0
15620,1942.36,4,1249,114,57.00625,353.04791666666665,485.59,312.25,0.0084734293263035,0.0,0.5,2
15621,1293.03,4,501,11,4.950694444444444,17.091666666666665,323.2575,125.25,0.1658222017503454,0.0,0.3333333333333333,2
15622,7852.61,17,4091,331,43.8375,602.2604166666666,461.9182352941176,240.64705882352945,0.0265225424343411,0.0,0.4333333333333333,2
15623,2437.05,8,1087,91,141.80833333333334,588.1111111111111,304.63125,135.875,0.0118823085628064,0.125,0.0,2
15624,588.13,4,357,26,117.05,139.92083333333332,147.0325,89.25,0.0212885485349339,0.0,0.0,0
15625,3236.4,9,3020,106,104.10347222222222,438.79027777777776,359.6,335.55555555555554,0.0181904885219912,0.2222222222222222,0.3571428571428571,2
15626,1067.52,3,1138,73,75.11597222222223,346.69930555555555,355.84,379.3333333333333,0.0057520966192451,0.0,0.25,2
15627,566.9,2,344,23,457.94166666666666,65.09583333333333,283.45,172.0,0.0151295467439954,0.0,0.0,0
15628,5333.08,17,3569,136,5.101388888888889,721.8645833333334,313.7105882352941,209.94117647058823,0.0221341595215793,0.0588235294117647,0.1904761904761904,2
15629,2240.9,4,1518,39,450.9611111111111,82.08819444444444,560.225,379.5,0.036106212441599,0.0,0.0,2
15630,1481.4,3,987,76,45.88472222222222,599.0458333333333,493.8,329.0,0.003333078723153,0.0,0.25,2
15631,596.67,1,525,39,642.9152777777778,0.0,596.67,525.0,0.0,1.0,0.0,1
15632,3285.31,8,2109,107,16.124305555555555,259.05694444444447,410.66375,263.625,0.0269171816001837,0.0,0.2,2
15633,4335.96,13,2048,77,509.9555555555556,221.83541666666667,333.5353846153846,157.53846153846155,0.0538514037826871,0.2307692307692307,0.2777777777777778,2
15634,554.65,2,227,34,17.84861111111111,366.04027777777776,277.325,113.5,0.0027244966303274,0.5,0.0,1
15635,100.35,1,5,2,396.1611111111111,0.0,100.35,5.0,0.0,0.0,0.0,0
15636,1444.58,4,560,39,90.06458333333333,479.9861111111111,361.145,140.0,0.0062371863359417,0.25,0.0,2
15637,797.59,5,651,37,53.18194444444445,671.6069444444445,159.518,130.2,0.0059470096659556,0.0,0.0,0
15638,2265.2,6,1134,20,379.04027777777776,231.88541666666663,377.5333333333333,189.0,0.0214697857494297,0.1666666666666666,0.3333333333333333,2
15639,1065.08,3,849,61,134.93055555555554,471.0548611111111,355.02666666666664,283.0,0.0042367956878835,0.0,0.4,2
15640,23494.31,29,12140,303,4.927083333333333,720.9159722222222,810.1486206896552,418.6206896551725,0.0387856773882001,0.2068965517241379,0.1470588235294117,2
15641,5345.55,12,4422,249,105.9486111111111,627.9395833333333,445.4625,368.5,0.0174897562365224,0.25,0.0,2
15642,105.78000000000002,1,270,6,730.0409722222222,0.0,105.78000000000002,270.0,0.0,0.0,0.0,0
15643,664.0,3,246,31,192.21666666666667,90.71111111111112,221.33333333333331,82.0,0.0218076084322752,0.0,0.5,0
15644,803.54,4,550,166,166.9138888888889,94.97013888888888,200.885,137.5,0.0312597234382801,0.25,0.0,2
15645,1055.17,3,396,59,19.038194444444443,406.9611111111111,351.72333333333336,132.0,0.004902428063677,0.3333333333333333,0.25,2
15646,784.8100000000001,5,821,65,158.12291666666667,252.8659722222222,156.96200000000002,164.2,0.0157563456220063,0.0,0.1666666666666666,2
15647,169.0,1,124,11,415.9034722222222,0.0,169.0,124.0,0.0,0.0,0.0,0
15648,639.5,2,218,23,204.87291666666667,62.87083333333333,319.75,109.0,0.0156565986039532,0.0,0.5,0
15649,1660.35,4,365,8,336.96944444444443,50.88333333333333,415.0875,91.25,0.0578220366206231,0.0,0.0,0
15650,553.88,2,210,33,522.0895833333333,106.95486111111111,276.94,105.0,0.009263130809559,0.5,0.3333333333333333,1
15651,1259.06,5,871,52,37.172916666666666,559.8020833333334,251.812,174.2,0.007132641120419,0.0,0.0,2
15652,1405.94,5,657,93,91.93611111111112,393.89166666666665,281.188,131.4,0.0101293603730981,0.0,0.1666666666666666,2
15653,877.4399999999999,2,1200,4,93.08402777777778,23.040972222222223,438.72,600.0,0.0415956555648632,0.0,0.0,2
15654,922.53,2,475,15,9.9875,16.911805555555556,461.265,237.5,0.0558291009188539,0.5,0.0,1
15655,560.67,1,324,34,243.89236111111111,0.0,560.67,324.0,0.0,1.0,0.5,1
15656,748.5,4,343,46,45.9125,238.975,187.125,85.75,0.0125013022189811,0.0,0.0,0
15657,30.0,1,24,1,23.021527777777777,0.0,30.0,24.0,0.0,0.0,0.0,0
15658,2117.27,8,627,79,190.89444444444445,546.16875,264.65875,78.375,0.0127931282625332,0.0,0.3846153846153846,2
15659,532.49,3,161,14,44.14375,609.8270833333333,177.49666666666667,53.66666666666666,0.00327424905439,0.0,0.0,0
15660,2603.69,15,1783,73,25.82777777777778,647.0395833333333,173.57933333333332,118.86666666666666,0.0216036186061165,0.0,0.1666666666666666,2
15661,1215.95,8,779,27,317.95416666666665,261.24791666666664,151.99375,97.375,0.0266922997481708,0.125,0.0,0
15662,283.73,2,145,12,661.8354166666667,77.12361111111112,141.865,72.5,0.012800227559601,0.0,0.0,0
15663,138.14,1,106,9,106.875,0.0,138.14,106.0,0.0,0.0,0.0,0
15664,1254.03,4,530,54,51.078472222222224,598.9215277777778,313.5075,132.5,0.0050006540207226,0.25,0.4285714285714285,2
15665,3987.07,5,2777,163,168.91180555555556,466.99305555555554,797.414,555.4,0.0085471353741597,0.8,0.0,1
15666,632.9399999999999,2,469,62,472.85833333333335,23.022916666666667,316.47,234.5,0.0416269187407857,0.5,0.0,1
15667,301.32,1,240,13,40.079166666666666,0.0,301.32,240.0,0.0,0.0,0.0,0
15668,76.32000000000001,1,72,1,218.09097222222223,0.0,76.32000000000001,72.0,0.0,0.0,0.0,0
15669,684.34,4,342,31,40.86597222222223,223.28472222222223,171.085,85.5,0.0133758553426014,0.5,0.2,1
15670,325.2,2,132,19,297.0833333333333,259.8027777777778,162.6,66.0,0.0038343149889763,0.0,0.3333333333333333,0
15671,2657.13,7,1699,52,19.00486111111111,252.12916666666663,379.59,242.7142857142857,0.0237033135257032,0.0,0.3,2
15672,45.3,1,10,3,725.8319444444444,0.0,45.3,10.0,0.0,0.0,0.0,0
15673,6204.32,9,3274,177,88.85972222222222,567.0722222222222,689.3688888888888,363.77777777777777,0.0140827163995188,0.1111111111111111,0.1,2
15674,6948.2300000000005,13,3648,262,73.89791666666666,657.9229166666667,534.4792307692308,280.61538461538464,0.018211538400736,0.0769230769230769,0.2777777777777778,2
15675,542.04,4,624,32,81.95972222222223,322.9819444444444,135.51,156.0,0.0092597752789721,0.25,0.0,0
15676,3435.76,3,2252,191,19.006944444444443,265.09791666666666,1145.253333333333,750.6666666666666,0.0075160302833386,0.0,0.4,2
15677,1305.63,3,675,63,49.88472222222222,414.1444444444445,435.21,225.0,0.0048176002997617,0.0,0.0,2
15678,1825.94,3,1022,77,53.14236111111112,469.85833333333335,608.6466666666666,340.6666666666667,0.0042475620763499,0.0,0.0,2
15679,781.28,4,1170,98,24.854861111111116,158.32986111111111,195.32,292.5,0.0188288622049818,0.0,0.0,2
15680,4028.69,10,2743,155,9.96111111111111,728.0631944444444,402.869,274.3,0.0123446089016441,0.2,0.1666666666666666,2
15681,2989.7,14,1392,48,25.84722222222222,539.0916666666667,213.55,99.42857142857144,0.0240699881193007,0.0,0.125,2
15682,318.24,2,222,25,599.8888888888889,88.03680555555556,159.12,111.0,0.0112313103975415,0.0,0.3333333333333333,0
15683,524.54,2,332,25,117.99583333333334,356.03819444444446,262.27,166.0,0.0028008207960944,0.5,0.0,1
15684,173.95,3,77,9,547.7493055555556,188.10972222222225,57.98333333333333,25.666666666666668,0.0105758708568658,0.0,0.5,0
15685,55.98,1,36,17,450.96319444444447,0.0,55.98,36.0,0.0,0.0,0.0,0
15686,90.0,1,72,1,420.9583333333333,0.0,90.0,72.0,0.0,0.0,0.0,0
15687,2993.1,9,1310,119,9.178472222222222,321.72222222222223,332.56666666666666,145.55555555555554,0.0247891203305216,0.0,0.1818181818181818,2
15688,190.57,1,95,26,419.0305555555556,0.0,190.57,95.0,0.0,1.0,0.0,1
15689,521.03,3,207,20,120.13402777777776,497.9888888888889,173.67666666666665,69.0,0.0040081052795653,0.0,0.0,0
15690,239.76,2,408,19,4.86875,96.17986111111112,119.88,204.0,0.0102901978719299,0.0,0.0,0
15691,571.3,4,212,12,252.90069444444444,480.9666666666666,142.825,53.0,0.006224496853171,0.25,0.2,0
15692,191.04,1,138,12,28.94305555555556,0.0,191.04,138.0,0.0,0.0,0.0,0
15693,37.5,1,30,1,659.9256944444444,0.0,37.5,30.0,0.0,0.0,0.0,0
15694,9978.48,24,2467,55,1.1291666666666669,731.7506944444444,415.77,102.79166666666669,0.0313885748241263,0.0416666666666666,0.1724137931034483,2
15695,1131.04,4,484,55,267.1791666666667,414.9,282.76,121.0,0.0072132724212551,0.0,0.0,0
15696,3881.22,13,1386,163,33.95,650.9763888888889,298.55538461538464,106.6153846153846,0.0184055745031666,0.2307692307692307,0.3809523809523809,2
15697,246.75,1,127,14,690.1527777777778,0.0,246.75,127.0,0.0,0.0,0.0,0
15698,46.2,1,60,2,624.8,0.0,46.2,60.0,0.0,0.0,0.0,0
15699,309.65,1,113,18,18.183333333333334,0.0,309.65,113.0,0.0,0.0,0.0,0
15700,696.68,2,357,85,172.83125,1.053472222222222,348.34,178.5,0.4869800473452824,0.5,0.3333333333333333,1
15701,1529.0,4,912,193,2.924305555555556,108.08541666666666,382.25,228.0,0.0275013846183228,0.5,0.0,1
15702,140.39,2,103,30,476.9166666666667,205.89375,70.19500000000001,51.5,0.0048333987856085,0.0,0.0,0
15703,211.5,1,66,5,265.0826388888889,0.0,211.5,66.0,0.0,1.0,0.0,1
15704,3734.66,6,1709,129,140.96875,442.9472222222222,622.4433333333334,284.8333333333333,0.0112626000337878,0.5,0.25,2
15705,143.1,1,62,6,201.8840277777778,0.0,143.1,62.0,0.0,1.0,0.0,1
15706,1060.56,4,321,50,64.11180555555555,52.81736111111111,265.14,80.25,0.0557440933197414,0.25,0.4285714285714285,2
15707,916.98,4,594,126,35.927083333333336,51.01111111111111,229.245,148.5,0.0576799829096346,0.0,0.0,2
15708,3887.15,9,1465,135,41.08055555555556,384.97291666666666,431.9055555555556,162.77777777777777,0.0207268428808152,1.0,0.3571428571428571,1
15709,327.85,2,169,26,284.09166666666664,305.6715277777778,163.925,84.5,0.0032608178765282,0.0,0.0,0
15710,898.87,1,641,110,417.8229166666667,0.0,898.87,641.0,0.0,0.0,0.0,2
15711,420.25,2,199,25,557.025,128.00069444444443,210.125,99.5,0.0077518962537884,0.5,0.0,1
15712,3472.4100000000003,12,1277,86,9.94513888888889,729.1194444444444,289.3675,106.41666666666669,0.0150660280091157,0.1666666666666666,0.0769230769230769,2
15713,839.64,4,451,48,143.96944444444443,580.1618055555556,209.91,112.75,0.0051620735762774,0.0,0.3333333333333333,0
15714,783.96,5,361,45,12.058333333333334,543.9708333333333,156.792,72.2,0.0073398423463029,0.2,0.0,0
15715,658.02,5,246,33,556.1208333333333,63.90208333333333,131.60399999999998,49.2,0.0616313035662696,0.0,0.0,0
15716,2485.26,11,1379,188,146.03541666666666,586.9701388888889,225.9327272727273,125.36363636363636,0.0170076664418662,0.7272727272727273,0.0,1
15717,607.0,5,224,17,234.97847222222225,358.1111111111111,121.4,44.8,0.0111386138613861,0.0,0.0,0
15718,293.79,1,95,18,540.8541666666666,0.0,293.79,95.0,0.0,0.0,0.0,0
15719,10195.97,31,5356,449,33.014583333333334,705.9875,328.9022580645161,172.7741935483871,0.0424335649498753,0.032258064516129,0.2051282051282051,2
15720,739.22,2,327,152,24.918055555555554,525.9638888888888,369.61,163.5,0.0018976632385731,0.0,0.0,2
15721,471.4,1,388,80,12.025,0.0,471.4,388.0,0.0,0.0,0.0,2
15722,5234.0,11,2279,91,36.046527777777776,604.8597222222222,475.8181818181818,207.1818181818182,0.0165054708758673,0.2727272727272727,0.2666666666666666,2
15723,930.7,4,427,108,365.06805555555553,209.9284722222222,232.675,106.75,0.0142228309359742,0.25,0.0,2
15724,310.85,3,117,17,201.92361111111111,199.17916666666667,103.61666666666667,39.0,0.0099910496846574,0.3333333333333333,0.4,0
15725,415.25,1,221,32,15.915972222222225,0.0,415.25,221.0,0.0,0.0,0.0,0
15726,321.91,1,123,23,390.8597222222222,0.0,321.91,123.0,0.0,1.0,0.0,1
15727,9371.71,15,5908,426,17.009722222222223,668.0166666666667,624.7806666666667,393.8666666666667,0.020926235021549,0.1333333333333333,0.0,2
15728,544.6,2,132,10,380.0909722222222,64.82847222222222,272.3,66.0,0.0151909951156731,0.0,0.3333333333333333,0
15729,192.55,3,47,10,213.00972222222225,190.95277777777775,64.18333333333334,15.666666666666666,0.0104192292664573,0.0,0.4,0
15730,1726.58,5,1061,102,66.01319444444445,365.9277777777778,345.316,212.2,0.0109013278422941,0.0,0.2857142857142857,2
15731,125.3,1,122,8,554.1111111111111,0.0,125.3,122.0,0.0,0.0,0.0,0
15732,1543.97,10,1264,53,212.93472222222223,461.1763888888889,154.397,126.4,0.0194730847710259,0.1,0.1666666666666666,2
15733,162.3,1,62,10,283.15625,0.0,162.3,62.0,0.0,0.0,0.0,0
15734,2263.3,4,516,36,115.08333333333331,432.85069444444446,565.825,129.0,0.0069148212470688,0.0,0.0,2
15735,327.68,1,206,19,421.9666666666666,0.0,327.68,206.0,0.0,0.0,0.0,0
15736,1767.12,2,1208,95,435.9375,0.0006944444444444,883.56,604.0,0.9993060374739764,0.0,0.3333333333333333,2
15737,1188.12,8,597,60,15.061805555555557,228.05555555555557,148.515,74.625,0.030560271646859,0.0,0.3333333333333333,2
15738,13043.32,41,9030,70,19.183333333333334,710.6902777777777,318.12975609756097,220.2439024390244,0.0562042242938856,0.1463414634146341,0.0888888888888888,2
15739,449.12,1,472,8,66.96388888888889,0.0,449.12,472.0,0.0,0.0,0.0,0
15740,154.88,1,152,9,49.93125,0.0,154.88,152.0,0.0,0.0,0.0,0
15741,208.62,2,70,11,458.8534722222222,160.18472222222223,104.31,35.0,0.0062040619372183,0.0,0.0,0
15742,156.87,1,51,41,619.8923611111111,0.0,156.87,51.0,0.0,0.0,0.0,0
15743,775.96,4,214,59,16.813194444444445,168.29513888888889,193.99,53.5,0.0177205324363681,0.0,0.0,0
15744,34.8,1,120,3,78.12361111111112,0.0,34.8,120.0,0.0,0.0,0.0,0
15745,1094.59,4,421,57,19.96180555555556,217.02847222222223,273.6475,105.25,0.0137596707871359,0.75,0.3333333333333333,1
15746,196.88,1,178,28,134.89513888888888,0.0,196.88,178.0,0.0,0.0,0.5,0
15747,2499.81,9,1344,116,13.016666666666667,678.0451388888889,277.75666666666666,149.33333333333334,0.0117812492010329,0.2222222222222222,0.1,2
15748,609.8100000000001,3,261,34,40.99930555555556,408.8326388888889,203.27,87.0,0.0048800408025633,0.3333333333333333,0.0,0
15749,44534.3,3,18028,5,235.97916666666663,97.01736111111111,14844.766666666668,6009.333333333333,0.0204045485139395,0.0,0.25,2
15750,6452.991,18,4281,389,3.011111111111111,735.8020833333334,358.4995,237.83333333333331,0.0230726817751261,0.0,0.25,2
15751,1380.44,11,443,90,461.00416666666666,272.9833333333333,125.49454545454546,40.27272727272727,0.0364985704726564,1.0,0.2142857142857142,1
15752,3924.91,9,2792,359,40.050694444444446,417.9868055555556,436.1011111111111,310.22222222222223,0.0190936800250604,0.0,0.1,2
15753,79.2,1,144,1,305.00625,0.0,79.2,144.0,0.0,0.0,0.0,0
15754,3037.61,9,1762,114,51.92361111111112,604.0479166666667,337.51222222222225,195.77777777777777,0.0132220932915092,0.0,0.25,2
15755,5993.12,17,4034,281,10.911805555555556,725.2729166666667,352.53647058823526,237.2941176470588,0.0220302859060672,0.0588235294117647,0.15,2
15756,528.01,4,241,160,61.97222222222222,187.97916666666663,132.0025,60.25,0.0158747657369639,0.5,0.0,1
15757,2940.36,6,1757,162,66.025,481.9354166666666,490.06,292.8333333333333,0.0103533512503828,0.0,0.0,2
15758,205.25,1,47,9,25.084722222222226,0.0,205.25,47.0,0.0,0.0,0.0,0
15759,830.9300000000001,7,523,10,218.90069444444444,519.2118055555555,118.70428571428572,74.71428571428571,0.011533763624592,0.0,0.3,0
15760,13916.34,2,2,1,631.0451388888889,0.0069444444444444,6958.17,1.0,0.993103448275862,0.0,0.6,0
15761,143.05,1,31,5,443.1368055555556,0.0,143.05,31.0,0.0,0.0,0.0,0
15762,583.75,2,251,37,65.85763888888889,12.040277777777778,291.875,125.5,0.0766854830120353,0.0,0.0,0
15763,1086.92,2,271,58,32.12916666666667,45.89861111111111,543.46,135.5,0.0213225930642343,0.0,0.3333333333333333,2
15764,4503.08,8,2945,187,88.78611111111111,390.1666666666667,562.885,368.125,0.017895185342991,0.0,0.4285714285714285,2
15765,370.63,1,335,25,667.1006944444445,0.0,370.63,335.0,0.0,0.0,0.0,0
15766,831.06,3,334,21,64.82430555555555,618.0472222222222,277.02,111.33333333333331,0.0032307713017764,0.0,0.25,0
15768,15308.89,34,4215,437,116.08472222222224,620.9430555555556,450.2614705882353,123.97058823529412,0.0530595200078606,0.0294117647058823,0.0555555555555555,2
15769,88612.52,46,49068,26,7.956944444444445,721.1625,1926.3591304347824,1066.695652173913,0.0623128451006525,0.0434782608695652,0.0980392156862745,2
15770,321.45,1,67,18,613.04375,0.0,321.45,67.0,0.0,0.0,0.0,0
15771,1006.54,3,512,26,604.9541666666667,89.07083333333334,335.5133333333333,170.66666666666666,0.022204746264514,0.0,0.0,0
15772,280.88,1,110,16,418.97013888888887,0.0,280.88,110.0,0.0,1.0,0.0,1
15773,774.52,2,410,46,6.001388888888889,403.88958333333335,387.26,205.0,0.0024698091557883,0.5,0.0,1
15774,1288.34,6,465,88,69.03194444444445,587.9631944444444,214.72333333333333,77.5,0.0084894948396841,0.8333333333333334,0.1428571428571428,1
15775,150.5,2,260,9,245.9958333333333,386.225,75.25,130.0,0.002582477887533,0.0,0.0,0
15776,241.62,1,138,18,133.9611111111111,0.0,241.62,138.0,0.0,0.0,0.0,0
15777,1762.61,7,599,29,241.83819444444444,327.25416666666666,251.80142857142852,85.57142857142857,0.0182785189322298,0.0,0.2222222222222222,2
15778,307.95,1,101,17,431.90277777777777,0.0,307.95,101.0,0.0,0.0,0.0,0
15779,124.08,2,20,8,463.84027777777777,69.03125,62.040000000000006,10.0,0.0142793395805444,0.0,0.0,0
15780,475.28,3,220,26,184.03402777777777,174.0125,158.42666666666668,73.33333333333333,0.0114277551603456,0.0,0.0,0
15781,345.46,3,180,20,25.91180555555556,280.2375,115.15333333333332,60.0,0.007111427174541,0.0,0.25,0
15782,4014.1,4,1844,51,10.084027777777775,420.79583333333335,1003.525,461.0,0.0071124457922968,0.25,0.3333333333333333,2
15783,246.3,1,212,14,11.125,0.0,246.3,212.0,0.0,0.0,0.0,0
15784,848.3299999999999,2,381,33,468.0916666666666,204.83055555555555,424.165,190.5,0.0048583651601236,0.5,0.0,1
15785,5969.93,16,4479,102,33.053472222222226,691.7951388888889,373.120625,279.9375,0.0216514221275529,0.125,0.3846153846153846,2
15786,8501.62,5,5957,358,46.94236111111111,490.1666666666667,1700.324,1191.4,0.008143875127248,0.0,0.4444444444444444,2
15787,933.26,3,534,156,26.913194444444443,35.07222222222222,311.08666666666664,178.0,0.0554443246573232,1.0,0.0,1
15788,221.83,1,115,14,509.00138888888887,0.0,221.83,115.0,0.0,0.0,0.5,0
15789,1962.01,6,2499,110,358.9270833333333,265.1347222222222,327.00166666666667,416.5,0.0187874771027622,0.1666666666666666,0.1428571428571428,2
15790,218.75,1,113,34,10.914583333333333,0.0,218.75,113.0,0.0,0.0,0.0,0
15791,3608.34,5,1970,121,44.10833333333333,598.0229166666667,721.668,394.0,0.0066775408564641,0.0,0.4444444444444444,2
15792,933.84,2,606,57,400.1868055555556,218.94375,466.92,303.0,0.004546617032764,0.0,0.0,2
15793,2399.57,8,1685,12,15.138194444444444,723.8590277777778,299.94625,210.625,0.009657050173549,0.0,0.1111111111111111,2
15794,777.0,2,288,15,736.9902777777778,0.9125,388.5,144.0,0.5228758169934641,0.0,0.0,0
15795,1979.87,8,1411,111,150.08819444444444,540.9666666666667,247.48375,176.375,0.0129159234885294,0.375,0.0,2
15796,5171.63,17,1733,138,1.7048611111111112,617.28125,304.21352941176474,101.94117647058825,0.0258781905483952,0.4117647058823529,0.2272727272727272,2
15797,2821.08,6,1281,12,113.8236111111111,568.1611111111112,470.18,213.5,0.008784858807797,0.0,0.0,2
15798,1535.37,3,915,73,493.15069444444447,188.8875,511.79,305.0,0.0105325521690474,0.0,0.0,2
15799,1421.34,4,1341,143,76.00277777777778,342.93055555555554,355.335,335.25,0.0087226911117392,0.75,0.0,1
15800,1227.07,7,575,198,107.93541666666668,511.04583333333335,175.29571428571427,82.14285714285714,0.0117177010521519,0.1428571428571428,0.0,2
15801,1063.95,3,570,61,46.956944444444446,63.16597222222222,354.65000000000003,190.0,0.0311691684974945,0.0,0.25,2
15802,451.42,1,1,1,143.05,0.0,451.42,1.0,0.0,0.0,0.6666666666666666,0
15803,1929.66,4,1030,48,51.9125,624.9354166666667,482.415,257.5,0.0047928267359851,0.0,0.0,2
15804,4206.39,13,2565,170,1.0131944444444445,198.09652777777777,323.5684615384616,197.30769230769232,0.0602722716158758,0.0769230769230769,0.3157894736842105,2
15805,10148.93,30,6205,337,23.84583333333333,706.1493055555555,338.29766666666666,206.83333333333331,0.0410097270437348,0.0666666666666666,0.25,2
15806,784.58,3,602,24,46.927083333333336,230.21597222222223,261.5266666666667,200.66666666666663,0.0086499214599145,0.0,0.0,0
15807,1817.52,5,1532,85,50.94444444444444,615.9430555555556,363.504,306.4,0.0064835805573628,0.0,0.1666666666666666,2
15808,17180.25,21,6753,348,306.92847222222224,431.91875,818.1071428571429,321.57142857142856,0.0461980452452105,0.1428571428571428,0.125,2
15809,1274.44,7,700,51,36.84027777777778,499.09513888888887,182.06285714285715,100.0,0.0119977171010516,0.0,0.2222222222222222,2
15810,2999.04,8,1653,89,79.13333333333334,594.6388888888889,374.88,206.625,0.011752086928135,0.0,0.3846153846153846,2
15811,3486.15,7,1781,205,22.888194444444444,365.9479166666667,498.0214285714286,254.42857142857144,0.0163510943310528,0.0,0.3,2
15812,5201.47,12,3450,87,107.93819444444443,617.0270833333333,433.4558333333334,287.5,0.0177985727432387,0.0,0.0769230769230769,2
15813,1303.91,2,603,40,208.1923611111111,31.961111111111112,651.9549999999999,301.5,0.0303387830777009,0.0,0.0,2
15814,2634.44,6,1728,83,17.189583333333335,586.7402777777778,439.0733333333333,288.0,0.0085071590106174,0.0,0.25,2
15815,2100.6,5,1856,33,64.00555555555556,196.16597222222225,420.12,371.2,0.0202874763576935,0.0,0.0,2
15816,144.14999999999998,2,54,11,542.9680555555556,0.0291666666666666,72.07499999999999,27.0,0.97165991902834,0.0,0.3333333333333333,0
15817,2766.4,3,1596,133,421.07152777777776,122.9,922.1333333333332,532.0,0.0161420500403551,0.0,0.0,2
15818,340.5,1,284,11,588.9944444444444,0.0,340.5,284.0,0.0,0.0,0.0,0
15819,3934.79,10,2928,182,49.91666666666666,582.1541666666667,393.479,292.8,0.0154333116600098,0.1,0.0909090909090909,2
15820,206.98,1,128,17,320.03472222222223,0.0,206.98,128.0,0.0,0.0,0.0,0
15821,570.96,2,202,57,44.87638888888889,17.09722222222222,285.48,101.0,0.0552570990023023,0.5,0.0,1
15822,1840.06,6,950,46,3.9166666666666665,729.9847222222222,306.6766666666667,158.33333333333334,0.0068400882371382,0.3333333333333333,0.25,2
15823,3882.17,3,1774,155,372.9041666666666,358.9972222222222,1294.0566666666666,591.3333333333334,0.0055555984228273,0.0,0.5,2
15824,890.94,2,478,24,453.9791666666667,78.92361111111111,445.47,239.0,0.0125119471717786,0.5,0.0,1
15825,532.94,1,220,20,172.97430555555556,0.0,532.94,220.0,0.0,0.0,0.0,0
15826,2598.28,4,1824,100,56.864583333333336,511.96180555555554,649.57,456.0,0.0058483886470862,0.0,0.3333333333333333,2
15827,3603.14,28,1715,124,73.88541666666667,627.1736111111111,128.6835714285714,61.25,0.0429817482339675,0.0714285714285714,0.3333333333333333,2
15828,1108.82,1,367,74,375.8395833333333,0.0,1108.82,367.0,0.0,0.0,0.0,2
15829,636.14,2,996,44,99.83680555555556,41.265277777777776,318.07,498.0,0.0236600834675166,0.0,0.0,2
15830,576.0,1,415,39,38.09027777777778,0.0,576.0,415.0,0.0,0.0,0.5,2
15831,794.64,3,1092,63,58.98333333333333,265.93194444444447,264.88,364.0,0.0074925464772023,0.3333333333333333,0.25,2
15832,836.79,1,465,54,254.8895833333333,0.0,836.79,465.0,0.0,0.0,0.0,2
15833,80.4,1,24,5,738.0354166666667,0.0,80.4,24.0,0.0,0.0,0.0,0
15834,3764.39,7,1815,333,70.92291666666667,354.025,537.77,259.2857142857143,0.0169002182944863,0.2857142857142857,0.2222222222222222,2
15835,954.09,4,439,47,44.87708333333333,286.21666666666664,238.5225,109.75,0.0104450763070852,0.0,0.0,0
15836,137.37,1,26,10,50.81736111111111,0.0,137.37,26.0,0.0,0.0,0.5,0
15837,777.01,2,405,52,65.15902777777778,420.9479166666667,388.505,202.5,0.0023699607475251,0.0,0.0,2
15838,73205.5,34,64114,61,11.95138888888889,713.1729166666667,2153.1029411764707,1885.7058823529408,0.0462072969023024,0.0588235294117647,0.1052631578947368,2
15839,1048.49,3,675,56,33.95555555555556,114.88819444444444,349.49666666666667,225.0,0.0172580132910671,0.3333333333333333,0.4,2
15840,355.56,2,396,26,59.15416666666667,113.89305555555556,177.78,198.0,0.008703746237443,0.0,0.3333333333333333,0
15841,2742.41,9,2391,60,73.02430555555556,657.1569444444444,304.7122222222222,265.6666666666667,0.0121551554952487,0.1111111111111111,0.25,2
15842,548.8,2,296,24,393.9458333333333,134.2097222222222,274.4,148.0,0.0073959178642232,0.0,0.3333333333333333,0
15843,118.95000000000002,1,27,8,304.1048611111111,0.0,118.95000000000002,27.0,0.0,0.0,0.0,0
15844,130.73999999999998,1,134,11,46.89652777777778,0.0,130.73999999999998,134.0,0.0,0.0,0.0,0
15845,4426.28,11,2128,129,18.13055555555556,664.7902777777778,402.3890909090909,193.45454545454547,0.0150197447060615,0.0,0.2142857142857142,2
15846,107.01,1,79,27,385.9236111111111,0.0,107.01,79.0,0.0,0.0,0.0,0
15847,822.57,5,643,39,38.922916666666666,603.2458333333333,164.514,128.6,0.0066198222301905,0.0,0.0,0
15848,137.99,1,45,34,622.0805555555555,0.0,137.99,45.0,0.0,1.0,0.0,1
15850,1006.75,6,1334,269,19.941666666666663,707.0326388888889,167.79166666666666,222.33333333333331,0.0070618213418049,0.5,0.0,1
15851,109.73,1,67,8,527.0111111111111,0.0,109.73,67.0,0.0,0.0,0.0,0
15852,257.26,3,60,31,187.0611111111111,340.0458333333333,85.75333333333333,20.0,0.0058643144249917,0.0,0.0,0
15853,110.8,1,135,29,52.09166666666667,0.0,110.8,135.0,0.0,0.0,0.0,0
15854,5578.28,21,1691,168,4.965972222222222,725.0631944444444,265.6323809523809,80.52380952380952,0.0275458116497741,0.0952380952380952,0.0,2
15855,1052.72,6,712,72,137.10416666666666,339.71180555555554,175.45333333333335,118.66666666666669,0.0146751592356687,0.0,0.0,2
15856,32275.95,52,19550,384,4.820138888888889,732.1298611111112,620.6913461538462,375.96153846153845,0.069564756130252,0.0384615384615384,0.1034482758620689,2
15857,570.48,2,584,21,19.022222222222226,411.81597222222223,285.24,292.0,0.0024223868921953,0.0,0.0,0
15858,3552.41,13,2715,273,16.00138888888889,714.0458333333333,273.2623076923077,208.84615384615384,0.0167821410049472,0.0,0.1333333333333333,2
15859,438.46,1,174,22,432.99861111111113,0.0,438.46,174.0,0.0,1.0,0.0,1
15860,2361.3,17,1259,249,41.05902777777778,692.9541666666667,138.9,74.05882352941177,0.0230562777320788,0.5294117647058824,0.0,1
15861,4369.2,12,3837,452,12.86875,667.8458333333333,364.1,319.75,0.0164462413485917,0.25,0.2,2
15862,2512.29,13,1520,417,8.973611111111111,714.0798611111111,193.2530769230769,116.92307692307692,0.0167813424102785,0.0,0.0,2
15863,355.1,5,162,74,26.000694444444445,697.1034722222222,71.02000000000001,32.4,0.0057298096330434,0.0,0.0,0
15864,2180.76,7,1486,18,22.97083333333333,358.9375,311.5371428571429,212.28571428571428,0.0166695606876193,0.1428571428571428,0.2222222222222222,2
15865,2241.42,5,1141,119,41.00486111111111,662.9479166666666,448.284,228.2,0.0060245689452297,0.2,0.0,2
15866,211.89,1,124,43,101.94513888888888,0.0,211.89,124.0,0.0,0.0,0.0,0
15867,8923.3,31,5067,547,5.970833333333333,719.9277777777778,287.84838709677416,163.4516129032258,0.0416130449189701,0.0967741935483871,0.1142857142857142,2
15868,94.53,1,57,4,583.94375,0.0,94.53,57.0,0.0,0.0,0.0,0
15869,321.11,3,273,29,277.81041666666664,349.0229166666667,107.03666666666668,91.0,0.0057139115891221,0.0,0.0,0
15870,857.46,4,504,127,33.077777777777776,413.775,214.365,126.0,0.0072328370803447,0.5,0.0,1
15871,33.099999999999994,1,5,5,437.9402777777778,0.0,33.099999999999994,5.0,0.0,0.0,0.0,0
15872,729.25,4,467,164,15.038194444444445,535.8763888888889,182.3125,116.75,0.005587878442948,0.0,0.0,2
15873,313.92,4,1152,3,500.00625,1.0298611111111111,78.47999999999999,288.0,1.4779336298323642,0.0,0.2,0
15874,11284.76,21,5102,262,64.01319444444445,637.9409722222222,537.3695238095238,242.95238095238096,0.0313017960492351,0.0,0.16,2
15875,108.52,1,74,18,646.8326388888889,0.0,108.52,74.0,0.0,0.0,0.0,0
15876,1449.14,2,886,11,409.74444444444447,39.14722222222223,724.5699999999999,443.0,0.0249083235314467,0.0,0.0,2
15877,490.33,2,368,122,2.0395833333333333,16.024305555555557,245.165,184.0,0.0587395472159902,0.0,0.3333333333333333,2
15878,330.77,2,243,47,562.0229166666667,171.9923611111111,165.385,121.5,0.0057806020657623,0.5,0.0,1
15879,1137.8,4,639,171,404.8534722222222,317.8520833333333,284.45,159.75,0.0094087514456154,0.25,0.0,2
15880,329.03000000000003,1,202,95,369.99305555555554,0.0,329.03000000000003,202.0,0.0,1.0,0.5,1
15881,501.39,5,260,26,312.8270833333333,52.14375,100.278,52.0,0.075267552628484,0.0,0.375,0
15882,1124.66,8,650,49,199.05208333333331,530.8347222222222,140.5825,81.25,0.0131619838034477,0.0,0.2,0
15883,396.48,2,223,42,2.8229166666666665,31.09375,198.24,111.5,0.0311587147030185,0.5,0.0,1
15884,244.6,2,152,14,432.87152777777777,303.89722222222224,122.3,76.0,0.003279793737416,0.5,0.3333333333333333,1
15885,1951.82,15,622,83,93.08819444444444,594.9138888888889,130.12133333333333,41.46666666666667,0.0234933272424707,0.0666666666666666,0.25,2
15886,1052.87,4,667,58,60.93402777777778,537.9736111111112,263.21750000000003,166.75,0.005566135221009,0.0,0.0,2
15887,1027.15,3,605,27,407.1763888888889,148.86319444444445,342.3833333333334,201.66666666666663,0.0133455049281057,0.3333333333333333,0.0,2
15888,429.16,3,139,33,81.01388888888889,446.0270833333333,143.05333333333334,46.333333333333336,0.0044740018548466,0.0,0.25,0
15889,1427.6,8,800,256,157.06944444444446,572.9506944444445,178.45,100.0,0.0121961695799944,0.125,0.1111111111111111,2
15890,535.65,5,119,10,395.0027777777778,210.16875,107.13,23.8,0.0189421967028738,0.0,0.0,0
15891,511.68,1,418,60,227.01041666666663,0.0,511.68,418.0,0.0,0.0,0.0,0
15892,128.2,1,46,38,669.8520833333333,0.0,128.2,46.0,0.0,0.0,0.0,0
15893,305.28000000000003,1,288,1,482.06805555555553,0.0,305.28000000000003,288.0,0.0,1.0,0.0,1
15894,258.25,2,164,35,253.95833333333331,115.9888888888889,129.125,82.0,0.008547820305822,0.5,0.0,1
15895,179.17,1,94,11,150.09930555555556,0.0,179.17,94.0,0.0,0.0,0.0,0
15897,208.59,2,223,17,194.95833333333331,0.0125,104.295,111.5,0.9876543209876544,1.0,0.0,1
15898,4996.45,25,2160,281,1.89375,726.9666666666667,199.858,86.4,0.0329685425156829,0.16,0.1379310344827586,2
15899,56.25,1,39,4,369.0930555555556,0.0,56.25,39.0,0.0,0.0,0.0,0
15900,886.5699999999999,4,656,100,24.021527777777777,539.0361111111112,221.6425,164.0,0.0055551840669091,0.0,0.2,2
15901,687.72,7,695,145,17.00486111111111,527.0027777777777,98.24571428571429,99.28571428571428,0.0113635765805104,0.0,0.2222222222222222,2
15902,145.01,1,124,18,380.8284722222222,0.0,145.01,124.0,0.0,0.0,0.0,0
15903,8939.84,12,3926,58,10.195833333333333,684.8826388888889,744.9866666666667,327.1666666666667,0.0160377291628487,0.0833333333333333,0.2,2
15904,164.68,1,84,30,8.916666666666666,0.0,164.68,84.0,0.0,0.0,0.0,0
15905,114.69,1,82,22,543.8680555555555,0.0,114.69,82.0,0.0,0.0,0.0,0
15906,2530.19,10,749,143,20.01805555555556,431.0048611111111,253.019,74.9,0.0208330989073875,0.3,0.1666666666666666,2
15907,882.72,3,478,175,4.020138888888889,206.97222222222223,294.24,159.33333333333334,0.0096166688927474,0.0,0.0,2
15908,758.62,2,173,37,491.0375,21.69097222222222,379.31,86.5,0.0440703902065799,0.0,0.0,0
15909,191.94,1,98,7,174.09166666666667,0.0,191.94,98.0,0.0,1.0,0.0,1
15910,2661.17,15,2158,394,1.082638888888889,686.9583333333334,177.41133333333337,143.86666666666667,0.020350069650536,0.0,0.0,2
15911,1700.24,8,810,162,624.0305555555556,106.94444444444444,212.53,101.25,0.0648481729284611,0.0,0.2,2
15912,1074.7,9,759,83,178.93125,551.0631944444444,119.41111111111113,84.33333333333333,0.0144910946437039,0.0,0.0,0
15913,6.300000000000001,1,3,1,534.8465277777777,0.0,6.300000000000001,3.0,0.0,0.0,0.0,0
15914,205.99,2,149,13,378.8611111111111,0.0006944444444444,102.995,74.5,0.9993060374739764,0.0,0.0,0
15915,364.45,1,414,105,402.0673611111111,0.0,364.45,414.0,0.0,0.0,0.0,0
15916,3145.24,13,1618,227,16.961111111111112,712.8923611111111,241.94153846153847,124.46153846153848,0.0168092567643153,0.1538461538461538,0.2352941176470588,2
15917,530.17,5,248,127,248.09027777777777,489.8229166666667,106.034,49.6,0.0081495787262038,0.0,0.0,0
15918,582.88,3,240,49,191.04722222222225,441.00138888888887,194.2933333333333,80.0,0.0045248726593996,0.3333333333333333,0.0,0
15919,525.69,2,385,103,20.056944444444444,349.00138888888887,262.845,192.5,0.0028571315193193,0.5,0.0,1
15920,569.14,9,238,93,154.88819444444445,571.0986111111112,63.23777777777778,26.444444444444443,0.013983603254101,0.0,0.0,0
15921,775.26,4,335,69,173.07430555555555,468.0,193.815,83.75,0.0063965884861407,0.0,0.0,0
15922,369.5,1,138,11,373.9576388888889,0.0,369.5,138.0,0.0,0.0,0.5,0
15923,127.08,1,122,21,373.0236111111111,0.0,127.08,122.0,0.0,0.0,0.0,0
15924,102.82,1,103,14,731.9097222222222,0.0,102.82,103.0,0.0,0.0,0.0,0
15925,207.15,1,93,12,194.88541666666663,0.0,207.15,93.0,0.0,1.0,0.0,1
15926,134.44,1,155,7,542.89375,0.0,134.44,155.0,0.0,0.0,0.0,0
15927,106.54,1,66,13,647.9756944444445,0.0,106.54,66.0,0.0,0.0,0.0,0
15928,293.53,1,164,11,656.8986111111111,0.0,293.53,164.0,0.0,1.0,0.0,1
15929,594.0,1,120,1,644.9125,0.0,594.0,120.0,0.0,0.0,0.0,0
15930,426.63,1,139,21,67.91527777777777,0.0,426.63,139.0,0.0,0.0,0.0,0
15931,239.9,1,118,14,428.8361111111111,0.0,239.9,118.0,0.0,0.0,0.0,0
15932,2495.87,8,2325,93,4.817361111111111,285.0993055555556,311.98375,290.625,0.024467028979351,0.0,0.2727272727272727,2
15933,1107.46,3,885,63,21.98333333333333,65.04791666666667,369.15333333333336,295.0,0.0302810459577957,0.0,0.0,2
15934,2190.66,2,2166,29,418.1090277777778,11.92013888888889,1095.33,1083.0,0.0773985487772104,0.0,0.0,2
15935,416.86,2,115,12,239.9743055555556,2.161111111111111,208.43,57.5,0.3163444639718805,0.0,0.3333333333333333,0
15936,282.79,2,211,16,379.8409722222222,88.20625,141.395,105.5,0.0112099768794226,0.5,0.0,1
15937,145.35,1,73,7,64.87638888888888,0.0,145.35,73.0,0.0,0.0,0.0,0
15938,734.81,9,449,27,112.99583333333334,444.1347222222222,81.64555555555555,49.888888888888886,0.0179720871022193,0.3333333333333333,0.0,0
15939,9060.39,16,6260,52,90.05555555555556,284.9743055555556,566.274375,391.25,0.0524522647965167,0.1875,0.0588235294117647,2
15940,35.8,1,4,1,311.85555555555555,0.0,35.8,4.0,0.0,0.0,0.6666666666666666,0
15941,405.0,1,60,6,637.9201388888889,0.0,405.0,60.0,0.0,0.0,0.5,0
15942,337.44,1,232,14,134.15902777777777,0.0,337.44,232.0,0.0,0.0,0.0,0
15943,271.29,2,183,12,650.0006944444444,28.072916666666668,135.64499999999998,91.5,0.0343962737370118,1.0,0.0,1
15944,2164.24,4,859,25,277.09513888888887,449.9,541.06,214.75,0.0066533599467731,0.25,0.0,2
15945,646.27,4,345,24,365.98333333333335,372.9770833333333,161.5675,86.25,0.0080218819112133,0.0,0.0,0
15946,2304.18,3,1614,25,503.02222222222224,131.06180555555557,768.06,538.0,0.0151444241700802,0.6666666666666666,0.0,1
15947,1708.24,1,898,29,83.08611111111111,0.0,1708.24,898.0,0.0,1.0,0.0,1
15948,1509.09,3,852,63,8.8875,416.1361111111111,503.03,284.0,0.0047945980861562,0.0,0.0,2
15949,364.72,2,284,12,17.153472222222224,54.64930555555556,182.36,142.0,0.0179696761714606,0.0,0.0,0
15950,7120.91,10,3354,225,32.07013888888889,650.9791666666666,712.091,335.4,0.0138041220642275,0.0,0.2307692307692307,2
15951,1013.17,3,420,44,9.177777777777775,372.5930555555556,337.7233333333333,140.0,0.0053534185666965,0.3333333333333333,0.25,2
15952,781.91,4,391,65,34.06388888888889,191.9326388888889,195.4775,97.75,0.0155494685465206,0.75,0.0,1
15953,3440.34,18,1741,102,15.8875,721.0638888888889,191.13,96.72222222222224,0.0235436230250478,0.2777777777777778,0.1428571428571428,2
15954,190.75,1,119,20,589.96875,0.0,190.75,119.0,0.0,0.0,0.0,0
15955,8085.98,22,3967,222,24.94097222222222,629.9020833333333,367.5445454545455,180.3181818181818,0.0332856723012353,0.0454545454545454,0.12,2
15956,617.6,2,278,18,551.9888888888889,175.07638888888889,308.8,139.0,0.0056793531847761,1.0,0.0,1
15957,921.25,3,453,121,32.025,389.00208333333336,307.0833333333333,151.0,0.0051281777340933,0.0,0.0,2
15958,462.12,4,154,50,74.96458333333334,476.1125,115.53,38.5,0.0062878251984594,0.0,0.0,0
15959,542.89,3,269,58,682.8416666666667,0.0131944444444444,180.9633333333333,89.66666666666667,1.9739547635366688,0.0,0.0,0
15960,410.95,4,258,24,374.8701388888889,61.00486111111111,102.7375,64.5,0.0483833032804327,0.0,0.2,0
15961,451.29,1,154,42,379.86875,0.0,451.29,154.0,0.0,0.0,0.0,0
15962,289.48,1,228,43,449.95972222222224,0.0,289.48,228.0,0.0,0.0,0.0,0
15963,470.76,2,298,26,20.053472222222226,25.93611111111111,235.38,149.0,0.0371248839847375,0.5,0.0,1
15964,269.21000000000004,1,93,20,663.8888888888889,0.0,269.21000000000004,93.0,0.0,1.0,0.0,1
15965,2771.94,13,1313,202,17.8375,719.2076388888889,213.22615384615384,101.0,0.0166618615966267,0.3076923076923077,0.0714285714285714,2
15966,426.53,1,275,27,451.0875,0.0,426.53,275.0,0.0,0.0,0.5,0
15967,2966.0,12,1183,316,23.88125,715.0916666666667,247.16666666666663,98.58333333333331,0.0153611618624245,0.1666666666666666,0.0769230769230769,2
15968,404.55,1,247,70,388.9902777777778,0.0,404.55,247.0,0.0,0.0,0.0,0
15969,1127.05,5,223,31,3.0722222222222224,519.9138888888889,225.41,44.6,0.0076788123436908,0.2,0.1666666666666666,0
15970,1017.32,2,498,19,304.02916666666664,295.0263888888889,508.66,249.0,0.003378077217215,0.0,0.0,0
15971,5902.83,18,2251,12,18.0,714.1277777777777,327.935,125.05555555555556,0.023771975482237,0.0,0.1,2
15972,1769.33,5,468,104,456.9791666666667,143.96805555555557,353.866,93.6,0.0275922856568017,0.2,0.0,2
15973,680.62,3,195,8,367.0472222222222,62.8625,226.8733333333333,65.0,0.0313172832256801,0.0,0.4,0
15974,3442.15,7,2262,141,39.984027777777776,249.12708333333333,491.7357142857143,323.1428571428572,0.0239878061985157,0.0,0.125,2
15975,371.01,1,243,24,84.97013888888888,0.0,371.01,243.0,0.0,0.0,0.0,0
15976,1694.41,6,1053,265,165.99305555555554,385.9576388888889,282.4016666666667,175.5,0.0129213110105721,0.5,0.0,1
15977,1054.73,2,1016,48,17.972916666666666,21.87847222222222,527.365,508.0,0.0437092123235695,0.0,0.0,2
15978,3279.42,3,2444,107,77.8951388888889,567.0291666666667,1093.14,814.6666666666666,0.0035209459608148,0.3333333333333333,0.4,2
15979,329.22,1,450,22,603.0520833333334,0.0,329.22,450.0,0.0,0.0,0.0,0
15980,6543.68,7,4822,101,89.13125,467.7923611111111,934.8114285714286,688.8571428571429,0.0127988433637849,0.0,0.2222222222222222,2
15981,9362.77,21,4827,151,25.20138888888889,595.9118055555556,445.8461904761905,229.8571428571429,0.033505787310381,0.0476190476190476,0.2222222222222222,2
15982,324.51,1,131,45,605.8770833333333,0.0,324.51,131.0,0.0,0.0,0.0,0
15983,3110.37,8,1872,137,22.802777777777777,711.1958333333333,388.79625,234.0,0.0098287573057504,0.25,0.0,2
15984,8393.02,30,5730,458,3.0236111111111112,735.9430555555556,279.76733333333334,191.0,0.0393517515110281,0.0333333333333333,0.0625,2
15985,2715.28,7,2750,50,123.84652777777778,438.02777777777777,387.8971428571429,392.8571428571428,0.0136665612148054,0.1428571428571428,0.125,2
15986,354.42,2,368,25,30.897916666666667,351.21875,177.21,184.0,0.0028391447076568,0.0,0.0,0
15987,1535.99,8,1599,143,12.883333333333333,367.1125,191.99875,199.875,0.0190159258378892,0.125,0.0,2
15988,738.89,3,476,114,19.977083333333333,637.0743055555556,246.29666666666665,158.66666666666666,0.0031344311823662,1.0,0.0,1
15989,368.31,2,169,81,376.03263888888887,361.8416666666666,184.155,84.5,0.0027560230587262,0.0,0.0,0
15990,1997.75,7,1086,117,44.86944444444445,605.1444444444444,285.3928571428572,155.14285714285714,0.0098986306894212,0.2857142857142857,0.0,2
15991,150.55,1,41,6,534.875,0.0,150.55,41.0,0.0,0.0,0.0,0
15992,896.6,3,514,53,4.076388888888889,449.9638888888889,298.8666666666667,171.33333333333334,0.0044349449019692,0.3333333333333333,0.0,2
15993,2777.67,7,2037,335,9.086805555555555,35.766666666666666,396.81,291.0,0.1631912964641886,0.1428571428571428,0.3,2
15994,1175.68,3,462,93,55.015277777777776,581.0229166666667,391.8933333333334,154.0,0.0034362908104277,1.0,0.4,1
15995,694.54,1,352,108,414.9534722222222,0.0,694.54,352.0,0.0,0.0,0.0,2
15996,1386.4,7,643,140,88.9,308.97569444444446,198.05714285714288,91.85714285714286,0.0193563563451435,0.2857142857142857,0.125,2
15998,8274.14,16,5350,682,37.00347222222222,702.0416666666666,517.13375,334.375,0.0213358620280922,0.125,0.238095238095238,2
15999,20.4,1,24,1,736.0131944444445,0.0,20.4,24.0,0.0,0.0,0.0,0
16000,12393.7,3,5110,9,3.0229166666666667,0.0020833333333333,4131.233333333334,1703.3333333333333,1.995841995841996,0.0,0.0,2
16001,583.39,1,337,29,381.81944444444446,0.0,583.39,337.0,0.0,0.0,0.5,0
16002,169.21,1,70,42,625.9875,0.0,169.21,70.0,0.0,0.0,0.0,0
16003,5613.83,10,2210,146,30.12013888888889,706.6291666666667,561.383,221.0,0.0127185260641461,0.1,0.0,2
16004,2146.39,5,1076,63,475.0430555555556,208.9111111111111,429.278,215.2,0.0190556849460088,0.4,0.0,2
16005,2365.49,10,1269,315,12.960416666666667,438.0180555555556,236.54900000000004,126.9,0.0205002957990211,0.2,0.0909090909090909,2
16006,332.82,2,205,75,211.98472222222225,176.04791666666668,166.41,102.5,0.0056481884612216,0.0,0.0,0
16007,3053.06,7,2631,337,48.07291666666666,495.90763888888887,436.1514285714285,375.8571428571428,0.012074678532647,0.8571428571428571,0.0,1
16008,5339.13,15,3237,63,24.09583333333333,606.9756944444445,355.942,215.8,0.0230272363318617,0.3333333333333333,0.0,2
16009,972.11,4,366,68,22.832638888888887,137.22569444444446,243.0275,91.5,0.0217036348564394,0.25,0.0,2
16010,1694.86,11,919,122,246.1083333333333,165.97222222222223,154.0781818181818,83.54545454545455,0.059890201297621,0.5454545454545454,0.0833333333333333,1
16011,5601.01,29,3323,181,8.846527777777778,730.1868055555556,193.13827586206895,114.58620689655172,0.0382939076406413,0.1034482758620689,0.0333333333333333,2
16012,2978.59,5,1760,207,35.97569444444444,494.0736111111111,595.7180000000001,352.0,0.0080796065680468,0.0,0.0,2
16013,56078.44,84,25520,54,4.093055555555556,728.0083333333333,667.6004761904762,303.8095238095238,0.1138532938580949,0.0,0.1063829787234042,2
16014,1100.28,5,462,219,38.03194444444444,639.9729166666667,220.056,92.4,0.0062405132822174,0.4,0.1666666666666666,2
16015,704.55,3,907,146,4.0777777777777775,45.918055555555554,234.85,302.3333333333333,0.0426275125070305,0.3333333333333333,0.25,2
16016,2083.4,11,881,181,3.9270833333333335,399.0472222222222,189.4,80.0909090909091,0.0249970489594978,0.0,0.2142857142857142,2
16017,1545.58,5,635,99,47.99583333333333,656.0347222222222,309.116,127.0,0.0060879583143965,0.4,0.0,2
16018,698.13,4,503,48,39.94236111111111,693.0111111111111,174.5325,125.75,0.0043226973631546,0.25,0.0,2
16019,17329.16,27,6959,256,47.04097222222222,678.9020833333333,641.8207407407407,257.7407407407408,0.0382408006054793,0.0,0.2285714285714285,2
16020,851.01,3,487,42,17.06388888888889,48.891666666666666,283.67,162.33333333333334,0.0400868548521797,0.0,0.0,2
16021,487.03,2,276,117,395.9180555555556,149.1548611111111,243.515,138.0,0.0066597910490558,0.5,0.0,1
16022,602.63,1,255,68,260.9819444444444,0.0,602.63,255.0,0.0,0.0,0.0,0
16023,719.81,3,358,90,46.84444444444444,220.1263888888889,239.93666666666664,119.33333333333331,0.0090446011896162,0.0,0.0,0
16024,483.99,3,504,78,12.975,399.0736111111111,161.33,168.0,0.004999080030411,1.0,0.0,1
16025,439.66,1,338,28,30.04513888888889,0.0,439.66,338.0,0.0,0.0,0.0,0
16026,236.09,1,243,30,43.95625,0.0,236.09,243.0,0.0,0.0,0.0,0
16027,2048.36,15,2099,20,92.08541666666666,608.8930555555555,136.55733333333333,139.93333333333334,0.0229548440869642,0.0666666666666666,0.1666666666666666,2
16028,82.2,1,18,5,596.0451388888889,0.0,82.2,18.0,0.0,0.0,0.0,0
16029,117763.62,107,54450,57,39.09930555555555,692.9611111111111,1100.5945794392524,508.8785046728972,0.1527463114327572,0.0,0.144,2
16030,331.24,1,283,28,310.05694444444447,0.0,331.24,283.0,0.0,0.0,0.0,0
16031,547.9,2,421,91,92.98819444444445,154.94722222222222,273.95,210.5,0.006412425856326,0.0,0.0,0
16032,1965.72,6,1467,130,456.78472222222223,67.18680555555555,327.62,244.5,0.0733279695281548,0.3333333333333333,0.0,2
16033,10608.81,27,4200,605,6.004166666666666,479.8333333333333,392.9188888888889,155.55555555555554,0.0540727902946273,0.2222222222222222,0.25,2
16034,911.32,6,585,43,196.85625,213.13680555555555,151.88666666666666,97.5,0.0233495591149219,0.1666666666666666,0.1428571428571428,0
16035,217.73,1,33,21,560.9034722222223,0.0,217.73,33.0,0.0,0.0,0.0,0
16036,2556.84,4,1369,120,87.91458333333334,533.0041666666667,639.21,342.25,0.005617933692777,0.0,0.0,2
16037,1509.34,5,766,62,270.15069444444447,378.8625,301.868,153.2,0.0105301260324459,0.2,0.2857142857142857,2
16038,471.78,3,244,24,8.006944444444445,194.04930555555555,157.26000000000002,81.33333333333333,0.0102538175888575,0.3333333333333333,0.25,0
16039,456.4,2,409,27,424.0875,204.81041666666667,228.2,204.5,0.0048588405591715,0.5,0.3333333333333333,1
16040,2416.9,7,1185,95,65.96041666666666,544.1493055555555,345.2714285714286,169.28571428571428,0.0110061591179786,0.0,0.125,2
16041,3166.4,3,1584,6,31.01736111111111,110.83194444444445,1055.4666666666667,528.0,0.0178839776947055,0.0,0.0,2
16042,2245.32,8,1430,88,22.791666666666668,431.24305555555554,280.665,178.75,0.0161945921629741,0.125,0.2727272727272727,2
16043,1856.59,8,1011,56,38.0,444.0583333333333,232.07375,126.375,0.0157282753197146,0.125,0.0,2
16044,340.84000000000003,1,170,19,435.7763888888889,0.0,340.84000000000003,170.0,0.0,0.0,0.0,0
16045,3434.9300000000003,8,2108,111,120.00625,378.99375,429.36625,263.5,0.0184213556144015,0.125,0.1111111111111111,2
16046,235.78,1,248,22,562.9805555555556,0.0,235.78,248.0,0.0,0.0,0.0,0
16047,107.14,1,1,1,682.8444444444444,0.0,107.14,1.0,0.0,0.0,0.0,0
16048,818.7900000000001,4,425,30,373.8902777777778,176.11944444444444,204.6975,106.25,0.0169377225036463,0.0,0.3333333333333333,0
16049,1852.15,6,1132,383,40.97986111111111,475.9763888888889,308.69166666666666,188.66666666666663,0.010482699178564,0.6666666666666666,0.0,1
16050,300.7,3,388,19,174.04583333333332,227.82569444444445,100.23333333333332,129.33333333333334,0.0087402772003192,0.6666666666666666,0.0,1
16051,188.44,1,80,12,682.1333333333333,0.0,188.44,80.0,0.0,0.0,0.0,0
16052,362.06,1,282,34,54.90069444444445,0.0,362.06,282.0,0.0,1.0,0.0,1
16053,3634.84,6,3067,169,33.06180555555556,578.0069444444445,605.8066666666667,511.1666666666667,0.0086354750110941,0.1666666666666666,0.25,2
16054,2111.88,4,791,109,145.9875,471.7715277777778,527.97,197.75,0.0063455597973533,0.5,0.4285714285714285,1
16055,134.8,1,22,8,221.14166666666668,0.0,134.8,22.0,0.0,0.0,0.0,0
16056,650.75,1,345,66,45.89652777777778,0.0,650.75,345.0,0.0,0.0,0.0,2
16057,3854.85,10,1691,175,16.89375,684.925,385.485,169.1,0.0131209680358639,0.3,0.4117647058823529,2
16058,62.7,1,18,2,406.83472222222224,0.0,62.7,18.0,0.0,0.0,0.0,0
16059,3053.57,12,1431,233,66.12083333333334,503.86944444444447,254.46416666666667,119.25,0.0217878109302184,0.25,0.0,2
16060,541.95,3,243,22,401.02777777777777,93.8638888888889,180.65,81.0,0.0210828379842464,0.0,0.0,0
16061,89.65,1,19,3,431.88958333333335,0.0,89.65,19.0,0.0,0.0,0.6666666666666666,0
16062,2863.45,8,2035,134,10.024305555555555,526.9465277777778,357.93125,254.375,0.0132589185299963,0.0,0.0,2
16063,335.32,1,262,23,260.9125,0.0006944444444444,335.32,262.0,0.0,0.0,0.0,0
16064,109.31,1,55,17,725.8604166666667,0.0,109.31,55.0,0.0,0.0,0.0,0
16065,1992.13,8,1207,214,365.99097222222224,97.98333333333332,249.01625,150.875,0.0707189762586294,0.125,0.2,2
16066,1521.04,5,935,77,17.038888888888888,107.88958333333332,304.208,187.0,0.0367344596016607,0.6,0.0,1
16067,3269.11,3,1236,60,563.0118055555556,112.77222222222224,1089.7033333333334,412.0,0.0175789833487963,0.3333333333333333,0.5,2
16068,115.73,1,48,34,594.0402777777778,0.0,115.73,48.0,0.0,1.0,0.0,1
16069,457.7,1,138,25,418.09583333333336,0.0,457.7,138.0,0.0,0.0,0.0,0
16070,852.15,2,457,32,22.875,9.968055555555557,426.075,228.5,0.0911738634924654,0.0,0.0,2
16071,1076.8,4,697,62,45.06666666666667,610.8513888888889,269.2,174.25,0.0049031514097695,0.0,0.0,2
16072,4180.09,4,1580,414,288.9291666666667,260.90625,1045.0225,395.0,0.0114544803722706,0.0,0.0,2
16073,122.4,1,48,1,297.88125,0.0,122.4,48.0,0.0,0.0,0.5,0
16074,252.5,1,38,23,390.9798611111111,0.0,252.5,38.0,0.0,1.0,0.0,1
16075,736.9300000000001,2,271,41,503.0548611111111,61.81527777777778,368.465,135.5,0.0159196939881044,0.5,0.3333333333333333,1
16076,2234.73,10,1435,71,3.910416666666667,205.1027777777778,223.473,143.5,0.0436675337277787,0.1,0.0909090909090909,2
16077,2300.4,1,840,8,626.0888888888888,0.0,2300.4,840.0,0.0,0.0,0.5,2
16078,362.99,2,200,39,284.12708333333336,385.84583333333336,181.495,100.0,0.0025850091013862,0.0,0.0,0
16079,1352.0,3,864,18,17.00138888888889,23.9875,450.6666666666667,288.0,0.080040020010005,0.3333333333333333,0.0,2
16080,602.5600000000001,4,298,29,82.08888888888889,368.84930555555553,150.64,74.5,0.008111411742395,0.0,0.3333333333333333,0
16081,4278.96,8,2177,235,56.98888888888889,618.0138888888889,534.87,272.125,0.0113083084655253,0.0,0.0,2
16082,106.75,1,39,16,670.8986111111111,0.0,106.75,39.0,0.0,1.0,0.0,1
16083,2351.42,4,1514,61,101.08541666666666,287.95416666666665,587.855,378.5,0.010382269391051,0.0,0.0,2
16084,436.18,1,216,38,299.8645833333333,0.0,436.18,216.0,0.0,1.0,0.0,1
16085,2341.03,12,1382,259,23.976388888888888,664.9729166666667,195.0858333333333,115.16666666666669,0.0165171881989695,0.3333333333333333,0.0769230769230769,2
16086,2687.73,10,1450,66,59.98680555555556,677.9923611111111,268.773,145.0,0.0132549355713992,0.0,0.0909090909090909,2
16087,1739.92,5,664,6,389.8375,300.1763888888889,347.98400000000004,132.8,0.0132812536027706,0.0,0.0,0
16088,1437.43,2,373,3,576.1069444444445,15.97222222222222,718.715,186.5,0.0589198036006546,0.0,0.0,0
16089,263.49,2,119,42,386.9576388888889,122.91666666666669,131.745,59.5,0.0080699394754539,0.5,0.0,1
16090,180.56,1,58,18,624.9895833333334,0.0,180.56,58.0,0.0,0.0,0.0,0
16091,315.06,2,154,16,155.17013888888889,43.97708333333333,157.53,77.0,0.0222335448608087,0.0,0.0,0
16092,1587.94,6,1188,60,115.08611111111112,464.775,264.6566666666667,198.0,0.0107347968439697,0.3333333333333333,0.4,2
16093,17.0,1,20,1,107.07013888888888,0.0,17.0,20.0,0.0,0.0,0.0,0
16094,3695.56,11,2020,101,12.00347222222222,590.9479166666666,335.96,183.63636363636363,0.0168933781477114,0.0,0.4210526315789473,2
16095,447.05,1,265,30,456.8305555555556,0.0,447.05,265.0,0.0,0.0,0.0,0
16096,1584.97,4,700,58,264.96666666666664,380.9125,396.2425,175.0,0.0078552024351127,0.25,0.0,2
16097,185.05,1,87,10,240.96041666666667,0.0,185.05,87.0,0.0,0.0,0.0,0
16098,4010.7,14,2008,83,88.11875,637.0131944444445,286.4785714285714,143.42857142857142,0.0203757541586892,0.0,0.0,2
16099,1573.2,7,960,44,50.984027777777776,596.0833333333334,224.7428571428572,137.14285714285714,0.0100488485694347,0.0,0.125,2
16100,582.64,1,438,37,463.0493055555556,0.0,582.64,438.0,0.0,0.0,0.0,0
16101,3229.16,4,1844,153,71.10555555555555,490.8944444444445,807.29,461.0,0.0060988694503111,0.25,0.4285714285714285,2
16102,1842.14,3,942,41,42.97986111111111,86.0201388888889,614.0466666666667,314.0,0.0229831855652826,0.0,0.0,2
16103,6191.71,22,2639,111,7.940277777777778,693.0888888888888,281.44136363636363,119.95454545454544,0.0302554908112953,0.0,0.1851851851851851,2
16104,2774.46,9,1047,187,62.10208333333333,671.9875,308.2733333333333,116.33333333333331,0.0118872935975779,1.0,0.1818181818181818,1
16105,2386.19,5,2125,92,249.10902777777775,355.8652777777778,477.238,425.0,0.0112087116597844,0.0,0.0,2
16106,108.38,1,74,6,66.09236111111112,0.0,108.38,74.0,0.0,0.0,0.0,0
16107,3204.1600000000003,7,1176,16,18.131944444444443,165.6236111111111,457.7371428571429,168.0,0.0360093024031208,0.2857142857142857,0.0,2
16108,2235.92,4,1473,124,85.04305555555555,546.8986111111111,558.98,368.25,0.0054754656046967,0.0,0.5,2
16109,939.48,3,1092,30,219.14791666666667,479.94444444444446,313.16,364.0,0.0041584844634399,0.3333333333333333,0.25,2
16110,1781.59,4,880,343,45.927083333333336,477.0631944444444,445.3975,220.0,0.0062753209928371,0.0,0.0,2
16111,549.33,1,233,72,428.7076388888889,0.0,549.33,233.0,0.0,0.0,0.0,0
16112,195.74,4,574,15,143.93194444444444,195.11180555555555,48.935,143.5,0.0152973962556789,0.0,0.0,0
16113,161.38,1,176,30,183.85694444444445,0.0,161.38,176.0,0.0,0.0,0.0,0
16114,135.75000000000003,1,43,8,171.10902777777778,0.0,135.75000000000003,43.0,0.0,0.0,0.0,0
16115,2553.8,12,1589,230,10.054166666666667,564.98125,212.8166666666667,132.41666666666666,0.0194352728115993,0.5833333333333334,0.0,1
16116,612.78,1,248,34,212.03402777777777,0.0,612.78,248.0,0.0,0.0,0.5,0
16117,654.4,3,321,64,190.04722222222225,401.99444444444447,218.13333333333333,107.0,0.0049628475716511,0.0,0.25,0
16118,4376.25,1,2851,41,653.1319444444445,0.0,4376.25,2851.0,0.0,0.0,0.8,2
16119,1720.81,8,811,37,8.902083333333334,715.1354166666666,215.10125,101.375,0.0097746876318201,0.25,0.0,2
16120,2967.51,6,2161,84,59.93611111111111,362.96875,494.585,360.1666666666667,0.0137374431183995,0.0,0.1428571428571428,2
16121,1450.04,5,879,256,57.99375,508.08819444444447,290.008,175.8,0.0078571847543333,0.8,0.1666666666666666,1
16122,895.62,6,1280,28,73.8861111111111,352.0055555555556,149.27,213.33333333333331,0.0141640830330023,0.1666666666666666,0.0,2
16123,307.78,1,170,16,52.14722222222223,0.0,307.78,170.0,0.0,0.0,0.0,0
16124,1772.49,4,797,63,317.9201388888889,415.175,443.1225,199.25,0.0072085060371238,0.25,0.3333333333333333,2
16125,4292.35,14,1819,168,367.87638888888887,358.00694444444446,306.5964285714286,129.92857142857142,0.0362109987039866,0.0,0.0,2
16126,14644.6,15,6140,144,29.865972222222226,708.1034722222222,976.3066666666668,409.3333333333333,0.0197432399479389,0.0666666666666666,0.0,2
16127,801.31,2,391,75,39.952777777777776,687.06875,400.655,195.5,0.0014533431433995,0.5,0.0,1
16128,3801.05,11,2445,155,18.066666666666663,493.7805555555556,345.55,222.27272727272728,0.0202109801763969,0.0,0.2142857142857142,2
16129,1396.05,3,1261,91,407.93125,100.08125,465.35,420.3333333333333,0.0197860631917393,0.0,0.0,2
16130,987.48,4,296,53,422.9,195.05277777777775,246.87,74.0,0.0153020020119298,0.0,0.0,0
16131,9957.42,12,4768,131,52.03958333333333,686.0722222222222,829.785,397.3333333333333,0.0160099617539802,0.0833333333333333,0.2,2
16132,664.1999999999999,2,280,14,544.9590277777778,83.14166666666667,332.1,140.0,0.0118847182331385,0.5,0.0,1
16133,22992.26,56,13653,303,4.059722222222222,614.9604166666667,410.5760714285715,243.80357142857144,0.0892914520345936,0.0535714285714285,0.282051282051282,2
16134,2145.34,5,1637,85,22.11458333333333,519.0118055555556,429.068,327.4,0.0076921330578766,0.0,0.2857142857142857,2
16135,819.45,2,395,35,263.0138888888889,321.12152777777777,409.725,197.5,0.0031044184066141,0.0,0.0,0
16136,946.8,4,674,44,60.15277777777778,603.8479166666667,236.7,168.5,0.004959924498927,0.25,0.2,2
16137,422.7,1,210,28,680.9069444444444,0.0,422.7,210.0,0.0,0.0,0.0,0
16138,910.35,3,774,35,379.02569444444447,212.0986111111111,303.45,258.0,0.0093853263030287,0.0,0.25,2
16139,1111.15,5,602,47,19.17569444444445,717.7819444444444,222.23,120.4,0.0055649700593017,0.0,0.0,2
16140,1433.46,3,1272,50,66.02430555555556,376.0083333333333,477.82,424.0,0.0053049225260272,0.0,0.4,2
16141,955.94,2,410,47,88.98541666666667,328.9576388888889,477.97,205.0,0.0030306920711623,0.0,0.0,2
16142,535.34,1,422,37,250.10694444444445,0.0,535.34,422.0,0.0,0.0,0.0,0
16143,4555.08,12,1866,107,3.942361111111111,726.1868055555556,379.59,155.5,0.0151267871143457,0.0833333333333333,0.25,2
16144,175.2,1,16,1,247.11180555555555,0.0,175.2,16.0,0.0,0.0,0.0,0
16145,6805.4400000000005,19,5270,217,9.095138888888888,575.8763888888889,358.1810526315789,277.3684210526316,0.0312025250932343,0.0526315789473684,0.3448275862068966,2
16146,946.38,4,544,34,157.9375,291.1486111111111,236.595,136.0,0.0102687464047502,0.0,0.0,0
16147,2398.91,5,1395,113,134.1201388888889,538.8965277777778,479.782,279.0,0.0074088270514797,0.0,0.2857142857142857,2
16148,386.62,2,250,9,296.9506944444444,140.15902777777777,193.31,125.0,0.0070842086102652,0.0,0.5,0
16149,422.22,3,598,30,5.05625,424.81597222222223,140.74,199.33333333333331,0.0046968646797406,0.0,0.0,0
16150,4002.17,10,1990,143,43.00763888888889,679.8791666666667,400.217,199.0,0.0132182044048442,0.0,0.5,2
16152,1829.04,1,642,29,269.12708333333336,0.0,1829.04,642.0,0.0,0.0,0.0,2
16153,5133.49,11,3693,161,50.083333333333336,512.9229166666667,466.6809090909091,335.72727272727275,0.0194581710130004,0.0909090909090909,0.1538461538461538,2
16155,796.9,5,495,45,382.03263888888887,158.02777777777777,159.38,99.0,0.0251528384279475,0.2,0.1666666666666666,0
16156,6188.18,20,3205,199,9.005555555555556,728.8166666666667,309.409,160.25,0.0260339354632441,0.0,0.2307692307692307,2
16157,656.69,3,347,12,16.047916666666666,56.99513888888889,218.89666666666668,115.66666666666669,0.0344856489408834,0.0,0.25,0
16158,628.32,9,182,29,522.9548611111111,211.95486111111111,69.81333333333333,20.22222222222222,0.0375666465572059,0.2222222222222222,0.1,0
16159,1232.79,4,635,31,282.0159722222222,455.025,308.1975,158.75,0.0065785867002905,0.0,0.2,2
16160,1025.44,2,1162,20,65.93819444444445,20.14305555555556,512.72,581.0,0.0472968534454443,0.0,0.5,2
16161,12580.06,43,6255,458,2.0277777777777777,668.0444444444445,292.5595348837209,145.46511627906978,0.0627760985817251,0.0232558139534883,0.2456140350877192,2
16162,37.4,1,4,2,252.9076388888889,0.0,37.4,4.0,0.0,0.0,0.0,0
16163,2407.98,6,676,59,232.89930555555557,505.21875,401.33,112.66666666666669,0.0098771529106734,0.0,0.5714285714285714,2
16164,822.48,3,433,27,17.906944444444445,25.244444444444444,274.16,144.33333333333334,0.0762066045723962,0.0,0.25,2
16165,79.9,1,2,1,505.93958333333336,0.0,79.9,2.0,0.0,0.0,0.0,0
16166,435.83,2,173,18,428.87916666666666,263.0611111111112,217.915,86.5,0.0037870021670067,0.5,0.5,1
16167,1386.12,5,1494,51,414.8868055555556,324.19930555555555,277.22400000000005,298.8,0.0123001492674364,0.0,0.1666666666666666,2
16168,10360.67,66,4975,131,11.00347222222222,726.0048611111112,156.97984848484847,75.37878787878788,0.0894079303687981,0.1666666666666666,0.0958904109589041,2
16169,1822.97,4,1325,71,8.890277777777778,67.16319444444444,455.7425,331.25,0.0440120218022515,0.25,0.0,2
16170,6869.0,20,6056,254,51.18680555555556,608.7715277777778,343.45,302.8,0.0311592114988423,0.1,0.2,2
16171,73.2,1,24,3,59.91597222222222,0.0,73.2,24.0,0.0,0.0,0.0,0
16172,1884.55,8,1419,81,95.97777777777776,417.90833333333336,235.56875,177.375,0.0167100996638087,0.0,0.0,2
16173,1418.32,6,575,70,16.08125,82.8125,236.38666666666663,95.83333333333331,0.0596569724086502,0.0,0.1428571428571428,2
16174,2246.75,7,1431,28,126.975,476.9263888888889,320.9642857142857,204.42857142857144,0.0125542345840102,0.0,0.0,2
16175,1836.44,7,932,59,94.92916666666666,469.1048611111111,262.34857142857146,133.14285714285714,0.0127631098853535,0.0,0.0,2
16176,2052.69,4,952,53,421.9555555555556,198.9597222222222,513.1725,238.0,0.0150030214418181,0.0,0.4285714285714285,2
16177,2247.31,8,1021,79,50.99513888888889,596.9541666666667,280.91375,127.625,0.0117065828623988,0.0,0.3333333333333333,2
16178,612.6,2,304,24,138.86458333333334,263.0548611111111,306.3,152.0,0.0037870918027871,0.5,0.0,1
16179,215.83,1,99,11,61.13125,0.0,215.83,99.0,0.0,0.0,0.0,0
16180,16249.87,13,9813,171,100.84861111111113,434.13125,1249.99,754.8461538461538,0.0275778859826776,0.0769230769230769,0.1875,2
16181,305.54,1,152,11,73.96666666666667,0.0,305.54,152.0,0.0,0.0,0.0,0
16182,9971.65,9,5887,20,72.97708333333334,568.1590277777777,1107.961111111111,654.1111111111111,0.0140558255418264,0.1111111111111111,0.0,2
16183,1077.81,4,351,32,67.91041666666666,340.0111111111111,269.4525,87.75,0.0087973673063764,0.0,0.0,0
16184,1158.79,6,561,26,64.79652777777778,147.17361111111111,193.13166666666663,93.5,0.0337442002155879,0.0,0.1428571428571428,0
16185,644.72,3,321,39,17.13125,547.9423611111112,214.90666666666667,107.0,0.003643369762814,0.0,0.0,0
16186,8718.43,26,6594,172,23.00486111111111,707.8798611111112,335.3242307692308,253.6153846153846,0.0352669068081783,0.0384615384615384,0.1333333333333333,2
16187,6911.4400000000005,15,5048,160,32.125,252.84444444444443,460.7626666666667,336.53333333333336,0.0551518865446905,0.0666666666666666,0.1176470588235294,2
16188,1087.66,5,838,72,45.02152777777778,364.0201388888889,217.532,167.6,0.0109582994849979,0.0,0.1666666666666666,2
16189,215.48,2,134,9,16.04375,69.85138888888889,107.74,67.0,0.014114049359967,0.0,0.0,0
16190,2723.55,8,1231,89,40.86875,685.1666666666666,340.44375,153.875,0.0102016031090599,0.125,0.0,2
16191,15677.82,24,9348,113,3.058333333333333,725.9597222222222,653.2425,389.5,0.0316386166893703,0.0,0.4,2
16192,351.3,1,208,11,736.0152777777778,0.0,351.3,208.0,0.0,0.0,0.0,0
16193,630.43,2,379,38,237.04513888888889,174.05555555555554,315.215,189.5,0.0057124722310377,0.5,0.0,1
16194,308.6,1,140,8,375.9736111111111,0.0,308.6,140.0,0.0,0.0,0.0,0
16195,323.25,1,123,16,723.9451388888889,0.0,323.25,123.0,0.0,0.0,0.0,0
16196,93.3,1,26,4,489.0486111111111,0.0,93.3,26.0,0.0,1.0,0.0,1
16197,2016.71,9,1420,52,469.9958333333333,254.05,224.07888888888888,157.77777777777777,0.031366398745344,0.0,0.0,2
16198,1030.0410000000002,2,384,31,75.91111111111111,362.0409722222222,515.0205000000001,192.0,0.0027545100319637,0.5,0.0,1
16199,942.75,7,321,2,392.99652777777777,238.7555555555556,134.67857142857142,45.85714285714285,0.0250254889239039,0.1428571428571428,0.0,0
16200,5608.1,12,3068,361,4.923611111111111,732.9833333333333,467.3416666666667,255.66666666666663,0.0149867163196257,0.25,0.0769230769230769,2
16201,2112.12,5,1421,86,3.8666666666666663,412.1680555555556,422.424,284.2,0.0096812905698179,0.0,0.1666666666666666,2
16202,2501.99,9,1307,105,361.08819444444447,376.99652777777777,277.9988888888889,145.22222222222223,0.0211642155737027,0.0,0.1818181818181818,2
16203,943.84,6,537,56,59.01319444444445,445.9736111111111,157.30666666666667,89.5,0.0111863427184677,0.0,0.1428571428571428,0
16204,918.71,3,671,86,23.96527777777778,707.8305555555555,306.2366666666667,223.66666666666663,0.0028215487951594,0.0,0.25,2
16205,1820.11,7,1452,147,31.1375,511.8986111111111,260.0157142857143,207.42857142857144,0.0116982184588138,0.0,0.0,2
16206,2589.87,13,1379,187,55.08958333333333,629.8027777777778,199.22076923076924,106.07692307692308,0.0190233784991787,0.6153846153846154,0.0714285714285714,1
16207,394.38,1,140,19,25.957638888888887,0.0,394.38,140.0,0.0,0.0,0.0,0
16208,3440.45,10,1541,180,45.05138888888889,608.8833333333333,344.045,154.1,0.0147569207225425,0.2,0.0,2
16209,4146.78,9,1895,51,89.03611111111111,458.0,460.7533333333333,210.55555555555557,0.0174291938997821,0.0,0.0,2
16210,33750.97,35,12397,145,2.0097222222222224,735.9875,964.3134285714286,354.2,0.0461337539646194,0.0,0.054054054054054,2
16211,1090.59,3,519,35,89.02708333333334,349.86597222222224,363.53,173.0,0.0057001822870793,0.0,0.25,2
16212,1293.71,4,571,71,19.99305555555556,650.8986111111111,323.4275,142.75,0.0046019426163322,0.5,0.2,1
16213,159.0,1,48,6,79.11597222222223,0.0,159.0,48.0,0.0,0.0,0.0,0
16214,2038.25,4,1308,84,171.05555555555554,264.8979166666667,509.5625,327.0,0.0112825254052698,0.0,0.0,2
16215,242.35,1,104,14,81.10555555555555,0.0,242.35,104.0,0.0,0.0,0.0,0
16216,914.93,1,254,37,267.8861111111111,0.0,914.93,254.0,0.0,0.0,0.0,0
16217,304.25,2,91,13,235.97152777777777,46.91875,152.125,45.5,0.0208686578844398,0.0,0.5,0
16218,3968.67,13,2799,82,30.11875,531.7430555555555,305.2823076923077,215.30769230769232,0.0225249299354754,0.1538461538461538,0.3157894736842105,2
16219,40.8,1,48,1,501.04583333333335,0.0,40.8,48.0,0.0,0.0,0.0,0
16221,2019.92,9,1449,177,37.046527777777776,449.9243055555556,224.4355555555556,161.0,0.0177413368528531,0.1111111111111111,0.1,2
16222,1272.05,2,463,133,318.96666666666664,402.96319444444447,636.025,231.5,0.0024754730474276,0.0,0.0,2
16223,1087.05,2,643,101,375.0416666666667,20.98819444444445,543.525,321.5,0.045478950194233,0.0,0.0,2
16224,1616.54,5,1555,107,57.79097222222222,330.1923611111111,323.308,311.0,0.0120775732464978,0.0,0.0,2
16225,2859.31,15,1281,189,45.18055555555556,625.8256944444445,190.62066666666664,85.4,0.0223347576911444,0.1333333333333333,0.1666666666666666,2
16226,672.1700000000001,5,521,23,203.92291666666668,210.14027777777775,134.43400000000003,104.2,0.0189447510541306,0.0,0.0,0
16227,1027.22,3,436,28,225.9701388888889,310.00347222222223,342.4066666666667,145.33333333333334,0.0064307963692795,0.0,0.5,2
16228,885.71,3,555,45,385.9375,14.809722222222222,295.2366666666667,185.0,0.1265044364403057,0.0,0.25,2
16229,2867.86,6,1292,144,87.81527777777778,477.17847222222224,477.9766666666667,215.33333333333331,0.0104563469299729,0.0,0.1428571428571428,2
16230,542.03,2,365,32,190.11388888888888,30.7875,271.015,182.5,0.0314589068029885,0.0,0.0,0
16231,1074.47,4,563,69,379.90972222222223,218.1208333333333,268.6175,140.75,0.0136910760805491,0.0,0.0,0
16232,2712.97,7,1849,60,44.02361111111111,506.925,387.5671428571428,264.1428571428572,0.0118127676330166,0.2857142857142857,0.3,2
16233,1818.31,9,677,49,71.80763888888889,666.1694444444445,202.03444444444443,75.22222222222223,0.0119909568200648,0.1111111111111111,0.25,2
16234,333.18,3,170,13,476.92847222222224,85.1625,111.06,56.66666666666666,0.0232119541563905,0.0,0.25,0
16235,2053.71,9,788,80,41.079166666666666,429.9486111111111,228.19,87.55555555555556,0.0185636983012282,0.1111111111111111,0.1818181818181818,2
16236,432.2,1,184,20,78.94444444444444,0.0,432.2,184.0,0.0,0.0,0.0,0
16237,136.65,1,57,7,437.825,0.0,136.65,57.0,0.0,0.0,0.0,0
16238,63.66,1,85,6,423.0097222222222,0.0,63.66,85.0,0.0,0.0,0.0,0
16239,1492.2,6,692,24,57.18125,406.55,248.7,115.33333333333331,0.0122684333210648,0.0,0.1428571428571428,2
16240,3718.8,2,1641,126,24.93055555555556,53.03194444444444,1859.4,820.5,0.0185075701102742,0.0,0.6,2
16241,3992.86,16,2258,500,10.070833333333333,400.8944444444445,249.55375,141.125,0.0373232330213848,0.3125,0.0,2
16242,7404.65,14,3921,348,8.901388888888889,625.9652777777778,528.9035714285714,280.07142857142856,0.0207348005715361,0.0714285714285714,0.2222222222222222,2
16243,409.1,2,110,49,34.0125,21.01597222222222,204.55,55.0,0.0454215689366936,1.0,0.0,1
16244,1522.75,2,855,88,212.10555555555555,160.9423611111111,761.375,427.5,0.006175036557074,0.0,0.0,2
16245,1413.66,3,1014,80,24.10833333333333,233.0305555555556,471.22,338.0,0.0085458926303545,0.0,0.4,2
16246,821.35,2,336,79,460.0319444444444,209.98055555555555,410.675,168.0,0.0047397732808447,0.0,0.0,0
16247,114.56,1,182,16,170.93541666666667,0.0,114.56,182.0,0.0,0.0,0.0,0
16248,152.94,1,78,7,62.05416666666667,0.0,152.94,78.0,0.0,1.0,0.0,1
16249,1800.07,5,950,67,53.113194444444446,186.8451388888889,360.014,190.0,0.0212941363490168,0.2,0.0,2
16250,565.24,3,268,29,261.9048611111112,125.18333333333334,188.41333333333333,89.33333333333333,0.0158499537709681,0.0,0.0,0
16251,128.31,1,44,20,512.9131944444445,0.0,128.31,44.0,0.0,0.0,0.0,0
16252,295.09000000000003,1,158,21,383.03680555555553,0.0,295.09000000000003,158.0,0.0,0.0,0.5,0
16253,7272.2,7,6030,218,67.15347222222222,664.65625,1038.8857142857144,861.4285714285714,0.0090136613304539,0.0,0.2222222222222222,2
16254,967.44,3,543,65,378.97777777777776,253.9020833333333,322.48,181.0,0.0078461500739663,0.0,0.0,2
16255,4530.0,15,2876,231,17.006944444444443,668.0131944444445,302.0,191.7333333333333,0.020926343630077,0.3333333333333333,0.2105263157894736,2
16256,1629.37,3,1590,27,267.02222222222224,331.0722222222222,543.1233333333333,530.0,0.0060227862078195,0.0,0.25,2
16257,46.95,1,2,2,177.11041666666668,0.0,46.95,2.0,0.0,0.0,0.0,0
16258,11942.52,15,7200,253,45.97222222222222,593.9659722222223,796.168,480.0,0.0235307574779603,0.0666666666666666,0.0625,2
16259,340.94,3,143,75,410.9326388888889,194.89583333333331,113.64666666666666,47.66666666666666,0.0102095076039561,0.0,0.0,0
16260,1035.45,1,311,18,51.13194444444444,0.0,1035.45,311.0,0.0,0.0,0.0,2
16261,1041.16,6,454,118,17.810416666666665,425.02986111111113,173.52666666666667,75.66666666666667,0.0117362665306129,0.1666666666666666,0.0,2
16262,755.15,1,446,46,378.97777777777776,0.0,755.15,446.0,0.0,0.0,0.6666666666666666,2
16263,348.16,1,197,19,423.91527777777776,0.0,348.16,197.0,0.0,0.0,0.0,0
16264,823.53,2,616,62,438.90972222222223,7.948611111111111,411.765,308.0,0.1117491851621915,0.5,0.0,1
16265,6935.17,12,3214,192,9.839583333333334,398.0576388888889,577.9308333333333,267.8333333333333,0.0275649403194679,0.0833333333333333,0.2,2
16266,1757.95,14,791,73,74.02916666666667,599.8243055555556,125.56785714285716,56.5,0.0216369409156633,0.0,0.0,2
16267,186.66,1,198,7,591.9444444444445,0.0,186.66,198.0,0.0,0.0,0.0,0
16268,667.65,2,533,45,71.76388888888889,0.0,333.825,266.5,1.0,0.0,0.0,2
16269,717.57,1,579,53,438.0416666666667,0.0,717.57,579.0,0.0,0.0,0.5,2
16270,1141.24,1,688,54,353.93333333333334,0.0,1141.24,688.0,0.0,0.0,0.0,2
16271,3397.82,10,2359,176,3.0034722222222223,640.0291666666667,339.78200000000004,235.9,0.0140399227804247,0.2,0.0909090909090909,2
16272,411.7,1,224,25,117.08055555555556,0.0006944444444444,411.7,224.0,0.0,0.0,0.0,0
16273,318.34000000000003,2,40,15,648.9763888888889,7.8902777777777775,159.17000000000002,20.0,0.1124824246211529,0.5,0.0,1
16274,351.75,1,153,64,373.8854166666667,0.0,351.75,153.0,0.0,0.0,0.0,0
16275,2151.11,3,1268,105,197.00625,444.9166666666667,717.0366666666667,422.6666666666667,0.0044851429639319,0.3333333333333333,0.0,2
16276,2629.3900000000003,3,1467,20,177.13611111111112,430.89722222222224,876.4633333333335,489.0,0.0046307313339722,0.3333333333333333,0.0,2
16277,188.69,1,33,23,734.0576388888888,0.0,188.69,33.0,0.0,1.0,0.0,1
16278,1117.84,3,342,50,100.81805555555556,399.06388888888887,372.6133333333333,114.0,0.0049992015164244,0.0,0.5714285714285714,2
16279,5698.28,9,3683,243,21.90972222222222,575.0354166666667,633.1422222222222,409.22222222222223,0.0138880349515546,0.0,0.1,2
16280,238.05,1,101,16,725.8756944444444,0.0,238.05,101.0,0.0,0.0,0.0,0
16281,3424.02,3,1570,27,72.91180555555556,610.0527777777778,1141.34,523.3333333333334,0.003273039699244,0.0,0.25,2
16282,1307.58,3,790,31,340.0472222222222,378.99305555555554,435.86,263.3333333333333,0.0052632540799356,0.0,0.0,2
16283,4350.32,8,2867,385,6.029166666666667,643.9138888888889,543.79,358.375,0.0108541622697259,0.75,0.3333333333333333,1
16284,1018.48,3,674,108,31.85972222222222,362.1145833333333,339.49333333333334,224.66666666666663,0.0055079032674488,0.0,0.0,2
16285,176.9,1,60,31,646.8659722222222,0.0,176.9,60.0,0.0,0.0,0.0,0
16286,328.95,2,101,17,477.9180555555556,146.20138888888889,164.475,50.5,0.0067934141623814,0.0,0.5,0
16287,1006.98,5,1426,18,170.15416666666667,519.9736111111112,201.396,285.2,0.0076779320769606,0.2,0.0,2
16288,129.85,1,19,7,470.9201388888889,0.0,129.85,19.0,0.0,0.0,0.0,0
16289,136.31,1,97,21,462.95,0.0,136.31,97.0,0.0,0.0,0.5,0
16290,1957.7,4,957,85,465.04027777777776,101.00416666666666,489.425,239.25,0.029410563293983,0.75,0.0,1
16291,117.72,1,1,1,682.85,0.0,117.72,1.0,0.0,0.0,0.0,0
16292,1253.76,5,688,51,122.01805555555556,482.9548611111111,250.752,137.6,0.0082652336435187,0.2,0.4444444444444444,2
16293,4279.2,15,1833,168,22.119444444444444,707.0,285.28,122.2,0.019774011299435,0.0,0.2105263157894736,2
16294,126.05,1,54,8,477.0340277777778,0.0,126.05,54.0,0.0,0.0,0.0,0
16295,1328.55,4,841,70,10.189583333333331,54.89722222222223,332.1375,210.25,0.0536699299309248,0.0,0.0,2
16296,1313.67,4,645,56,626.9854166666667,95.04722222222222,328.4175,161.25,0.0312346357405211,0.0,0.3333333333333333,2
16297,301.9,1,206,20,269.18125,0.0,301.9,206.0,0.0,0.0,0.75,0
16298,1085.7,7,308,32,23.035416666666663,419.85833333333335,155.1,44.0,0.0142565788170999,0.1428571428571428,0.2222222222222222,0
16299,193.65,1,107,12,477.7944444444444,0.0,193.65,107.0,0.0,0.0,0.5,0
16300,1367.32,3,643,190,430.98333333333335,245.06527777777777,455.7733333333333,214.33333333333331,0.0081279245006124,0.0,0.0,2
16301,107.33,1,41,6,737.1041666666666,0.0,107.33,41.0,0.0,0.0,0.0,0
16302,233.22,1,158,11,127.12916666666666,0.0,233.22,158.0,0.0,0.0,0.5,0
16303,7928.27,7,3859,156,26.084027777777777,605.8590277777778,1132.61,551.2857142857143,0.0098869749404092,0.0,0.2222222222222222,2
16304,381.66,1,228,25,695.1805555555555,0.0,381.66,228.0,0.0,0.0,0.0,0
16305,361.22,1,256,22,139.0222222222222,0.0,361.22,256.0,0.0,1.0,0.0,1
16306,1124.72,7,712,55,214.0263888888889,221.1083333333333,160.67428571428573,101.71428571428572,0.0270138445953551,0.0,0.3,2
16307,1194.92,3,1123,69,429.9298611111111,147.99375,398.3066666666667,374.3333333333333,0.0134233818532656,0.0,0.0,2
16308,5120.0,7,16000,1,38.05972222222222,686.8166666666667,731.4285714285714,2285.714285714286,0.0087232547432697,0.0,0.0,2
16309,706.57,2,467,39,106.88541666666669,134.15902777777777,353.285,233.5,0.0073986918701735,0.0,0.3333333333333333,2
16310,460.08,2,270,26,414.91875,227.9625,230.04,135.0,0.0043675274335316,0.5,0.0,1
16311,616.26,2,394,35,18.163888888888888,31.820138888888888,308.13,197.0,0.0304690971414062,0.0,0.0,0
16312,171.15,1,53,10,432.94097222222223,0.0,171.15,53.0,0.0,1.0,0.0,1
16313,274.15000000000003,2,165,16,3.9916666666666663,46.165277777777774,137.07500000000002,82.5,0.0212020377514061,0.0,0.0,0
16314,1491.4,3,636,58,390.0305555555556,83.00972222222222,497.1333333333334,212.0,0.0238067683965149,0.0,0.0,2
16315,402.71,2,143,21,331.0368055555556,205.91944444444445,201.355,71.5,0.0048327985931186,0.0,0.0,0
16316,5744.91,13,3057,193,64.95972222222223,428.96527777777777,441.91615384615386,235.15384615384616,0.0279092303965113,0.0,0.3157894736842105,2
16317,2192.51,5,1236,103,120.00277777777778,465.1034722222222,438.50200000000007,247.2,0.0085817854583433,0.0,0.1666666666666666,2
16318,328.15,1,199,19,35.989583333333336,0.0,328.15,199.0,0.0,0.0,0.0,0
16319,404.4,1,72,3,218.0576388888889,0.0,404.4,72.0,0.0,0.0,0.0,0
16320,5628.99,6,3319,193,172.89236111111111,509.0805555555556,938.165,553.1666666666666,0.0098023732634823,0.1666666666666666,0.25,2
16321,604.5500000000001,7,259,15,72.91319444444444,666.1798611111111,86.36428571428573,37.0,0.0089930772041105,0.0,0.3,0
16322,326.75,2,231,28,1.88125,35.047222222222224,163.375,115.5,0.0277413886106187,0.0,0.0,0
16323,353.66,2,146,4,196.91805555555555,381.2083333333333,176.83,73.0,0.0026163741415022,0.0,0.0,0
16324,408.59,3,270,100,128.99444444444444,48.93888888888889,136.1966666666667,90.0,0.0400489487150962,0.0,0.0,0
16325,3597.5,12,2464,104,47.168055555555554,688.8104166666667,299.7916666666667,205.33333333333331,0.0159464103965763,0.0833333333333333,0.2941176470588235,2
16326,4721.25,24,1083,243,6.110416666666667,674.8666666666667,196.71875,45.125,0.0340303807457092,0.75,0.0769230769230769,1
16327,10159.64,16,8124,289,14.977083333333333,711.0118055555556,634.9775,507.75,0.0210670664207541,0.125,0.2,2
16328,310.83,1,141,16,563.95,0.0,310.83,141.0,0.0,0.0,0.0,0
16329,1664.92,4,797,83,428.00416666666666,311.0486111111111,416.23,199.25,0.0096138867252698,0.0,0.0,2
16330,625.38,7,326,105,18.01805555555556,644.9916666666667,89.34,46.57142857142857,0.009288045511423,0.0,0.125,0
16331,2037.7,6,756,33,432.9604166666667,210.11944444444444,339.6166666666667,126.0,0.0236832756601713,0.6666666666666666,0.0,1
16332,2000.01,11,1128,158,28.93611111111111,561.0284722222223,181.8190909090909,102.54545454545456,0.0177926928870003,0.0909090909090909,0.1538461538461538,2
16333,26626.8,22,32184,9,8.021527777777777,302.0618055555556,1210.3090909090909,1462.909090909091,0.0692927964363704,0.0,0.0,2
16334,263.73,1,206,54,492.8416666666666,0.0,263.73,206.0,0.0,0.0,0.0,0
16335,2753.52,7,1004,193,552.0520833333334,184.0534722222222,393.36,143.42857142857142,0.0324230609020666,0.5714285714285714,0.125,1
16336,3517.69,4,1473,64,421.0125,211.18541666666667,879.4225,368.25,0.0141385776983573,0.0,0.0,2
16337,151.05,1,87,10,37.11597222222223,0.0,151.05,87.0,0.0,0.0,0.0,0
16338,214.8,1,94,11,157.95416666666668,0.0,214.8,94.0,0.0,0.0,0.0,0
16339,94.05,1,21,17,284.96458333333334,0.0,94.05,21.0,0.0,0.0,0.0,0
16340,1496.24,3,1319,277,107.91458333333334,444.0604166666666,498.7466666666666,439.6666666666667,0.0044937719129893,0.6666666666666666,0.0,1
16341,3850.79,7,3022,103,25.15138888888889,584.9458333333333,550.1128571428571,431.7142857142857,0.0102398543665156,0.1428571428571428,0.3,2
16342,322.41,4,157,10,75.9263888888889,104.18472222222222,80.6025,39.25,0.0285212522942442,0.5,0.0,1
16343,614.12,3,345,54,16.79513888888889,391.1458333333333,204.70666666666668,115.0,0.0051001434415342,0.0,0.0,0
16344,842.42,4,706,43,158.875,510.1486111111111,210.605,176.5,0.0058691346015373,0.25,0.0,2
16345,1178.79,2,611,95,44.86597222222223,438.9513888888889,589.395,305.5,0.0022729783909207,0.0,0.0,2
16346,224.51,1,289,15,385.87152777777777,0.0,224.51,289.0,0.0,0.0,0.0,0
16347,3442.96,11,1715,209,11.983333333333333,626.0229166666667,312.99636363636364,155.9090909090909,0.0159483804087437,0.0,0.1538461538461538,2
16348,1744.42,8,1164,180,32.87916666666667,398.0743055555556,218.0525,145.5,0.0175405930739019,0.0,0.0,2
16349,53.5,1,9,9,291.00694444444446,0.0,53.5,9.0,0.0,0.0,0.0,0
16350,2253.89,9,1077,72,21.872916666666665,406.97222222222223,250.4322222222222,119.66666666666669,0.0196091781847892,0.0,0.25,2
16351,3330.03,13,2165,124,333.1,402.7597222222222,256.1561538461538,166.53846153846155,0.0297206465616583,0.0769230769230769,0.2777777777777778,2
16352,494.44,2,300,28,18.09583333333333,20.075,247.22,150.0,0.0474495848161328,0.0,0.0,0
16353,9795.46,38,3483,76,4.01875,728.9361111111111,257.7752631578948,91.65789473684212,0.0506893677909406,0.0789473684210526,0.073170731707317,2
16354,1119.46,5,592,116,63.93194444444445,528.0381944444445,223.892,118.4,0.0075608907674435,0.0,0.0,2
16355,416.35,1,179,47,375.9368055555556,0.0,416.35,179.0,0.0,0.0,0.5,0
16356,415.87,6,190,27,198.04097222222225,354.0173611111111,69.31166666666667,31.666666666666668,0.0140838182796224,0.5,0.1428571428571428,1
16357,868.37,4,389,43,33.86527777777778,347.8833333333333,217.0925,97.25,0.0085988630392203,0.25,0.0,0
16358,2919.65,5,2065,118,1.9034722222222225,393.1479166666667,583.9300000000001,413.0,0.0101484742931746,0.0,0.1666666666666666,2
16359,2697.75,16,1764,78,7.823611111111111,654.2673611111111,168.609375,110.25,0.0228914194269726,0.125,0.2,2
16360,3450.41,6,2110,365,5.023611111111111,83.93472222222222,575.0683333333333,351.6666666666667,0.0588687390643141,0.1666666666666666,0.25,2
16361,891.21,4,418,87,10.0125,61.97152777777778,222.8025,104.5,0.0476405783036866,0.25,0.0,2
16362,922.16,6,467,67,32.99236111111111,405.15069444444447,153.69333333333333,77.83333333333333,0.0123107015903032,0.0,0.4545454545454545,2
16363,109.36,1,52,5,53.94166666666667,0.0,109.36,52.0,0.0,0.0,0.0,0
16364,705.79,2,279,48,12.057638888888889,125.86944444444444,352.895,139.5,0.0078821185383049,0.0,0.0,0
16365,3167.34,15,1034,97,18.059722222222224,710.9465277777778,211.156,68.93333333333334,0.0196643981728496,0.0,0.0625,2
16366,1548.13,4,882,74,19.188194444444445,704.9027777777778,387.0325,220.5,0.0042498770290211,0.0,0.0,2
16367,1350.48,3,1103,196,37.984027777777776,345.99305555555554,450.16,367.6666666666667,0.005763804110713,0.6666666666666666,0.0,1
16368,621.44,3,307,74,2.984722222222222,433.0708333333333,207.14666666666668,102.33333333333331,0.0046075429317411,0.0,0.0,0
16369,2656.56,7,1589,115,18.850694444444443,592.98125,379.5085714285714,227.0,0.0101013289560907,0.0,0.0,2
16370,1301.91,4,640,143,82.87152777777777,142.96875,325.4775,160.0,0.0208378554373779,0.5,0.0,1
16371,157.2,1,108,11,449.0284722222222,0.0,157.2,108.0,0.0,0.0,0.0,0
16372,1290.31,5,722,271,33.9875,573.9083333333333,258.062,144.4,0.0069576309266694,0.6,0.1666666666666666,1
16373,309.49,2,119,25,382.875,29.11111111111111,154.745,59.5,0.033210332103321,0.5,0.0,1
16374,1723.4,5,771,276,66.8951388888889,522.0909722222223,344.68,154.2,0.0076468534392918,0.0,0.0,2
16375,104.0,2,74,11,470.93402777777777,0.0090277777777777,52.0,37.0,0.9910529938059188,0.0,0.0,0
16376,974.96,2,691,104,9.05,8.785416666666666,487.48,345.5,0.1021928890781349,0.0,0.3333333333333333,2
16377,1308.48,2,2928,6,267.88125,350.21180555555554,654.24,1464.0,0.0028472846988106,0.0,0.0,2
16378,362.95,3,267,22,247.9048611111111,63.10069444444444,120.98333333333332,89.0,0.0312009100265424,0.0,0.0,0
16379,2157.4,4,1410,87,4.883333333333334,74.25347222222223,539.35,352.5,0.0398652701518017,0.0,0.2,2
16380,1743.15,1,1428,28,61.88194444444444,0.0,1743.15,1428.0,0.0,1.0,0.0,1
16381,247.85,2,108,60,396.1208333333333,22.86805555555556,123.925,54.0,0.0418970032004655,0.5,0.0,1
16382,353.1,2,167,42,408.8520833333333,142.15347222222223,176.55,83.5,0.0069855099179687,0.0,0.0,0
16383,2896.69,7,1596,239,75.00347222222223,598.9770833333333,413.8128571428571,228.0,0.0100003819590331,0.0,0.2222222222222222,2
16384,1358.95,4,861,80,90.06319444444445,500.8875,339.7375,215.25,0.0059774351821872,0.25,0.0,2
16385,881.35,5,476,94,60.984722222222224,571.01875,176.27,95.2,0.0069927777717076,0.0,0.0,0
16386,1068.16,3,700,127,29.01527777777778,359.04791666666665,356.05333333333334,233.33333333333331,0.0055548161992327,0.0,0.0,2
16387,882.46,5,448,68,323.0527777777778,315.96666666666664,176.49200000000002,89.6,0.0126196235145651,0.2,0.0,0
16388,186.05,1,83,13,654.1041666666666,0.0,186.05,83.0,0.0,0.0,0.0,0
16389,1382.07,4,1242,33,53.922916666666666,229.95416666666668,345.5175,310.5,0.012989590286673,0.0,0.2,2
16390,467.5,3,122,16,537.1104166666667,142.78194444444443,155.83333333333334,40.66666666666666,0.0139099523777324,0.3333333333333333,0.0,0
16391,1052.26,4,715,261,401.0159722222222,161.04166666666666,263.065,178.75,0.0185137567498071,0.0,0.0,2
16392,756.7,3,604,125,270.02708333333334,292.0375,252.23333333333332,201.33333333333331,0.0068250650514012,0.0,0.0,2
16393,5297.77,23,3001,313,2.9993055555555554,736.0263888888888,230.3378260869565,130.47826086956522,0.0298496774764962,0.1304347826086956,0.2333333333333333,2
16394,1555.34,5,2604,61,57.12638888888889,232.95138888888889,311.068,520.8,0.0170975689394164,0.0,0.4444444444444444,2
16395,3518.41,14,2901,416,61.0,673.0166666666667,251.315,207.2142857142857,0.0192873568902846,0.1428571428571428,0.1764705882352941,2
16396,137.8,1,80,8,476.93958333333336,0.0,137.8,80.0,0.0,0.0,0.6666666666666666,0
16397,123.13,1,43,9,628.8847222222222,0.0,123.13,43.0,0.0,1.0,0.0,1
16398,1705.8,2,758,75,154.8986111111111,99.23472222222222,852.9,379.0,0.0099765827432831,0.0,0.5,2
16399,630.22,3,452,97,19.85972222222222,370.04791666666665,210.07333333333332,150.66666666666666,0.00539013941371,0.3333333333333333,0.0,2
16400,3059.85,9,2066,214,95.01597222222222,636.9923611111111,339.9833333333333,229.55555555555557,0.0125393350886951,0.1111111111111111,0.0,2
16401,6849.15,23,6035,110,1.7743055555555556,554.2097222222222,297.7891304347826,262.39130434782606,0.0396246663548058,0.217391304347826,0.4102564102564102,2
16402,293.45,2,146,55,265.0173611111111,104.94652777777776,146.725,73.0,0.0094387236748097,1.0,0.0,1
16403,177.5,1,114,10,312.9659722222222,0.0,177.5,114.0,0.0,0.0,0.5,0
16404,443.05,1,157,23,70.91319444444444,0.0,443.05,157.0,0.0,0.0,0.5,0
16405,167.25,2,187,3,302.8930555555556,7.927777777777778,83.625,93.5,0.1120099564405725,0.0,0.0,0
16406,528.36,3,257,135,19.03680555555556,635.0041666666667,176.12,85.66666666666667,0.0031446334864158,0.0,0.25,0
16407,2761.65,14,1448,120,13.072916666666666,419.88125,197.2607142857143,103.42857142857144,0.0308875722071249,0.5714285714285714,0.0,1
16408,231.93,1,227,45,591.9458333333333,0.0,231.93,227.0,0.0,0.0,0.0,0
16409,5652.74,12,3664,335,36.83680555555556,690.0465277777778,471.06166666666667,305.3333333333333,0.015917886217261,0.25,0.0,2
16410,130.32,1,348,5,734.9159722222222,0.0,130.32,348.0,0.0,1.0,0.0,1
16411,756.39,4,461,139,19.977083333333333,408.9263888888889,189.0975,115.25,0.0073183871087966,0.75,0.0,1
16412,593.19,5,288,84,54.01041666666666,619.9506944444445,118.638,57.6,0.0064417352871772,0.0,0.0,0
16413,522.03,2,283,55,57.02916666666667,318.9715277777778,261.015,141.5,0.0031252780737869,0.0,0.0,0
16414,551.21,5,201,58,22.13055555555556,672.9729166666667,110.242,40.2,0.0059349565851743,0.2,0.0,0
16415,696.76,3,508,120,44.96875,632.0451388888889,232.25333333333333,169.33333333333334,0.0031593323716384,0.0,0.0,2
16416,2957.88,9,2198,146,27.0,628.0347222222222,328.65333333333336,244.22222222222223,0.0127178988971197,0.3333333333333333,0.1,2
16417,35.7,1,6,1,493.1541666666666,0.0,35.7,6.0,0.0,0.0,0.0,0
16418,1028.74,5,564,121,45.00763888888889,378.00555555555553,205.748,112.8,0.0105539350053502,0.0,0.0,2
16419,1463.7,8,701,62,113.01180555555555,555.9631944444444,182.9625,87.625,0.0125681554361636,0.0,0.1111111111111111,2
16420,75.0,1,120,2,396.89930555555554,0.0,75.0,120.0,0.0,0.0,0.0,0
16421,526.27,3,123,35,376.9715277777778,93.06180555555557,175.42333333333332,41.0,0.0212626154493573,0.6666666666666666,0.0,1
16422,61920.87,109,64225,111,17.95138888888889,679.0854166666667,568.081376146789,589.2201834862385,0.1588035816579412,0.128440366972477,0.2534246575342466,2
16423,346.12,1,230,18,25.145138888888887,0.0,346.12,230.0,0.0,0.0,0.0,0
16424,443.06,2,212,10,191.96527777777777,191.09444444444443,221.53,106.0,0.0052057726234201,0.0,0.3333333333333333,0
16425,302.7,1,199,21,302.93055555555554,0.0,302.7,199.0,0.0,0.0,0.0,0
16426,1863.76,10,1215,211,2.9506944444444443,273.9277777777778,186.376,121.5,0.0327358700264715,0.0,0.0,2
16427,241.06,2,156,8,263.81944444444446,21.07777777777778,120.53,78.0,0.0452944136889783,0.0,0.0,0
16428,638.49,3,575,121,414.0194444444445,84.00833333333334,212.83,191.66666666666663,0.0235271051857661,0.0,0.25,2
16429,284.55,1,9,2,106.95555555555556,0.0,284.55,9.0,0.0,0.0,0.0,0
16430,1117.94,7,307,19,57.91875,624.0847222222222,159.7057142857143,43.85714285714285,0.0095986988430457,0.1428571428571428,0.0,0
16431,623.28,3,442,51,213.9451388888889,84.00486111111111,207.76,147.33333333333334,0.023528066205364,0.0,0.0,0
16432,287.4,1,276,8,64.95208333333333,0.0,287.4,276.0,0.0,0.0,0.0,0
16433,384.52,2,214,33,28.945138888888888,380.07152777777776,192.26,107.0,0.002624179260601,0.0,0.0,0
16434,2673.69,12,1310,126,29.931944444444444,661.9840277777778,222.8075,109.16666666666669,0.0165916515920758,0.6666666666666666,0.0769230769230769,1
16435,1003.07,3,608,119,512.7694444444444,2.203472222222222,334.3566666666666,202.66666666666663,0.6243225666594407,0.0,0.0,2
16436,319.14,3,227,37,668.9798611111111,64.88680555555555,106.38,75.66666666666667,0.030355091328773,0.3333333333333333,0.25,0
16437,301.25,2,197,17,381.82708333333335,48.18402777777778,150.625,98.5,0.0203318037416166,0.0,0.0,0
16438,798.35,5,463,74,6.082638888888889,76.88888888888889,159.67000000000002,92.6,0.0513552068473609,0.6,0.0,1
16439,310.70000000000005,1,74,9,722.9361111111111,0.0,310.70000000000005,74.0,0.0,0.0,0.0,0
16440,3856.97,6,2108,202,8.033333333333333,486.0208333333333,642.8283333333334,351.3333333333333,0.0102665012619241,0.0,0.0,2
16441,1019.13,5,478,67,67.79305555555555,559.9916666666667,203.826,95.6,0.0071302306926722,0.0,0.1666666666666666,2
16442,891.98,5,580,226,2.046527777777778,725.0263888888888,178.39600000000002,116.0,0.0055094416142663,0.2,0.0,2
16443,162.24,1,96,1,521.0368055555556,0.0,162.24,96.0,0.0,0.0,0.0,0
16444,3625.88,17,1945,217,46.958333333333336,578.9888888888889,213.2870588235294,114.41176470588236,0.0275867353780723,0.5882352941176471,0.15,1
16445,583.16,4,287,143,34.0125,377.9951388888889,145.79,71.75,0.0079156688098828,0.5,0.0,1
16446,168472.5,2,80997,3,1.1493055555555556,204.9743055555556,84236.25,40498.5,0.0048549744945263,0.0,0.5,2
16447,727.1,3,315,59,136.00347222222223,524.9416666666667,242.36666666666667,105.0,0.0038027030881117,0.0,0.0,0
16448,361.12,2,176,45,198.8486111111111,272.9791666666667,180.56,88.0,0.0036499125541783,0.0,0.0,0
16449,707.69,2,367,40,198.10069444444449,82.92361111111111,353.845,183.5,0.0119155978485726,0.0,0.3333333333333333,0
16450,1505.73,3,681,36,150.04375,506.8340277777778,501.91,227.0,0.0039382945816997,0.3333333333333333,0.25,2
16451,1013.15,3,524,61,88.14791666666666,647.7541666666667,337.71666666666664,174.66666666666666,0.0030828318379458,0.0,0.25,2
16452,332.17,2,199,14,631.0076388888889,63.011805555555554,166.085,99.5,0.0156221183158488,0.0,0.0,0
16453,251.71,2,139,15,531.0027777777777,17.979861111111113,125.855,69.5,0.0526874245362408,0.5,0.0,1
16454,30.950000000000003,4,9,4,45.04861111111112,566.8236111111111,7.737500000000001,2.25,0.0052833308465803,0.0,0.5,0
16455,3995.57,11,2851,111,64.02291666666666,556.0736111111111,363.2336363636364,259.1818181818182,0.0179509490317706,0.0909090909090909,0.1538461538461538,2
16456,6000.94,13,3296,226,99.95833333333331,521.1069444444445,461.6107692307692,253.53846153846155,0.0229837969551789,0.3076923076923077,0.0714285714285714,2
16457,208.36,1,140,9,218.97986111111112,0.0,208.36,140.0,0.0,0.0,0.0,0
16458,5690.89,30,3395,91,3.136111111111111,559.7888888888889,189.6963333333333,113.16666666666669,0.0517128648134572,0.0666666666666666,0.0,2
16459,71.78999999999999,1,59,5,730.0055555555556,0.0,71.78999999999999,59.0,0.0,0.0,0.0,0
16460,811.23,3,876,128,28.961111111111112,53.14652777777778,270.41,292.0,0.0369368098395557,0.0,0.0,2
16461,1545.83,3,933,223,178.0298611111111,468.9236111111111,515.2766666666666,311.0,0.0042560108764722,0.0,0.0,2
16462,136.0,3,16,1,74.10138888888889,210.05972222222223,45.333333333333336,5.333333333333333,0.0094759908661976,0.0,0.25,0
16463,1422.4,4,1163,74,21.950694444444444,182.96944444444443,355.6,290.75,0.0163070558214679,0.0,0.4285714285714285,2
16464,1298.66,3,952,152,20.027083333333334,122.92916666666666,432.8866666666667,317.3333333333333,0.016138251017046,0.3333333333333333,0.0,2
16465,746.24,2,504,45,421.1409722222222,23.945138888888888,373.12,252.0,0.0400879708248656,0.0,0.3333333333333333,2
16466,3767.09,15,1777,207,34.052083333333336,608.8777777777777,251.13933333333333,118.46666666666668,0.0229554191185847,0.8666666666666667,0.0625,1
16467,2869.16,7,7384,14,509.0423611111111,228.99305555555557,409.88,1054.857142857143,0.0260877441951749,0.0,0.125,2
16468,787.52,3,371,38,74.94236111111111,407.04375,262.50666666666666,123.66666666666669,0.0049014352014949,0.3333333333333333,0.0,2
16469,803.9,5,332,167,24.01736111111111,490.9638888888889,160.78,66.4,0.0081306780646727,0.0,0.0,0
16470,2416.85,11,1335,286,52.02708333333333,676.9930555555555,219.7136363636364,121.36363636363636,0.0147494136083825,0.0,0.0833333333333333,2
16471,1189.98,4,670,48,275.13125,377.9819444444444,297.495,167.5,0.0079159443978201,0.0,0.3333333333333333,2
16472,789.6,2,252,39,434.95416666666665,163.0888888888889,394.8,126.0,0.0060942578548212,0.0,0.0,0
16473,470.83,4,296,26,165.15277777777777,209.6951388888889,117.7075,74.0,0.0142385819427094,0.0,0.2,0
16474,1810.65,7,909,237,7.991666666666666,137.92430555555555,258.6642857142857,129.85714285714286,0.0431889868083638,0.4285714285714285,0.3636363636363636,2
16475,544.3,4,319,23,88.92569444444445,185.20694444444445,136.075,79.75,0.0161111069673078,0.0,0.0,0
16476,350.35,1,187,24,432.09791666666666,0.0,350.35,187.0,0.0,0.0,0.6666666666666666,0
16477,4094.37,11,2507,177,64.12916666666666,421.0006944444444,372.2154545454545,227.9090909090909,0.0236966434691886,0.0909090909090909,0.0,2
16478,331.0,3,224,15,25.874305555555555,40.15902777777778,110.33333333333331,74.66666666666667,0.0485920126879144,0.0,0.0,0
16479,300.83,2,102,35,10.96527777777778,0.025,150.415,51.0,0.9756097560975612,0.0,0.0,0
16480,769.29,1,455,51,76.04861111111111,0.0,769.29,455.0,0.0,1.0,0.0,1
16481,453.38,1,201,16,682.9868055555555,0.0,453.38,201.0,0.0,0.0,0.6666666666666666,0
16482,220.62,1,346,18,16.011805555555554,0.0,220.62,346.0,0.0,0.0,0.0,0
16483,139.35,1,44,19,192.9875,0.0,139.35,44.0,0.0,0.0,0.0,0
16484,404.3,2,200,25,174.03055555555557,17.060416666666665,202.15,100.0,0.0553697081554966,0.5,0.3333333333333333,1
16485,2287.19,5,1153,126,77.875,656.1402777777778,457.438,230.6,0.0060869804138723,0.8,0.2857142857142857,1
16486,134.36,1,24,7,538.0236111111111,0.0,134.36,24.0,0.0,1.0,0.0,1
16487,209.4,2,163,28,577.9666666666667,81.83472222222223,104.7,81.5,0.0120722321892657,0.0,0.0,0
16488,498.8,3,728,28,33.96388888888889,115.08055555555556,166.26666666666668,242.66666666666663,0.0172294144392064,0.3333333333333333,0.25,2
16489,303.7,2,38,4,380.9236111111111,55.984722222222224,151.85,19.0,0.017548563211387,0.0,0.0,0
16490,205.41000000000005,1,113,13,436.84722222222223,0.0,205.41000000000005,113.0,0.0,0.0,0.5,0
16491,1533.16,2,1060,86,47.105555555555554,366.775,766.58,530.0,0.0027190537692882,0.0,0.3333333333333333,2
16492,385.56,1,235,23,541.1875,0.0,385.56,235.0,0.0,0.0,0.0,0
16493,2132.09,7,1988,77,80.06944444444444,543.9201388888889,304.5842857142857,284.0,0.0110107877683401,0.2857142857142857,0.2222222222222222,2
16494,826.53,1,675,47,297.00069444444443,0.0,826.53,675.0,0.0,0.0,0.0,2
16495,648.26,3,328,78,3.9791666666666665,272.8625,216.08666666666667,109.33333333333331,0.0073029348669496,0.0,0.0,0
16496,2330.77,6,1764,120,9.096527777777778,500.8673611111111,388.4616666666666,294.0,0.0099627917402921,0.3333333333333333,0.1428571428571428,2
16497,6695.28,23,3050,239,50.07986111111112,686.8638888888889,291.0991304347826,132.6086956521739,0.0319830715863522,0.0869565217391304,0.0,2
16498,100.97,2,45,15,161.9048611111111,0.8020833333333334,50.485,22.5,0.5549132947976878,0.0,0.3333333333333333,0
16499,2578.34,8,1364,104,360.9715277777778,186.04791666666668,322.2925,170.5,0.0374235657084303,0.0,0.3846153846153846,2
16500,843.9100000000001,9,386,24,5.031944444444444,538.8819444444445,93.76777777777778,42.888888888888886,0.0148180543585917,0.0,0.1,0
16501,1191.23,1,628,181,383.94444444444446,0.0,1191.23,628.0,0.0,1.0,0.0,1
16502,258.55,2,220,41,620.9625,0.0034722222222222,129.275,110.0,0.9965397923875432,0.0,0.0,0
16503,3614.34,11,1535,161,107.04444444444444,429.9020833333333,328.5763636363636,139.54545454545453,0.0232071284562908,0.0,0.1538461538461538,2
16504,465.88,1,510,76,25.897222222222226,0.0,465.88,510.0,0.0,0.0,0.0,2
16505,777.6,1,576,4,32.025,0.0,777.6,576.0,0.0,0.0,0.0,0
16506,90.3,2,42,3,20.022916666666667,20.852083333333333,45.150000000000006,21.0,0.0457622270950519,1.0,0.0,1
16507,142.71,1,111,37,572.9958333333333,0.0,142.71,111.0,0.0,1.0,0.0,1
16508,240.95,1,103,42,630.9645833333333,0.0,240.95,103.0,0.0,0.0,0.0,0
16509,363.7,1,64,13,297.1423611111111,0.0,363.7,64.0,0.0,0.0,0.0,0
16510,1777.5,6,930,94,372.9659722222222,319.04791666666665,296.25,155.0,0.0156226606693008,0.3333333333333333,0.0,2
16511,1760.49,6,769,235,22.089583333333334,626.9305555555555,293.415,128.16666666666666,0.0079626639534626,0.1666666666666666,0.0,2
16513,874.59,4,407,33,5.105555555555555,38.80694444444445,218.6475,101.75,0.0753637346917413,0.25,0.0,2
16515,3179.06,10,1573,184,52.98611111111112,488.03680555555553,317.906,157.3,0.0184035227977898,0.0,0.0,2
16516,101.7,1,58,6,30.910416666666663,0.0,101.7,58.0,0.0,0.0,0.0,0
16517,162.7,1,96,17,277.9583333333333,0.0,162.7,96.0,0.0,0.0,0.0,0
16518,959.37,4,524,61,61.90694444444444,495.06458333333336,239.8425,131.0,0.0060475996489032,0.25,0.3333333333333333,2
16519,439.06,4,150,32,25.88125,623.0763888888889,109.765,37.5,0.0048071038312172,0.0,0.0,0
16520,2148.38,6,1045,251,186.9763888888889,460.8569444444444,358.06333333333333,174.16666666666666,0.0108258629866751,0.0,0.25,2
16521,1140.11,3,1014,212,415.9868055555556,232.9909722222222,380.0366666666666,338.0,0.0085473383054308,0.0,0.0,2
16522,433.36,2,212,16,436.0805555555556,14.890277777777778,216.68,106.0,0.062931561926405,0.0,0.0,0
16523,11916.33,28,4979,180,2.1555555555555554,682.8277777777778,425.5832142857143,177.82142857142858,0.0394836256692312,0.1428571428571428,0.282051282051282,2
16524,306.19,2,259,50,446.96736111111113,245.0145833333333,153.095,129.5,0.0040647996815906,1.0,0.0,1
16525,24151.3,48,14430,115,2.904861111111111,735.0513888888889,503.1520833333333,300.625,0.0638542372305677,0.1041666666666666,0.1111111111111111,2
16526,717.21,2,279,30,172.03333333333333,412.81111111111113,358.605,139.5,0.0024165615014902,0.0,0.0,0
16527,1232.94,2,708,66,81.85347222222222,343.1222222222222,616.47,354.0,0.0029059442704465,0.0,0.0,2
16528,244.41,1,171,17,4.003472222222222,0.0,244.41,171.0,0.0,0.0,0.0,0
16529,1986.8,4,739,87,190.81041666666667,340.1625,496.7,184.75,0.008793463525446,0.25,0.0,2
16530,48.35,1,17,3,668.8888888888889,0.0,48.35,17.0,0.0,0.0,0.0,0
16531,2298.33,11,1863,109,22.847916666666663,419.27777777777777,208.9390909090909,169.36363636363637,0.0237937871777924,0.0,0.0833333333333333,2
16532,8756.64,5,2544,2,18.070833333333333,603.0291666666667,1751.328,508.8,0.0066221967758179,0.0,0.0,2
16533,1082.81,3,611,112,19.9875,48.91736111111111,360.93666666666667,203.66666666666663,0.0400662205589794,1.0,0.4,1
16534,635.9,1,168,36,642.8770833333333,0.0,635.9,168.0,0.0,1.0,0.0,1
16535,972.04,3,664,67,5.897222222222222,674.9944444444444,324.0133333333333,221.33333333333331,0.0029586041962869,0.3333333333333333,0.0,2
16536,548.12,1,250,49,110.87222222222222,0.0,548.12,250.0,0.0,1.0,0.5,1
16537,23.35,1,59,3,641.9645833333333,0.0,23.35,59.0,0.0,0.0,0.0,0
16538,395.07,3,254,35,541.8270833333333,54.02361111111111,131.69,84.66666666666667,0.0363480324103289,0.0,0.0,0
16539,3289.66,10,1014,83,3.1729166666666666,529.7201388888889,328.966,101.4,0.0169580902259377,0.2,0.0,2
16540,205.75,1,105,25,414.81111111111113,0.0,205.75,105.0,0.0,0.0,0.0,0
16541,424.03,1,173,38,735.9777777777778,0.0,424.03,173.0,0.0,0.0,0.5,0
16542,257.32,2,142,13,54.08541666666667,347.8354166666667,128.66,71.0,0.0028666813982238,0.0,0.0,0
16543,292.21,1,317,18,592.05,0.0,292.21,317.0,0.0,0.0,0.5,0
16544,376.7000000000001,4,150,8,520.06875,142.91041666666666,94.175,37.5,0.0208463019528931,0.0,0.3333333333333333,0
16545,689.82,2,322,6,165.0923611111111,210.9986111111111,344.91,161.0,0.004717012034932,0.0,0.0,0
16546,5307.07,5,4211,75,291.0625,151.8173611111111,1061.414,842.2,0.0261750364678242,0.0,0.2857142857142857,2
16547,104.26,1,108,25,546.9916666666667,0.0,104.26,108.0,0.0,0.0,0.0,0
16548,30.15,1,6,6,599.8576388888889,0.0,30.15,6.0,0.0,0.0,0.0,0
16549,12781.8,34,7087,836,10.905555555555557,610.9729166666667,375.9352941176471,208.44117647058823,0.0539239549680507,0.4411764705882353,0.081081081081081,2
16550,8813.58,18,5405,274,109.06805555555556,628.9916666666667,489.6433333333333,300.27777777777777,0.0269844839217449,0.0,0.3793103448275862,2
16551,2237.12,7,2076,67,96.13333333333334,630.7263888888889,319.5885714285714,296.57142857142856,0.0094977827514109,0.1428571428571428,0.0,2
16552,379.73,2,219,17,243.11527777777775,130.89444444444445,189.865,109.5,0.0075818204793395,0.0,0.0,0
16553,16584.01,33,16427,195,163.88055555555556,502.8722222222222,502.54575757575753,497.7878787878788,0.0635081645478902,0.1212121212121212,0.0833333333333333,2
16554,2841.72,8,1346,108,42.91597222222222,682.2145833333333,355.215,168.25,0.0102456829388033,0.125,0.5555555555555556,2
16555,1915.68,6,1816,59,35.92986111111111,470.0361111111111,319.28000000000003,302.6666666666667,0.0106148974188107,0.0,0.4,2
16556,8012.58,17,4353,280,67.0513888888889,666.03125,471.3282352941176,256.05882352941177,0.0239868821738111,0.1176470588235294,0.2916666666666667,2
16557,281.85,2,111,11,24.948611111111116,113.025,140.925,55.5,0.0087700065775049,0.0,0.0,0
16558,13304.11,38,7813,383,1.1041666666666667,735.6729166666667,350.10815789473685,205.60526315789477,0.050225818219868,0.0789473684210526,0.1914893617021276,2
16559,175.0,1,61,17,397.9569444444445,0.0,175.0,61.0,0.0,1.0,0.0,1
16560,3048.38,8,1603,140,27.09375,704.9375,381.0475,200.375,0.0099158919876051,0.375,0.2,2
16561,511.12,2,244,29,6.041666666666667,54.08125,255.56,122.0,0.0181549982979689,0.5,0.0,1
16562,223.86,1,264,34,477.0451388888889,0.0,223.86,264.0,0.0,0.0,0.0,0
16563,4412.56,6,2584,55,54.04097222222222,684.7194444444444,735.4266666666667,430.6666666666667,0.0072916118107907,0.1666666666666666,0.1428571428571428,2
16564,87.8,1,40,5,569.9229166666667,0.0,87.8,40.0,0.0,0.0,0.0,0
16565,773.05,4,211,7,364.8951388888889,191.10694444444445,193.2625,52.75,0.0156163016838132,0.0,0.2,0
16566,614.66,5,362,14,15.844444444444443,277.25347222222223,122.932,72.4,0.0143753821580543,0.2,0.1666666666666666,0
16567,865.6,2,996,34,194.95347222222225,142.18472222222223,432.8,498.0,0.0069839853336307,0.5,0.0,1
16568,1020.9,2,366,5,428.0805555555556,213.83541666666667,510.4500000000001,183.0,0.0046547260014933,0.0,0.0,0
16569,1455.23,5,988,27,3.8875,720.01875,291.046,197.6,0.0055477059369121,0.0,0.0,2
16570,7434.31,20,4292,114,15.825,604.3125,371.7155,214.6,0.0313887454827052,0.0,0.3548387096774194,2
16571,4248.74,10,3703,151,27.044444444444444,605.1069444444445,424.874,370.3,0.0148488646805546,0.1,0.4117647058823529,2
16572,1009.6,3,532,40,127.84444444444443,148.1875,336.53333333333336,177.33333333333334,0.0134059488898198,0.0,0.25,2
16573,663.61,2,360,40,85.15069444444444,205.7493055555556,331.805,180.0,0.0048367756172766,0.0,0.5,2
16574,1301.78,3,1002,86,71.96597222222222,587.0784722222222,433.9266666666667,334.0,0.0034009066722718,0.0,0.0,2
16576,540.87,2,323,32,420.96736111111113,101.12152777777776,270.435,161.5,0.0097922545986195,0.0,0.6,0
16577,380.0,1,142,23,667.1284722222222,0.0,380.0,142.0,0.0,0.0,0.0,0
16578,156.6,1,108,9,626.9020833333333,0.0,156.6,108.0,0.0,0.0,0.0,0
16579,295.05,1,119,14,426.0361111111111,0.0,295.05,119.0,0.0,1.0,0.5,1
16581,105.84,1,134,9,183.11458333333331,0.0,105.84,134.0,0.0,0.0,0.5,0
16582,313.62,1,164,6,113.825,0.0,313.62,164.0,0.0,0.0,0.0,0
16583,297.95,2,153,18,374.03263888888887,299.9895833333333,148.975,76.5,0.0033223741131683,0.0,0.0,0
16584,3156.17,5,1913,61,80.96180555555556,581.1277777777777,631.234,382.6,0.0068713436339864,0.2,0.2857142857142857,2
16585,341.59,2,151,16,594.0944444444444,101.87708333333332,170.795,75.5,0.0097203377817379,0.5,0.0,1
16586,1462.78,3,348,27,249.1375,386.9222222222222,487.5933333333333,116.0,0.0051556726720705,0.3333333333333333,0.0,2
16587,225.15,1,71,13,232.8743055555556,0.0,225.15,71.0,0.0,0.0,0.0,0
16588,1361.28,4,882,64,386.7875,188.17569444444445,340.32,220.5,0.0158582740177598,0.0,0.0,2
16589,612.36,4,536,39,71.91666666666667,378.9958333333333,153.09,134.0,0.0078948234081514,0.0,0.0,0
16590,605.9,2,240,26,401.1555555555556,13.872916666666669,302.95,120.0,0.0672363076061073,0.0,0.3333333333333333,0
16591,213.5,1,41,10,69.08819444444444,0.0,213.5,41.0,0.0,1.0,0.0,1
16592,7807.91,28,5504,221,4.959027777777778,716.9111111111112,278.8539285714286,196.57142857142856,0.0376091128582925,0.2142857142857142,0.1764705882352941,2
16593,1071.14,8,377,57,51.00625,684.08125,133.89249999999998,47.125,0.0102177661408774,0.75,0.1111111111111111,1
16594,181.09,1,64,53,75.94583333333334,0.0,181.09,64.0,0.0,1.0,0.0,1
16595,1757.75,5,1331,337,61.982638888888886,630.04375,351.55,266.2,0.0063387047253062,0.8,0.0,1
16596,458.98,4,180,23,16.116666666666667,713.8701388888888,114.745,45.0,0.0041965663926917,0.0,0.0,0
16597,90.04,1,184,7,4.879166666666666,0.0,90.04,184.0,0.0,0.0,0.0,0
16598,145.04999999999998,1,73,10,286.0472222222222,0.0,145.04999999999998,73.0,0.0,1.0,0.5,1
16599,172.8,1,159,12,386.00347222222223,0.0,172.8,159.0,0.0,0.0,0.0,0
16600,2153.41,13,2420,106,4.868055555555555,717.1256944444444,165.64692307692306,186.15384615384616,0.016710166608484,0.0769230769230769,0.1875,2
16601,677.0,3,391,60,41.07013888888889,582.8958333333334,225.66666666666663,130.33333333333334,0.0034252684910978,0.6666666666666666,0.0,1
16602,763.33,2,429,37,36.87222222222222,352.2784722222222,381.665,214.5,0.0028306281832281,0.0,0.6,2
16603,482.47,2,480,34,75.1138888888889,16.877777777777776,241.235,240.0,0.0559353635798632,0.0,0.0,0
16604,432.45,2,175,10,563.1527777777778,5.691666666666666,216.225,87.5,0.149439601494396,0.0,0.3333333333333333,0
16605,60.48,1,144,1,724.7409722222222,0.0,60.48,144.0,0.0,0.0,0.0,0
16606,357.66,2,148,16,404.9534722222222,30.025,178.83,74.0,0.032232070910556,0.5,0.0,1
16607,5706.87,25,4436,212,18.101388888888888,571.8493055555556,228.2748,177.44,0.0418958350254514,0.0,0.1379310344827586,2
16608,1286.62,2,612,94,454.04583333333335,209.9909722222222,643.3100000000001,306.0,0.004739539277286,1.0,0.0,1
16609,5493.46,7,2420,155,15.970833333333331,237.1395833333333,784.78,345.7142857142857,0.0251953073740015,0.0,0.2222222222222222,2
16610,75.66,1,66,6,219.98402777777775,0.0,75.66,66.0,0.0,0.0,0.0,0
16611,1785.13,6,874,86,186.87777777777777,452.98541666666665,297.5216666666667,145.66666666666666,0.0110135696355885,0.1666666666666666,0.1428571428571428,2
16612,3245.43,9,1419,105,33.21666666666667,703.6555555555556,360.6033333333333,157.66666666666666,0.0113530645390182,0.1111111111111111,0.1,2
16613,618.59,1,293,30,70.87361111111112,0.0,618.59,293.0,0.0,0.0,0.0,0
16614,1179.79,3,349,37,183.05138888888888,395.84583333333336,393.2633333333333,116.33333333333331,0.0050397404533666,0.0,0.0,0
16615,291.5,1,211,19,626.9006944444444,0.0,291.5,211.0,0.0,0.0,0.5,0
16616,500.42,2,370,31,15.846527777777778,142.1201388888889,250.21,185.0,0.0069871368751,0.0,0.0,0
16617,151.85,1,91,5,236.09375,0.0,151.85,91.0,0.0,0.0,0.0,0
16618,2647.59,5,1363,79,31.95694444444445,291.08125,529.518,272.6,0.0136948195065585,0.0,0.1666666666666666,2
16619,1938.33,4,1055,103,264.18888888888887,391.84236111111113,484.5825,263.75,0.0076366509749988,0.25,0.2,2
16620,1758.93,6,1146,78,4.021527777777778,734.9055555555556,293.15500000000003,191.0,0.0067943501204109,0.0,0.0,2
16621,813.48,4,302,22,52.05,226.00416666666663,203.37,75.5,0.0132156164534424,0.25,0.0,0
16622,225.4,1,44,12,544.0875,0.0,225.4,44.0,0.0,0.0,0.5,0
16623,1015.24,4,442,44,246.11180555555555,346.83680555555554,253.81,110.5,0.0086247342204298,0.0,0.2,0
16624,810.5699999999999,2,488,44,81.00763888888889,116.92986111111112,405.285,244.0,0.0084796165328967,0.0,0.0,2
16625,1654.03,5,1057,82,275.0,269.0375,330.806,211.4,0.014812757487386,0.0,0.1666666666666666,2
16626,4413.1,17,2690,86,1.0375,265.9784722222222,259.59411764705885,158.23529411764707,0.0599299256858517,0.1176470588235294,0.15,2
16627,322.8,1,162,20,79.925,0.0,322.8,162.0,0.0,0.0,0.0,0
16628,2318.1,7,1260,84,30.00347222222222,612.0145833333333,331.15714285714284,180.0,0.0097876953715755,0.0,0.125,2
16629,408.63,2,489,58,74.09444444444445,22.76527777777778,204.315,244.5,0.0420781953129565,0.5,0.0,1
16630,106.8,1,72,4,407.93055555555554,0.0,106.8,72.0,0.0,0.0,0.5,0
16631,1892.52,7,775,46,482.0625,170.02152777777778,270.36,110.71428571428572,0.035083302540697,0.1428571428571428,0.125,2
16632,406.4,2,256,22,486.0493055555556,95.78680555555556,203.2,128.0,0.0103319868267167,0.0,0.0,0
16633,2883.1,6,1138,115,17.964583333333334,216.96180555555557,480.51666666666665,189.66666666666663,0.0229397989581508,0.1666666666666666,0.1428571428571428,2
16634,1649.81,6,1257,72,223.02847222222223,465.11041666666665,274.9683333333333,209.5,0.0107270720010011,0.1666666666666666,0.4,2
16635,473.0,1,277,25,407.13125,0.0,473.0,277.0,0.0,0.0,0.0,0
16636,3802.04,4,2186,62,438.9840277777778,207.96319444444444,950.51,546.5,0.0143565952270967,0.0,0.0,2
16637,1154.47,4,927,66,32.98125,193.12291666666667,288.6175,231.75,0.0154541259296622,0.0,0.2,2
16638,2380.13,15,1627,130,23.070138888888888,455.9,158.67533333333333,108.46666666666668,0.0306412781790326,0.0666666666666666,0.0625,2
16639,1747.98,4,751,76,31.979166666666668,377.7895833333333,436.995,187.75,0.0079199643601603,0.0,0.2,2
16640,179.4,1,146,13,398.08472222222224,0.0,179.4,146.0,0.0,1.0,0.0,1
16641,554.5,2,454,36,106.00069444444443,596.01875,277.25,227.0,0.0016749892695999,0.0,0.0,0
16642,1077.45,3,775,50,5.054861111111111,410.88125,359.15000000000003,258.3333333333333,0.0048557685012367,0.0,0.4,2
16643,923.11,2,553,48,246.18472222222223,176.9423611111111,461.555,276.5,0.0056197972970336,0.0,0.3333333333333333,2
16644,833.78,2,826,62,178.0076388888889,34.99027777777778,416.89,413.0,0.0277852815189287,0.0,0.0,2
16645,160.39,1,117,14,736.1256944444444,0.0,160.39,117.0,0.0,0.0,0.0,0
16646,678.8,1,1072,29,449.9736111111111,0.0,678.8,1072.0,0.0,0.0,0.5,2
16647,541.9,4,396,28,170.04375,374.8298611111111,135.475,99.0,0.0079823353874296,0.25,0.0,0
16648,672.8,3,503,37,43.16111111111111,547.75,224.26666666666665,167.66666666666666,0.0036446469248291,0.0,0.25,0
16649,306.58000000000004,1,82,20,520.88125,0.0,306.58000000000004,82.0,0.0,0.0,0.0,0
16650,1916.11,7,1511,71,72.12430555555555,447.81458333333336,273.73,215.8571428571429,0.0133685495587914,0.0,0.0,2
16651,136.2,1,60,6,587.0444444444445,0.0,136.2,60.0,0.0,1.0,0.0,1
16652,17550.39,16,7477,124,59.13333333333333,573.9694444444444,1096.899375,467.3125,0.0260883428587992,0.1875,0.3333333333333333,2
16653,1212.66,2,733,67,16.915972222222223,55.050694444444446,606.33,366.5,0.0178409921573971,0.0,0.3333333333333333,2
16654,1484.07,8,640,64,141.89375,471.07916666666665,185.50875,80.0,0.0148280214300214,0.125,0.1111111111111111,2
16655,6423.26,13,3938,408,18.05902777777778,659.8229166666666,494.0969230769231,302.9230769230769,0.0181591765317864,0.5384615384615384,0.0714285714285714,2
16656,16833.170000000002,30,15433,22,22.92152777777778,713.0722222222222,561.1056666666667,514.4333333333333,0.0406121385169567,0.0666666666666666,0.3181818181818182,2
16657,874.43,4,1130,158,10.043055555555556,244.99027777777775,218.6075,282.5,0.0121956039364699,0.0,0.0,2
16658,690.83,6,277,49,368.9604166666667,250.89097222222225,115.13833333333334,46.16666666666666,0.0198498578805314,0.0,0.3333333333333333,0
16659,39.12,1,72,2,189.9076388888889,0.0,39.12,72.0,0.0,0.0,0.0,0
16660,1879.55,7,991,20,16.914583333333333,678.1555555555556,268.50714285714287,141.57142857142858,0.008834500359924,0.0,0.125,2
16661,932.76,4,364,50,540.8930555555555,181.98958333333331,233.19,91.0,0.0163943758182956,0.0,0.2,0
16662,151.05,1,35,28,394.82916666666665,0.0,151.05,35.0,0.0,0.0,0.0,0
16663,165.0,1,100,1,729.9847222222222,0.0,165.0,100.0,0.0,0.0,0.0,0
16664,109.2,1,24,8,569.81875,0.0,109.2,24.0,0.0,0.0,0.0,0
16665,135.39999999999998,1,59,9,362.9493055555556,0.0,135.39999999999998,59.0,0.0,1.0,0.0,1
16666,217.71,2,354,42,19.950694444444444,601.95,108.855,177.0,0.0016585123144539,1.0,0.0,1
16667,567.1800000000001,2,236,52,68.89166666666667,216.10347222222225,283.59000000000003,118.0,0.0046060986024968,0.5,0.0,1
16668,862.42,13,773,28,15.796527777777778,615.9708333333333,66.34,59.46153846153846,0.0194498659445003,0.0769230769230769,0.0,0
16669,1348.88,3,881,141,24.016666666666666,54.925694444444446,449.6266666666667,293.6666666666667,0.0357617374244098,0.0,0.4,2
16670,8030.150000000001,20,4534,258,17.136111111111113,712.7541666666667,401.5075000000001,226.7,0.0266198095749586,0.0,0.3939393939393939,2
16671,1692.27,3,875,3,28.96527777777778,136.09722222222223,564.09,291.6666666666667,0.0145881876203018,0.0,0.0,2
16672,8134.94,20,2832,22,2.847916666666667,264.2597222222222,406.747,141.6,0.0716279118474032,0.0,0.1304347826086956,2
16673,171.13,1,95,19,679.9361111111111,0.0,171.13,95.0,0.0,0.0,0.0,0
16674,304.24,2,181,89,55.05486111111111,43.89722222222223,152.12,90.5,0.0222730928664233,0.5,0.0,1
16675,608.86,2,296,21,442.02430555555554,36.96111111111111,304.43,148.0,0.0263427484267525,0.0,0.0,0
16676,2361.9,6,927,106,34.03402777777778,384.95416666666665,393.65,154.5,0.0129549061309093,0.3333333333333333,0.1428571428571428,2
16677,880.62,2,457,45,411.9145833333333,240.94583333333333,440.31,228.5,0.0041331565260819,0.5,0.3333333333333333,1
16678,3109.99,12,2397,92,3.0229166666666667,280.1201388888889,259.1658333333333,199.75,0.0391291781637447,0.1666666666666666,0.2941176470588235,2
16679,663.31,3,247,15,366.9576388888889,180.80277777777775,221.10333333333327,82.33333333333333,0.0110009320234075,0.0,0.0,0
16680,821.45,3,377,24,43.802083333333336,491.33680555555554,273.81666666666666,125.66666666666669,0.0040622597730494,0.0,0.0,0
16681,1921.84,7,1492,22,73.06875,568.8756944444444,274.5485714285714,213.14285714285717,0.0105286118683289,0.0,0.0,2
16682,1028.0,5,1040,15,5.0256944444444445,183.04930555555555,205.6,208.0,0.0217333066697858,0.2,0.0,2
16683,320.25,1,190,18,534.0930555555556,0.0,320.25,190.0,0.0,0.0,0.5,0
16684,147142.77,55,104810,184,4.947222222222222,728.0486111111111,2675.3230909090908,1905.636363636364,0.0740691350028099,0.1272727272727272,0.1538461538461538,2
16685,324.24,2,396,60,61.952777777777776,0.0097222222222222,162.12,198.0,0.9903713892709768,1.0,0.0,1
16686,4881.07,16,3419,549,47.95902777777778,685.9173611111111,305.066875,213.6875,0.0218366878597114,0.625,0.1111111111111111,1
16687,157.63,1,141,8,391.0444444444444,0.0,157.63,141.0,0.0,1.0,0.0,1
16688,1260.86,4,804,52,1.8930555555555555,59.12569444444444,315.215,201.0,0.0498954736027534,0.0,0.0,2
16689,422.6,2,330,12,76.04930555555555,6.923611111111111,211.3,165.0,0.126205083260298,1.0,0.3333333333333333,1
16690,353.03,4,209,12,72.90833333333333,379.00138888888887,88.2575,52.25,0.0078947079871784,0.25,0.2,0
16691,178.83,2,92,11,418.90763888888887,143.00555555555556,89.415,46.0,0.006944176536399,0.5,0.0,1
16692,1914.7,4,878,3,256.9194444444444,185.13541666666663,478.675,219.5,0.0161172981140522,0.0,0.0,2
16693,1179.48,5,658,149,69.06944444444444,587.9361111111111,235.896,131.6,0.0067919081960408,1.0,0.0,1
16694,98.3,1,26,3,723.8784722222222,0.0,98.3,26.0,0.0,0.0,0.0,0
16695,191.9,2,184,30,562.0097222222222,0.0083333333333333,95.95,92.0,0.9917355371900828,0.0,0.0,0
16696,657.9000000000001,4,146,7,135.93541666666667,112.96041666666666,164.47500000000002,36.5,0.0263249300744044,0.0,0.0,0
16697,112.75,1,27,20,241.8180555555556,0.0,112.75,27.0,0.0,0.0,0.0,0
16698,1998.0,2,840,4,227.08194444444445,26.888194444444444,999.0,420.0,0.0358574665703827,0.0,0.0,2
16699,994.6,7,640,51,380.925,355.0465277777778,142.0857142857143,91.42857142857144,0.0168517301304643,0.0,0.125,0
16700,8830.77,25,6644,263,9.07638888888889,729.00625,353.23080000000004,265.76,0.0328764308524755,0.08,0.1935483870967742,2
16701,9916.73,26,11046,154,9.069444444444445,729.6604166666667,381.4126923076923,424.84615384615387,0.0342156211418323,0.1923076923076923,0.2352941176470588,2
16702,1110.83,4,692,84,415.94444444444446,316.8958333333333,277.7075,173.0,0.0094370535421718,0.25,0.2,2
16704,664.16,2,433,50,618.95,53.99166666666667,332.08,216.5,0.0181845734202151,0.0,0.0,0
16705,43515.051,42,22302,400,1.0291666666666666,729.9402777777777,1036.072642857143,531.0,0.056092133990275,0.0476190476190476,0.3114754098360656,2
16706,531.35,3,249,108,37.958333333333336,76.91458333333334,177.11666666666667,83.0,0.0256691355383833,0.0,0.0,0
16707,533.41,4,396,64,400.9243055555556,239.9743055555556,133.3525,99.0,0.0124494600911231,0.0,0.0,0
16708,656.63,1,285,27,46.020833333333336,0.0,656.63,285.0,0.0,0.0,0.0,0
16709,9056.01,14,3261,220,85.07916666666667,645.9027777777778,646.8578571428571,232.92857142857144,0.0200957554157631,0.2142857142857142,0.0,2
16710,5921.35,22,4174,541,19.916666666666668,716.0479166666667,269.1522727272728,189.72727272727272,0.0292867457137627,0.4545454545454545,0.0434782608695652,2
16711,2868.48,9,1212,26,3.845833333333333,734.1319444444445,318.72,134.66666666666666,0.0108824001738161,0.1111111111111111,0.1,2
16712,4232.87,13,2074,301,9.959722222222222,391.91875,325.6053846153846,159.53846153846155,0.0305406652138641,0.0,0.0,2
16713,14115.56,32,8482,541,19.009722222222223,705.9909722222222,441.11125,265.0625,0.0438478017655026,0.0625,0.2195121951219512,2
16714,1497.33,4,828,95,219.0701388888889,451.99444444444447,374.3325,207.0,0.0066225977752977,0.25,0.4285714285714285,2
16715,625.52,2,1174,27,78.77430555555556,484.2361111111111,312.76,587.0,0.0020608523914474,0.0,0.0,2
16716,2149.6800000000003,3,912,7,267.11597222222224,363.9569444444445,716.5600000000001,304.0,0.0054800984895478,0.0,0.25,2
16717,6663.68,14,3145,274,24.023611111111112,708.8479166666667,475.9771428571429,224.64285714285717,0.0183137820014263,0.0,0.3,2
16718,3006.08,5,1924,123,369.99097222222224,363.9972222222222,601.216,384.8,0.0109589875113204,0.6,0.0,1
16719,3513.62,14,2356,204,15.140972222222222,711.9361111111111,250.97285714285712,168.28571428571428,0.0182344529858916,0.1428571428571428,0.1764705882352941,2
16720,758.74,3,460,130,26.852777777777774,695.9361111111111,252.91333333333333,153.33333333333334,0.0028697035038282,0.6666666666666666,0.25,1
16721,292.47,1,172,37,262.8625,0.0,292.47,172.0,0.0,0.0,0.0,0
16722,8189.56,22,7986,145,17.97361111111111,718.7534722222222,372.25272727272727,363.0,0.0291766567449309,0.0,0.1538461538461538,2
16723,1231.36,4,958,108,91.99236111111112,643.9847222222222,307.84,239.5,0.0046512729629685,0.0,0.0,2
16724,147.35,1,69,17,405.0486111111111,0.0,147.35,69.0,0.0,1.0,0.0,1
16725,1688.26,14,700,242,302.83194444444445,424.04027777777776,120.59,50.0,0.0305853366837783,0.1428571428571428,0.125,2
16726,2063.88,7,1323,150,26.914583333333333,384.9472222222222,294.84000000000003,189.0,0.0155461670781122,0.4285714285714285,0.0,2
16727,1377.77,4,1066,158,364.95972222222224,324.125,344.4425,266.5,0.0092272202998846,0.25,0.0,2
16728,1048.28,4,671,218,46.92638888888889,218.04722222222225,262.07,167.75,0.013695676984922,0.75,0.0,1
16729,7205.33,21,5722,234,38.93125,203.0048611111111,343.1109523809524,272.4761904761905,0.0980368795678207,0.0,0.1923076923076923,2
16730,743.11,3,994,75,52.94375,267.00694444444446,247.70333333333332,331.3333333333333,0.0074624931982483,0.0,0.25,2
16731,170.3,1,124,40,648.90625,0.0,170.3,124.0,0.0,0.0,0.0,0
16732,4387.64,4,2414,199,32.12222222222222,699.8680555555555,1096.91,603.5,0.0042804062422591,0.0,0.5555555555555556,2
16733,259.68,1,112,12,530.1097222222222,0.0,259.68,112.0,0.0,0.0,0.0,0
16734,646.76,3,345,44,52.9625,61.94722222222222,215.58666666666667,115.0,0.0317726490446141,0.0,0.0,0
16735,6217.41,14,4240,178,79.0423611111111,653.1006944444445,444.1007142857143,302.85714285714283,0.0198746158052032,0.1428571428571428,0.3636363636363636,2
16736,2956.56,5,1050,116,506.1118055555556,230.74791666666667,591.312,210.0,0.0172601335862422,0.0,0.375,2
16737,835.1999999999999,2,576,1,53.99097222222223,524.1319444444445,417.6,288.0,0.0019042833150398,0.0,0.0,0
16738,3.75,1,3,1,298.1277777777778,0.0,3.75,3.0,0.0,0.0,0.0,0
16739,786.43,2,391,33,177.14791666666667,359.98541666666665,393.215,195.5,0.0027701950101862,0.0,0.5,2
16740,226.91,1,110,30,395.9694444444444,0.0,226.91,110.0,0.0,0.0,0.0,0
16741,173.06,1,81,11,625.8993055555555,0.0,173.06,81.0,0.0,0.0,0.0,0
16742,2799.87,14,2558,51,47.03333333333333,676.7777777777778,199.9907142857143,182.7142857142857,0.0191803278688524,0.0714285714285714,0.0666666666666666,2
16743,4212.15,14,3707,118,29.98402777777778,566.9944444444444,300.86785714285713,264.7857142857143,0.0228875478046538,0.0,0.0666666666666666,2
16744,1291.91,7,798,198,11.988888888888887,161.91180555555556,184.55857142857144,114.0,0.0368297434279795,0.8571428571428571,0.0,1
16745,7180.7,17,6719,148,87.03611111111111,225.01875,422.3941176470588,395.2352941176471,0.0707905870641263,0.1176470588235294,0.0555555555555555,2
16746,18046.75,42,11900,390,5.011805555555555,730.98125,429.6845238095238,283.3333333333333,0.0560123637046713,0.1904761904761904,0.0869565217391304,2
16747,836.06,2,583,34,38.050694444444446,30.054861111111112,418.03,291.5,0.0322010778416333,0.0,0.5,2
16748,3637.33,14,2127,55,18.10625,711.9090277777777,259.8092857142857,151.92857142857142,0.0182351457106982,0.0714285714285714,0.0666666666666666,2
16749,4157.88,2,1910,53,591.9888888888889,132.95902777777778,2078.94,955.0,0.0074649690774023,0.0,0.0,2
16750,623.93,5,214,74,45.00138888888889,187.82986111111111,124.786,42.8,0.0211830903039552,0.0,0.0,0
16751,1764.72,1,1031,24,31.084722222222226,0.0,1764.72,1031.0,0.0,0.0,0.0,2
16752,207.5,1,54,9,373.02222222222224,0.0,207.5,54.0,0.0,0.0,0.0,0
16753,223.92,1,189,34,58.98333333333333,0.0,223.92,189.0,0.0,0.0,0.0,0
16754,65500.07,29,63551,38,372.8,269.25416666666666,2258.623103448276,2191.4137931034484,0.1036061732011532,0.0,0.1714285714285714,2
16755,2864.68,7,1985,219,114.97847222222222,615.9555555555555,409.24,283.57142857142856,0.0097251737924575,0.1428571428571428,0.3,2
16756,1312.37,7,707,64,215.13680555555555,425.7340277777778,187.48142857142855,101.0,0.0140602801966486,0.4285714285714285,0.2222222222222222,1
16757,270.48,2,180,13,319.03541666666666,90.86805555555556,135.24,90.0,0.0108851765061607,0.0,0.0,0
16758,369.34,1,203,22,65.91875,0.0,369.34,203.0,0.0,0.0,0.0,0
16759,789.79,3,609,40,8.005555555555556,23.15,263.2633333333333,203.0,0.082815734989648,0.0,0.25,2
16760,228.0,1,168,17,430.87152777777777,0.0,228.0,168.0,0.0,0.0,0.0,0
16761,316.62,1,341,13,97.06597222222224,0.0,316.62,341.0,0.0,1.0,0.0,1
16762,1207.24,3,480,51,20.04652777777778,124.95208333333332,402.41333333333336,160.0,0.0158790545346279,0.3333333333333333,0.0,2
16763,964.7,2,492,44,199.0402777777778,539.8513888888889,482.35,246.0,0.0018489367329801,0.0,0.3333333333333333,2
16764,2790.9500000000003,13,1253,209,4.047916666666667,139.76666666666668,214.68846153846155,96.3846153846154,0.0852474544162917,0.0769230769230769,0.2777777777777778,2
16765,454.75,2,311,52,294.88125,88.0826388888889,227.375,155.5,0.0112255318485488,0.0,0.0,0
16766,1145.6,2,536,17,273.89444444444445,0.075,572.8,268.0,0.9302325581395348,0.0,0.0,2
16767,8056.76,15,7102,209,31.13055555555556,559.7034722222222,537.1173333333334,473.4666666666666,0.0249686343915691,0.0666666666666666,0.0625,2
16768,1698.57,9,774,108,48.09166666666667,684.9520833333333,188.73,86.0,0.011662622206969,0.6666666666666666,0.3571428571428571,1
16769,1117.05,4,295,76,260.96458333333334,465.1048611111111,279.2625,73.75,0.0064363199148975,0.0,0.0,0
16770,1778.93,9,1052,202,58.02013888888889,416.84236111111113,197.6588888888889,116.88888888888889,0.0191459764364883,0.5555555555555556,0.1818181818181818,1
16771,3949.6,10,2308,303,33.97361111111111,697.0666666666667,394.96,230.8,0.0128927514086524,0.3,0.0,2
16772,3698.05,3,687,54,423.9798611111111,298.1034722222222,1232.6833333333332,229.0,0.0066866492225609,0.0,0.4,2
16773,421.24,3,252,53,57.925694444444446,675.9833333333333,140.41333333333333,84.0,0.0029542824786429,0.3333333333333333,0.0,0
16774,1567.48,8,774,89,68.00625,593.825,195.935,96.75,0.0117681671079729,0.0,0.1111111111111111,2
16775,2820.84,16,957,132,10.894444444444444,431.90833333333336,176.3025,59.8125,0.0346493676490404,0.0,0.0588235294117647,2
16776,592.51,2,435,105,60.99027777777778,355.03541666666666,296.255,217.5,0.0028087093395437,0.0,0.0,2
16777,1292.18,5,470,125,80.96458333333334,552.0409722222222,258.43600000000004,94.0,0.0072327371766457,0.4,0.1666666666666666,2
16778,245.94,2,194,16,74.95972222222223,199.93541666666667,122.97,97.0,0.0049767234496988,0.0,0.0,0
16779,32809.03,53,19411,293,2.9138888888888888,734.0770833333333,619.0383018867924,366.245283018868,0.0707408803498499,0.1132075471698113,0.1451612903225806,2
16780,596.4,3,352,73,100.86180555555556,306.85277777777776,198.8,117.33333333333331,0.0064966118364658,0.0,0.0,0
16781,623.0,2,192,36,372.9333333333333,297.0208333333333,311.5,96.0,0.0033554701153442,0.0,0.3333333333333333,0
16782,9636.12,38,4027,575,10.979166666666666,720.0569444444444,253.58210526315796,105.97368421052632,0.0513135616889558,0.3684210526315789,0.24,2
16783,391.95,1,163,25,437.0395833333333,0.0,391.95,163.0,0.0,0.0,0.0,0
16784,892.33,5,494,138,20.02083333333333,601.9756944444445,178.466,98.8,0.0066337665628221,0.8,0.0,1
16785,533.78,1,313,35,410.0930555555556,0.0,533.78,313.0,0.0,0.0,0.0,0
16786,51.84,1,72,1,394.18402777777777,0.0,51.84,72.0,0.0,0.0,0.0,0
16787,1017.53,4,472,102,398.0756944444444,300.9923611111111,254.3825,118.0,0.0099340261090121,1.0,0.0,1
16788,1928.93,5,965,348,123.91458333333334,547.0923611111111,385.786,193.0,0.0072980400454607,0.4,0.0,2
16789,80.8,1,32,5,8.901388888888889,0.0,80.8,32.0,0.0,0.0,0.0,0
16790,1545.62,6,898,88,4.039583333333334,34.020833333333336,257.6033333333333,149.66666666666666,0.1427721594289113,0.1666666666666666,0.25,2
16791,3957.63,15,1854,393,29.73472222222222,707.0444444444445,263.842,123.6,0.0197727700709308,0.2,0.1666666666666666,2
16792,623.46,5,324,90,282.92291666666665,422.0375,124.692,64.8,0.009455426528381,0.2,0.0,0
16793,243.84,1,146,16,57.90416666666667,0.0,243.84,146.0,0.0,0.0,0.0,0
16794,2052.7,15,1576,245,1.788888888888889,623.1090277777778,136.84666666666666,105.06666666666666,0.022431978030904,0.4666666666666667,0.1176470588235294,2
16795,2062.41,3,1214,306,365.9458333333333,318.0375,687.4699999999999,404.6666666666667,0.0062688555420601,0.0,0.4,2
16796,305.62,1,186,18,89.95069444444445,0.0,305.62,186.0,0.0,1.0,0.0,1
16797,1802.02,5,898,289,393.73333333333335,344.2368055555556,360.404,179.6,0.0115862501785207,0.2,0.4444444444444444,2
16798,841.16,3,205,141,554.7423611111111,174.9763888888889,280.38666666666666,68.33333333333333,0.0113651610459105,0.3333333333333333,0.25,0
16799,452.78,2,162,81,432.93194444444447,21.070833333333333,226.39,81.0,0.0453086652822352,1.0,0.3333333333333333,1
16800,1162.65,1,524,148,11.947222222222225,0.0,1162.65,524.0,0.0,0.0,0.0,2
16801,1594.23,4,493,72,163.88680555555555,110.06736111111113,398.5575,123.25,0.0270106354377035,0.25,0.2,2
16802,582.61,2,369,48,679.9625,51.03055555555556,291.305,184.5,0.0192194757354118,0.0,0.0,0
16803,332.3,1,245,24,65.93194444444444,0.0,332.3,245.0,0.0,0.0,0.0,0
16804,536.99,3,246,59,23.838194444444444,247.03819444444449,178.99666666666667,82.0,0.0080632743053125,0.0,0.0,0
16805,1091.34,5,1120,213,174.06041666666667,557.8708333333333,218.268,224.0,0.0071572888786168,0.2,0.0,2
16806,762.16,4,356,68,103.89097222222222,135.8111111111111,190.54,89.0,0.0219280435312271,0.25,0.0,0
16807,2123.88,6,1433,107,143.03472222222223,480.8902777777778,353.98,238.83333333333331,0.0103758059263144,0.1666666666666666,0.25,2
16808,288.42,2,196,21,99.71944444444443,175.02013888888888,144.21,98.0,0.0056811681112877,0.0,0.0,0
16809,1727.43,9,1093,113,23.87847222222222,582.0076388888889,191.93666666666667,121.44444444444444,0.0137219471347692,0.3333333333333333,0.1,2
16810,842.0400000000001,2,372,34,192.8875,228.0,421.02,186.0,0.0043668122270742,0.0,0.5,2
16811,547.07,2,477,26,5.049305555555556,12.76388888888889,273.535,238.5,0.0726538849646821,0.0,0.0,2
16812,2392.0,4,1116,98,361.0104166666667,21.915972222222223,598.0,279.0,0.1309130579714536,0.0,0.2,2
16813,1652.18,10,1501,248,8.949305555555556,196.02430555555557,165.21800000000002,150.1,0.0456796433040198,0.4,0.0,2
16814,11924.85,36,4844,247,14.974305555555556,593.0291666666667,331.24583333333334,134.55555555555554,0.0589196658413237,0.1111111111111111,0.027027027027027,2
16815,406.02,2,237,66,454.07708333333335,82.95416666666667,203.01,118.5,0.0119112611047694,0.5,0.0,1
16816,417.06,4,274,28,103.94027777777778,254.88541666666663,104.265,68.5,0.0117239975575005,0.5,0.0,1
16817,2560.7,13,1401,107,3.074305555555556,429.08125,196.97692307692307,107.76923076923076,0.0279017046197666,0.0,0.2777777777777778,2
16818,3349.57,11,2164,172,11.089583333333334,194.95763888888888,304.50636363636363,196.72727272727272,0.0510314374918048,0.0909090909090909,0.1538461538461538,2
16819,182.59,2,253,17,465.8006944444445,0.0041666666666666,91.295,126.5,0.995850622406639,0.0,0.0,0
16820,497.61,1,307,26,96.03055555555557,0.0,497.61,307.0,0.0,0.0,0.0,0
16821,113.35,1,13,7,382.1152777777778,0.0,113.35,13.0,0.0,0.0,0.0,0
16822,181.39,1,171,11,686.9361111111111,0.0,181.39,171.0,0.0,0.0,0.6666666666666666,0
16823,2243.09,7,1166,149,227.90972222222223,510.2104166666667,320.4414285714286,166.57142857142858,0.0117368500413642,0.1428571428571428,0.125,2
16824,686.24,3,390,34,16.008333333333333,378.0118055555556,228.74666666666667,130.0,0.0052768804841537,0.0,0.0,0
16825,1826.89,5,1297,48,39.04097222222222,495.9423611111111,365.378,259.4,0.0080492232359833,0.0,0.0,2
16826,341.7,1,158,22,51.94791666666666,0.0,341.7,158.0,0.0,0.0,0.0,0
16827,392.13,5,125,10,393.9486111111111,195.78958333333333,78.426,25.0,0.0203262791263934,0.0,0.0,0
16828,128.5,2,59,8,93.90277777777776,19.073611111111116,64.25,29.5,0.0498166470628935,0.0,0.0,0
16829,513.32,2,215,25,157.0847222222222,231.6923611111111,256.66,107.5,0.0042975196745822,0.0,0.0,0
16830,1207.5,4,699,65,39.052083333333336,687.975,301.875,174.75,0.0043542944228745,0.25,0.2,2
16831,91.8,1,48,6,565.1541666666667,0.0,91.8,48.0,0.0,0.0,0.0,0
16832,417.61,5,179,19,184.88472222222225,274.12569444444443,83.522,35.8,0.0145388092816162,0.0,0.0,0
16833,2409.04,6,878,87,1.9243055555555555,621.9638888888888,401.50666666666666,146.33333333333334,0.008026147404656,0.3333333333333333,0.0,2
16834,898.96,2,760,43,228.1340277777778,446.8006944444445,449.48,380.0,0.0022331363314222,0.0,0.0,2
16835,1456.66,6,496,58,128.95833333333334,441.2145833333333,242.77666666666667,82.66666666666667,0.0113067279742583,0.0,0.4,2
16836,782.37,4,539,42,40.114583333333336,534.8840277777778,195.5925,134.75,0.005598226191664,0.0,0.0,0
16837,3170.98,11,1563,123,31.93263888888889,214.23541666666668,288.2709090909091,142.0909090909091,0.0464607551808581,0.0,0.0833333333333333,2
16838,1159.61,4,509,53,197.98402777777775,465.9069444444444,289.9025,127.25,0.0064252631829444,0.5,0.3333333333333333,1
16839,21758.25,44,11295,132,9.157638888888888,657.7506944444444,494.5056818181818,256.70454545454544,0.0652750735029796,0.0681818181818181,0.1372549019607843,2
16840,139.85,2,117,9,603.8763888888889,71.12916666666666,69.925,58.5,0.0138640170989544,0.0,0.3333333333333333,0
16841,4006.06,12,3478,187,37.04097222222222,660.0131944444445,333.8383333333333,289.8333333333333,0.0166411201659069,0.0833333333333333,0.1428571428571428,2
16842,1264.19,3,693,45,101.08888888888887,201.8270833333333,421.3966666666667,231.0,0.0098606160830756,0.0,0.25,2
16843,19571.43,35,18502,317,43.15555555555556,686.8930555555555,559.1837142857142,528.6285714285714,0.0494262875971919,0.1428571428571428,0.0789473684210526,2
16844,614.34,2,281,26,563.0979166666667,20.05069444444445,307.17,140.5,0.0475043710619206,0.0,0.0,0
16845,253.88,1,167,20,618.9868055555555,0.0,253.88,167.0,0.0,0.0,0.0,0
16846,842.41,3,517,47,50.95486111111112,589.0777777777778,280.80333333333334,172.33333333333334,0.0033893836970644,0.0,0.0,2
16847,614.89,2,255,37,43.97291666666667,574.9979166666667,307.445,127.5,0.0017361173904708,0.0,0.0,0
16848,1411.62,4,780,75,53.172222222222224,379.9034722222222,352.905,195.0,0.007876011164975,0.75,0.0,1
16849,124.57,1,33,8,187.1486111111111,0.0,124.57,33.0,0.0,0.0,0.0,0
16850,332.41,1,249,19,334.0701388888889,0.0,332.41,249.0,0.0,0.0,0.0,0
16851,342.45,3,271,17,4.970833333333333,47.15555555555556,114.15,90.33333333333331,0.0415320719889247,0.0,0.0,0
16852,144.91000000000005,2,56,9,10.977777777777778,165.89791666666667,72.45500000000001,28.0,0.0059916865349327,0.0,0.0,0
16854,1408.96,2,997,72,417.8465277777778,223.08263888888888,704.48,498.5,0.0044626393412648,0.0,0.0,2
16855,328.4,2,164,19,24.03263888888889,19.81388888888889,164.2,82.0,0.0480448418523955,0.0,0.0,0
16856,358.49,3,171,16,15.160416666666666,427.825,119.49666666666668,57.0,0.0046639071882469,0.0,0.0,0
16857,352.8,1,168,11,443.0840277777778,0.0,352.8,168.0,0.0,0.0,0.0,0
16858,4292.59,10,1423,75,369.12361111111113,355.94652777777776,429.259,142.3,0.0252138606194905,0.2,0.375,2
16859,1932.41,7,1899,87,145.02152777777778,500.9875,276.05857142857144,271.2857142857143,0.0119524888567942,0.0,0.3,2
16860,1610.62,3,625,35,453.1145833333333,209.84652777777777,536.8733333333333,208.33333333333331,0.0094855723785402,0.0,0.25,2
16861,946.59,5,616,39,60.15625,448.88958333333335,189.318,123.2,0.008891070494149,0.2,0.1666666666666666,2
16862,662.33,4,513,34,547.9895833333334,154.00555555555556,165.5825,128.25,0.0193541450127235,0.0,0.0,0
16863,834.27,3,640,43,31.891666666666666,378.22430555555553,278.09,213.33333333333331,0.0052739235610703,0.0,0.4,2
16864,409.25,2,283,17,434.8569444444444,164.18055555555554,204.625,141.5,0.0060539813335575,0.0,0.0,0
16865,130.95,1,157,15,402.0527777777778,0.0,130.95,157.0,0.0,0.0,0.0,0
16866,207.74,3,60,10,141.11388888888888,20.897222222222226,69.24666666666666,20.0,0.0913357858683242,0.3333333333333333,0.0,0
16867,76.74000000000001,1,58,6,690.1520833333333,0.0,76.74000000000001,58.0,0.0,0.0,0.0,0
16868,384.56,3,112,47,394.98125,199.07361111111112,128.18666666666667,37.333333333333336,0.0099963207985949,0.6666666666666666,0.0,1
16869,817.12,4,583,113,23.03333333333333,152.95902777777778,204.28,145.75,0.0194857037180707,0.0,0.2,2
16870,450.16,1,278,28,469.95625,0.0,450.16,278.0,0.0,0.0,0.0,0
16871,2812.34,6,1253,131,22.72430555555556,248.37222222222223,468.72333333333336,208.83333333333331,0.0200503486532849,0.1666666666666666,0.1428571428571428,2
16872,1213.13,6,1079,12,77.86458333333333,385.9368055555556,202.18833333333336,179.83333333333334,0.012922006715854,0.1666666666666666,0.0,2
16873,14617.39,12,8601,252,5.03125,663.9083333333333,1218.1158333333333,716.75,0.0165436338342378,0.25,0.2941176470588235,2
16874,209.89,1,78,31,379.9875,0.0,209.89,78.0,0.0,0.0,0.0,0
16875,4234.53,11,2099,161,67.96597222222222,636.1826388888888,384.9572727272727,190.8181818181818,0.0156940873615732,0.0,0.45,2
16876,136.01,1,181,32,404.03541666666666,0.0,136.01,181.0,0.0,0.0,0.0,0
16877,846.62,6,458,111,12.960416666666667,195.8986111111111,141.10333333333332,76.33333333333333,0.0253937799346815,1.0,0.0,1
16878,13.3,1,12,3,84.79930555555555,0.0,13.3,12.0,0.0,0.0,0.5,0
16880,1813.21,8,904,130,31.053472222222226,462.9020833333333,226.65125,113.0,0.0150893911700116,0.375,0.0,2
16881,432.0,1,600,1,67.09513888888888,0.0,432.0,600.0,0.0,0.0,0.0,0
16882,705.12,3,424,39,67.08888888888889,250.70763888888888,235.04,141.33333333333334,0.0079457262752476,0.0,0.0,0
16883,2246.06,19,1016,159,187.9993055555556,548.0305555555556,118.21368421052632,53.47368421052632,0.0327850605359952,0.2105263157894736,0.05,2
16884,1070.97,4,520,64,38.040277777777774,532.9944444444444,267.7425,130.0,0.0056180359762377,0.0,0.0,2
16885,684.6,4,358,121,15.96527777777778,370.0340277777778,171.15,89.5,0.0080855117735906,0.0,0.0,0
16886,134.0,1,48,8,456.9041666666666,0.0,134.0,48.0,0.0,0.0,0.5,0
16887,658.17,3,423,94,35.946527777777774,703.0180555555555,219.39,141.0,0.0028408362317096,0.0,0.0,2
16888,434.2,3,145,44,401.0076388888889,300.98055555555555,144.73333333333332,48.333333333333336,0.0066229429783006,0.0,0.0,0
16889,2526.65,6,1611,163,195.07291666666663,371.0131944444444,421.10833333333335,268.5,0.0134403834989425,0.8333333333333334,0.0,1
16890,285.41,3,243,17,477.0604166666666,105.78888888888888,95.13666666666668,81.0,0.0187285402143377,0.0,0.0,0
16891,1727.94,11,652,335,2.0659722222222223,733.9430555555556,157.08545454545455,59.27272727272727,0.0136064963460887,0.0,0.0,2
16892,754.75,7,367,119,1.980555555555556,729.9569444444444,107.82142857142856,52.42857142857143,0.0082084178084664,0.0,0.2222222222222222,0
16893,249.89,2,117,80,367.0305555555556,9.869444444444444,124.945,58.5,0.0920010222335803,0.5,0.0,1
16894,1306.96,3,503,186,502.8798611111111,33.05694444444445,435.65333333333336,167.66666666666666,0.0587251743403613,0.3333333333333333,0.4,2
16895,1102.9,5,421,135,65.02430555555556,601.0472222222222,220.58,84.2,0.006643997102479,0.0,0.0,2
16896,103.95,1,18,18,555.8819444444445,0.0,103.95,18.0,0.0,0.0,0.0,0
16897,289.78,2,73,37,299.90833333333336,14.131944444444445,144.89,36.5,0.0660853602569986,1.0,0.3333333333333333,1
16898,885.21,5,695,223,26.879166666666663,550.1430555555555,177.042,139.0,0.0072576438361687,0.2,0.1666666666666666,2
16899,1695.77,8,811,101,8.032638888888888,389.87708333333336,211.97125,101.375,0.0179084430847293,0.375,0.0,2
16900,887.11,3,833,78,17.095833333333335,46.88541666666666,295.7033333333333,277.6666666666667,0.0417663693713291,0.3333333333333333,0.4,2
16901,204.26,1,42,23,729.8472222222222,0.0,204.26,42.0,0.0,0.0,0.0,0
16902,1706.88,1,629,43,116.93958333333332,0.0,1706.88,629.0,0.0,0.0,0.0,2
16903,1041.75,3,717,148,29.8875,386.03472222222223,347.25,239.0,0.0051674950209032,0.0,0.25,2
16904,4675.36,21,2607,484,4.986111111111111,406.8798611111111,222.63619047619045,124.14285714285714,0.0490340463133377,0.0952380952380952,0.0,2
16905,4706.77,17,1913,171,5.950694444444444,723.7479166666667,276.86882352941177,112.52941176470588,0.0220766415908979,0.2941176470588235,0.15,2
16906,1410.92,7,590,180,82.0423611111111,493.9347222222222,201.56,84.28571428571429,0.0121228108083838,0.0,0.0,2
16907,1470.89,9,451,109,29.781944444444445,497.0236111111111,163.43222222222224,50.11111111111112,0.0160634954277602,0.0,0.0,2
16908,252.59,1,61,20,722.96875,0.0,252.59,61.0,0.0,0.0,0.5,0
16909,379.14,1,436,18,72.83680555555556,0.0,379.14,436.0,0.0,0.0,0.5,0
16910,1508.96,8,884,318,4.999305555555556,86.94236111111111,188.62,110.5,0.0795975899618594,0.0,0.0,2
16911,255.25,2,161,30,636.0222222222222,25.8375,127.625,80.5,0.0372612948299953,0.5,0.3333333333333333,1
16912,4460.51,15,1689,130,29.022222222222226,701.9902777777778,297.36733333333336,112.6,0.0199149269094522,0.0666666666666666,0.1666666666666666,2
16913,423.91,3,229,18,290.99583333333334,361.03472222222223,141.3033333333333,76.33333333333333,0.0055243319970076,0.0,0.0,0
16914,183.76,1,112,25,36.890972222222224,0.0,183.76,112.0,0.0,0.0,0.0,0
16915,1543.18,11,190,54,9.840972222222222,560.1298611111112,140.2890909090909,17.272727272727273,0.0178211866682672,0.0,0.0,0
16916,902.02,4,649,180,24.029166666666665,391.9666666666666,225.505,162.25,0.007634235304097,0.0,0.0,2
16917,1851.88,2,792,45,277.03819444444446,355.8548611111111,925.94,396.0,0.0028022597110948,0.0,0.3333333333333333,2
16918,3206.54,16,2066,280,50.0,687.0159722222222,200.40875,129.125,0.0218018194425799,0.0625,0.1578947368421052,2
16919,4909.66,24,2333,230,156.96875,320.9215277777778,204.56916666666663,97.20833333333331,0.071445982997064,0.0,0.1428571428571428,2
16920,355.45,1,81,23,411.94652777777776,0.0,355.45,81.0,0.0,1.0,0.0,1
16921,409.21,3,275,78,61.852777777777774,539.0333333333333,136.40333333333334,91.66666666666669,0.0037034750941299,0.6666666666666666,0.0,1
16922,611.08,1,281,122,573.0597222222223,0.0,611.08,281.0,0.0,1.0,0.0,1
16923,13157.13,32,6190,431,12.993055555555555,665.0736111111111,411.1603125,193.4375,0.0465414024559347,0.78125,0.2195121951219512,1
16924,829.89,3,467,69,21.997916666666665,62.99930555555556,276.63,155.66666666666666,0.0312503390878807,0.0,0.25,2
16925,125.65,1,123,18,540.9076388888889,0.0,125.65,123.0,0.0,0.0,0.0,0
16926,1169.61,5,197,63,371.9638888888889,155.03125,233.92200000000005,39.4,0.0256358902463448,0.0,0.1666666666666666,0
16927,543.05,3,993,5,116.06944444444444,245.9673611111111,181.01666666666665,331.0,0.0080982361029488,0.0,0.0,0
16928,3897.53,29,2587,135,80.90277777777777,594.1111111111111,134.39758620689653,89.20689655172414,0.0470500373412994,0.1724137931034483,0.1212121212121212,2
16929,1295.39,7,929,51,4.175694444444445,151.83194444444445,185.0557142857143,132.71428571428572,0.0392588082407146,0.0,0.0,2
16930,378.89,3,339,47,26.85902777777778,42.075,126.29666666666668,113.0,0.0464306442251886,1.0,0.0,1
16931,5032.22,23,3357,466,5.982638888888889,391.99375,218.79217391304348,145.95652173913044,0.0559805340415719,0.8695652173913043,0.0,1
16932,412.55,3,217,116,53.94305555555555,517.9979166666667,137.51666666666668,72.33333333333333,0.0038535800159763,0.0,0.0,0
16933,3099.3,9,1533,213,1.9972222222222225,728.9104166666667,344.3666666666667,170.33333333333334,0.0109602491173288,0.0,0.4375,2
16934,2083.14,6,936,128,55.00694444444444,566.9979166666667,347.19,156.0,0.0088028491888541,0.8333333333333334,0.1428571428571428,1
16935,530.86,3,273,55,382.1486111111111,39.83819444444445,176.95333333333335,91.0,0.0489737616270171,0.0,0.0,0
16936,548.29,2,339,122,26.073611111111116,359.96527777777777,274.145,169.5,0.002770349564247,0.0,0.0,0
16937,196.25,1,123,49,499.7875,0.0,196.25,123.0,0.0,0.0,0.0,0
16938,6995.360000000001,9,5041,547,9.104166666666666,651.8145833333333,777.2622222222222,560.1111111111111,0.0122546281964953,0.1111111111111111,0.1,2
16939,433.85,3,229,38,489.0180555555556,160.95208333333332,144.61666666666667,76.33333333333333,0.0123493317210594,1.0,0.0,1
16940,6427.66,8,4503,360,52.982638888888886,679.0048611111112,803.4575,562.875,0.0102940440581,0.0,0.2727272727272727,2
16941,33.0,1,12,2,612.0673611111112,0.0,33.0,12.0,0.0,0.0,0.0,0
16942,1904.99,9,805,159,13.006944444444445,215.02847222222223,211.6655555555556,89.44444444444444,0.0370321556122038,0.2222222222222222,0.1,2
16943,1299.49,5,147,24,212.0368055555556,412.9326388888889,259.898,29.4,0.0096634080625705,0.0,0.2857142857142857,0
16944,101.36,1,27,7,610.0743055555556,0.0,101.36,27.0,0.0,0.0,0.0,0
16945,8548.16,33,5889,231,22.04930555555556,709.0041666666667,259.0351515151515,178.45454545454547,0.0450701580389786,0.1212121212121212,0.0571428571428571,2
16946,1222.04,5,509,69,383.9472222222222,264.13680555555555,244.408,101.8,0.0150865512301039,0.2,0.1666666666666666,2
16947,955.21,5,655,50,236.13333333333333,410.9472222222222,191.042,131.0,0.0097099817263538,0.0,0.5,2
16948,868.77,7,2091,20,139.00277777777777,517.9569444444444,124.11,298.7142857142857,0.0115616527810859,0.2857142857142857,0.0,2
16949,1286.27,6,791,57,4.071527777777778,312.9555555555556,214.37833333333333,131.83333333333334,0.0159258210645526,0.1666666666666666,0.1428571428571428,2
16950,3541.77,10,2432,111,57.15555555555556,627.9027777777778,354.177,243.2,0.0143106380159448,0.6,0.1666666666666666,1
16951,1277.75,3,1318,73,135.03125,169.8798611111111,425.9166666666667,439.3333333333333,0.0117041293631409,0.0,0.25,2
16952,795.83,5,343,76,109.99097222222224,618.9659722222223,159.166,68.6,0.0064519670098381,0.0,0.0,0
16953,20.8,1,10,1,30.872222222222224,0.0,20.8,10.0,0.0,0.0,0.0,0
16954,6081.88,20,4086,83,1.1277777777777778,689.7895833333333,304.094,204.3,0.0275047575389273,0.15,0.0476190476190476,2
16955,1120.31,6,723,33,185.0930555555556,492.9569444444445,186.71833333333333,120.5,0.0101223397225916,0.1666666666666666,0.3333333333333333,2
16956,308.74,1,114,16,18.1625,0.0,308.74,114.0,0.0,0.0,0.5,0
16957,416.64,2,172,15,239.95416666666668,42.18819444444444,208.32,86.0,0.0231544757279992,0.0,0.0,0
16958,778.49,1,514,69,435.93402777777777,0.0,778.49,514.0,0.0,0.0,0.0,2
16959,117.35,1,49,7,87.90763888888888,0.0,117.35,49.0,0.0,0.0,0.0,0
16960,1990.88,8,1492,334,39.052083333333336,608.9159722222222,248.86,186.5,0.0114769907967741,0.125,0.1111111111111111,2
16961,794.56,3,482,52,116.96111111111112,415.96527777777777,264.8533333333333,160.66666666666666,0.0047965624635677,0.0,0.5,2
16962,251.04,1,158,15,410.0513888888889,0.0,251.04,158.0,0.0,0.0,0.0,0
16963,110.55,1,35,7,187.9597222222222,0.0,110.55,35.0,0.0,1.0,0.0,1
16964,207.85,2,49,6,733.9979166666667,0.0013888888888888,103.925,24.5,0.9986130374479888,1.0,0.0,1
16965,201.19,1,291,26,227.02916666666667,0.0,201.19,291.0,0.0,0.0,0.0,0
16966,2154.97,7,1981,8,8.965277777777779,231.9743055555556,307.8528571428571,283.0,0.0257539130149664,0.0,0.3,2
16967,319.02,1,333,21,189.93472222222223,0.0,319.02,333.0,0.0,0.0,0.0,0
16968,439.43,2,326,31,4.908333333333333,103.17430555555556,219.715,163.0,0.0095992960516228,0.0,0.0,0
16969,650.41,3,816,42,39.984722222222224,152.04305555555555,216.8033333333333,272.0,0.0130682179125336,0.0,0.0,2
16970,71.4,1,12,2,626.9583333333334,0.0,71.4,12.0,0.0,0.0,0.0,0
16971,357.21,1,72,40,38.90555555555556,0.0,357.21,72.0,0.0,0.0,0.5,0
16972,749.0,2,183,54,383.07708333333335,73.98541666666667,374.5,91.5,0.0133359264301391,0.0,0.0,0
16973,127.0,1,60,6,386.95416666666665,0.0,127.0,60.0,0.0,0.0,0.0,0
16974,365.5,2,70,5,523.1055555555556,41.982638888888886,182.75,35.0,0.0232652072057516,0.0,0.0,0
16975,926.12,3,586,44,423.7895833333333,82.26041666666667,308.70666666666665,195.33333333333331,0.0240210183910922,0.0,0.4,2
16976,251.52,1,88,2,267.84513888888887,0.0,251.52,88.0,0.0,0.0,0.0,0
16977,496.0,4,142,25,395.98125,236.09097222222223,124.0,35.5,0.0126533708638561,0.5,0.0,1
16978,768.88,3,285,65,78.0,588.8493055555556,256.2933333333333,95.0,0.0033906965409008,0.0,0.0,0
16979,2859.74,9,1451,82,4.020138888888889,446.91041666666666,317.74888888888887,161.22222222222223,0.0178607143355488,0.2222222222222222,0.25,2
16980,1422.8300000000002,3,990,91,255.8430555555556,173.10486111111112,474.2766666666667,330.0,0.011487330033385,0.0,0.0,2
16982,384.06,1,182,22,61.015277777777776,0.0,384.06,182.0,0.0,0.0,0.0,0
16983,3490.53,11,2315,151,13.02777777777778,433.9805555555556,317.3209090909091,210.45454545454547,0.0229895333763322,1.0,0.0833333333333333,1
16984,10350.53,9,5127,669,88.96319444444444,553.9229166666667,1150.058888888889,569.6666666666666,0.0144164166945108,0.3333333333333333,0.5263157894736842,2
16985,10923.16,23,3103,130,17.97013888888889,711.9993055555556,474.92,134.91304347826087,0.0308555700245149,0.1304347826086956,0.1153846153846153,2
16986,4888.75,11,2539,65,30.038194444444443,643.88125,444.4318181818182,230.8181818181818,0.0155067308903771,0.0,0.0,2
16987,2521.4,11,671,155,3.808333333333333,734.1194444444444,229.21818181818185,61.0,0.0136032315232218,0.2727272727272727,0.0833333333333333,2
16988,382.67,2,158,20,5.866666666666666,374.27777777777777,191.335,79.0,0.0026646928201332,0.5,0.0,1
16989,1133.25,6,1233,7,7.840972222222222,143.3111111111111,188.875,205.5,0.0346473668001231,0.0,0.0,2
16990,344.0,2,200,1,219.18055555555557,203.86666666666667,172.0,100.0,0.004881223560039,0.0,0.0,0
16991,1041.21,1,793,74,421.9458333333333,0.0,1041.21,793.0,0.0,0.0,0.0,2
16992,5476.5,13,2061,212,11.041666666666666,655.9680555555556,421.2692307692308,158.53846153846155,0.0182657282930634,0.0,0.1333333333333333,2
16993,1950.95,2,285,19,464.0236111111111,112.93125,975.475,142.5,0.0087772231060398,0.0,0.3333333333333333,2
16996,2123.61,9,919,32,30.838194444444444,387.1798611111111,235.95666666666668,102.11111111111111,0.020609003200478,0.0,0.3076923076923077,2
16997,702.0,3,360,7,288.80694444444447,37.234027777777776,234.0,120.0,0.0523094247779573,0.0,0.0,0
16998,402.0,5,104,2,150.12916666666666,294.7951388888889,80.4,20.8,0.0135228726713542,0.0,0.2857142857142857,0
16999,484.82,2,294,21,23.95625,50.92361111111112,242.41,147.0,0.0192590611207703,0.0,0.0,0
17000,406.3,2,305,26,396.96875,11.971527777777778,203.15,152.5,0.077091921409069,0.0,0.0,0
17001,6640.8,19,3782,108,1.1333333333333333,623.8729166666667,349.5157894736842,199.05263157894737,0.0288058571909621,0.2105263157894736,0.0,2
17002,2571.55,7,1265,64,86.00694444444444,555.8708333333333,367.36428571428576,180.7142857142857,0.0107744913916303,0.1428571428571428,0.125,2
17003,828.21,4,494,90,402.9826388888889,176.07986111111111,207.0525,123.5,0.0169415086570324,0.0,0.0,0
17004,2324.36,4,1233,48,46.93402777777778,377.9458333333333,581.09,308.25,0.0079166987366268,0.0,0.0,2
17005,622.36,2,691,14,471.0784722222222,118.00138888888888,311.18,345.5,0.0084032632672354,0.0,0.3333333333333333,0
17006,1635.27,8,572,103,5.028472222222222,639.9416666666667,204.40875,71.5,0.0109214307074226,0.25,0.0,2
17007,1120.1,7,717,63,51.08541666666667,386.8722222222222,160.0142857142857,102.42857142857144,0.0154690118452525,0.1428571428571428,0.125,2
17008,81.36,1,24,1,429.8965277777778,0.0,81.36,24.0,0.0,0.0,0.0,0
17009,242.06,1,336,10,551.8673611111111,0.0,242.06,336.0,0.0,1.0,0.0,1
17010,195.36,1,118,11,18.917361111111116,0.0,195.36,118.0,0.0,0.0,0.5,0
17011,671.7,3,792,27,30.97222222222222,621.1548611111111,223.9,264.0,0.0032146337270887,0.0,0.25,2
17012,360.61,1,251,34,725.8027777777778,0.0,360.61,251.0,0.0,0.0,0.0,0
17014,583.4300000000001,3,243,63,8.94513888888889,58.10625,194.4766666666667,81.0,0.033837369144549,0.0,0.25,0
17015,1838.61,3,1978,182,29.08680555555556,156.89305555555555,612.87,659.3333333333334,0.012666801544646,0.0,0.0,2
17016,552.4,1,309,41,577.0125,0.0,552.4,309.0,0.0,0.0,0.0,0
17017,12576.99,29,9397,120,3.1375,733.8402777777778,433.6893103448276,324.0344827586207,0.0381035183382632,0.0344827586206896,0.2926829268292683,2
17018,2287.7,6,456,26,41.047222222222224,694.0520833333334,381.2833333333333,76.0,0.0071937055076807,0.3333333333333333,0.0,2
17019,3602.29,11,2396,344,11.988888888888887,726.0513888888889,327.4809090909091,217.8181818181818,0.0137541859527734,0.0,0.1538461538461538,2
17020,935.62,2,860,64,542.9888888888889,104.02708333333334,467.81,430.0,0.0095213536191061,0.0,0.0,2
17021,1182.22,6,992,35,442.7006944444444,146.99722222222223,197.03666666666663,165.33333333333334,0.0337844178757108,0.3333333333333333,0.0,2
17022,260.0,2,180,16,31.820138888888888,401.2791666666666,130.0,90.0,0.0024858359141143,0.5,0.0,1
17023,800.18,3,530,48,417.88402777777776,280.01944444444445,266.72666666666663,176.66666666666666,0.0071169452489448,0.0,0.0,0
17024,95.85,3,69,2,45.96041666666667,112.17777777777778,31.95,23.0,0.0176713135676418,0.0,0.0,0
17025,1349.67,5,885,31,61.15555555555556,580.8118055555556,269.934,177.0,0.0068750753453352,0.0,0.0,2
17026,175.82999999999998,3,107,4,185.93194444444444,231.9625,58.60999999999999,35.666666666666664,0.0085850727048344,0.3333333333333333,0.0,0
17027,1310.63,9,645,126,79.01805555555555,651.0097222222222,145.62555555555556,71.66666666666667,0.0122697556912707,0.1111111111111111,0.1,2
17028,1593.83,3,856,85,581.8868055555556,140.04513888888889,531.2766666666666,285.3333333333333,0.0141798577090667,0.0,0.0,2
17029,2137.3,7,1265,19,111.07222222222222,553.0326388888889,305.3285714285715,180.7142857142857,0.0108296868791574,0.4285714285714285,0.0,2
17030,146.87,1,146,11,64.1673611111111,0.0,146.87,146.0,0.0,0.0,0.0,0
17031,2773.85,6,1595,34,12.102083333333333,569.8131944444444,462.3083333333333,265.8333333333333,0.0087594331186866,0.0,0.0,2
17032,2984.32,8,1667,183,548.0236111111111,181.86111111111111,373.04,208.375,0.0382804192617347,0.0,0.3846153846153846,2
17033,1332.79,4,871,33,86.92777777777778,311.06875,333.1975,217.75,0.0096132663075043,0.25,0.0,2
17034,1276.42,5,694,49,16.9,497.0965277777778,255.284,138.8,0.0080305719412374,0.0,0.2857142857142857,2
17035,613.59,4,327,29,246.06041666666667,491.0319444444444,153.3975,81.75,0.0060971651005044,0.0,0.2,0
17036,176.9,1,76,12,383.9333333333333,0.0,176.9,76.0,0.0,1.0,0.0,1
17037,1267.32,1,656,75,88.00069444444445,0.0,1267.32,656.0,0.0,0.0,0.5,2
17038,743.17,2,535,61,30.95833333333333,384.9069444444444,371.585,267.5,0.0025912982764267,0.0,0.0,2
17039,1954.99,1,689,44,604.9958333333333,0.0,1954.99,689.0,0.0,0.0,0.0,2
17040,463.25,2,189,15,138.10486111111112,412.7993055555556,231.625,94.5,0.0024166304451802,0.0,0.0,0
17041,1655.2,6,1303,93,27.061805555555555,573.8722222222223,275.8666666666667,217.16666666666663,0.0086975849705731,0.6666666666666666,0.1428571428571428,1
17042,1036.58,5,990,74,3.0166666666666666,244.89791666666667,207.316,198.0,0.016266912929654,0.0,0.0,2
17043,2593.65,8,1616,175,32.886805555555554,698.0090277777778,324.20625,202.0,0.0100141768157898,0.0,0.0,2
17044,11962.3,12,5722,92,25.931944444444444,707.0854166666667,996.8583333333332,476.8333333333333,0.0155348489618425,0.0,0.25,2
17045,827.6800000000001,5,294,44,113.82013888888888,316.09513888888887,165.536,58.8,0.0126145106292582,0.2,0.0,0
17046,1906.07,5,1636,76,157.93472222222223,463.0263888888889,381.214,327.2,0.0086201994019736,0.0,0.0,2
17047,2289.23,6,1184,114,85.97430555555556,646.19375,381.53833333333336,197.33333333333331,0.0077256617512143,0.0,0.0,2
17048,2071.68,7,1068,88,118.0423611111111,572.9125,295.9542857142857,152.57142857142858,0.0104545553546925,0.1428571428571428,0.3636363636363636,2
17049,9942.53,19,4273,316,3.084722222222222,643.0173611111111,523.291052631579,224.8947368421053,0.0279495570879408,0.0526315789473684,0.24,2
17050,4648.59,11,2432,193,96.95972222222224,585.9541666666667,422.5990909090909,221.0909090909091,0.0170371053957932,0.7272727272727273,0.0833333333333333,1
17051,706.49,4,507,107,194.9423611111111,433.97083333333336,176.6225,126.75,0.0068970141676166,1.0,0.0,1
17052,399.09,1,251,72,28.916666666666668,0.0,399.09,251.0,0.0,0.0,0.0,0
17053,498.48,1,122,13,131.10208333333333,0.0,498.48,122.0,0.0,0.0,0.5,0
17054,1356.33,5,804,64,28.995833333333334,216.9875,271.266,160.8,0.0183496760135328,0.0,0.1666666666666666,2
17055,232.85,1,83,24,446.0201388888889,0.0,232.85,83.0,0.0,0.0,0.0,0
17056,128.60000000000002,1,26,8,738.9965277777778,0.0,128.60000000000002,26.0,0.0,0.0,0.0,0
17057,294.74,1,129,48,596.7284722222222,0.0,294.74,129.0,0.0,0.0,0.0,0
17058,1179.89,3,592,51,82.10902777777778,158.03819444444446,393.2966666666667,197.33333333333331,0.0125755954850118,0.0,0.0,2
17059,4864.57,9,3107,349,30.01597222222222,652.9055555555556,540.5077777777777,345.22222222222223,0.0122341826461517,0.2222222222222222,0.1,2
17060,234.24,1,216,5,266.9743055555556,0.0,234.24,216.0,0.0,0.0,0.0,0
17061,5232.2300000000005,11,1526,57,74.05972222222222,158.91319444444446,475.6572727272728,138.72727272727272,0.0625339268266203,0.0909090909090909,0.0833333333333333,2
17062,889.75,6,644,82,314.0756944444444,125.96111111111112,148.29166666666666,107.33333333333331,0.0393821380125147,0.6666666666666666,0.1428571428571428,1
17063,3638.53,13,1899,150,21.854861111111116,717.1548611111111,279.8869230769231,146.07692307692307,0.0167094879528266,0.0769230769230769,0.4347826086956521,2
17064,855.45,3,316,53,59.105555555555554,268.7555555555556,285.15000000000003,105.33333333333331,0.0074141197792239,0.3333333333333333,0.0,2
17065,194.7,2,82,6,638.0479166666667,0.0006944444444444,97.35,41.0,0.9993060374739764,0.0,0.3333333333333333,0
17066,228.34,1,93,17,726.9763888888889,0.0,228.34,93.0,0.0,1.0,0.0,1
17067,454.54,3,322,8,725.1743055555555,6.858333333333333,151.51333333333335,107.33333333333331,0.2545068928950159,0.0,0.0,0
17068,8987.68,47,4351,250,12.983333333333333,608.95,191.2272340425532,92.5744680851064,0.0754160177063693,0.1914893617021276,0.0408163265306122,2
17069,5517.2300000000005,14,3230,202,28.81736111111111,708.1986111111111,394.0878571428572,230.7142857142857,0.0183305491527017,0.0714285714285714,0.3333333333333333,2
17070,437.42,2,232,102,114.82569444444444,296.0444444444444,218.71,116.0,0.0033664995885389,0.0,0.0,0
17071,3793.71,13,1934,141,28.846527777777776,656.1430555555555,291.82384615384615,148.76923076923077,0.0182608640516714,0.2307692307692307,0.35,2
17072,273.35,1,212,20,625.8451388888889,0.0,273.35,212.0,0.0,0.0,0.0,0
17073,1446.09,4,759,142,18.04375,91.88194444444444,361.5225,189.75,0.0322990654205607,0.25,0.0,2
17074,203.05,1,19,4,563.0319444444444,0.0,203.05,19.0,0.0,0.0,0.0,0
17075,2236.63,10,785,153,18.03611111111111,708.0236111111111,223.663,78.5,0.0126935124006605,0.0,0.0909090909090909,2
17076,1242.75,6,514,31,36.78958333333333,699.2368055555555,207.125,85.66666666666667,0.0071404415768078,0.0,0.0,0
17077,306.0,1,36,1,578.8430555555556,0.0,306.0,36.0,0.0,0.0,0.0,0
17078,378.2,2,788,28,36.73125,0.0194444444444444,189.1,394.0,0.9809264305177112,0.0,0.0,2
17079,118.8,1,24,2,78.8861111111111,0.0,118.8,24.0,0.0,0.0,0.0,0
17080,957.53,7,569,26,22.99375,503.8722222222222,136.79,81.28571428571429,0.0118841951208776,0.0,0.125,0
17081,949.39,6,381,166,25.995833333333334,629.9840277777778,158.23166666666663,63.5,0.0079241308494117,0.1666666666666666,0.0,2
17082,4732.03,6,2526,117,33.89791666666667,691.1611111111112,788.6716666666666,421.0,0.007223751695575,0.1666666666666666,0.0,2
17083,4049.79,9,1955,30,109.87986111111113,559.1645833333333,449.9766666666667,217.22222222222223,0.0142815169648801,0.0,0.1818181818181818,2
17084,5001.21,3,3178,263,35.91388888888889,361.0236111111111,1667.07,1059.3333333333333,0.0055245015480113,0.0,0.25,2
17085,7847.67,28,3583,411,123.94097222222224,610.0826388888889,280.2739285714286,127.96428571428572,0.044183876748803,0.75,0.125,1
17086,2050.08,6,1859,76,7.955555555555556,56.105555555555554,341.68,309.8333333333333,0.0875571553653079,0.0,0.0,2
17087,221.53,1,113,12,738.0895833333333,0.0,221.53,113.0,0.0,0.0,0.0,0
17088,1991.01,4,868,96,28.935416666666665,225.19097222222223,497.7525,217.0,0.013263128808928,0.0,0.0,2
17089,128.45,1,35,4,386.8868055555556,0.0,128.45,35.0,0.0,0.0,0.0,0
17090,3080.1800000000003,13,1344,54,4.9625,503.9041666666666,236.9369230769231,103.3846153846154,0.0237668864553504,0.0,0.1333333333333333,2
17091,7495.75,19,3732,242,3.0881944444444445,720.7902777777778,394.5131578947368,196.42105263157896,0.0249379917604567,0.0,0.1739130434782608,2
17092,5511.41,11,3768,273,50.70763888888889,625.13125,501.0372727272727,342.54545454545456,0.0159710923228955,0.0,0.2142857142857142,2
17093,235.88,1,114,13,593.1027777777778,0.0,235.88,114.0,0.0,0.0,0.0,0
17094,402.2000000000001,2,212,18,322.9868055555556,101.09791666666666,201.1,106.0,0.0097945191503254,0.0,0.3333333333333333,0
17095,2572.25,7,1695,110,23.020138888888887,701.9923611111111,367.4642857142857,242.14285714285717,0.008534943381912,0.4285714285714285,0.4166666666666667,2
17096,3697.93,11,1559,162,15.909027777777778,540.0090277777778,336.17545454545456,141.72727272727272,0.0184839799089407,0.2727272727272727,0.3529411764705882,2
17097,1143.36,9,582,182,2.8229166666666665,428.1222222222222,127.04,64.66666666666667,0.0186427073353874,0.1111111111111111,0.1,2
17098,591.0699999999999,3,125,10,382.02569444444447,159.0715277777778,197.0233333333333,41.66666666666666,0.0124944143894005,0.0,0.0,0
17099,582.17,1,317,40,533.8506944444445,0.0,582.17,317.0,0.0,0.0,0.0,0
17100,971.74,2,800,65,18.843055555555555,0.0,485.87,400.0,1.0,0.0,0.0,2
17101,2507.05,7,1175,54,10.953472222222222,539.9479166666666,358.15000000000003,167.85714285714286,0.0110916408311028,0.0,0.0,2
17102,25.5,1,2,1,262.1125,0.0,25.5,2.0,0.0,0.0,0.0,0
17103,424.3,1,471,32,722.9458333333333,0.0,424.3,471.0,0.0,0.0,0.0,0
17104,474.03,1,149,19,424.0201388888889,0.0,474.03,149.0,0.0,0.0,0.0,0
17105,665.78,2,693,80,159.87291666666667,147.04652777777778,332.89,346.5,0.0067546332562492,1.0,0.0,1
17106,481.58,1,153,51,389.94375,0.0,481.58,153.0,0.0,0.0,0.0,0
17107,16052.72,10,7530,377,33.94166666666667,643.9354166666667,1605.272,753.0,0.0139548856636161,0.8,0.2307692307692307,1
17108,174.95,1,31,9,664.0194444444444,0.0,174.95,31.0,0.0,1.0,0.0,1
17109,1291.71,8,788,124,29.82708333333333,468.17847222222224,161.46375,98.5,0.0149196956263681,0.0,0.2,2
17110,499.9,3,136,38,165.99444444444444,444.9763888888889,166.63333333333333,45.333333333333336,0.004484542343111,0.0,0.0,0
17111,459.58,2,581,44,47.86875,378.0263888888889,229.79,290.5,0.0026383387260488,1.0,0.0,1
17112,197.57,1,130,44,503.06666666666666,0.0,197.57,130.0,0.0,1.0,0.0,1
17113,2305.59,6,913,122,574.9520833333333,123.15625,384.265,152.16666666666666,0.0402718348854769,0.3333333333333333,0.25,2
17114,801.12,8,215,85,6.022916666666666,329.0263888888889,100.14,26.875,0.0212104250922695,0.75,0.2,1
17115,2761.49,7,885,102,8.930555555555555,726.0951388888889,394.4985714285714,126.42857142857144,0.0082520150102624,0.1428571428571428,0.4615384615384615,2
17116,389.78,1,392,47,648.8479166666667,0.0,389.78,392.0,0.0,0.0,0.0,0
17117,116.2,1,68,9,288.9555555555556,0.0,116.2,68.0,0.0,0.0,0.0,0
17118,157.02,1,154,10,318.0215277777778,0.0,157.02,154.0,0.0,0.0,0.0,0
17119,606.91,2,334,35,3.923611111111111,56.15069444444445,303.455,167.0,0.0174976001555342,0.0,0.3333333333333333,0
17120,307.46,1,120,18,233.89513888888888,0.0,307.46,120.0,0.0,0.0,0.0,0
17121,314.74,1,106,12,403.04375,0.0,314.74,106.0,0.0,0.0,0.0,0
17122,570.5,4,368,23,119.92847222222224,380.2076388888889,142.625,92.0,0.0078697268731134,0.0,0.0,0
17123,977.17,3,676,37,162.08541666666667,410.9548611111111,325.7233333333333,225.33333333333331,0.0048549008369646,0.6666666666666666,0.0,1
17124,294.24,1,129,31,185.95,0.0,294.24,129.0,0.0,0.0,0.0,0
17125,230.5,1,281,34,50.922916666666666,0.0,230.5,281.0,0.0,0.0,0.0,0
17126,2016.43,9,1426,295,152.95694444444445,313.0076388888889,224.04777777777775,158.44444444444446,0.0254770872081579,0.6666666666666666,0.1818181818181818,1
17127,1155.0300000000002,5,340,27,429.1222222222222,306.775,231.00600000000003,68.0,0.012996507188693,0.2,0.0,0
17128,157.09,1,76,14,335.03333333333336,0.0,157.09,76.0,0.0,1.0,0.0,1
17129,31.85,1,5,2,520.9611111111111,0.0,31.85,5.0,0.0,0.0,0.0,0
17131,2463.17,5,983,78,5.998611111111111,70.00694444444444,492.634,196.6,0.0563325183374083,1.0,0.0,1
17132,1220.91,2,963,62,452.8465277777778,36.1125,610.4549999999999,481.5,0.0269450993600538,0.5,0.0,1
17133,14622.33,12,10107,22,16.01597222222222,612.9972222222223,1218.5275,842.25,0.0179153904966996,0.3333333333333333,0.0769230769230769,2
17134,625.3,3,144,31,107.12291666666668,335.6395833333333,208.4333333333333,48.0,0.0059410719921775,0.3333333333333333,0.0,0
17135,1722.18,10,1686,98,16.834722222222222,563.03125,172.21800000000002,168.6,0.0159565626904537,0.2,0.0909090909090909,2
17136,231.68,1,256,14,662.9840277777778,0.0,231.68,256.0,0.0,0.0,0.0,0
17137,1099.81,6,680,125,416.9159722222222,261.1,183.30166666666665,113.33333333333331,0.0190766882869133,0.5,0.0,1
17138,4417.27,7,2024,234,276.0388888888889,397.89930555555554,631.0385714285715,289.1428571428572,0.0150413899358477,0.0,0.0,2
17139,19566.76,25,9853,447,16.10972222222222,681.9451388888889,782.6704,394.12,0.035141914969988,0.08,0.1379310344827586,2
17140,454.12,1,296,16,247.9701388888889,0.0,454.12,296.0,0.0,0.0,0.0,0
17141,727.58,4,423,138,418.9138888888889,266.02430555555554,181.895,105.75,0.0112349323173348,1.0,0.0,1
17142,1275.25,4,322,78,239.76944444444445,445.1243055555556,318.8125,80.5,0.006724583177023,0.5,0.0,1
17143,880.97,2,314,82,417.8909722222222,98.08402777777778,440.485,157.0,0.0100924439834315,0.0,0.0,0
17144,984.57,2,483,42,1.7868055555555555,83.21319444444444,492.285,241.5,0.0118746237640908,0.0,0.0,2
17145,3120.91,4,2591,168,513.1583333333333,145.87152777777777,780.2275,647.75,0.0204260147994042,0.0,0.4285714285714285,2
17146,5852.64,13,2188,164,106.00416666666666,570.1284722222222,450.20307692307694,168.30769230769232,0.0210110344408304,0.0769230769230769,0.1875,2
17147,3199.95,9,1308,99,23.0125,675.1208333333333,355.54999999999995,145.33333333333334,0.0118322045492361,0.0,0.4375,2
17148,124.88,1,82,9,52.11875,0.0,124.88,82.0,0.0,0.0,0.0,0
17149,143.10000000000002,1,18,6,451.9125,0.0,143.10000000000002,18.0,0.0,0.0,0.0,0
17150,1357.95,6,397,64,377.0576388888889,357.025,226.325,66.16666666666667,0.0139655052021506,0.8333333333333334,0.0,1
17151,231.90000000000003,1,42,4,735.9125,0.0,231.90000000000003,42.0,0.0,0.0,0.0,0
17152,2016.5,4,577,9,195.02152777777775,230.98541666666668,504.125,144.25,0.0129318473682792,0.75,0.2,1
17153,213.78,1,104,14,24.96388888888889,0.0,213.78,104.0,0.0,0.0,0.0,0
17154,329.34,1,490,23,75.96388888888889,0.0,329.34,490.0,0.0,1.0,0.0,1
17155,892.46,7,987,43,18.008333333333333,719.0444444444445,127.49428571428572,141.0,0.0083328189617924,0.1428571428571428,0.0,2
17156,591.87,1,391,39,492.05555555555554,0.0,591.87,391.0,0.0,0.0,0.5,2
17157,5151.9,19,2092,78,8.152777777777779,727.8402777777778,271.15263157894736,110.10526315789474,0.0246967690299467,0.1578947368421052,0.05,2
17158,1980.0,5,1147,74,32.89930555555556,609.9756944444445,396.0,229.4,0.0065469052801473,0.2,0.1666666666666666,2
17159,2099.59,5,1348,115,22.08194444444445,623.8326388888889,419.918,269.6,0.0064017142368123,0.2,0.1666666666666666,2
17160,10209.16,17,8390,215,31.947916666666668,704.1305555555556,600.5388235294117,493.52941176470586,0.0226908334547975,0.1176470588235294,0.0555555555555555,2
17161,856.01,1,537,52,444.8375,0.0,856.01,537.0,0.0,0.0,0.0,2
17162,1715.46,10,1001,81,29.052777777777777,276.96319444444447,171.546,100.1,0.0323783874263928,0.1,0.0909090909090909,2
17163,699.78,4,531,27,22.16180555555556,653.9291666666667,174.945,132.75,0.0045806480344566,0.0,0.0,0
17164,2467.35,7,1501,92,33.15,240.78333333333333,352.4785714285714,214.42857142857144,0.0248156062590473,0.0,0.125,2
17165,1794.32,6,788,77,284.8409722222222,444.30625,299.05333333333334,131.33333333333334,0.0112282277646002,0.0,0.25,2
17166,206.34,2,78,11,39.12777777777778,165.0611111111111,103.17,39.0,0.0060218794955003,0.0,0.3333333333333333,0
17167,867.11,3,429,64,380.1145833333333,65.83541666666666,289.0366666666667,143.0,0.0299242542314765,0.0,0.0,0
17168,400.2,1,220,21,499.0118055555556,0.0,400.2,220.0,0.0,0.0,0.0,0
17169,1156.73,3,671,64,58.10069444444444,520.8923611111111,385.57666666666665,223.66666666666663,0.0038322078440504,0.0,0.5,2
17170,178.68,2,152,8,374.87152777777777,14.980555555555556,89.34,76.0,0.0625760472796801,0.0,0.3333333333333333,0
17171,384.59,2,225,25,289.8423611111112,372.19097222222223,192.295,112.5,0.0026795932228621,0.0,0.0,0
17172,956.57,3,1215,39,79.13472222222222,647.9097222222222,318.8566666666666,405.0,0.0030820928266429,0.3333333333333333,0.5,2
17173,3766.6,8,1122,36,5.923611111111111,125.96805555555557,470.825,140.25,0.0551319776409201,0.25,0.1111111111111111,2
17174,59.9,1,41,4,218.04375,0.0,59.9,41.0,0.0,0.0,0.0,0
17175,1443.69,4,866,42,44.88819444444445,252.02430555555557,360.9225,216.5,0.0118565684565876,0.25,0.2,2
17176,902.32,3,576,37,202.00625,475.86944444444447,300.7733333333333,192.0,0.0041940200264456,0.6666666666666666,0.0,1
17177,119.5,1,40,29,505.9145833333333,0.0,119.5,40.0,0.0,0.0,0.0,0
17178,432.96,1,100,31,731.8541666666666,0.0,432.96,100.0,0.0,0.0,0.0,0
17179,1507.26,6,625,75,178.8347222222222,384.2263888888889,251.21,104.16666666666669,0.0129793808114276,0.0,0.0,2
17180,2236.77,11,1809,189,56.87777777777778,630.91875,203.34272727272727,164.45454545454547,0.0158248192508926,0.0,0.2142857142857142,2
17181,309.85,3,268,28,57.918055555555554,538.14375,103.28333333333336,89.33333333333333,0.0037095858015603,0.0,0.0,0
17182,321.3,2,54,4,423.1118055555556,295.78263888888887,160.65,27.0,0.0033694693319793,0.0,0.0,0
17183,3347.31,6,1296,42,8.113194444444444,97.77916666666668,557.885,216.0,0.0506179609398068,0.3333333333333333,0.25,2
17184,198.41000000000005,2,73,14,569.9347222222223,161.0048611111111,99.205,36.5,0.0061726542842078,0.0,0.0,0
17185,229.46,3,119,38,592.0243055555555,6.934722222222222,76.48666666666666,39.66666666666666,0.2520567127603711,0.0,0.0,0
17186,144.0,2,200,1,47.10416666666666,13.894444444444444,72.0,100.0,0.0671391271913465,0.0,0.0,0
17187,467.71,2,426,21,227.0076388888889,299.9173611111111,233.855,213.0,0.0033231715056505,0.0,0.0,0
17188,4592.93,13,2569,136,11.95625,719.7756944444444,353.3023076923077,197.6153846153846,0.0166487301007691,0.1538461538461538,0.2352941176470588,2
17189,953.63,5,601,101,106.71597222222222,631.3291666666667,190.726,120.2,0.0063258192265368,0.0,0.0,2
17190,1726.57,7,2218,160,59.05347222222223,585.925,246.65285714285716,316.85714285714283,0.010222771222899,0.0,0.125,2
17191,4310.34,15,2208,269,28.82777777777778,710.0166666666667,287.356,147.2,0.0196901150934108,0.0,0.0625,2
17192,75.28,1,45,20,536.8631944444444,0.0,75.28,45.0,0.0,0.0,0.0,0
17193,2310.04,9,1668,28,36.00208333333333,702.1145833333334,256.6711111111111,185.33333333333331,0.0113779463399457,0.0,0.25,2
17194,812.5,3,420,57,274.03125,256.9506944444444,270.8333333333333,140.0,0.0077534197157617,0.3333333333333333,0.0,2
17195,562.98,1,486,31,655.9895833333334,0.0,562.98,486.0,0.0,0.0,0.0,0
17196,327.75,1,154,84,428.0548611111111,0.0,327.75,154.0,0.0,0.0,0.0,0
17197,1013.01,1,191,29,30.09583333333333,0.0,1013.01,191.0,0.0,0.0,0.0,0
17198,692.22,3,357,89,24.090972222222224,347.8229166666667,230.74,119.0,0.0057335682503658,0.0,0.0,0
17199,135.04000000000002,1,232,8,582.95625,0.0,135.04000000000002,232.0,0.0,0.0,0.0,0
17200,356.71,4,367,25,387.9902777777778,264.9868055555556,89.1775,91.75,0.0112787549507729,0.0,0.0,0
17201,1143.1,4,1004,154,54.03819444444444,613.9784722222222,285.775,251.0,0.0048782195402052,0.25,0.2,2
17202,160.65,1,55,8,421.05902777777777,0.0,160.65,55.0,0.0,0.0,0.0,0
17203,5564.09,10,4597,195,36.015972222222224,352.9826388888889,556.409,459.7,0.0254249757226794,0.0,0.0,2
17204,5504.6900000000005,9,2651,110,175.91944444444445,372.13125,611.6322222222223,294.55555555555554,0.0214401768814592,0.1111111111111111,0.4,2
17205,999.35,3,2214,27,54.00277777777778,510.88194444444446,333.1166666666667,738.0,0.003907150900137,0.0,0.0,2
17206,204.24,1,76,7,53.97569444444444,0.0,204.24,76.0,0.0,0.0,0.0,0
17207,292.62,1,233,55,652.7375,0.0,292.62,233.0,0.0,0.0,0.0,0
17208,111.15,1,101,21,396.0,0.0,111.15,101.0,0.0,0.0,0.0,0
17209,595.7,3,723,36,649.8673611111111,87.20208333333333,198.5666666666667,241.0,0.022675201360512,0.3333333333333333,0.0,0
17210,251.72,1,242,47,393.02430555555554,0.0,251.72,242.0,0.0,0.0,0.0,0
17211,3773.35,13,2141,217,27.03263888888889,699.9486111111111,290.2576923076923,164.69230769230768,0.0171196572898235,0.7692307692307693,0.1333333333333333,1
17212,794.41,3,727,29,253.7138888888889,233.43055555555557,264.80333333333334,242.33333333333331,0.0085313110966289,0.0,0.0,0
17213,4869.400000000001,13,2087,130,40.91458333333333,684.1840277777778,374.5692307692308,160.53846153846155,0.0175135430972011,0.2307692307692307,0.35,2
17214,1059.12,6,272,79,60.98125,298.91875,176.52,45.333333333333336,0.0166711817783983,0.1666666666666666,0.1428571428571428,0
17215,186.15,1,104,11,464.9659722222222,0.0,186.15,104.0,0.0,0.0,0.0,0
17216,63.6,1,21,13,554.9909722222222,0.0,63.6,21.0,0.0,0.0,0.0,0
17217,210.1,2,93,27,234.81319444444443,385.1555555555556,105.05,46.5,0.0025896299706508,0.0,0.0,0
17218,3891.39,18,2066,248,4.956944444444445,678.9027777777778,216.18833333333333,114.77777777777776,0.0250035748575163,0.3333333333333333,0.0,2
17219,259.13,2,188,43,32.05902777777778,384.9972222222222,129.565,94.0,0.002590692218568,0.0,0.0,0
17220,4457.31,21,2663,408,24.960416666666667,664.0763888888889,212.25285714285715,126.8095238095238,0.0300717336145597,0.0,0.0,2
17221,976.62,5,713,115,7.96875,599.9173611111111,195.324,142.6,0.0066564893259264,0.4,0.0,2
17222,1579.51,6,857,94,65.95277777777778,632.9402777777777,263.25166666666667,142.83333333333334,0.007887178296238,0.1666666666666666,0.0,2
17223,558.04,3,155,62,310.8701388888889,64.94305555555556,186.0133333333333,51.66666666666666,0.0303291981718233,0.0,0.0,0
17224,100.86,1,65,8,501.97222222222223,0.0,100.86,65.0,0.0,0.0,0.0,0
17225,131.15,1,36,5,582.05,0.0,131.15,36.0,0.0,0.0,0.0,0
17226,895.47,3,853,51,309.04027777777776,356.8895833333333,298.49,284.3333333333333,0.0055883157631252,0.0,0.0,2
17227,1878.93,12,1681,58,19.082638888888887,674.8236111111111,156.5775,140.08333333333334,0.0162764363646826,0.0,0.0,2
17228,2820.03,13,2354,199,16.101388888888888,621.9375,216.92538461538464,181.07692307692307,0.0192635697802749,0.0769230769230769,0.0,2
17229,318.76,2,185,39,96.95416666666668,46.05416666666667,159.38,92.5,0.0212521030726999,0.5,0.0,1
17230,9388.49,18,3753,141,264.8597222222222,467.1048611111111,521.5827777777778,208.5,0.0363166491363669,0.1666666666666666,0.217391304347826,2
17231,7064.8,25,3681,509,12.897222222222222,719.9444444444445,282.592,147.24,0.0332896663327425,0.28,0.2857142857142857,2
17232,417.77,2,202,30,3.020138888888889,11.997916666666669,208.885,101.0,0.0769354063151146,0.0,0.0,0
17233,560.86,3,298,56,35.94722222222222,689.0854166666667,186.95333333333332,99.33333333333331,0.0028981919508756,0.0,0.0,0
17234,149.89,1,55,14,183.0625,0.0,149.89,55.0,0.0,0.0,0.0,0
17235,1562.98,8,845,52,25.874305555555555,527.9513888888889,195.3725,105.625,0.0132337302577163,0.0,0.0,2
17236,1929.26,12,804,123,13.03472222222222,629.9583333333334,160.77166666666668,67.0,0.0174337977943604,0.4166666666666667,0.0,2
17237,994.13,4,414,76,11.908333333333331,370.1368055555556,248.5325,103.5,0.0080832726776027,0.0,0.0,0
17238,7331.67,32,3555,486,3.052083333333333,736.025,229.1146875,111.09375,0.0420609884332281,0.0,0.0,2
17239,1189.45,4,515,18,313.13125,213.95,297.3625,128.75,0.0139567341242149,0.25,0.3333333333333333,2
17240,130.6,1,108,7,596.8791666666667,0.0,130.6,108.0,0.0,0.0,0.0,0
17241,2736.64,12,859,116,385.9923611111111,276.9263888888889,228.0533333333333,71.58333333333333,0.0395788253284492,0.0,0.0,2
17242,2889.28,5,1459,44,108.91319444444444,576.1861111111111,577.856,291.8,0.006930173687478,0.4,0.0,2
17243,20203.58,69,7932,359,1.975,736.9097222222222,292.80550724637686,114.95652173913044,0.0921521941670823,0.5072463768115942,0.1375,2
17244,1826.04,5,1419,109,53.89652777777778,680.1611111111112,365.208,283.8,0.0058723258488365,0.8,0.0,1
17245,371.63,2,307,24,205.08819444444444,484.7944444444444,185.815,153.5,0.002058483812312,0.0,0.0,0
17246,38.92,2,36,6,547.0097222222222,191.78541666666663,19.46,18.0,0.0051871143434518,0.0,0.0,0
17247,280.09000000000003,1,105,53,15.895138888888887,0.0,280.09000000000003,105.0,0.0,0.0,0.0,0
17248,500.54,2,276,85,120.96944444444443,361.06875,250.27,138.0,0.0027619064058966,0.5,0.0,1
17249,68.03,1,79,27,429.05347222222224,0.0,68.03,79.0,0.0,0.0,0.0,0
17250,381.97,2,167,55,4.024305555555555,257.8125,190.985,83.5,0.0038638010142477,0.0,0.0,0
17251,798.98,3,377,65,363.0722222222222,362.0208333333333,266.32666666666665,125.66666666666669,0.0055093256814921,0.3333333333333333,0.25,2
17252,348.91,2,192,86,117.12847222222224,69.71111111111111,174.455,96.0,0.0141420490257699,0.0,0.0,0
17253,178.26,1,43,18,18.99375,0.0,178.26,43.0,0.0,0.0,0.0,0
17254,469.48,3,397,129,5.002777777777778,396.9486111111111,156.49333333333334,132.33333333333334,0.0050257745451499,0.0,0.0,0
17255,781.7,4,583,163,41.02222222222223,405.85069444444446,195.425,145.75,0.007373712374011,1.0,0.0,1
17256,498.93,5,299,20,107.97222222222224,492.99305555555554,99.786,59.8,0.0080972798200604,0.6,0.0,1
17257,189.78,2,187,14,436.9993055555556,0.0013888888888888,94.89,93.5,0.9986130374479888,0.0,0.0,0
17258,417.3,2,188,46,397.00902777777776,268.8652777777778,208.65,94.0,0.0037055526677405,0.0,0.0,0
17259,1452.39,6,844,179,148.90902777777777,507.0576388888889,242.06500000000003,140.66666666666666,0.009841403056029,0.0,0.0,2
17260,120.95,1,23,6,411.9784722222222,0.0,120.95,23.0,0.0,1.0,0.0,1
17261,221.59,1,95,43,510.0423611111111,0.0,221.59,95.0,0.0,1.0,0.0,1
17262,2488.76,11,635,12,52.99583333333333,672.0625,226.25090909090912,57.72727272727273,0.0148574612313121,0.0,0.0,0
17263,63.440000000000005,1,36,23,208.92916666666667,0.0,63.440000000000005,36.0,0.0,1.0,0.0,1
17264,268.28,1,217,70,424.99861111111113,0.0,268.28,217.0,0.0,0.0,0.0,0
17265,550.01,2,389,106,139.08402777777778,41.95069444444445,275.005,194.5,0.0232825106307296,1.0,0.0,1
17266,501.72,5,243,95,2.9430555555555555,638.1458333333334,100.344,48.6,0.0062583526190553,0.0,0.0,0
17267,317.2,2,158,37,127.81111111111112,0.0020833333333333,158.6,79.0,0.997920997920998,0.0,0.0,0
17268,1733.89,11,1395,26,108.1138888888889,623.9305555555555,157.62636363636364,126.8181818181818,0.0160017779753305,0.0909090909090909,0.0,2
17269,491.81,1,314,110,386.06805555555553,0.0,491.81,314.0,0.0,0.0,0.0,0
17270,601.4499999999999,2,420,45,469.9451388888889,262.86875,300.725,210.0,0.0037897629029583,0.0,0.0,0
17271,204.3,1,113,46,736.9590277777778,0.0,204.3,113.0,0.0,0.0,0.0,0
17272,2148.63,4,1778,70,42.84236111111111,220.1888888888889,537.1575,444.5,0.0135630682674436,0.0,0.2,2
17273,141.12,1,133,12,424.8701388888889,0.0,141.12,133.0,0.0,0.0,0.0,0
17274,573.22,2,271,76,35.981944444444444,360.0486111111111,286.61,135.5,0.0027697101421399,0.0,0.0,0
17275,114.1,1,71,23,383.975,0.0,114.1,71.0,0.0,1.0,0.0,1
17276,502.49,1,187,50,402.8541666666667,0.0,502.49,187.0,0.0,0.0,0.5,0
17277,1065.35,2,430,67,228.00208333333333,95.00694444444444,532.6750000000001,215.0,0.0104159132007233,0.0,0.0,2
17278,271.24,2,195,17,241.98611111111111,323.97291666666666,135.62,97.5,0.0030771795085487,0.5,0.0,1
17279,187.83,1,48,8,58.03611111111111,0.0,187.83,48.0,0.0,0.0,0.0,0
17280,118.86,1,74,6,438.8361111111111,0.0,118.86,74.0,0.0,0.0,0.0,0
17281,797.8499999999999,6,295,2,374.78125,299.21180555555554,132.975,49.16666666666666,0.0166549079931992,0.0,0.0,0
17282,2308.54,5,2332,168,130.93125,418.0986111111111,461.708,466.4,0.009544293142359,0.4,0.0,2
17283,188.46,1,179,15,379.0395833333333,0.0,188.46,179.0,0.0,0.0,0.0,0
17284,2788.06,8,2069,285,60.925,384.93055555555554,348.5075,258.625,0.0181379781912405,0.125,0.2727272727272727,2
17285,407.94,2,134,41,628.9666666666667,34.977777777777774,203.97,67.0,0.0277949351451513,1.0,0.0,1
17286,389.18,3,368,89,22.00208333333333,378.9611111111111,129.72666666666666,122.66666666666669,0.005263696577135,0.0,0.0,0
17287,3826.86,21,1955,279,26.97430555555556,710.0291666666667,182.23142857142855,93.0952380952381,0.0281282413403106,0.1904761904761904,0.0869565217391304,2
17288,2468.43,11,1699,233,9.861805555555556,385.05902777777777,224.40272727272725,154.45454545454547,0.0259027746548545,0.3636363636363636,0.0,2
17289,2041.8,9,1237,202,32.03402777777778,609.9645833333333,226.86666666666667,137.44444444444446,0.0130940486866737,0.4444444444444444,0.1818181818181818,2
17290,1487.96,8,1139,184,4.008333333333334,722.9652777777778,185.995,142.375,0.0096689720002685,0.125,0.0,2
17291,550.8000000000001,1,72,1,308.9902777777778,0.0,550.8000000000001,72.0,0.0,0.0,0.0,0
17292,271.75,2,131,14,472.81666666666666,107.09861111111113,135.875,65.5,0.0092508126581953,0.5,0.0,1
17293,3750.63,17,2228,148,8.925694444444444,727.9777777777778,220.62529411764703,131.05882352941177,0.0219485428606267,0.0,0.0,2
17294,467.79,2,297,17,669.8597222222222,0.0770833333333333,233.895,148.5,0.9284332688588008,0.0,0.0,0
17295,547.0,3,293,53,29.084027777777777,35.93541666666667,182.33333333333331,97.66666666666669,0.0541485701393197,0.0,0.0,0
17296,338.13,1,216,32,730.9506944444445,0.0,338.13,216.0,0.0,0.0,0.0,0
17297,128.18,1,65,49,17.92152777777778,0.0,128.18,65.0,0.0,0.0,0.0,0
17298,954.26,5,852,61,101.83819444444444,540.3243055555556,190.852,170.4,0.0073892857921737,0.2,0.1666666666666666,2
17299,993.23,6,919,96,12.034027777777778,469.8340277777778,165.53833333333333,153.16666666666666,0.0106194533636381,0.6666666666666666,0.0,1
17300,393.64,2,467,37,391.07916666666665,90.99583333333334,196.82,233.5,0.010870057520721,1.0,0.0,1
17301,294.39,2,216,107,21.963194444444444,603.01875,147.195,108.0,0.0016555777448961,0.0,0.0,0
17302,1135.63,5,575,68,15.134722222222225,290.9736111111111,227.12600000000003,115.0,0.0136998682339062,0.2,0.1666666666666666,2
17303,250.04,1,144,53,361.97083333333336,0.0,250.04,144.0,0.0,0.0,0.0,0
17304,111.5,1,73,5,534.8520833333333,0.0,111.5,73.0,0.0,0.0,0.0,0
17305,2135.46,1,1006,9,649.0020833333333,0.0,2135.46,1006.0,0.0,0.0,0.0,2
17306,9782.35,21,13747,17,11.025,393.025,465.8261904761905,654.6190476190476,0.0507582006217879,0.0,0.0869565217391304,2
17307,3999.89,11,3667,22,395.96527777777777,293.87638888888887,363.6263636363637,333.3636363636364,0.0339125151311048,0.0,0.2666666666666666,2
17308,4511.76,2,5148,5,393.9798611111111,59.15555555555556,2255.88,2574.0,0.0166235685260435,0.0,0.0,2
17309,320.39,3,181,33,95.89583333333331,577.9798611111111,106.79666666666668,60.333333333333336,0.0034543515834243,0.0,0.0,0
17310,1025.1,2,402,1,387.86805555555554,147.18194444444444,512.55,201.0,0.0067484605074467,0.0,0.0,0
17311,3566.56,6,2755,124,78.94375,596.0645833333333,594.4266666666666,459.1666666666667,0.008374303449864,0.0,0.1428571428571428,2
17312,644.3,3,372,11,139.0402777777778,20.944444444444443,214.76666666666665,124.0,0.0911392405063291,0.6666666666666666,0.0,1
17313,2328.84,1,1402,24,31.87847222222222,0.0,2328.84,1402.0,0.0,0.0,0.5,2
17314,4904.43,17,3663,200,25.13125,711.9277777777778,288.4958823529412,215.4705882352941,0.0224426660016987,0.1176470588235294,0.2272727272727272,2
17315,9599.58,43,5088,385,2.024305555555556,436.9791666666667,223.2460465116279,118.32558139534883,0.0958949721733339,0.0697674418604651,0.1224489795918367,2
17316,124.45,1,44,35,420.9270833333333,0.0,124.45,44.0,0.0,0.0,0.0,0
17317,2600.34,3,1146,8,46.81319444444444,43.19027777777778,866.7800000000001,382.0,0.0452588238991734,0.3333333333333333,0.4,2
17318,157.32999999999998,1,59,17,725.9854166666667,0.0,157.32999999999998,59.0,0.0,0.0,0.0,0
17319,29.1,1,14,3,669.8770833333333,0.0,29.1,14.0,0.0,0.0,0.0,0
17320,2444.85,6,1182,86,100.97152777777778,586.8763888888889,407.475,197.0,0.0085051893467778,0.1666666666666666,0.0,2
17321,1665.21,6,790,241,8.964583333333334,569.0631944444444,277.535,131.66666666666666,0.0087709574109108,0.0,0.0,2
17322,922.59,5,631,115,376.92291666666665,360.12152777777777,184.518,126.2,0.0110766035595127,0.4,0.2857142857142857,2
17323,1551.04,12,1426,168,15.80625,683.2298611111111,129.25333333333333,118.83333333333331,0.0160764687792743,0.5833333333333334,0.1428571428571428,1
17324,2171.07,12,1485,111,18.094444444444445,703.7951388888889,180.9225,123.75,0.0156073721185726,0.0,0.0769230769230769,2
17325,609.5699999999999,3,465,39,280.9868055555556,361.06805555555553,203.19,155.0,0.0055238234064344,0.0,0.0,0
17326,312.35,2,136,82,408.8833333333333,121.06458333333332,156.175,68.0,0.0081923844959123,0.0,0.0,0
17327,152.35,2,59,3,410.1222222222222,152.94027777777777,76.175,29.5,0.0064960256953905,0.0,0.0,0
17328,104.7,1,86,6,673.81875,0.0,104.7,86.0,0.0,0.0,0.0,0
17329,998.53,5,430,80,14.934722222222222,721.9270833333334,199.706,86.0,0.0055330614832639,0.0,0.0,0
17330,423.8,4,122,7,23.1625,624.9833333333333,105.95,30.5,0.0047924598631486,0.25,0.0,0
17331,175.2,1,16,1,124.03819444444444,0.0,175.2,16.0,0.0,0.0,0.0,0
17332,838.27,5,794,82,528.8611111111111,128.06180555555557,167.654,158.8,0.030992902840478,0.6,0.0,1
17333,494.25,1,375,28,86.11041666666667,0.0,494.25,375.0,0.0,0.0,0.0,0
17334,635.15,3,566,20,302.91041666666666,104.11319444444445,211.71666666666667,188.66666666666663,0.0190271070208703,0.0,0.25,0
17335,497.04,2,210,34,384.10625,300.95972222222224,248.52,105.0,0.0033116999599836,1.0,0.0,1
17336,81.12,1,48,1,472.88402777777776,0.0,81.12,48.0,0.0,0.0,0.0,0
17337,1981.06,4,1247,421,151.91319444444446,158.90902777777777,495.265,311.75,0.0187606668722233,0.25,0.4285714285714285,2
17338,11889.33,17,5780,590,17.935416666666665,621.9263888888889,699.3723529411765,340.0,0.0256852178449834,0.0,0.15,2
17339,302.36,3,172,10,94.97291666666666,415.01458333333335,100.78666666666668,57.333333333333336,0.0048075237747074,0.3333333333333333,0.25,0
17340,19617.95,18,9497,322,30.08680555555556,633.8270833333333,1089.8861111111112,527.6111111111111,0.026778945710282,0.1666666666666666,0.4,2
17341,1272.21,5,831,200,157.01180555555555,383.7611111111111,254.442,166.2,0.0103960610479807,0.0,0.0,2
17342,1227.54,4,521,31,380.07152777777776,290.0770833333333,306.885,130.25,0.0103065482367929,0.0,0.4285714285714285,2
17343,1259.94,6,454,61,355.9048611111112,380.8590277777778,209.99,75.66666666666667,0.0130938373490798,0.6666666666666666,0.0,1
17344,457.36,2,200,64,46.99583333333333,682.0173611111111,228.68,100.0,0.0014640916277343,0.0,0.3333333333333333,0
17345,1586.63,10,2008,174,15.907638888888888,722.9486111111111,158.66299999999998,200.8,0.0124318216263815,0.0,0.1666666666666666,2
17346,4998.61,26,3439,517,4.022222222222222,597.0,192.2542307692308,132.26923076923077,0.0418060200668896,0.1538461538461538,0.037037037037037,2
17347,228.96,1,216,1,86.98472222222222,0.0,228.96,216.0,0.0,0.0,0.0,0
17348,2442.29,9,2766,326,15.05902777777778,624.9666666666667,271.36555555555555,307.3333333333333,0.0127802332392566,0.0,0.0,2
17349,772.41,5,772,74,179.93125,452.00208333333336,154.482,154.4,0.0088299814662368,0.0,0.0,0
17350,1893.701,7,1178,124,8.877083333333333,668.00625,270.5287142857143,168.28571428571428,0.0089685260787922,0.0,0.125,2
17351,1988.23,12,383,45,36.75347222222222,693.0013888888889,165.6858333333333,31.916666666666668,0.0158501123716931,0.0833333333333333,0.0,0
17352,36.25,1,15,5,696.8590277777778,0.0,36.25,15.0,0.0,0.0,0.0,0
17353,3242.0,4,2168,7,129.81319444444443,495.1854166666666,810.5,542.0,0.0060461269098833,0.0,0.4285714285714285,2
17354,3133.96,4,2531,85,51.09444444444444,377.8833333333333,783.49,632.75,0.0079180046628249,0.0,0.0,2
17355,273.31,1,249,28,386.9805555555556,0.0,273.31,249.0,0.0,0.0,0.0,0
17356,946.47,5,925,73,312.07152777777776,376.9534722222222,189.294,185.0,0.0105833132752598,0.0,0.0,2
17357,384.39,2,152,41,24.84722222222222,0.0006944444444444,192.195,76.0,0.9993060374739764,0.0,0.0,0
17358,861.01,5,430,126,303.8284722222222,350.0104166666667,172.202,86.0,0.0113956732053298,0.6,0.0,1
17359,284.46,2,237,36,11.925694444444444,636.9923611111111,142.23,118.5,0.0015674168860868,0.0,0.0,0
17360,1200.51,6,624,189,17.985416666666666,417.0444444444444,200.085,104.0,0.0119604507761003,0.0,0.1428571428571428,2
17361,871.79,5,380,51,49.87986111111111,627.0506944444444,174.358,76.0,0.006368912629797,0.0,0.0,0
17362,1024.04,7,549,99,239.92152777777775,463.15972222222223,146.29142857142855,78.42857142857143,0.0129265847783479,0.0,0.125,0
17363,920.46,3,499,34,395.81875,6.990277777777778,306.82,166.33333333333334,0.2503041891187206,0.0,0.0,2
17364,11972.92,28,7464,513,1.1597222222222223,731.7305555555556,427.6042857142857,266.57142857142856,0.0368484701440198,0.0714285714285714,0.0967741935483871,2
17365,8184.49,15,8015,395,13.025694444444444,664.0118055555556,545.6326666666666,534.3333333333334,0.0210522578442112,0.1333333333333333,0.0625,2
17366,1077.24,2,504,120,432.8652777777778,23.84583333333333,538.62,252.0,0.0402481972161663,0.5,0.3333333333333333,1
17367,167.55,1,149,33,238.9368055555556,0.0,167.55,149.0,0.0,0.0,0.0,0
17368,2758.29,14,2319,195,23.891666666666666,700.9034722222223,197.0207142857143,165.64285714285714,0.0185210652382756,0.2142857142857142,0.125,2
17369,979.2,1,1152,1,456.1256944444444,0.0,979.2,1152.0,0.0,0.0,0.0,2
17370,446.18,4,540,31,73.10833333333333,96.93333333333334,111.545,135.0,0.0306330837304288,0.0,0.0,0
17371,655.37,6,281,135,17.97222222222222,714.0451388888889,109.22833333333334,46.833333333333336,0.006992565543162,0.0,0.0,0
17372,4347.31,28,1863,412,41.050694444444446,695.7055555555555,155.26107142857146,66.53571428571429,0.0387538175699921,0.6428571428571429,0.0967741935483871,1
17373,1167.5,7,738,65,40.890277777777776,609.0493055555555,166.78571428571428,105.42857142857144,0.0098352706008507,0.4285714285714285,0.0,1
17374,727.11,3,155,34,219.15625,176.66041666666666,242.37,51.66666666666666,0.0112574316638718,0.0,0.25,0
17375,660.55,4,480,77,199.87847222222223,232.27152777777775,165.1375,120.0,0.0128605493717085,0.0,0.2,0
17376,453.64,4,244,41,71.00972222222222,452.05902777777777,113.41,61.0,0.0066216537273626,0.25,0.0,0
17377,17644.27,78,7335,505,24.06458333333333,713.9430555555556,226.20858974358976,94.03846153846152,0.1077008852686402,0.1538461538461538,0.1428571428571428,2
17378,10.95,1,1,1,374.7527777777778,0.0,10.95,1.0,0.0,0.0,0.5,0
17379,389.72,1,623,71,11.954166666666667,0.0,389.72,623.0,0.0,0.0,0.0,2
17380,645.0,3,252,5,434.8388888888889,100.22083333333332,215.0,84.0,0.0197587782488782,0.0,0.25,0
17381,36398.65,38,42879,50,9.035416666666666,539.9611111111111,957.8592105263158,1128.3947368421052,0.0683967835026136,0.0526315789473684,0.0256410256410256,2
17382,902.28,8,457,16,65.98958333333333,504.06388888888887,112.785,57.125,0.0138596327197329,0.0,0.0,0
17383,304.09,2,160,51,4.801388888888889,449.1125,152.045,80.0,0.0022216668055208,0.5,0.0,1
17384,507.55,3,121,15,19.87638888888889,447.99097222222224,169.18333333333334,40.333333333333336,0.0044544325470538,0.6666666666666666,0.0,1
17385,256.11,1,197,42,15.075,0.0,256.11,197.0,0.0,0.0,0.0,0
17386,2812.77,7,1955,32,8.056944444444444,377.90833333333336,401.82428571428574,279.2857142857143,0.0158349644812949,0.0,0.0,2
17387,746.81,2,522,71,20.07638888888889,13.98263888888889,373.405,261.0,0.0667439165701042,1.0,0.0,1
17388,2675.37,11,2555,41,78.09652777777778,651.9486111111111,243.21545454545452,232.27272727272728,0.0153151409312031,0.0909090909090909,0.0,2
17389,57215.33,61,17880,63,1.1333333333333333,734.8972222222222,937.9562295081968,293.11475409836066,0.081533124719258,0.081967213114754,0.2077922077922078,2
17390,149.3,1,49,12,421.05625,0.0,149.3,49.0,0.0,0.0,0.0,0
17391,508.8,2,480,2,164.11944444444444,0.9006944444444445,254.4,240.0,0.526123492875411,0.0,0.0,0
17392,585.92,3,450,66,307.00138888888887,143.85486111111112,195.30666666666664,150.0,0.0138069235968953,0.3333333333333333,0.0,0
17393,381.15,2,238,45,411.06944444444446,77.80347222222223,190.575,119.0,0.012689796170149,0.5,0.0,1
17394,203.87,1,241,4,219.9777777777778,0.0,203.87,241.0,0.0,0.0,0.0,0
17395,97.5,1,66,3,508.8861111111111,0.0,97.5,66.0,0.0,0.0,0.0,0
17396,8409.6,14,2313,29,39.94305555555555,402.0472222222222,600.6857142857143,165.21428571428572,0.0322542850644741,0.0,0.125,2
17397,1198.28,3,691,132,22.945833333333333,394.03333333333336,399.4266666666667,230.33333333333331,0.0050628638933423,0.0,0.0,2
17398,653.38,3,310,30,115.12638888888888,140.86388888888888,217.7933333333333,103.33333333333331,0.0140980204029684,0.0,0.0,0
17400,4623.28,8,2185,345,126.88333333333334,595.9979166666667,577.91,273.125,0.0117253340498815,0.0,0.0,2
17401,114.85,1,34,11,541.8305555555555,0.0,114.85,34.0,0.0,0.0,0.0,0
17402,4635.56,23,1450,105,5.107638888888889,718.6909722222222,201.5460869565217,63.04347826086956,0.0305686757915965,0.1739130434782608,0.1153846153846153,2
17403,382.87,2,188,45,36.89722222222223,414.1173611111111,191.435,94.0,0.0024089573062504,0.0,0.0,0
17404,47781.12,23,50679,126,4.85,697.2048611111111,2077.44,2203.4347826086955,0.0315093767250339,0.0434782608695652,0.1785714285714285,2
17405,1031.41,3,726,77,1.8180555555555555,149.12152777777777,343.80333333333334,242.0,0.0133225396091129,0.0,0.4,2
17406,4186.95,13,1847,155,333.9048611111112,400.05694444444447,322.0730769230769,142.07692307692307,0.0299209380768178,0.1538461538461538,0.2777777777777778,2
17407,552.9,1,426,23,412.03680555555553,0.0,552.9,426.0,0.0,1.0,0.0,1
17408,316.09000000000003,3,163,7,163.99791666666667,350.9520833333333,105.36333333333334,54.333333333333336,0.0056825917353806,0.0,0.25,0
17409,7793.51,10,4089,50,185.0930555555556,543.9298611111111,779.351,408.9,0.0165158869834165,0.0,0.0,2
17410,1214.72,5,616,57,16.877777777777776,199.01736111111111,242.944,123.2,0.0199982640395798,0.4,0.0,2
17411,1425.38,5,608,69,12.93402777777778,724.0993055555556,285.076,121.6,0.0055164857687117,0.4,0.4444444444444444,2
17412,4220.22,16,2554,161,3.051388888888889,734.90625,263.76375,159.625,0.0203830311265871,0.1875,0.1578947368421052,2
17413,560.14,2,302,10,405.0118055555556,165.05694444444444,280.07,151.0,0.0060220305952609,0.5,0.0,1
17414,2249.52,6,6256,6,44.02569444444445,692.8083333333333,374.92,1042.6666666666667,0.007206601246742,0.0,0.0,2
17415,507.84,1,114,14,80.0,0.0,507.84,114.0,0.0,0.0,0.0,0
17416,17298.45,22,8769,324,30.00208333333333,695.8458333333333,786.2931818181819,398.59090909090907,0.0301357904366699,0.0,0.12,2
17417,164.18,1,76,16,549.1180555555555,0.0,164.18,76.0,0.0,0.0,0.0,0
17418,670.0600000000001,3,521,40,42.99305555555556,344.97083333333336,223.35333333333332,173.66666666666666,0.0057808341261907,0.0,0.0,0
17419,6126.25,18,2884,203,11.960416666666667,672.0194444444444,340.34722222222223,160.22222222222223,0.0252592999211678,0.0,0.1,2
17420,953.58,6,446,43,50.915277777777774,351.07152777777776,158.93,74.33333333333333,0.014201659621723,0.1666666666666666,0.25,0
17421,1059.41,3,807,46,386.8284722222222,349.0513888888889,353.1366666666667,269.0,0.0057134468351868,0.0,0.0,2
17422,3594.76,11,3538,149,16.974305555555556,518.1305555555556,326.79636363636365,321.6363636363636,0.0192629770931097,0.0909090909090909,0.45,2
17423,1118.95,3,790,39,46.96805555555556,347.0486111111111,372.98333333333335,263.3333333333333,0.0057463237494762,0.0,0.4,2
17425,759.17,2,407,42,19.88888888888889,41.16180555555555,379.585,203.5,0.0237181493255151,0.5,0.0,1
17426,8077.77,13,5187,248,8.779861111111112,652.1861111111111,621.3669230769231,399.0,0.0183714867721042,0.0,0.2352941176470588,2
17427,100.8,1,34,2,72.05625,0.0,100.8,34.0,0.0,0.0,0.0,0
17428,31466.76,45,17356,422,1.1284722222222223,737.6784722222222,699.2613333333334,385.68888888888887,0.0595658350075256,0.0444444444444444,0.1176470588235294,2
17429,1357.46,5,1286,80,128.9777777777778,301.0361111111111,271.492,257.2,0.0132434495507343,0.0,0.2857142857142857,2
17430,622.57,4,455,30,33.14305555555556,446.89722222222224,155.6425,113.75,0.0066979651829846,0.0,0.0,0
17431,403.3,1,292,41,313.9263888888889,0.0,403.3,292.0,0.0,1.0,0.0,1
17432,1728.99,9,1008,213,18.803472222222226,717.9305555555555,192.11,112.0,0.0111276394335722,0.0,0.0,2
17433,569.96,2,305,81,88.93472222222222,297.03263888888887,284.98,152.5,0.003355337199738,0.0,0.0,0
17434,2373.82,7,1693,100,2.9819444444444443,82.97361111111111,339.1171428571429,241.8571428571429,0.0714510180116107,0.0,0.2222222222222222,2
17435,331.35,1,195,15,411.9548611111111,0.0,331.35,195.0,0.0,1.0,0.0,1
17436,534.06,5,178,8,2.013888888888889,730.9993055555556,106.81199999999998,35.6,0.0054644860584453,0.2,0.2857142857142857,0
17437,369.68,1,283,52,530.06875,0.0,369.68,283.0,0.0,0.0,0.0,0
17438,1422.77,5,553,49,254.1,387.73125,284.554,110.6,0.0102898853642458,0.0,0.1666666666666666,2
17439,325.74,1,370,8,656.0013888888889,0.0,325.74,370.0,0.0,0.0,0.0,0
17440,323.58,4,282,4,157.0388888888889,392.8847222222222,80.895,70.5,0.0076164416407789,0.0,0.3333333333333333,0
17441,293.35,1,245,21,732.9708333333333,0.0,293.35,245.0,0.0,0.0,0.0,0
17442,4620.3,15,3134,188,37.14791666666667,625.7243055555556,308.02000000000004,208.9333333333333,0.022338370916682,0.0666666666666666,0.3478260869565217,2
17443,534.24,1,504,1,220.08541666666667,0.0,534.24,504.0,0.0,0.0,0.0,0
17444,2940.04,3,2119,132,148.03125,25.125694444444445,980.0133333333332,706.3333333333334,0.0765529890220887,0.0,0.0,2
17446,120.9,2,198,6,177.0888888888889,133.8347222222222,60.45,99.0,0.0074164872632131,0.0,0.0,0
17447,541.53,2,443,33,40.93888888888889,31.17222222222222,270.765,221.5,0.0310827145570713,0.5,0.0,1
17448,14523.67,46,11534,569,497.94652777777776,147.85972222222222,315.7319565217391,250.7391304347826,0.3022980247996342,0.0869565217391304,0.1481481481481481,2
17449,4868.15,13,2483,292,2.8291666666666666,728.1111111111111,374.4730769230769,191.0,0.0164583968302346,0.1538461538461538,0.0714285714285714,2
17450,244784.25,51,83914,144,8.972916666666666,429.8541666666667,4799.691176470588,1645.3725490196075,0.1160485469754847,0.0,0.1639344262295081,2
17451,1721.4,7,1203,83,1.9083333333333332,104.13055555555556,245.9142857142857,171.85714285714286,0.0570718947340608,0.0,0.3,2
17453,486.72,2,219,19,18.13055555555556,46.69444444444444,243.36,109.5,0.0209668025626092,0.0,0.0,0
17454,1547.94,10,727,98,192.95277777777775,500.9291666666667,154.794,72.7,0.0179308169313399,0.1,0.0909090909090909,2
17455,131.7,1,66,8,204.01319444444445,0.0,131.7,66.0,0.0,0.0,0.0,0
17456,975.56,2,508,59,365.89375,90.99652777777776,487.78,254.0,0.0108699754670692,0.0,0.0,2
17457,5984.81,14,2695,30,127.00138888888888,605.9138888888889,427.4864285714285,192.5,0.0214198426465405,0.0,0.2222222222222222,2
17458,529.58,2,282,81,15.99236111111111,366.0541666666667,264.79,141.0,0.0027243935386466,0.0,0.0,0
17459,657.3,2,537,88,43.97569444444444,16.850694444444443,328.65,268.5,0.0560202295273293,0.0,0.0,2
17460,2157.9700000000003,16,954,93,94.90694444444443,592.06875,134.87312500000002,59.625,0.0252921773403167,0.0625,0.238095238095238,2
17461,735.82,3,770,104,23.103472222222223,6.930555555555555,245.2733333333333,256.6666666666667,0.2521891418563923,0.0,0.0,2
17462,675.69,2,227,25,60.954166666666666,223.87152777777777,337.845,113.5,0.0044469836171888,0.0,0.3333333333333333,0
17463,2535.26,7,1480,234,16.96527777777778,572.8215277777778,362.18,211.42857142857144,0.010456212793612,0.1428571428571428,0.2222222222222222,2
17464,907.14,3,608,35,158.97986111111112,461.0027777777778,302.38,202.66666666666663,0.0043289783009962,0.0,0.25,2
17465,2542.79,7,1477,103,426.0375,310.93819444444443,363.2557142857143,211.0,0.0192345794995892,0.2857142857142857,0.2222222222222222,2
17466,763.28,2,306,41,10.98263888888889,68.16597222222222,381.64,153.0,0.0144579764857076,0.0,0.0,0
17467,102.6,1,20,4,395.99444444444447,0.0,102.6,20.0,0.0,0.0,0.0,0
17468,194.8,3,184,8,10.886805555555556,364.9222222222222,64.93333333333334,61.333333333333336,0.0054656423648012,0.0,0.0,0
17469,5051.25,17,2304,165,16.98263888888889,706.9229166666667,297.13235294117646,135.52941176470588,0.0226013307710644,0.0,0.2272727272727272,2
17470,2626.47,11,2731,111,45.00555555555555,463.8513888888889,238.77,248.27272727272728,0.0215122515260253,0.0909090909090909,0.0,2
17471,321.65000000000003,1,153,19,475.0395833333333,0.0,321.65000000000003,153.0,0.0,1.0,0.0,1
17472,922.35,4,551,183,191.9118055555556,437.0625,230.5875,137.75,0.0068483378513339,0.5,0.0,1
17473,607.0,2,270,33,409.0451388888889,47.69583333333333,303.5,135.0,0.0205356378882519,0.0,0.3333333333333333,0
17474,1047.0,1,200,6,600.0881944444444,0.0,1047.0,200.0,0.0,0.0,0.0,0
17475,194.37,1,178,14,79.91319444444444,0.0,194.37,178.0,0.0,0.0,0.0,0
17476,489.86,2,224,29,396.1034722222222,341.925,244.93,112.0,0.0029160895239483,0.0,0.5,0
17477,1144.3,2,225,44,613.1138888888889,34.925694444444446,572.15,112.5,0.0278352308971062,0.0,0.6,2
17478,1272.8,2,516,40,408.9090277777778,225.02916666666667,636.4,258.0,0.0044242077902925,0.0,0.0,2
17479,389.2600000000001,1,266,18,633.1416666666667,0.0,389.2600000000001,266.0,0.0,0.0,0.0,0
17480,882.23,2,581,50,78.04930555555555,366.9638888888889,441.115,290.5,0.0027176579827428,0.0,0.3333333333333333,2
17481,1255.59,4,1061,69,4.0152777777777775,90.1048611111111,313.8975,265.25,0.0329290881234231,0.0,0.2,2
17482,775.64,2,240,50,487.8868055555556,91.05763888888887,387.82,120.0,0.0108627595935517,0.0,0.0,0
17483,591.73,4,265,23,65.98611111111111,349.01875,147.9325,66.25,0.0085709694123529,0.0,0.0,0
17484,209.57,2,339,14,576.88125,47.975,104.785,169.5,0.0204185809086268,0.0,0.0,0
17486,396.87,1,191,24,261.9513888888889,0.0,396.87,191.0,0.0,0.0,0.0,0
17487,160.55,1,37,8,728.9055555555556,0.0,160.55,37.0,0.0,0.0,0.0,0
17488,336.5,1,136,18,641.9465277777778,0.0,336.5,136.0,0.0,0.0,0.0,0
17489,376.64,2,428,28,59.1625,153.89027777777778,188.32,214.0,0.006456183140395,0.0,0.0,0
17490,2750.5,9,1531,93,1.1541666666666666,568.8527777777778,305.6111111111111,170.11111111111111,0.0140387137028569,0.0,0.3076923076923077,2
17491,5653.67,17,3362,105,1.855555555555556,589.18125,332.56882352941176,197.76470588235293,0.0271103156869182,0.0588235294117647,0.0555555555555555,2
17492,1122.42,3,450,32,248.89513888888888,270.07916666666665,374.14,150.0,0.0073779185047418,0.0,0.0,0
17493,100.91,1,62,8,385.8284722222222,0.0,100.91,62.0,0.0,0.0,0.0,0
17494,54.7,1,26,3,502.1138888888889,0.0,54.7,26.0,0.0,0.0,0.0,0
17495,806.72,3,367,38,8.029166666666667,383.0125,268.9066666666667,122.33333333333331,0.0052081637967514,0.3333333333333333,0.25,2
17496,1412.89,4,675,54,359.1743055555556,335.79375,353.2225,168.75,0.0089075287175014,0.0,0.2,2
17497,287.25,2,59,7,390.93958333333336,220.26111111111112,143.625,29.5,0.0045195470409521,0.5,0.0,1
17498,272.22,1,394,17,76.01736111111111,0.0,272.22,394.0,0.0,1.0,0.0,1
17499,1341.39,2,1086,66,290.15,271.96875,670.695,543.0,0.0036634230108757,0.0,0.3333333333333333,2
17500,1138.0,3,17,3,17.93402777777778,12.220138888888888,379.3333333333333,5.666666666666667,0.1512843410201187,0.0,0.0,0
17501,288.6,2,160,18,221.12708333333333,0.0006944444444444,144.3,80.0,0.9993060374739764,0.0,0.0,0
17502,689.1,4,376,25,9.984027777777778,19.856944444444444,172.275,94.0,0.1438369847506159,0.0,0.0,0
17503,558.96,2,486,36,3.147222222222222,35.920833333333334,279.48,243.0,0.0270849791219952,0.0,0.0,0
17504,9490.17,18,5420,244,206.99375,463.15069444444447,527.2316666666667,301.1111111111111,0.036626035904886,0.1666666666666666,0.0526315789473684,2
17505,2435.48,5,1242,83,162.0,443.84513888888887,487.096,248.4,0.0089918932462451,0.0,0.0,2
17506,302.2,1,139,14,76.04930555555555,0.0,302.2,139.0,0.0,1.0,0.5,1
17507,605.58,2,359,79,262.04305555555555,47.73611111111112,302.79,179.5,0.0205186662866913,0.0,0.0,0
17508,4579.23,8,2891,199,281.19444444444446,451.85,572.40375,361.375,0.0154576570608369,0.0,0.1111111111111111,2
17509,6083.64,8,3512,75,58.1,5.883333333333334,760.455,439.0,1.0169491525423728,0.0,0.2727272727272727,2
17510,514.56,2,422,28,25.11805555555556,395.9861111111111,257.28,211.0,0.0025189798131756,0.0,0.0,0
17511,172132.87,60,117174,657,3.109722222222222,734.9722222222222,2868.8811666666666,1952.9,0.0801660690696357,0.0,0.2941176470588235,2
17512,5467.820000000001,18,5434,102,29.027083333333334,700.6916666666667,303.76777777777784,301.8888888888889,0.0242271653028989,0.0,0.1,2
17513,1158.8,3,440,18,72.83888888888889,407.0652777777778,386.26666666666665,146.66666666666666,0.0049011766227489,0.0,0.0,0
17514,522.0,2,284,72,128.87847222222223,541.0729166666666,261.0,142.0,0.0018447702684525,0.0,0.0,0
17515,1602.51,9,527,91,31.948611111111116,519.0243055555555,178.05666666666667,58.55555555555556,0.0153838963189487,0.0,0.0,2
17516,947.5,6,522,150,15.832638888888887,363.1673611111111,157.91666666666666,87.0,0.0137299509344947,0.3333333333333333,0.0,2
17517,153.94,1,102,11,309.04305555555555,0.0,153.94,102.0,0.0,0.0,0.0,0
17518,329.42,2,267,71,426.00694444444446,195.9645833333333,164.71,133.5,0.0050770548850787,1.0,0.0,1
17519,4774.17,15,3230,142,17.838194444444444,721.2819444444444,318.278,215.33333333333331,0.0193830125585768,0.1333333333333333,0.1176470588235294,2
17520,546.81,1,365,30,54.03194444444444,0.0,546.81,365.0,0.0,0.0,0.0,0
17521,1278.06,5,806,65,30.06111111111111,404.98125,255.612,161.2,0.0098526717674769,0.0,0.1666666666666666,2
17522,1070.71,5,1034,59,2.0131944444444443,216.83333333333331,214.142,206.8,0.0183626625860749,0.2,0.0,2
17523,652.74,4,872,25,11.979166666666666,7.986111111111111,163.185,218.0,0.3338485316846986,0.5,0.0,1
17524,539.14,3,362,37,361.9291666666667,76.925,179.71333333333334,120.66666666666669,0.025665704202759,0.0,0.25,0
17525,1161.9,3,338,19,360.03125,69.12013888888889,387.3,112.66666666666669,0.028522476305547,0.3333333333333333,0.0,2
17526,3939.24,12,1442,67,5.072916666666667,717.7826388888889,328.27,120.16666666666669,0.0153036528775987,0.1666666666666666,0.25,2
17527,939.37,4,488,45,54.0125,164.95069444444445,234.8425,122.0,0.0180776586084387,0.0,0.3333333333333333,2
17528,3628.5,8,2138,183,1.9743055555555555,70.01597222222222,453.5625,267.25,0.0985693750427818,0.0,0.2727272727272727,2
17529,1240.25,2,790,78,610.7909722222222,87.22361111111111,620.125,395.0,0.0113348341493364,0.0,0.0,2
17530,2791.69,12,1741,359,1.7555555555555555,732.1006944444445,232.64083333333332,145.08333333333334,0.0150047600327755,0.0833333333333333,0.0769230769230769,2
17531,1266.82,3,472,54,190.73125,428.2638888888889,422.2733333333333,157.33333333333334,0.0046591387064419,0.0,0.6666666666666666,2
17532,65.34,1,30,4,386.1923611111111,0.0,65.34,30.0,0.0,0.0,0.0,0
17533,34.8,1,24,1,435.15,0.0,34.8,24.0,0.0,0.0,0.0,0
17534,1668.83,5,860,76,54.00208333333333,598.8277777777778,333.766,172.0,0.0066685807963396,0.2,0.0,2
17535,164.4,1,136,13,280.8958333333333,0.0,164.4,136.0,0.0,0.0,0.0,0
17536,364.83,3,201,16,177.97708333333333,505.0576388888889,121.61,67.0,0.0039521189807375,0.0,0.0,0
17537,887.67,2,699,74,30.079166666666666,273.8881944444444,443.835,349.5,0.0036378426582524,0.0,0.0,2
17538,98.42,1,134,9,26.02638888888889,0.0,98.42,134.0,0.0,0.0,0.0,0
17539,1176.84,4,708,132,618.0298611111111,108.9798611111111,294.21,177.0,0.0272777212999854,0.75,0.4285714285714285,1
17540,1590.6,6,588,41,25.0375,575.0895833333333,265.1,98.0,0.0086792057080242,0.1666666666666666,0.1428571428571428,2
17541,119.86,1,44,31,510.0513888888889,0.0,119.86,44.0,0.0,1.0,0.0,1
17542,340.85,3,323,57,270.0451388888889,371.9840277777778,113.61666666666667,107.66666666666669,0.0053621599078006,0.0,0.0,0
17543,120.05,1,62,13,550.00625,0.0,120.05,62.0,0.0,0.0,0.0,0
17544,944.82,3,410,80,390.9041666666666,0.0145833333333333,314.94,136.66666666666666,1.9712525667351128,1.0,0.0,1
17545,1409.86,6,682,204,43.94861111111111,534.1666666666666,234.9766666666667,113.66666666666669,0.0093428838368109,0.3333333333333333,0.0,2
17547,727.85,2,223,22,376.13125,289.7965277777778,363.925,111.5,0.0034388306065476,0.0,0.5,0
17548,731.26,4,494,22,234.03402777777777,162.82083333333333,182.815,123.5,0.0183126891675356,0.25,0.3333333333333333,0
17549,148.86,2,210,5,24.11875,27.995833333333334,74.43,105.0,0.0344877137519758,0.0,0.0,0
17550,2506.64,9,968,250,197.9451388888889,472.95972222222224,278.5155555555555,107.55555555555556,0.0168790714166405,0.5555555555555556,0.1,1
17551,290.34,1,142,39,359.9430555555556,0.0,290.34,142.0,0.0,0.0,0.0,0
17552,2786.77,12,1951,78,60.826388888888886,567.3201388888889,232.2308333333333,162.58333333333334,0.0193552880626505,0.0,0.25,2
17553,3757.6,4,2288,2,130.11805555555554,481.0111111111111,939.4,572.0,0.0062239229155621,0.0,0.0,2
17554,1952.45,5,1763,58,1.9409722222222223,146.75972222222222,390.49,352.6,0.02707097671708,0.0,0.0,2
17555,1045.74,5,739,220,20.01944444444445,566.8472222222222,209.148,147.8,0.0070441482206188,0.8,0.0,1
17556,300.67,2,184,13,206.0847222222222,173.74166666666667,150.335,92.0,0.0057227335590633,0.0,0.0,0
17557,575.46,4,310,28,14.995138888888889,718.1125,143.865,77.5,0.0041718090006779,0.0,0.0,0
17558,259.17,1,54,28,393.9263888888889,0.0,259.17,54.0,0.0,0.0,0.0,0
17559,167.62,1,270,12,513.0333333333333,0.0,167.62,270.0,0.0,0.0,0.0,0
17560,1895.8,8,1588,37,95.14722222222224,565.8798611111112,236.975,198.5,0.0123482954329682,0.0,0.0,2
17561,703.02,4,381,163,19.997916666666665,713.975,175.755,95.25,0.0041959509073743,1.0,0.0,1
17562,1122.38,7,817,48,14.936805555555557,159.05208333333334,160.34,116.71428571428572,0.0374877969410999,0.1428571428571428,0.125,2
17563,392.38,2,256,27,578.9138888888889,33.202777777777776,196.19,128.0,0.0292373913749695,0.0,0.6,0
17564,454.01,3,146,38,24.97430555555556,55.97708333333333,151.33666666666667,48.66666666666666,0.035101831876851,0.0,0.0,0
17565,131.83,1,67,30,587.0388888888889,0.0,131.83,67.0,0.0,1.0,0.0,1
17566,869.77,2,497,113,8.705555555555556,17.258333333333333,434.885,248.5,0.0547695116385212,0.0,0.0,2
17567,4838.08,9,2908,128,7.876388888888889,434.2083333333333,537.5644444444445,323.1111111111111,0.0183820009573958,0.0,0.1818181818181818,2
17568,374.45,1,275,61,633.8368055555555,0.0,374.45,275.0,0.0,0.0,0.0,0
17569,344.14,1,159,29,332.94097222222223,0.0,344.14,159.0,0.0,0.0,0.0,0
17570,100.0,1,1,1,382.0375,0.0,100.0,1.0,0.0,0.0,0.5,0
17571,1630.91,5,991,290,50.87013888888889,492.1298611111111,326.182,198.2,0.0081114536260028,0.2,0.0,2
17572,652.21,10,327,14,71.78958333333334,653.3284722222222,65.221,32.7,0.0137545596471361,0.0,0.0,0
17573,380.6,3,308,24,29.992361111111112,64.10069444444444,126.86666666666667,102.66666666666669,0.0307216384873859,0.0,0.25,0
17574,185.65,1,77,8,243.12708333333333,0.0,185.65,77.0,0.0,0.0,0.0,0
17575,171.7,1,72,5,667.9597222222222,0.0,171.7,72.0,0.0,0.0,0.0,0
17576,8711.95,41,4583,417,8.7875,728.0430555555556,212.48658536585367,111.78048780487804,0.0548664440257491,0.0,0.0888888888888888,2
17577,348.75,2,179,20,645.9923611111111,23.11875,174.375,89.5,0.041461518528116,0.0,0.0,0
17578,1047.33,7,529,57,218.75833333333333,311.2798611111112,149.6185714285714,75.57142857142857,0.0192135348678958,0.1428571428571428,0.3,2
17579,753.28,4,375,89,5.0152777777777775,573.9166666666666,188.32,93.75,0.005218147557617,0.0,0.2,0
17580,541.02,5,223,78,253.00625,169.92569444444445,108.204,44.6,0.0234019818553383,0.2,0.0,0
17581,17951.17,43,9519,387,1.020138888888889,735.9909722222222,417.4690697674418,221.3720930232558,0.0569884864035157,0.1395348837209302,0.1886792452830188,2
17582,1446.95,5,603,92,236.98055555555555,387.03819444444446,289.39,120.6,0.0103082636123663,0.6,0.1666666666666666,1
17583,135.95,1,55,7,560.9347222222223,0.0,135.95,55.0,0.0,0.0,0.0,0
17584,5309.42,6,2464,85,7.8180555555555555,676.3715277777778,884.9033333333333,410.6666666666667,0.0073814735266527,0.1666666666666666,0.1428571428571428,2
17585,2064.71,7,2510,295,109.97222222222224,368.86875,294.9585714285714,358.57142857142856,0.016221970631474,0.0,0.0,2
17586,167.4,1,68,8,619.9847222222222,0.0,167.4,68.0,0.0,0.0,0.0,0
17587,176.71,1,67,42,628.9402777777777,0.0,176.71,67.0,0.0,1.0,0.0,1
17588,2939.55,7,1379,35,100.96736111111112,537.04375,419.9357142857143,197.0,0.0111515095194396,0.0,0.2222222222222222,2
17589,13837.94,18,8704,601,60.827777777777776,582.1319444444445,768.7744444444445,483.55555555555554,0.0291529218420645,0.2777777777777778,0.1428571428571428,2
17590,1468.02,3,822,162,2.9965277777777777,37.951388888888886,489.34,274.0,0.0513460509894811,0.3333333333333333,0.0,2
17591,2339.32,8,1028,93,73.96388888888889,617.8979166666667,292.415,128.5,0.0113104274735669,0.125,0.1111111111111111,2
17592,148.3,1,38,13,739.0840277777778,0.0,148.3,38.0,0.0,0.0,0.5,0
17593,8092.32,11,5595,311,4.097222222222222,731.8298611111111,735.6654545454545,508.6363636363636,0.0136457321551254,0.2727272727272727,0.2666666666666666,2
17594,2497.88,4,1368,70,85.84444444444445,519.3201388888889,624.47,342.0,0.0057656811177947,0.0,0.0,2
17595,386.69,2,228,68,12.8625,24.992361111111112,193.345,114.0,0.0384728419140238,0.5,0.0,1
17596,4491.46,13,7010,274,23.94375,701.0347222222222,345.49692307692305,539.2307692307693,0.0170931716340399,0.1538461538461538,0.0714285714285714,2
17597,3484.09,5,2215,109,214.0388888888889,369.84791666666666,696.818,443.0,0.0107860926817484,0.4,0.2857142857142857,2
17598,409.98,1,126,10,381.7965277777778,0.0,409.98,126.0,0.0,0.0,0.0,0
17599,52.05,1,11,3,478.0,0.0,52.05,11.0,0.0,0.0,0.6666666666666666,0
17600,161.67000000000002,1,144,13,18.12986111111111,0.0,161.67000000000002,144.0,0.0,0.0,0.0,0
17601,413.08,2,295,69,239.78333333333333,141.14791666666667,206.54,147.5,0.0070349254737582,0.0,0.0,0
17602,7354.43,14,5880,450,2.95625,616.8527777777778,525.3164285714286,420.0,0.0210406110768926,0.0714285714285714,0.2222222222222222,2
17603,1788.38,4,638,104,78.93888888888888,651.1902777777777,447.095,159.5,0.0045998845769703,0.0,0.6363636363636364,2
17604,942.38,6,614,142,217.96319444444444,464.0583333333333,157.06333333333333,102.33333333333331,0.0107513394377049,0.0,0.0,2
17605,160.75,1,71,13,590.9201388888889,0.0,160.75,71.0,0.0,0.0,0.0,0
17606,87.30000000000001,1,42,6,737.9708333333333,0.0,87.30000000000001,42.0,0.0,0.0,0.0,0
17607,333.81,1,269,22,376.98541666666665,0.0,333.81,269.0,0.0,1.0,0.0,1
17608,488.06,4,528,134,33.98888888888889,573.9784722222222,122.015,132.0,0.0052175866487754,0.75,0.0,1
17609,1887.9,11,1321,317,41.015277777777776,568.8152777777777,171.62727272727273,120.0909090909091,0.017549547002318,0.4545454545454545,0.2142857142857142,2
17610,1511.94,5,893,114,540.8444444444444,193.01875,302.38800000000003,178.6,0.0206165641207357,0.2,0.375,2
17611,8337.53,28,5341,722,7.972916666666666,731.0,297.7689285714286,190.75,0.0368852459016393,0.25,0.2,2
17612,5394.86,18,3521,213,53.91041666666667,669.125,299.71444444444444,195.61111111111111,0.0253684014176459,0.0,0.4375,2
17613,4544.55,14,2490,211,23.082638888888887,282.9798611111111,324.6107142857143,177.85714285714286,0.0457778940701487,0.2142857142857142,0.1764705882352941,2
17614,386.32,1,235,97,57.86736111111111,0.0,386.32,235.0,0.0,0.0,0.0,0
17615,721.8,6,378,47,130.94722222222222,355.05,120.3,63.0,0.0140429714927678,0.1666666666666666,0.1428571428571428,0
17616,734.4,4,288,1,174.11041666666668,277.97777777777776,183.6,72.0,0.0107535446869523,0.25,0.0,0
17617,385.19,1,249,18,559.0013888888889,0.0,385.19,249.0,0.0,1.0,0.5,1
17618,4001.64,11,1798,202,6.041666666666667,679.0326388888889,363.7854545454545,163.45454545454547,0.0147051765284958,0.9090909090909092,0.1538461538461538,1
17619,214.37,1,124,71,312.93888888888887,0.0,214.37,124.0,0.0,0.0,0.0,0
17620,81.44,1,60,4,60.02916666666667,0.0,81.44,60.0,0.0,0.0,0.0,0
17621,3175.12,6,1110,61,21.81875,410.3152777777778,529.1866666666666,185.0,0.0121561251675688,0.1666666666666666,0.25,2
17622,1130.21,2,379,19,598.0097222222222,0.9569444444444444,565.105,189.5,0.511000709723208,0.0,0.3333333333333333,2
17623,2365.77,7,799,130,33.05416666666667,692.8722222222223,337.96714285714285,114.14285714285714,0.0086471252311905,0.1428571428571428,0.0,2
17624,1568.63,4,958,91,15.081944444444444,704.9284722222222,392.1575,239.5,0.0042497223416363,0.25,0.0,2
17625,5978.9,8,3505,429,18.968055555555555,706.0743055555556,747.3625,438.125,0.0098999496163278,0.5,0.0,2
17626,254.0,1,202,18,603.0243055555555,0.0,254.0,202.0,0.0,0.0,0.0,0
17627,296.36,1,676,10,479.0576388888889,0.0,296.36,676.0,0.0,0.0,0.5,0
17628,75.75,1,79,5,81.8951388888889,0.0,75.75,79.0,0.0,0.0,0.0,0
17629,2455.52,10,1903,129,6.079166666666667,415.88958333333335,245.552,190.3,0.0215884501791541,0.2,0.0909090909090909,2
17630,503.6,2,158,24,170.0361111111111,62.91319444444444,251.8,79.0,0.0156462215461509,0.0,0.0,0
17631,998.49,7,591,66,2.127083333333333,728.8138888888889,142.64142857142858,84.42857142857143,0.0082212740691119,0.0,0.0,0
17633,2057.39,7,899,84,31.975694444444443,357.9375,293.91285714285715,128.42857142857142,0.0167160020895002,0.1428571428571428,0.2222222222222222,2
17634,2358.59,9,838,209,36.98680555555556,301.01666666666665,262.0655555555556,93.11111111111111,0.0264886043816566,0.1111111111111111,0.0,2
17635,1265.58,3,770,60,424.9013888888889,166.18125,421.86,256.6666666666667,0.0119630640397771,0.0,0.25,2
17636,285.56,1,182,20,19.92361111111111,0.0,285.56,182.0,0.0,1.0,0.5,1
17637,547.0600000000001,2,280,35,31.999305555555555,83.97638888888889,273.53000000000003,140.0,0.0117679747642318,0.0,0.0,0
17638,842.4,2,432,2,647.9291666666667,74.19027777777778,421.2,216.0,0.013299591776419,0.0,0.0,0
17639,615.17,6,576,59,276.89444444444445,207.14097222222225,102.52833333333332,96.0,0.0240221804799765,0.1666666666666666,0.0,0
17640,3168.94,6,1692,48,87.15069444444444,539.9986111111111,528.1566666666666,282.0,0.0092421679045181,0.3333333333333333,0.25,2
17642,1824.49,5,1475,88,120.15208333333334,614.7152777777778,364.898,295.0,0.006496509254142,0.2,0.0,2
17643,439.7,2,226,30,373.925,132.06319444444443,219.85,113.0,0.0075152261613372,0.0,0.0,0
17644,6028.6,20,3469,160,1.9631944444444445,660.2076388888889,301.43,173.45,0.0287353002030165,0.05,0.2857142857142857,2
17646,3898.79,12,1308,124,219.98125,504.15277777777777,324.89916666666664,109.0,0.0217755904429353,0.0,0.25,2
17647,331.66,3,82,12,65.88333333333334,604.0409722222222,110.55333333333331,27.33333333333333,0.0033055612624948,0.0,0.0,0
17648,2216.37,5,954,114,61.13125,324.7083333333333,443.274,190.8,0.0122809261865165,0.0,0.1666666666666666,2
17649,1578.89,3,723,88,138.87291666666667,334.11944444444447,526.2966666666667,241.0,0.0059680213522541,0.3333333333333333,0.4,2
17650,166.08,1,150,8,21.915277777777774,0.0,166.08,150.0,0.0,0.0,0.0,0
17651,5703.52,16,4086,198,12.097916666666666,514.925,356.47,255.375,0.0290739933129815,0.0625,0.2727272727272727,2
17652,4867.72,12,2509,118,25.99652777777778,255.95138888888889,405.6433333333334,209.08333333333331,0.0428096537931407,0.0,0.3333333333333333,2
17653,1207.56,4,1409,44,37.00277777777778,83.89027777777778,301.89,352.25,0.0353397359336398,0.0,0.2,2
17654,117.55,1,41,22,277.98125,0.0,117.55,41.0,0.0,0.0,0.0,0
17655,2976.38,9,1268,75,11.052777777777775,406.0513888888889,330.7088888888889,140.88888888888889,0.0196535381486776,0.1111111111111111,0.1,2
17656,1674.69,5,1399,67,73.99027777777778,55.09652777777778,334.938,279.8,0.0713056611247972,0.0,0.0,2
17657,126.0,1,60,7,430.91527777777776,0.0,126.0,60.0,0.0,0.0,0.0,0
17658,595.42,2,616,17,26.02986111111111,185.86388888888888,297.71,308.0,0.0053514887544409,0.0,0.3333333333333333,2
17659,3586.99,14,1752,150,17.972916666666666,368.9645833333333,256.21357142857147,125.14285714285714,0.0351384986175478,0.0,0.1764705882352941,2
17660,342.22,2,259,75,141.9673611111111,595.8993055555555,171.11,129.5,0.0016753244486844,0.0,0.0,0
17662,412.92,2,184,14,662.1333333333333,60.98888888888889,206.46,92.0,0.0161319232837426,0.0,0.0,0
17663,5175.83,17,2297,153,26.1625,619.8847222222222,304.4605882352941,135.11764705882354,0.0257696790198574,0.0,0.2608695652173913,2
17664,1166.23,4,1058,68,19.05625,601.7583333333333,291.5575,264.5,0.0049771190775739,0.25,0.0,2
17665,563.1,1,690,19,493.9847222222222,0.0,563.1,690.0,0.0,0.0,0.0,0
17666,2047.8,5,1552,30,4.155555555555556,523.8770833333333,409.56,310.4,0.0076208318614278,0.0,0.0,2
17667,3950.7,9,2192,140,66.92916666666666,588.1909722222222,438.9666666666666,243.55555555555557,0.0135779405611508,0.0,0.25,2
17668,347.75,2,93,14,1.9756944444444444,36.94444444444444,173.875,46.5,0.0263543191800878,0.0,0.0,0
17669,6142.35,10,3505,85,43.16458333333333,574.5868055555555,614.235,350.5,0.0156362166629466,0.0,0.0,2
17670,205.7,1,110,11,228.1513888888889,0.0,205.7,110.0,0.0,0.0,0.0,0
17671,2009.16,5,987,54,16.020138888888887,360.01944444444445,401.832,197.4,0.0110797356251971,0.0,0.2857142857142857,2
17672,5778.63,7,2758,179,50.93888888888889,631.8736111111111,825.5185714285715,394.0,0.0094805659371166,0.0,0.2222222222222222,2
17673,4173.88,13,3284,195,2.0,628.95,321.0676923076923,252.6153846153846,0.0190491308834034,0.0769230769230769,0.1333333333333333,2
17674,551.04,2,672,19,74.96875,294.1354166666667,275.52,336.0,0.0033882751561783,0.0,0.0,0
17675,37642.48,70,16180,345,1.7826388888888889,728.0784722222222,537.7497142857143,231.14285714285717,0.0946400183641259,0.1,0.2222222222222222,2
17676,2448.64,10,1764,85,4.898611111111111,615.1854166666667,244.864,176.4,0.0146059931906318,0.0,0.2307692307692307,2
17677,35058.46,54,20921,346,2.120833333333333,721.9395833333333,649.2307407407408,387.4259259259259,0.0733117970323707,0.0555555555555555,0.4065934065934066,2
17678,599.76,2,368,27,264.04027777777776,339.91527777777776,299.88,184.0,0.0029332800997315,0.0,0.3333333333333333,0
17679,3577.61,7,1755,70,53.21319444444445,683.5909722222223,511.0871428571429,250.7142857142857,0.008764357468115,0.0,0.3636363636363636,2
17680,497.45,3,155,20,24.00555555555556,487.8576388888889,165.81666666666666,51.66666666666666,0.0040911706003934,0.3333333333333333,0.25,0
17681,731.2,5,450,12,597.8111111111111,96.22847222222222,146.24,90.0,0.0411402124149161,0.2,0.1666666666666666,0
17682,4065.28,11,2281,85,10.86875,631.2569444444445,369.5709090909091,207.3636363636364,0.0158163545499478,0.0909090909090909,0.0833333333333333,2
17683,819.01,3,781,41,386.11041666666665,168.70555555555555,273.00333333333333,260.3333333333333,0.0117851180148623,0.0,0.0,2
17684,239.41,1,145,15,44.06944444444444,0.0,239.41,145.0,0.0,0.0,0.0,0
17685,5454.95,12,3474,124,17.051388888888887,649.9111111111112,454.57916666666665,289.5,0.0168993888907855,0.0,0.1428571428571428,2
17686,8296.81,9,3583,283,7.882638888888889,526.2430555555555,921.8677777777776,398.1111111111111,0.0151732676527534,0.0,0.0,2
17687,432.68,1,210,26,421.0138888888889,0.0,432.68,210.0,0.0,0.0,0.0,0
17688,304.2,1,114,19,394.0895833333333,0.0,304.2,114.0,0.0,0.0,0.5,0
17689,317.08,2,300,17,388.97777777777776,85.97777777777777,158.54,150.0,0.0114971895758814,0.5,0.0,1
17690,6963.8,20,2939,237,30.897916666666667,644.0354166666667,348.19,146.95,0.02945574693896,0.15,0.0476190476190476,2
17691,637.5500000000001,4,315,37,358.8125,188.22916666666663,159.38750000000002,78.75,0.0158537927997357,0.0,0.2,0
17692,2975.8,12,2338,90,127.95069444444444,413.11597222222224,247.98333333333332,194.83333333333331,0.0265626074284746,0.0833333333333333,0.1428571428571428,2
17693,200.47,1,231,16,137.8763888888889,0.0,200.47,231.0,0.0,0.0,0.6666666666666666,0
17694,1695.97,3,1493,54,142.03472222222223,421.1479166666667,565.3233333333334,497.6666666666667,0.0047376758738791,0.0,0.0,2
17695,1746.04,5,1809,46,132.09027777777777,549.0506944444444,349.208,361.8,0.0072720569947466,0.2,0.1666666666666666,2
17696,7679.59,27,5891,191,38.96319444444445,690.8569444444445,284.42925925925925,218.1851851851852,0.0375800231663177,0.074074074074074,0.4375,2
17697,338.95,1,93,19,236.88194444444449,0.0,338.95,93.0,0.0,1.0,0.0,1
17698,154.95,1,93,8,261.0527777777778,0.0,154.95,93.0,0.0,0.0,0.0,0
17699,442.0,2,208,17,477.1326388888889,84.90694444444445,221.0,104.0,0.0116405024816904,0.0,0.0,0
17700,6679.97,14,3469,259,17.040972222222223,722.0097222222222,477.1407142857143,247.78571428571428,0.0179803944545082,0.0,0.1764705882352941,2
17701,417.95,1,109,24,253.01736111111111,0.0,417.95,109.0,0.0,0.0,0.0,0
17702,3144.04,6,2153,120,30.865972222222226,370.1625,524.0066666666667,358.8333333333333,0.013471188495605,0.1666666666666666,0.3333333333333333,2
17703,1094.84,4,897,63,35.87430555555556,382.9826388888889,273.71,224.25,0.0078128532286796,0.5,0.0,1
17704,885.19,2,343,27,169.13194444444446,71.00833333333334,442.595,171.5,0.0138872815646337,0.0,0.0,0
17705,2083.9,11,1301,74,3.9618055555555554,573.1652777777778,189.44545454545457,118.27272727272728,0.0174165878485434,0.0909090909090909,0.0833333333333333,2
17706,20272.15,31,7824,408,4.969444444444444,685.05625,653.9403225806452,252.38709677419357,0.0437281928413304,0.064516129032258,0.2790697674418604,2
17707,609.3000000000001,8,546,9,185.9076388888889,547.1138888888889,76.16250000000001,68.25,0.0127710684620491,0.25,0.1111111111111111,0
17708,884.1800000000001,4,387,57,188.10972222222225,235.91597222222225,221.045,96.75,0.0126627173839763,0.25,0.0,0
17709,671.01,5,295,37,170.03819444444446,433.8798611111111,134.202,59.0,0.0091979425990894,0.2,0.0,0
17710,293.5,1,158,20,424.2090277777778,0.0,293.5,158.0,0.0,0.0,0.0,0
17711,385.1,2,246,22,11.04861111111111,279.0055555555556,192.55,123.0,0.0035713577111565,0.0,0.0,0
17712,522.91,1,215,29,45.015277777777776,0.0,522.91,215.0,0.0,0.0,0.0,0
17713,1198.09,4,989,55,382.8333333333333,166.3034722222222,299.5225,247.25,0.0179314867776039,0.0,0.0,2
17714,1410.18,5,608,69,321.09583333333336,192.99375,282.036,121.6,0.0206192209800573,0.2,0.4444444444444444,2
17715,489.6,2,576,1,201.0125,392.0104166666667,244.8,288.0,0.0025444618198202,0.0,0.0,0
17716,15956.97,24,8819,334,23.03472222222222,714.7791666666667,664.87375,367.4583333333333,0.0321328156379702,0.0416666666666666,0.1111111111111111,2
17717,376.92,1,344,26,421.9972222222222,0.0,376.92,344.0,0.0,0.0,0.0,0
17718,439.18,2,274,22,232.96597222222223,412.2347222222222,219.59,137.0,0.0024199321746787,0.0,0.3333333333333333,0
17719,5396.04,15,2466,111,38.09305555555556,217.96319444444444,359.736,164.4,0.0639376861281227,0.0666666666666666,0.1666666666666666,2
17720,2666.91,10,1589,81,26.906944444444445,552.2125,266.691,158.9,0.0162686128747994,0.1,0.1666666666666666,2
17721,307.21000000000004,1,107,11,659.8972222222222,0.0,307.21000000000004,107.0,0.0,0.0,0.0,0
17722,3520.2200000000003,5,2412,163,96.89444444444445,279.2347222222222,704.0440000000001,482.4,0.014273748692812,0.2,0.2857142857142857,2
17723,3378.4000000000005,7,912,6,127.75902777777776,248.3347222222222,482.6285714285715,130.28571428571428,0.0240640370764423,0.0,0.0,2
17724,1033.0,3,300,38,71.89166666666667,67.08333333333333,344.3333333333333,100.0,0.02937576499388,0.3333333333333333,0.25,2
17725,3439.08,11,2162,115,16.844444444444445,250.8659722222222,312.64363636363635,196.54545454545453,0.0397036563207393,0.1818181818181818,0.2142857142857142,2
17726,1092.06,7,444,52,395.96736111111113,286.94375,156.00857142857143,63.42857142857143,0.0208374031386338,0.0,0.125,0
17727,1060.25,1,645,66,15.822222222222225,0.0,1060.25,645.0,0.0,0.0,0.5,2
17728,4238.76,5,2146,196,4.165277777777778,449.7458333333333,847.7520000000001,429.2,0.0088741807559692,0.4,0.375,2
17729,438.65,1,247,23,596.9076388888889,0.0,438.65,247.0,0.0,0.0,0.0,0
17730,7773.8,20,5300,177,3.879861111111111,586.1631944444445,388.69,265.0,0.0323589764817892,0.05,0.1304347826086956,2
17731,1708.99,6,707,82,79.90833333333333,589.1006944444445,284.83166666666665,117.83333333333331,0.0084731301743464,0.1666666666666666,0.1428571428571428,2
17732,2166.42,8,1058,90,373.13958333333335,115.03333333333332,270.8025,132.25,0.0603274920999712,0.0,0.2,2
17733,692.19,2,463,33,39.19027777777778,222.93194444444444,346.095,231.5,0.004465642463298,0.0,0.0,0
17734,1442.32,6,741,76,54.011805555555554,588.9430555555556,240.38666666666663,123.5,0.0084753942824048,0.3333333333333333,0.0,2
17735,16790.33,26,10683,391,2.8354166666666667,495.1402777777778,645.7819230769231,410.88461538461536,0.0503889748922935,0.0769230769230769,0.1034482758620689,2
17736,377.44,3,238,24,9.884722222222225,104.04375,125.81333333333332,79.33333333333333,0.0190396858451835,0.0,0.25,0
17737,168.24,2,108,8,9.89861111111111,49.02361111111111,84.12,54.0,0.019990560013327,0.0,0.0,0
17738,4183.56,13,2776,173,19.90625,611.2069444444444,321.81230769230774,213.53846153846155,0.019601215093843,0.0769230769230769,0.1333333333333333,2
17739,7730.59,18,2335,56,12.151388888888889,720.9333333333333,429.4772222222222,129.72222222222223,0.0235478806907378,0.0,0.1,2
17740,426.9,6,222,5,389.84513888888887,308.1402777777778,71.14999999999999,37.0,0.0161738872590203,0.0,0.0,0
17741,101.1,2,114,6,407.03541666666666,153.99166666666667,50.55,57.0,0.006451959782784,0.0,0.0,0
17742,2098.48,11,653,52,113.89027777777778,625.0916666666667,190.7709090909091,59.36363636363637,0.0159721020617321,0.0,0.0,2
17743,229.2,1,96,3,448.9138888888889,0.0,229.2,96.0,0.0,0.0,0.5,0
17744,2649.14,7,3826,121,4.027083333333334,377.1090277777778,378.4485714285714,546.5714285714286,0.0158684388872257,0.1428571428571428,0.125,2
17745,600.34,2,164,27,478.0138888888889,78.14375,300.17,82.0,0.0126352365158335,0.0,0.0,0
17746,904.18,4,688,32,240.9298611111111,370.0673611111111,226.045,172.0,0.0080847854443918,0.0,0.4285714285714285,2
17747,71.4,1,12,1,113.19236111111113,0.0,71.4,12.0,0.0,0.0,0.5,0
17748,358.15,1,111,17,527.9590277777778,0.0,358.15,111.0,0.0,0.0,0.0,0
17749,1026.18,3,446,52,178.87847222222223,368.0340277777778,342.06,148.66666666666666,0.0054195544298271,0.0,0.0,2
17750,1710.45,9,3747,101,5.945138888888889,158.93402777777777,190.05,416.3333333333333,0.0500206248236034,0.2222222222222222,0.0,2
17751,157.86,1,147,31,421.9534722222222,0.0,157.86,147.0,0.0,0.0,0.0,0
17752,80.64,1,192,1,359.8548611111111,0.0,80.64,192.0,0.0,0.0,0.0,0
17753,382.06,4,124,63,464.8756944444444,238.0618055555556,95.515,31.0,0.012549056061165,0.0,0.2,0
17754,4451.22,13,4366,185,1.0625,727.8111111111111,342.4015384615385,335.84615384615387,0.0164651715884316,0.0,0.1875,2
17756,728.75,3,399,54,376.0208333333333,18.976388888888888,242.91666666666663,133.0,0.1001181950914273,0.0,0.0,0
17757,9074.05,56,5011,362,1.8881944444444445,693.9826388888889,162.03660714285712,89.48214285714286,0.0791386675326621,0.1071428571428571,0.0666666666666666,2
17758,4964.03,12,3199,403,19.92013888888889,549.0604166666667,413.6691666666666,266.5833333333333,0.0199978032716103,0.5,0.0,2
17759,1261.88,5,965,114,17.866666666666667,566.1819444444444,252.37600000000003,193.0,0.0070524106755866,0.0,0.0,2
17760,746.39,6,531,58,22.079166666666666,627.9451388888889,124.39833333333333,88.5,0.007949818975997,0.1666666666666666,0.1428571428571428,0
17761,712.78,1,398,19,33.10208333333333,0.0,712.78,398.0,0.0,0.0,0.0,2
17762,129.75,1,129,16,456.7986111111111,0.0,129.75,129.0,0.0,0.0,0.0,0
17763,86.15,4,41,11,263.93402777777777,395.9951388888889,21.5375,10.25,0.0075567675926622,0.0,0.2,0
17764,1513.57,5,674,126,51.074305555555554,685.8576388888889,302.714,134.8,0.0058236230821727,0.0,0.0,2
17765,524.0,4,195,71,159.00625,289.9972222222222,131.0,48.75,0.0103093767599919,0.0,0.0,0
17766,299.61,2,155,21,381.93125,0.0083333333333333,149.805,77.5,0.9917355371900828,0.0,0.0,0
17767,413.05,2,198,35,15.922222222222222,394.93055555555554,206.525,99.0,0.0025256954432244,0.0,0.0,0
17768,3292.73,7,2339,134,8.977777777777778,729.0388888888889,470.39,334.1428571428572,0.0082187402497583,0.2857142857142857,0.125,2
17769,7053.38,17,3157,330,13.063888888888888,676.9895833333334,414.90470588235297,185.7058823529412,0.0235991826324765,0.7647058823529411,0.1904761904761904,1
17770,1143.27,5,365,33,199.01111111111112,83.9576388888889,228.654,73.0,0.0470822877414397,0.0,0.0,0
17771,387.41,4,373,63,57.046527777777776,532.9319444444444,96.8525,93.25,0.0056186936017126,0.0,0.0,0
17772,360.75,3,113,94,11.072916666666666,381.9819444444444,120.25,37.66666666666666,0.0052221783011238,0.0,0.0,0
17773,575.37,2,254,48,514.9465277777778,175.98263888888889,287.685,127.0,0.0056502717231366,0.0,0.0,0
17774,3273.83,9,1585,286,97.00069444444443,572.8631944444444,363.75888888888886,176.11111111111111,0.0139406047947451,0.3333333333333333,0.3076923076923077,2
17775,56.4,1,72,3,255.08333333333331,0.0,56.4,72.0,0.0,0.0,0.0,0
17776,330.56,2,273,74,387.025,336.8854166666667,165.28,136.5,0.0029595831920337,0.0,0.3333333333333333,0
17777,647.56,3,501,141,25.03333333333333,75.89375,215.85333333333327,167.0,0.0260099162805819,0.0,0.0,2
17778,197.7,1,214,10,662.0041666666667,0.0,197.7,214.0,0.0,0.0,0.0,0
17779,650.32,3,396,73,21.94097222222222,122.08055555555556,216.7733333333333,132.0,0.01624952041346,0.0,0.4,2
17780,346.56,3,156,76,667.9631944444444,17.09861111111111,115.52,52.0,0.1105057171360601,0.3333333333333333,0.0,0
17781,188.02,2,34,12,159.86805555555554,93.8375,94.01,17.0,0.0105443521813628,0.5,0.0,1
17782,679.02,2,538,29,383.06597222222223,0.05,339.51,269.0,0.9523809523809524,0.0,0.0,2
17783,376.96,3,438,91,72.86319444444445,440.1368055555556,125.65333333333332,146.0,0.004533740950228,0.0,0.0,0
17784,112.86,1,72,19,550.8625,0.0,112.86,72.0,0.0,0.0,0.0,0
17785,403.38,3,227,48,53.96319444444445,512.0291666666667,134.46,75.66666666666667,0.0038984138328717,0.3333333333333333,0.0,0
17786,266.85,2,195,57,85.99930555555555,231.92777777777775,133.425,97.5,0.0042931762348844,0.0,0.0,0
17787,1817.54,4,896,94,153.05972222222223,218.90347222222223,454.385,224.0,0.0136423493894101,0.25,0.0,2
17788,1117.9,2,211,3,74.11180555555555,55.97986111111111,558.95,105.5,0.0175500603283323,0.0,0.0,0
17789,397.15,2,199,27,281.9833333333333,379.99861111111113,198.575,99.5,0.0026246814839657,0.0,0.0,0
17790,2779.41,20,1387,188,27.05555555555556,517.9166666666666,138.9705,69.35,0.0366147422514854,0.2,0.0,2
17791,106.1,1,46,10,30.028472222222224,0.0,106.1,46.0,0.0,0.0,0.0,0
17792,368.35,2,149,45,467.93055555555554,11.056944444444444,184.175,74.5,0.0829397534846216,0.5,0.0,1
17793,300.34,1,226,49,25.934722222222224,0.0,300.34,226.0,0.0,0.0,0.0,0
17794,147.3,2,46,7,687.1055555555556,1.917361111111111,73.65,23.0,0.342775529635801,0.0,0.0,0
17795,342.83,2,305,43,180.00972222222222,85.02361111111111,171.415,152.5,0.0116247154366533,0.5,0.0,1
17796,1236.39,7,347,149,40.88333333333333,381.0840277777778,176.62714285714287,49.57142857142857,0.0157033520477062,0.7142857142857143,0.0,1
17797,1971.87,8,1086,222,22.978472222222223,701.9520833333333,246.48375,135.75,0.0099580044870294,0.0,0.0,2
17798,178.07,1,138,43,582.0472222222222,0.0,178.07,138.0,0.0,0.0,0.0,0
17799,6246.93,20,3674,478,22.898611111111112,703.9673611111111,312.3465,183.7,0.026951602369298,0.05,0.1304347826086956,2
17800,1187.21,9,732,51,37.99513888888889,296.96319444444447,131.91222222222223,81.33333333333333,0.0268489536599179,0.3333333333333333,0.0,2
17801,770.03,3,820,66,451.9291666666667,240.12569444444443,256.6766666666667,273.3333333333333,0.0082944291963907,0.3333333333333333,0.25,2
17802,4946.22,10,2705,283,82.9125,644.0534722222222,494.622,270.5,0.0139523316865419,0.8,0.375,1
17803,184.66,1,98,27,392.95625,0.0,184.66,98.0,0.0,0.0,0.0,0
17804,383.78,3,194,82,376.9506944444444,362.06875,127.92666666666668,64.66666666666667,0.0055085985780929,0.3333333333333333,0.25,0
17805,927.03,2,1126,10,74.0423611111111,536.8840277777778,463.515,563.0,0.001859136818268,0.0,0.0,2
17806,546.04,1,727,43,11.943055555555556,0.0,546.04,727.0,0.0,0.0,0.0,2
17807,437.87,3,262,88,395.8534722222222,309.09791666666666,145.95666666666668,87.33333333333333,0.0064495757388459,0.3333333333333333,0.0,0
17808,262.64,4,143,29,549.0875,32.7625,65.66,35.75,0.0888559792669381,0.25,0.0,0
17809,10085.89,20,2995,59,16.99375,720.9215277777778,504.2945,149.75,0.0263186499763844,0.0,0.1666666666666666,2
17810,373.16,2,118,51,669.0854166666667,15.014583333333333,186.58,59.0,0.0624430857291531,0.0,0.3333333333333333,0
17811,9519.8,47,5278,538,4.961111111111111,441.0986111111111,202.5489361702128,112.29787234042551,0.1040491846024799,0.1702127659574468,0.2166666666666666,2
17812,911.99,7,444,162,13.04375,517.9256944444444,130.28428571428572,63.42857142857143,0.0115623490303819,0.2857142857142857,0.0,2
17813,1698.07,5,752,297,14.859027777777778,57.01111111111111,339.614,150.4,0.0689523079869756,0.0,0.2857142857142857,2
17814,1609.37,2,1435,112,375.9368055555556,47.0125,804.685,717.5,0.0208279093985941,0.0,0.0,2
17815,591.96,1,612,13,393.9243055555556,0.0,591.96,612.0,0.0,0.0,0.0,0
17816,96.11,6,80,41,37.05277777777778,687.8381944444444,16.018333333333334,13.333333333333334,0.007258598667039,0.0,0.0,0
17817,788.15,6,353,115,4.924305555555556,417.9805555555556,131.35833333333332,58.833333333333336,0.0119337280303381,0.0,0.1428571428571428,0
17818,124.78,1,86,42,738.0527777777778,0.0,124.78,86.0,0.0,0.0,0.0,0
17819,6021.05,12,1610,66,72.08194444444445,654.8111111111111,501.75416666666666,134.16666666666666,0.0167731223421378,0.3333333333333333,0.0769230769230769,2
17820,180.61,1,111,39,374.7965277777778,0.0,180.61,111.0,0.0,0.0,0.6666666666666666,0
17821,334.62,1,162,6,406.9791666666667,0.0,334.62,162.0,0.0,0.0,0.0,0
17822,2162.93,5,1375,152,420.9604166666667,140.0638888888889,432.586,275.0,0.0283559458874032,0.0,0.0,2
17823,449.25,2,252,88,421.8513888888889,0.0069444444444444,224.625,126.0,0.993103448275862,0.0,0.0,0
17824,298.4,1,408,13,51.94166666666667,0.0,298.4,408.0,0.0,0.0,0.0,0
17825,701.96,4,516,24,599.0340277777777,126.99444444444444,175.49,129.0,0.0234385172967576,0.0,0.0,0
17826,133.34,1,84,33,374.9770833333333,0.0,133.34,84.0,0.0,0.0,0.0,0
17827,2376.17,6,1582,240,5.909722222222222,616.1111111111111,396.02833333333336,263.6666666666667,0.0081022686352178,0.3333333333333333,0.1428571428571428,2
17828,1820.09,4,667,54,23.172916666666666,162.00694444444446,455.0225,166.75,0.0184041238870191,0.0,0.5555555555555556,2
17829,4756.74,5,3009,121,299.0027777777778,356.8798611111111,951.348,601.8,0.0111769351524312,0.0,0.1666666666666666,2
17830,398.7,3,92,18,2.015277777777778,287.0923611111112,132.9,30.666666666666668,0.0069422180868886,0.0,0.0,0
17831,35.400000000000006,1,12,2,33.90347222222222,0.0,35.400000000000006,12.0,0.0,1.0,0.0,1
17832,155.37,1,208,61,50.046527777777776,0.0,155.37,208.0,0.0,0.0,0.0,0
17833,338.46000000000004,1,143,28,723.9652777777778,0.0,338.46000000000004,143.0,0.0,0.0,0.0,0
17834,689.6700000000001,2,639,54,415.0284722222222,30.85902777777778,344.83500000000004,319.5,0.0313882773503062,0.0,0.0,2
17835,342.24,3,344,45,3.043055555555556,20.804166666666667,114.08,114.66666666666669,0.0917255876170456,0.0,0.0,0
17836,110.21,1,88,23,47.859027777777776,0.0,110.21,88.0,0.0,1.0,0.0,1
17837,1541.23,8,510,110,42.859027777777776,120.97847222222222,192.65375,63.75,0.0573871755603504,0.125,0.2,2
17838,5604.64,13,3491,141,27.0625,604.0604166666667,431.1261538461539,268.53846153846155,0.0198327302025624,0.3076923076923077,0.1333333333333333,2
17839,318.15,1,257,50,42.80763888888889,0.0,318.15,257.0,0.0,0.0,0.0,0
17840,175.9,1,128,44,444.0180555555556,0.0,175.9,128.0,0.0,0.0,0.0,0
17841,68545.25,211,36584,2116,2.029861111111111,735.8513888888889,324.8590047393365,173.38388625592418,0.2849964092714308,0.1469194312796208,0.2698961937716263,2
17842,430.69,1,89,18,602.9354166666667,0.0,430.69,89.0,0.0,0.0,0.0,0
17843,320.4,2,251,58,303.88680555555555,108.19236111111113,160.2,125.5,0.0091581497993474,0.5,0.0,1
17844,51.56,1,52,5,107.05763888888887,0.0,51.56,52.0,0.0,0.0,0.0,0
17845,596.09,4,195,42,555.8958333333334,21.094444444444445,149.0225,48.75,0.1357807392506914,0.0,0.0,0
17846,2033.1,1,1,1,85.89583333333333,0.0,2033.1,1.0,0.0,0.0,0.0,0
17847,129.69,2,29,9,516.1180555555555,129.87708333333333,64.845,14.5,0.0076407570716798,0.0,0.0,0
17848,3559.11,30,1404,105,81.83402777777778,652.1458333333334,118.637,46.8,0.0444004975917833,0.1333333333333333,0.032258064516129,2
17849,1063.76,8,224,24,218.9611111111111,416.9368055555556,132.97,28.0,0.0167489436368137,0.25,0.0,0
17850,51208.87,155,21052,100,372.8909722222222,362.1243055555556,330.3798064516129,135.81935483870967,0.4240971965905462,0.1096774193548387,0.0251572327044025,2
17851,1552.35,6,933,185,422.90069444444447,313.89375,258.725,155.5,0.0158783716729849,0.1666666666666666,0.0,2
17852,657.8100000000001,5,372,82,12.009722222222225,719.9895833333334,131.562,74.4,0.0055479303619157,0.0,0.0,0
17853,1596.29,3,625,84,407.88958333333335,329.0138888888889,532.0966666666667,208.33333333333331,0.0060603509953284,0.0,0.0,2
17854,1068.5,6,607,113,185.85347222222225,546.2138888888888,178.08333333333334,101.16666666666669,0.0091371949826647,0.0,0.0,2
17855,208.97,1,197,17,373.12916666666666,0.0,208.97,197.0,0.0,0.0,0.0,0
17856,1418.03,4,842,12,2.1319444444444446,279.9166666666667,354.5075,210.5,0.0106793236428359,0.25,0.3333333333333333,2
17857,27347.04,24,19906,21,4.9840277777777775,637.0444444444445,1139.46,829.4166666666666,0.036047645583728,0.0,0.0769230769230769,2
17858,12518.65,30,5383,173,6.0375,727.84375,417.2883333333333,179.43333333333334,0.0397890494361788,0.4666666666666667,0.0625,2
17859,141.92000000000002,1,102,23,305.09583333333336,0.0,141.92000000000002,102.0,0.0,0.0,0.0,0
17860,717.39,4,696,127,369.00625,359.8284722222222,179.3475,174.0,0.0083141997678952,0.0,0.0,0
17861,5088.29,18,4541,329,3.8534722222222224,726.2041666666667,282.6827777777778,252.27777777777777,0.0233772037884821,0.0,0.1818181818181818,2
17862,1254.89,4,440,90,324.01875,239.79236111111112,313.7225,110.0,0.0124588669929428,0.0,0.0,2
17863,5360.48,12,4676,154,59.96180555555556,593.0722222222222,446.70666666666665,389.6666666666667,0.0185162671953466,0.3333333333333333,0.0,2
17864,876.57,5,1015,93,13.06597222222222,414.9763888888889,175.31400000000002,203.0,0.0096159303913483,0.4,0.0,2
17865,26312.19,46,12950,391,31.029166666666665,708.0548611111111,572.0041304347826,281.5217391304348,0.0634647648130972,0.0434782608695652,0.2580645161290322,2
17866,1134.95,3,535,20,143.0715277777778,582.7958333333333,378.31666666666666,178.33333333333334,0.0034258552147939,0.0,0.25,2
17867,1582.0500000000002,15,638,119,30.94097222222222,707.025,105.47,42.53333333333333,0.019773313089227,0.0,0.25,2
17868,227.15,1,85,18,386.74652777777777,0.0,227.15,85.0,0.0,0.0,0.0,0
17869,813.64,7,491,72,107.85694444444444,440.1034722222222,116.23428571428572,70.14285714285714,0.0136022506686986,0.1428571428571428,0.0,0
17870,2753.29,13,1699,215,2.904861111111111,379.1444444444445,211.7915384615385,130.69230769230768,0.0315669482360506,0.0,0.0714285714285714,2
17871,1068.95,5,665,64,205.05416666666667,488.8638888888889,213.79,133.0,0.0081655335098751,0.4,0.0,2
17872,235.87,1,176,15,382.03333333333336,0.0,235.87,176.0,0.0,0.0,0.0,0
17873,6265.33,18,4159,65,80.83958333333334,643.0625,348.07388888888886,231.05555555555557,0.0263949539058709,0.0,0.1,2
17874,683.46,6,221,37,185.99722222222223,70.06180555555555,113.91,36.833333333333336,0.0703612856570473,0.0,0.1428571428571428,0
17875,167.1,1,98,25,688.8888888888889,0.0,167.1,98.0,0.0,0.0,0.0,0
17876,3424.02,3,1958,3,400.0819444444445,275.9111111111111,1141.34,652.6666666666666,0.0072225343070379,0.0,0.0,2
17877,237.61,1,98,12,170.99305555555554,0.0,237.61,98.0,0.0,0.0,0.0,0
17878,1378.93,3,1014,82,44.05972222222222,351.8986111111111,459.6433333333334,338.0,0.005667350159591,0.0,0.0,2
17879,178.51999999999998,1,45,6,174.00972222222222,0.0,178.51999999999998,45.0,0.0,1.0,0.0,1
17880,824.9200000000001,3,466,43,365.1034722222222,365.75555555555553,274.97333333333336,155.33333333333334,0.0054532234609791,0.0,0.0,0
17881,133.35000000000002,1,32,8,304.8152777777778,0.0,133.35000000000002,32.0,0.0,0.0,0.0,0
17882,291.56,2,130,47,379.9236111111111,0.0034722222222222,145.78,65.0,0.9965397923875432,0.0,0.0,0
17883,988.42,7,476,155,3.792361111111111,648.9041666666667,141.20285714285714,68.0,0.0092321303781967,0.0,0.125,2
17884,2698.47,20,2749,305,4.053472222222222,731.7986111111111,134.9235,137.45,0.0259279967400471,0.0,0.1304347826086956,2
17885,156.34,1,110,50,12.92361111111111,0.0,156.34,110.0,0.0,1.0,0.0,1
17886,1572.55,6,711,138,32.11180555555556,557.9576388888889,262.09166666666664,118.5,0.008945221698623,0.0,0.1428571428571428,2
17887,111.35,1,30,10,129.80625,0.0,111.35,30.0,0.0,0.0,0.0,0
17888,1807.44,25,1536,145,21.96180555555556,696.8826388888889,72.2976,61.44,0.0343897364150092,0.0,0.1935483870967742,2
17889,746.42,7,403,97,212.85,406.2305555555556,106.63142857142856,57.57142857142857,0.0147336684788169,0.0,0.0,0
17890,586.89,2,402,88,323.06319444444443,38.83819444444445,293.445,201.0,0.0251015392124392,0.0,0.0,0
17891,203.86,1,393,34,162.69583333333333,0.0,203.86,393.0,0.0,0.0,0.0,0
17892,244.1,3,109,27,56.83402777777778,99.16180555555556,81.36666666666666,36.333333333333336,0.0199676911663766,0.0,0.0,0
17893,107.21,1,149,15,225.95833333333331,0.0,107.21,149.0,0.0,0.0,0.0,0
17894,2304.58,18,938,215,72.14375,397.7986111111111,128.03222222222223,52.11111111111112,0.0426280321103313,0.1111111111111111,0.1,2
17895,95.45,1,127,15,44.826388888888886,0.0,95.45,127.0,0.0,0.0,0.0,0
17896,256.32,1,288,2,23.95208333333333,0.0,256.32,288.0,0.0,0.0,0.0,0
17897,2099.89,9,864,211,173.06041666666667,403.80555555555554,233.3211111111111,96.0,0.0197625746243052,0.0,0.1,2
17898,299.18,4,251,48,85.9125,481.8986111111111,74.795,62.75,0.0062124842171263,0.0,0.0,0
17899,154.55,1,170,29,159.9111111111111,0.0,154.55,170.0,0.0,1.0,0.0,1
17900,112.2,2,73,4,190.925,0.0069444444444444,56.1,36.5,0.993103448275862,0.0,0.5,0
17901,260.08,3,38,22,29.80625,492.27430555555554,86.69333333333333,12.666666666666666,0.00405453918332,0.0,0.0,0
17902,216.4,1,526,24,547.0173611111111,0.0,216.4,526.0,0.0,0.0,0.0,0
17903,381.09,1,142,44,394.8826388888889,0.0,381.09,142.0,0.0,0.0,0.0,0
17904,181.07,1,59,33,21.99513888888889,0.0,181.07,59.0,0.0,0.0,0.5,0
17905,2178.87,13,1299,129,71.80347222222223,608.9854166666667,167.6053846153846,99.92307692307692,0.0196726014624666,0.2307692307692307,0.0714285714285714,2
17906,72.9,1,26,12,247.80902777777777,0.0,72.9,26.0,0.0,0.0,0.0,0
17907,291.76,1,1046,13,641.0118055555556,0.0,291.76,1046.0,0.0,0.0,0.0,0
17908,1142.47,5,670,178,374.0451388888889,351.97291666666666,228.494,134.0,0.0113323142120205,0.0,0.2857142857142857,2
17909,110.05,1,35,8,737.9861111111111,0.0,110.05,35.0,0.0,0.0,0.0,0
17910,261.7,1,121,25,726.8652777777778,0.0,261.7,121.0,0.0,1.0,0.0,1
17911,366.23,1,223,39,9.915277777777778,0.0,366.23,223.0,0.0,0.0,0.0,0
17912,374.55,6,215,48,310.93402777777777,65.02222222222223,62.425,35.833333333333336,0.0757320767418377,0.0,0.1428571428571428,0
17913,3429.29,14,1725,224,59.08680555555556,677.9048611111111,244.9492857142857,123.21428571428572,0.0191484856636965,0.2857142857142857,0.0,2
17914,329.36,1,457,72,4.036111111111111,0.0,329.36,457.0,0.0,0.0,0.0,0
17915,225.78,1,184,27,551.9777777777778,0.0,225.78,184.0,0.0,1.0,0.0,1
17916,43.87,2,90,15,629.0166666666667,104.92777777777778,21.935,45.0,0.0094403943986993,1.0,0.0,1
17917,335.03,3,184,77,45.97916666666666,317.05,111.67666666666666,61.333333333333336,0.0062883194466278,0.3333333333333333,0.0,0
17918,396.39,3,352,34,501.0409722222222,4.896527777777778,132.13,117.33333333333331,0.3391826639971734,0.0,0.0,0
17919,1840.32,2,1452,37,88.96458333333334,350.12569444444443,920.16,726.0,0.0028479829753906,0.0,0.0,2
17920,23581.78,54,12265,715,4.93125,729.1611111111112,436.6996296296296,227.1296296296296,0.0725867198259136,0.3888888888888889,0.0357142857142857,2
17921,2394.36,10,991,230,64.74583333333334,447.95208333333335,239.436,99.1,0.0200466827844471,0.2,0.1666666666666666,2
17922,170.4,1,49,8,543.8458333333333,0.0,170.4,49.0,0.0,0.0,0.0,0
17923,497.0,3,140,2,282.89930555555554,262.05347222222224,165.66666666666666,46.66666666666666,0.0076030169193525,0.3333333333333333,0.0,0
17924,3257.7000000000003,8,1208,27,12.152083333333334,402.8708333333333,407.2125,151.0,0.0173322741388026,0.0,0.4285714285714285,2
17925,244.08,1,72,1,373.1111111111111,0.0,244.08,72.0,0.0,0.0,0.0,0
17926,1035.49,5,572,27,133.92430555555555,446.02222222222224,207.098,114.4,0.0089481010141181,0.2,0.0,0
17927,294.0,1,108,10,722.0743055555556,0.0,294.0,108.0,0.0,0.0,0.0,0
17928,341.24,3,222,27,45.956944444444446,525.9319444444444,113.74666666666668,74.0,0.0037955565630181,0.0,0.0,0
17929,3082.1,12,434,6,11.86736111111111,719.18125,256.84166666666664,36.16666666666666,0.015273932777339,0.0833333333333333,0.0769230769230769,0
17930,4275.22,13,3795,39,36.10208333333333,609.9875,328.86307692307696,291.9230769230769,0.0196403363407598,0.0,0.1333333333333333,2
17931,3402.24,14,1919,274,134.76180555555555,527.1152777777778,243.01714285714283,137.07142857142858,0.0246158377669016,0.1428571428571428,0.2222222222222222,2
17932,1331.57,3,789,84,29.709027777777777,182.24375,443.8566666666666,263.0,0.0109144240935911,0.3333333333333333,0.0,2
17933,114.69,1,63,12,632.9020833333333,0.0,114.69,63.0,0.0,0.0,0.0,0
17934,1049.15,3,628,36,52.06527777777778,354.9534722222222,349.7166666666667,209.33333333333331,0.0056187118712846,0.0,0.0,2
17935,686.14,7,244,60,138.98055555555555,596.9479166666666,98.02,34.857142857142854,0.0100343187638276,0.1428571428571428,0.125,0
17936,380.13,1,257,68,5.970833333333333,0.0,380.13,257.0,0.0,1.0,0.0,1
17937,4301.22,7,1754,19,9.04513888888889,353.87638888888887,614.46,250.57142857142856,0.0169072955763157,0.2857142857142857,0.0,2
17938,144.29,1,53,29,420.9326388888889,0.0,144.29,53.0,0.0,0.0,0.0,0
17939,99.14,1,40,12,160.01597222222222,0.0,99.14,40.0,0.0,1.0,0.0,1
17940,30306.79,16,85148,11,49.97430555555555,687.0388888888889,1894.174375,5321.75,0.0218010932844558,0.0,0.2727272727272727,2
17941,1433.28,4,1108,5,131.18055555555554,571.7034722222222,358.32,277.0,0.0052383129237182,0.0,0.0,2
17942,77.50000000000001,1,38,2,8.086805555555555,0.0,77.50000000000001,38.0,0.0,0.0,0.0,0
17944,74.99,1,84,24,423.85069444444446,0.0,74.99,84.0,0.0,0.0,0.0,0
17945,360.35,3,244,66,697.0486111111111,0.0048611111111111,120.11666666666667,81.33333333333333,1.990324809951624,0.0,0.0,0
17946,149.57999999999998,2,75,18,233.82638888888889,26.101388888888888,74.78999999999999,37.5,0.036898477937785,0.0,0.0,0
17947,176.68,1,168,9,37.989583333333336,0.0,176.68,168.0,0.0,0.0,0.0,0
17948,358.56000000000006,1,144,1,147.99444444444444,0.0,358.56000000000006,144.0,0.0,0.0,0.0,0
17949,117314.08,118,60538,58,1.7527777777777778,736.31875,994.1871186440678,513.0338983050848,0.1586830661772808,0.0,0.144927536231884,2
17950,1166.29,7,659,133,72.89722222222223,631.9020833333333,166.61285714285714,94.14285714285714,0.0094801394370508,0.1428571428571428,0.125,2
17951,1340.5800000000002,4,780,24,40.013888888888886,364.8854166666667,335.14500000000004,195.0,0.0081992882562277,0.25,0.2,2
17952,788.46,4,477,85,378.9555555555556,163.08333333333334,197.115,119.25,0.0182833925850685,0.0,0.0,0
17953,159.17000000000002,1,98,20,540.9041666666667,0.0,159.17000000000002,98.0,0.0,0.0,0.0,0
17954,3804.38,19,3180,479,5.940972222222222,725.0368055555556,200.2305263157895,167.3684210526316,0.024792131558987,0.2631578947368421,0.2692307692307692,2
17955,949.9,6,681,16,199.03472222222223,466.81458333333336,158.31666666666666,113.5,0.0106879951547755,0.0,0.0,0
17956,12.75,1,1,1,249.96041666666667,0.0,12.75,1.0,0.0,0.0,0.0,0
17957,111.68,1,287,31,66.91111111111111,0.0,111.68,287.0,0.0,0.0,0.0,0
17958,973.88,2,284,35,117.02152777777778,611.8625,486.94,142.0,0.0016316873687001,0.0,0.0,0
17959,140.75,1,49,2,592.9430555555556,0.0,140.75,49.0,0.0,0.0,0.0,0
17960,135.08,3,60,37,171.94097222222223,470.0784722222222,45.02666666666667,20.0,0.0042455771552569,0.0,0.0,0
17961,2866.74,100,1491,486,21.82986111111111,717.0881944444444,28.6674,14.91,0.1378660737858144,0.04,0.0196078431372549,2
17962,666.96,4,633,146,142.94027777777777,552.9527777777778,166.74,158.25,0.0054156240754576,0.0,0.2,2
17963,643.16,4,341,98,471.86944444444447,217.93958333333333,160.79,85.25,0.0137024102920326,0.0,0.0,0
17964,463.21,2,294,84,32.0875,340.8833333333333,231.605,147.0,0.0029249744064739,0.0,0.0,0
17965,7006.65,29,4383,588,38.13819444444445,687.8416666666667,241.6086206896552,151.13793103448276,0.0406479476415722,0.0344827586206896,0.1212121212121212,2
17966,1963.92,10,3918,82,38.1,652.8763888888889,196.392,391.8,0.0137640694065944,0.0,0.0,2
17967,223.42,2,111,59,372.0631944444444,44.91666666666666,111.71,55.5,0.0217785843920145,0.0,0.0,0
17968,590.4399999999999,4,352,106,374.01875,138.89027777777778,147.61,88.0,0.021445378818717,0.0,0.0,0
17969,2354.29,20,1014,113,166.99305555555554,566.9631944444444,117.7145,50.7,0.0334528719217183,0.55,0.2592592592592592,1
17970,562.79,1,513,27,211.69930555555555,0.0,562.79,513.0,0.0,0.0,0.0,2
17971,161.94,1,62,21,548.9486111111111,0.0,161.94,62.0,0.0,0.0,0.0,0
17972,135.19,1,36,30,242.0236111111111,0.0,135.19,36.0,0.0,0.0,0.0,0
17973,337.04,1,176,15,52.09444444444444,0.0,337.04,176.0,0.0,0.0,0.0,0
17974,1739.09,6,1189,279,25.05069444444445,382.6486111111111,289.8483333333333,198.16666666666663,0.0130327592885561,0.0,0.0,2
17975,6696.33,24,2179,243,15.974305555555556,475.0854166666667,279.01375,90.79166666666669,0.0483106585390401,0.0416666666666666,0.0769230769230769,2
17976,321.79,1,93,56,372.9590277777778,0.0,321.79,93.0,0.0,0.0,0.0,0
17977,1511.45,2,1948,94,29.97361111111111,370.95972222222224,755.725,974.0,0.0026884631325823,0.0,0.3333333333333333,2
17978,1159.99,4,1297,62,365.9479166666667,366.0263888888889,289.9975,324.25,0.0081737991894315,0.0,0.0,2
17979,732.41,4,383,116,36.03125,224.02152777777775,183.1025,95.75,0.0133320577352166,0.0,0.2,0
17980,1012.72,4,771,41,166.03402777777777,227.88819444444445,253.18,192.75,0.0131068358823904,0.0,0.0,2
17981,239.12,1,260,17,411.09027777777777,0.0,239.12,260.0,0.0,0.0,0.0,0
17982,138.18,1,117,13,681.1333333333333,0.0,138.18,117.0,0.0,0.0,0.0,0
17983,171.71,1,108,23,395.9763888888889,0.0006944444444444,171.71,108.0,0.0,0.0,0.0,0
17984,1152.19,5,939,209,145.86875,593.1722222222222,230.438,187.8,0.0067320548662471,0.4,0.0,2
17985,631.35,1,171,20,22.934722222222224,0.0,631.35,171.0,0.0,0.0,0.0,0
17986,20.8,1,10,1,56.93611111111111,0.0,20.8,10.0,0.0,0.0,0.0,0
17987,965.44,5,981,139,185.9361111111111,365.1243055555556,193.088,196.2,0.010925251176456,0.2,0.1666666666666666,2
17988,489.54,14,186,115,12.07638888888889,720.8923611111111,34.96714285714286,13.285714285714286,0.0180082249104158,0.2857142857142857,0.0666666666666666,0
17989,207.33,1,300,26,379.9590277777778,0.0,207.33,300.0,0.0,0.0,0.0,0
17990,1527.61,6,777,40,237.0458333333333,495.85069444444446,254.6016666666667,129.5,0.0100633853507858,0.1666666666666666,0.1428571428571428,2
17991,300.3,3,93,37,225.86944444444444,366.1333333333333,100.1,31.0,0.0054476121300163,0.0,0.0,0
17992,252.88,1,130,49,389.9902777777778,0.0,252.88,130.0,0.0,0.0,0.0,0
17993,225.99,1,108,60,617.9354166666667,0.0,225.99,108.0,0.0,0.0,0.0,0
17994,2270.03,11,2181,227,122.04791666666668,499.0444444444444,206.3663636363636,198.27272727272728,0.0199982223802328,0.0,0.2142857142857142,2
17995,495.48,3,263,28,282.0138888888889,105.81180555555557,165.16,87.66666666666667,0.0187245219720562,0.0,0.0,0
17996,482.33,3,587,63,380.0763888888889,166.96666666666667,160.77666666666667,195.66666666666663,0.0119071244294502,0.0,0.0,0
17997,1962.46,8,2273,133,74.85902777777778,89.94791666666667,245.3075,284.125,0.0769671286221509,0.125,0.3333333333333333,2
17998,639.24,3,561,57,380.8881944444444,358.1,213.08,187.0,0.0055694792536897,0.0,0.25,0
17999,528.46,3,286,125,37.87083333333333,341.1111111111111,176.15333333333334,95.33333333333331,0.0058460539136083,0.0,0.0,0
18000,124.25,1,109,6,564.8027777777778,0.0,124.25,109.0,0.0,0.0,0.0,0
18001,924.14,6,874,120,12.866666666666667,725.0166666666667,154.02333333333334,145.66666666666666,0.0068868942402607,0.1666666666666666,0.0,2
18002,244.37,4,71,52,376.0784722222222,355.99305555555554,61.0925,17.75,0.008403524811796,0.0,0.0,0
18003,353.51,1,297,23,376.9034722222222,0.0,353.51,297.0,0.0,1.0,0.0,1
18004,157.92,1,75,32,362.9604166666667,0.0,157.92,75.0,0.0,1.0,0.0,1
18005,226.47,2,86,52,4.040972222222222,43.88263888888889,113.235,43.0,0.0222803298726617,0.5,0.0,1
18006,969.51,4,395,57,23.83194444444445,699.1840277777778,242.3775,98.75,0.0042845878811621,0.0,0.0,0
18007,215.22,1,246,46,393.0708333333333,0.0,215.22,246.0,0.0,0.0,0.0,0
18008,19759.08,23,7825,77,70.89791666666666,632.1125,859.0904347826087,340.2173913043478,0.0347489585184307,0.0,0.0,2
18009,2144.23,8,651,145,235.9680555555556,417.0743055555556,268.02875,81.375,0.0167434350951037,0.0,0.4285714285714285,2
18010,174.8,1,60,14,257.0159722222222,0.0,174.8,60.0,0.0,0.0,0.0,0
18011,410.79,2,125,63,373.8020833333333,194.17152777777775,205.395,62.5,0.0051236981714802,0.0,0.0,0
18012,115.3,1,63,13,723.9819444444445,0.0,115.3,63.0,0.0,0.0,0.0,0
18013,187.29,2,285,31,155.94375,0.0020833333333333,93.645,142.5,0.997920997920998,0.0,0.0,0
18014,162.22,1,66,29,28.89027777777778,0.0,162.22,66.0,0.0,0.0,0.0,0
18015,120.03,1,157,46,4.917361111111111,0.0,120.03,157.0,0.0,0.0,0.0,0
18016,1954.56,7,1207,115,32.97569444444444,648.8923611111111,279.22285714285715,172.42857142857142,0.0092322980835501,0.0,0.0,2
18017,688.0,4,400,1,81.85763888888889,350.0444444444444,172.0,100.0,0.0085459264417294,0.0,0.0,0
18018,297.99,4,186,43,108.80069444444445,312.27222222222224,74.4975,46.5,0.0095763358101757,0.0,0.2,0
18019,38.45,1,7,5,52.02777777777778,0.0,38.45,7.0,0.0,0.0,0.0,0
18020,190.48,1,67,12,544.0131944444445,0.0,190.48,67.0,0.0,0.0,0.5,0
18021,216.41,2,168,32,510.0819444444445,2.670138888888889,108.205,84.0,0.2724692526017029,0.5,0.0,1
18022,1507.25,5,1311,306,36.00347222222222,510.9486111111111,301.45,262.2,0.0078132842109261,0.0,0.0,2
18024,389.78,2,184,21,153.00694444444446,0.0083333333333333,194.89,92.0,0.9917355371900828,1.0,0.3333333333333333,1
18025,1177.72,6,1053,83,380.00902777777776,239.79444444444445,196.28666666666663,175.5,0.0207645986664513,0.0,0.0,2
18026,2074.07,2,530,12,501.09236111111113,4.761111111111111,1037.035,265.0,0.1735776277724204,0.0,0.0,2
18027,115.31,1,78,21,99.09166666666668,0.0,115.31,78.0,0.0,0.0,0.0,0
18028,192.05,1,133,4,583.9736111111112,0.0,192.05,133.0,0.0,0.0,0.0,0
18029,433.77,1,253,18,642.8888888888889,0.0,433.77,253.0,0.0,1.0,0.0,1
18030,230.65,2,67,8,4.842361111111111,38.1125,115.325,33.5,0.0255672738894215,0.0,0.3333333333333333,0
18031,451.3,1,298,49,379.0763888888889,0.0,451.3,298.0,0.0,0.0,0.0,0
18032,73.5,1,42,5,334.8875,0.0,73.5,42.0,0.0,1.0,0.0,1
18033,93.82,1,252,32,65.80694444444444,0.0,93.82,252.0,0.0,0.0,0.0,0
18034,754.2,3,951,182,22.01944444444445,353.9902777777778,251.4,317.0,0.0056339571115014,0.0,0.0,2
18035,1260.23,5,1134,52,36.00763888888889,349.95625,252.046,226.8,0.0113974320160988,0.0,0.0,2
18036,1545.49,11,741,221,32.923611111111114,689.1083333333333,140.4990909090909,67.36363636363636,0.014490478548054,0.0,0.0,2
18037,167.42,15,37,31,154.96597222222223,583.99375,11.161333333333332,2.466666666666667,0.0239318796140984,0.1333333333333333,0.0,0
18038,141.48,1,80,25,556.86875,0.0,141.48,80.0,0.0,0.0,0.0,0
18039,548.22,4,555,137,374.9881944444445,266.075,137.055,138.75,0.011232799775344,0.25,0.0,0
18040,357.20000000000005,2,148,18,19.9375,226.2451388888889,178.60000000000002,74.0,0.0044005341759541,0.5,0.0,1
18041,8018.769999999999,38,7316,464,12.049305555555556,683.0659722222222,211.02026315789476,192.52631578947367,0.0540883503966783,0.0263157894736842,0.05,2
18042,281.15,2,69,13,54.04236111111111,488.0388888888889,140.575,34.5,0.0020448271553046,0.0,0.0,0
18043,529.29,3,265,106,25.00138888888889,342.00902777777776,176.42999999999998,88.33333333333333,0.0058307503244367,0.0,0.0,0
18044,3505.61,18,1598,128,4.933333333333334,555.9548611111111,194.75611111111112,88.77777777777777,0.0305231198917725,0.0555555555555555,0.0526315789473684,2
18045,178.34,1,138,43,45.988194444444446,0.0,178.34,138.0,0.0,0.0,0.0,0
18046,189.63,1,44,26,650.0513888888889,0.0,189.63,44.0,0.0,1.0,0.0,1
18047,326.09,2,130,74,381.98541666666665,0.0097222222222222,163.045,65.0,0.9903713892709768,0.0,0.0,0
18048,394.93,3,256,56,203.9111111111111,290.0798611111111,131.64333333333337,85.33333333333333,0.0068709665875392,0.0,0.0,0
18049,500.92,2,402,82,437.9333333333333,153.04305555555555,250.46,201.0,0.0064916915364571,0.0,0.0,0
18050,412.06,2,250,22,359.93402777777777,33.94027777777778,206.03,125.0,0.0286202647374488,0.0,0.0,0
18051,2282.28,7,1661,41,634.9527777777778,96.07013888888888,326.04,237.28571428571428,0.0618109757406228,0.1428571428571428,0.125,2
18052,10877.18,1,17766,16,565.06875,0.0,10877.18,17766.0,0.0,0.0,0.0,2
18053,571.07,3,409,29,71.15625,456.8534722222222,190.35666666666668,136.33333333333334,0.0043682097468713,0.0,0.5,0
18054,176.5,1,96,11,393.18888888888887,0.0,176.5,96.0,0.0,0.0,0.0,0
18055,10142.64,14,3534,320,7.934027777777778,406.04027777777776,724.4742857142857,252.42857142857144,0.0319378712862841,0.0714285714285714,0.0666666666666666,2
18056,554.6,2,334,28,288.9326388888889,330.08194444444445,277.3,167.0,0.003020400286938,0.0,0.3333333333333333,0
18057,1188.46,3,970,121,393.8298611111111,297.17569444444445,396.15333333333336,323.3333333333333,0.0067074548236614,0.0,0.0,2
18058,774.06,3,394,12,10.175,657.9583333333334,258.02,131.33333333333334,0.0030350932658868,0.0,0.0,0
18059,306.46,3,258,17,23.834027777777777,44.30486111111111,102.15333333333332,86.0,0.0441453731663575,0.0,0.25,0
18060,1185.46,2,902,74,408.8395833333333,156.33819444444444,592.73,451.0,0.0063557358309021,0.0,0.0,2
18061,6083.81,28,3359,30,22.0625,713.9888888888889,217.2789285714286,119.96428571428572,0.0377628245971188,0.0357142857142857,0.0344827586206896,2
18062,1632.67,6,831,46,173.91875,424.24444444444447,272.1116666666667,138.5,0.0117579431438127,0.1666666666666666,0.3333333333333333,2
18063,186.6,2,48,2,391.0861111111111,242.90347222222223,93.3,24.0,0.004099982632018,0.5,0.0,1
18064,4481.83,11,2685,53,133.84097222222223,543.0680555555556,407.4390909090909,244.0909090909091,0.0183800535574338,0.3636363636363636,0.2666666666666666,2
18065,5866.63,29,2265,193,6.097222222222222,724.7708333333334,202.29758620689657,78.10344827586206,0.0385796710394121,0.1724137931034483,0.09375,2
18066,1440.4,3,535,37,75.88888888888889,340.15833333333336,480.1333333333334,178.33333333333334,0.0058623806150614,0.3333333333333333,0.0,2
18067,396.33,1,189,36,40.86944444444445,0.0,396.33,189.0,0.0,1.0,0.0,1
18068,101.7,1,6,1,289.9166666666667,0.0,101.7,6.0,0.0,0.0,0.0,0
18069,4464.92,11,3168,602,26.865972222222226,622.9923611111111,405.9018181818182,288.0,0.0160258372108811,0.7272727272727273,0.1538461538461538,1
18070,314.1,1,86,9,669.9736111111112,0.0,314.1,86.0,0.0,0.0,0.5,0
18071,1169.68,6,678,52,258.03541666666666,477.06111111111113,194.9466666666667,113.0,0.0104589138998965,0.3333333333333333,0.0,2
18072,247.44,1,288,18,186.0875,0.0,247.44,288.0,0.0,0.0,0.5,0
18073,3859.82,12,3102,23,114.95,82.76666666666667,321.6516666666667,258.5,0.131317150815758,0.0,0.0769230769230769,2
18074,1019.44,2,361,37,374.1229166666666,131.9736111111111,509.72,180.5,0.007520289113337,0.0,0.0,0
18075,5783.29,20,3281,180,23.895138888888887,475.1486111111111,289.1645,164.05,0.0399035081834277,0.0,0.3548387096774194,2
18076,151.49,1,164,8,380.95,0.0,151.49,164.0,0.0,0.0,0.0,0
18077,4078.79,18,3020,141,8.970833333333333,724.0777777777778,226.59944444444443,167.77777777777777,0.0234457606080573,0.4444444444444444,0.0,2
18078,725.53,4,370,65,217.92916666666667,410.9458333333333,181.3825,92.5,0.0072825108479067,0.5,0.0,1
18079,4203.93,5,8730,107,45.890972222222224,446.13055555555553,840.7860000000001,1746.0,0.0089459330173265,0.0,0.0,2
18080,1231.5,2,642,2,19.2,223.9111111111111,615.75,321.0,0.0044462009682837,0.0,0.0,0
18081,343.45,3,195,14,36.84722222222222,97.19027777777778,114.48333333333332,65.0,0.0203686153585017,0.0,0.0,0
18082,680.84,1,608,62,26.00347222222222,0.0,680.84,608.0,0.0,0.0,0.0,2
18083,463.53,1,268,36,398.04583333333335,0.0,463.53,268.0,0.0,1.0,0.0,1
18084,795.2299999999999,3,755,7,16.95347222222222,372.2416666666667,265.07666666666665,251.66666666666663,0.0053584585500904,0.3333333333333333,0.4,2
18085,1341.85,4,507,42,330.8979166666667,298.1388888888889,335.46250000000003,126.75,0.0100287863311356,0.25,0.0,2
18086,101.34,1,106,7,274.96944444444443,0.0,101.34,106.0,0.0,0.0,0.0,0
18087,14761.52,17,7775,44,98.90138888888887,640.2284722222222,868.3247058823529,457.3529411764706,0.0249521047381924,0.0,0.1904761904761904,2
18088,166.03,1,107,35,61.96458333333333,0.0,166.03,107.0,0.0,1.0,0.0,1
18089,428.45,1,95,9,447.03680555555553,0.0,428.45,95.0,0.0,1.0,0.0,1
18090,321.9,1,307,47,422.0125,0.0,321.9,307.0,0.0,0.0,0.0,0
18091,360.85,1,539,25,593.9805555555556,0.0,360.85,539.0,0.0,1.0,0.0,1
18092,14693.72,18,8298,42,2.9833333333333334,733.0256944444444,816.3177777777778,461.0,0.0231599522042162,0.0,0.1,2
18093,4452.71,8,3429,43,93.87986111111113,525.2194444444444,556.58875,428.625,0.0133024350846446,0.0,0.1111111111111111,2
18094,6391.52,13,4164,55,82.14027777777778,619.925,491.6553846153847,320.3076923076923,0.0193260055562266,0.2307692307692307,0.1333333333333333,2
18095,2303.09,5,1623,37,313.0,286.9451388888889,460.61800000000005,324.6,0.0138915350869788,0.0,0.0,2
18096,1657.87,6,1409,299,12.004166666666666,501.9263888888889,276.31166666666667,234.83333333333331,0.0099418127790956,0.0,0.0,2
18097,4627.92,11,2716,86,8.065277777777778,715.0069444444445,420.72,246.9090909090909,0.0139663449881189,0.0909090909090909,0.2142857142857142,2
18098,527.94,1,215,85,396.8465277777778,0.0,527.94,215.0,0.0,0.0,0.0,0
18099,168.31,1,149,19,127.87361111111112,0.0,168.31,149.0,0.0,0.0,0.0,0
18100,451.56,1,440,30,550.9381944444444,0.0,451.56,440.0,0.0,0.0,0.0,0
18101,622.01,5,247,89,11.967361111111112,662.9895833333334,124.402,49.4,0.0060241908915488,0.0,0.0,0
18102,580987.04,145,181645,382,1.0416666666666667,738.1013888888889,4006.8071724137935,1252.7241379310344,0.1948311857680028,0.0137931034482758,0.0522875816993464,2
18103,105.8,1,23,10,549.9680555555556,0.0,105.8,23.0,0.0,0.0,0.0,0
18104,754.64,1,362,38,37.946527777777774,0.0,754.64,362.0,0.0,0.0,0.0,2
18105,113.48000000000002,1,46,18,38.03194444444444,0.0,113.48000000000002,46.0,0.0,0.0,0.0,0
18106,1441.06,6,506,126,330.01875,364.03263888888887,240.17666666666665,84.33333333333333,0.0136974052929056,0.1666666666666666,0.0,2
18107,165.88,1,65,38,442.99097222222224,0.0,165.88,65.0,0.0,0.0,0.0,0
18108,848.8100000000001,3,261,43,254.95416666666668,483.04791666666665,282.93666666666667,87.0,0.0041318223488549,0.0,0.25,0
18109,9555.71,38,4822,203,2.051388888888889,524.9743055555556,251.4660526315789,126.89473684210526,0.070345641620115,0.2368421052631578,0.1555555555555555,2
18110,392.28,2,169,58,20.011111111111116,391.9256944444445,196.14,84.5,0.0025450104539839,1.0,0.3333333333333333,1
18111,405.85,1,232,27,589.9944444444444,0.0,405.85,232.0,0.0,0.0,0.5,0
18112,773.36,4,443,59,12.921527777777778,539.0854166666667,193.34,110.75,0.005554676922246,1.0,0.0,1
18113,76.32000000000001,1,72,1,369.0131944444444,0.0,76.32000000000001,72.0,0.0,0.0,0.0,0
18114,220.1,1,55,28,290.9791666666667,0.0,220.1,55.0,0.0,0.0,0.0,0
18115,9.7,1,3,3,698.0368055555556,0.0,9.7,3.0,0.0,0.0,0.0,0
18116,2134.49,13,1267,311,68.07638888888889,343.81319444444443,164.19153846153847,97.46153846153848,0.0348014524772874,0.3076923076923077,0.0,2
18117,315.65,1,605,68,26.00208333333333,0.0,315.65,605.0,0.0,0.0,0.0,2
18118,6221.02,29,3184,444,11.054166666666667,370.9138888888889,214.5179310344828,109.79310344827586,0.0752862445757306,0.1034482758620689,0.1714285714285714,2
18119,180.7,1,124,29,368.03541666666666,0.0,180.7,124.0,0.0,0.0,0.0,0
18120,111.15,1,31,17,214.96180555555557,0.0,111.15,31.0,0.0,0.0,0.0,0
18121,653.3,2,438,28,149.99791666666667,5.027083333333334,326.65,219.0,0.1659177324576564,0.0,0.0,2
18122,1793.06,6,1225,239,8.9875,142.06319444444443,298.8433333333333,204.16666666666663,0.0349495900704331,0.1666666666666666,0.0,2
18123,666.64,3,616,53,24.935416666666665,489.06666666666666,222.2133333333333,205.33333333333331,0.0040810774044347,0.0,0.0,2
18124,102.65,1,47,20,472.8118055555556,0.0,102.65,47.0,0.0,0.0,0.0,0
18125,1131.75,4,800,164,30.01458333333333,286.89375,282.9375,200.0,0.0104205110392288,0.25,0.2,2
18126,200.92,1,135,52,61.02152777777778,0.0,200.92,135.0,0.0,0.0,0.0,0
18127,556.13,4,250,56,19.947916666666668,384.00625,139.0325,62.5,0.0077920812973815,0.5,0.0,1
18128,399.29,1,216,42,537.9798611111111,0.0,399.29,216.0,0.0,1.0,0.0,1
18129,112.55,1,48,13,243.94027777777777,0.0,112.55,48.0,0.0,1.0,0.0,1
18130,1059.39,3,824,58,15.92361111111111,41.94583333333333,353.13000000000005,274.6666666666667,0.0465702920345396,0.0,0.25,2
18131,222.96,1,552,4,632.1680555555556,0.0,222.96,552.0,0.0,0.0,0.0,0
18132,220.13,1,212,60,504.8305555555556,0.0,220.13,212.0,0.0,0.0,0.0,0
18133,931.5,1,1350,1,212.94166666666663,0.0,931.5,1350.0,0.0,0.0,0.5,2
18134,445.0,2,128,27,598.95,96.08541666666666,222.5,64.0,0.0103002081500397,0.0,0.0,0
18135,1249.62,10,753,23,29.72083333333333,605.2340277777778,124.96200000000002,75.3,0.0148457519499368,0.0,0.2307692307692307,0
18136,1631.36,5,860,77,63.88194444444444,387.99305555555554,326.27200000000005,172.0,0.0102829599214496,0.0,0.4444444444444444,2
18137,145.99,2,59,26,551.9388888888889,0.0229166666666666,72.995,29.5,0.9775967413441956,1.0,0.0,1
18138,152.65,1,38,8,295.9159722222222,0.0,152.65,38.0,0.0,0.0,0.0,0
18139,8438.34,6,5557,35,18.0875,0.8597222222222223,1406.39,926.1666666666666,2.68857356235997,0.0,0.25,2
18140,536.41,1,395,49,474.0361111111111,0.0,536.41,395.0,0.0,0.0,0.0,0
18141,882.47,2,433,38,402.04583333333335,187.84166666666667,441.235,216.5,0.0052954415074356,0.0,0.5,2
18142,1019.52,2,1276,9,157.97986111111112,58.03333333333333,509.76,638.0,0.0169395821569734,0.5,0.5,1
18143,1000.16,2,570,59,117.02986111111112,25.05763888888889,500.08,285.0,0.0383764624363723,0.0,0.0,2
18144,4892.95,19,2144,51,8.002777777777778,715.8673611111111,257.5236842105263,112.84210526315788,0.0251092475072387,0.0,0.0,2
18145,5609.74,11,5104,250,13.061111111111112,718.9527777777778,509.9763636363636,464.0,0.0138897998711335,0.0909090909090909,0.0833333333333333,2
18146,160.35000000000002,2,153,10,141.02916666666667,79.81458333333333,80.17500000000001,76.5,0.0123740042793431,0.0,0.0,0
18147,179.33999999999995,2,203,7,46.04444444444445,62.975,89.66999999999999,101.5,0.0156311059007424,0.0,0.0,0
18148,112.85,1,63,9,647.0486111111111,0.0,112.85,63.0,0.0,0.0,0.0,0
18149,1553.96,7,869,54,51.03194444444444,584.9743055555556,221.99428571428567,124.14285714285714,0.0102393568166977,0.7142857142857143,0.0,1
18150,566.58,3,332,29,32.83402777777778,169.2513888888889,188.86,110.66666666666669,0.0117473344156109,0.3333333333333333,0.0,0
18151,1879.44,6,986,99,135.05208333333334,511.03333333333336,313.24,164.33333333333334,0.0097649892585118,0.1666666666666666,0.1428571428571428,2
18152,426.69,1,75,10,646.8916666666667,0.0,426.69,75.0,0.0,0.0,0.0,0
18153,246.22,1,200,17,659.875,0.0,246.22,200.0,0.0,0.0,0.0,0
18154,932.6,5,626,34,3.839583333333333,487.3076388888889,186.52,125.2,0.008191557291837,0.2,0.0,2
18155,371.62,3,266,19,75.97083333333333,216.12222222222223,123.87333333333332,88.66666666666667,0.0092114016682871,0.3333333333333333,0.25,0
18156,675.64,2,283,100,13.018055555555556,356.99652777777777,337.82,141.5,0.0027933231816726,1.0,0.0,1
18157,213.9,1,145,25,571.9451388888889,0.0,213.9,145.0,0.0,0.0,0.0,0
18158,453.4,2,354,24,9.854861111111113,79.30277777777778,226.7,177.0,0.0124528693486457,0.0,0.3333333333333333,0
18159,530.15,1,139,23,301.93333333333334,0.0,530.15,139.0,0.0,0.0,0.0,0
18160,1003.88,3,519,56,57.875,328.97013888888887,334.62666666666667,173.0,0.0060611545236627,0.0,0.0,2
18161,1803.1,6,965,57,15.84027777777778,364.03125,300.5166666666667,160.83333333333334,0.0136974574094683,0.0,0.1428571428571428,2
18162,371.51,1,332,45,732.9763888888889,0.0,371.51,332.0,0.0,0.0,0.0,0
18163,728.84,1,452,33,584.9159722222222,0.0,728.84,452.0,0.0,0.0,0.5,2
18164,399.65,1,184,24,37.99583333333333,0.0,399.65,184.0,0.0,0.0,0.5,0
18165,302.46000000000004,1,254,10,177.97708333333333,0.0,302.46000000000004,254.0,0.0,0.0,0.0,0
18166,175.5,1,90,10,624.0166666666667,0.0,175.5,90.0,0.0,0.0,0.0,0
18167,1384.86,3,382,24,23.870833333333334,82.17777777777778,461.62000000000006,127.33333333333331,0.0240448837830617,0.0,0.5,2
18168,3435.5,16,1995,209,176.72847222222222,560.0777777777778,214.71875,124.6875,0.0267342614412737,0.0625,0.2727272727272727,2
18169,202.65,1,61,9,61.02222222222223,0.0,202.65,61.0,0.0,0.0,0.0,0
18170,2878.0,9,1184,59,33.927083333333336,667.0173611111111,319.77777777777777,131.55555555555554,0.0119757366585407,0.1111111111111111,0.0,2
18171,2437.31,9,991,76,59.15069444444445,644.9354166666667,270.8122222222222,110.11111111111111,0.0123851391231708,0.0,0.1818181818181818,2
18172,17467.24,52,7407,176,15.068055555555556,714.0513888888889,335.90846153846155,142.44230769230768,0.0713235451220483,0.0576923076923076,0.1746031746031746,2
18173,2696.36,5,1730,34,87.05833333333334,526.0298611111111,539.272,346.0,0.0075897027761709,0.0,0.0,2
18174,162.5,2,80,1,7.829166666666667,596.19375,81.25,40.0,0.0016744984353905,0.0,0.0,0
18175,176.1,1,70,7,676.1006944444445,0.0,176.1,70.0,0.0,0.0,0.0,0
18176,476.35,1,283,30,358.87847222222223,0.0,476.35,283.0,0.0,0.0,0.5,0
18177,2216.32,9,1238,66,31.92083333333333,692.8243055555556,246.2577777777778,137.55555555555554,0.0115302965548234,0.1111111111111111,0.1,2
18178,6103.74,11,3850,204,129.13888888888889,530.7951388888889,554.8854545454545,350.0,0.018804233564251,0.0909090909090909,0.2666666666666666,2
18179,2547.55,8,1811,101,9.852083333333333,654.0222222222222,318.44375,226.375,0.0106866603338309,0.125,0.0,2
18180,1843.75,6,1721,108,5.174305555555556,137.98611111111111,307.2916666666667,286.8333333333333,0.0359748176276606,0.0,0.0,2
18181,1188.34,5,510,139,24.904166666666665,710.9847222222222,237.668,102.0,0.0056180980787275,0.0,0.2857142857142857,2
18182,291.13,1,167,10,463.93402777777777,0.0,291.13,167.0,0.0,0.0,0.0,0
18183,632.07,2,371,36,227.89166666666668,47.22083333333333,316.035,185.5,0.0207379244793916,0.0,0.6666666666666666,2
18184,49.8,1,60,1,15.890277777777778,0.0,49.8,60.0,0.0,0.0,0.0,0
18185,304.25,1,183,17,249.9638888888889,0.0,304.25,183.0,0.0,0.0,0.0,0
18186,329.58,1,338,11,723.1027777777778,0.0,329.58,338.0,0.0,0.0,0.0,0
18187,724.89,1,310,48,632.1256944444444,0.0,724.89,310.0,0.0,0.0,0.6666666666666666,2
18188,3280.59,6,1888,95,15.83611111111111,608.2145833333333,546.765,314.6666666666667,0.0082072887563563,0.0,0.25,2
18189,1403.73,3,836,79,78.00694444444444,548.1131944444444,467.91,278.6666666666667,0.0036422362824908,0.0,0.4,2
18190,745.62,5,490,34,192.91805555555555,525.1131944444444,149.124,98.0,0.0076029265987595,0.0,0.1666666666666666,0
18191,529.4,2,332,15,262.02916666666664,215.76805555555555,264.7,166.0,0.0046132258622567,0.0,0.0,0
18192,957.97,1,339,45,72.12291666666667,0.0,957.97,339.0,0.0,0.0,0.0,2
18193,1207.35,3,926,66,165.95277777777778,277.0173611111111,402.45,308.6666666666667,0.0071937953515093,0.0,0.4,2
18194,4162.04,6,1774,23,82.97291666666666,597.9159722222222,693.6733333333333,295.6666666666667,0.0083484165256905,0.1666666666666666,0.1428571428571428,2
18195,101.16,1,60,5,387.90763888888887,0.0,101.16,60.0,0.0,0.0,0.0,0
18196,1457.19,4,1038,210,95.85277777777776,537.0604166666667,364.2975,259.5,0.0055755820481745,0.0,0.0,2
18197,230.1,1,166,9,576.0861111111111,0.0,230.1,166.0,0.0,0.0,0.5,0
18198,5425.56,17,4074,81,4.917361111111111,332.0486111111111,319.1505882352941,239.64705882352945,0.0480410350507725,0.0588235294117647,0.1904761904761904,2
18199,344.75,1,99,20,684.0541666666667,0.0,344.75,99.0,0.0,0.0,0.5,0
18200,150.35,1,104,29,106.75347222222224,0.0,150.35,104.0,0.0,0.0,0.0,0
18201,447.53,1,191,27,723.1631944444445,0.0,447.53,191.0,0.0,0.0,0.0,0
18202,1396.99,3,581,55,200.0263888888889,111.94166666666666,465.66333333333336,193.66666666666663,0.0177082564745812,0.0,0.0,2
18203,492.52,4,111,40,157.98819444444445,573.9916666666667,123.13,27.75,0.0052174669198104,0.0,0.0,0
18204,1975.35,3,1190,159,71.8375,121.05416666666666,658.4499999999999,396.6666666666667,0.016386167343734,0.0,0.25,2
18205,517.36,2,192,30,36.977777777777774,38.05555555555556,258.68,96.0,0.0256045519203413,0.0,0.0,0
18206,314.66,1,246,19,553.9604166666667,0.0,314.66,246.0,0.0,0.0,0.0,0
18207,544.47,1,325,31,499.9333333333333,0.0,544.47,325.0,0.0,0.0,0.6666666666666666,0
18208,360.08,1,82,17,566.0388888888889,0.0,360.08,82.0,0.0,1.0,0.0,1
18209,139.10000000000002,1,58,8,29.02986111111111,0.0,139.10000000000002,58.0,0.0,0.0,0.0,0
18210,2768.83,7,1499,116,2.075,381.0576388888889,395.5471428571428,214.14285714285717,0.0157044366851278,0.0,0.0,2
18211,600.07,5,359,37,26.194444444444443,252.83402777777775,120.014,71.8,0.0157583285228482,0.2,0.0,0
18212,514.37,2,158,40,326.8583333333333,351.06388888888887,257.185,79.0,0.0028403935523066,0.5,0.0,1
18213,232.48,1,232,15,237.10347222222225,0.0,232.48,232.0,0.0,1.0,0.0,1
18214,1780.34,4,989,38,531.0618055555556,23.648611111111112,445.085,247.25,0.1217107116695779,0.25,0.2,2
18215,2232.49,5,1131,53,89.86458333333333,534.1263888888889,446.4980000000001,226.2,0.0074748696439833,0.2,0.1666666666666666,2
18216,481.75,1,200,26,31.82986111111111,0.0,481.75,200.0,0.0,0.0,0.0,0
18217,945.04,4,740,33,29.980555555555554,496.9020833333333,236.26,185.0,0.0060252810751779,0.0,0.3333333333333333,2
18218,1121.84,4,1028,25,211.99791666666667,448.9041666666666,280.46,257.0,0.0066680867221723,0.0,0.3333333333333333,2
18219,3352.7000000000003,17,1586,87,3.046527777777778,729.9347222222223,197.2176470588236,93.29411764705884,0.0218897796390846,0.0,0.1052631578947368,2
18220,1921.76,6,1352,17,227.1576388888889,497.88958333333335,320.2933333333333,225.33333333333331,0.0100222577641178,0.0,0.4545454545454545,2
18221,1424.94,6,1000,71,22.92361111111111,367.95416666666665,237.49,166.66666666666666,0.0135518187670103,0.1666666666666666,0.25,2
18222,443.0,1,335,19,93.08680555555556,0.0,443.0,335.0,0.0,0.0,0.0,0
18223,14000.85,26,6644,192,5.152083333333334,730.86875,538.4942307692307,255.53846153846155,0.0341591303085423,0.0769230769230769,0.5,2
18224,158.95000000000002,1,69,10,264.09722222222223,0.0,158.95000000000002,69.0,0.0,0.0,0.0,0
18225,13014.8,26,7282,266,3.974305555555556,731.8576388888889,500.5692307692307,280.0769230769231,0.0341130373395621,0.0384615384615384,0.2352941176470588,2
18226,11878.88,26,7883,299,44.96805555555556,600.1465277777778,456.88,303.1923076923077,0.0415871985361306,0.1538461538461538,0.3157894736842105,2
18227,388.75,2,22,6,218.01875,266.8180555555556,194.375,11.0,0.0037338782029673,0.0,0.3333333333333333,0
18228,779.9,2,238,23,57.14513888888889,22.93958333333333,389.95,119.0,0.0417718214254634,0.0,0.3333333333333333,0
18229,10150.51,28,3071,73,12.126388888888888,724.7958333333333,362.5182142857143,109.67857142857144,0.0372005442301841,0.1071428571428571,0.0,2
18230,4291.06,9,1996,42,9.977777777777778,516.1395833333333,476.7844444444445,221.77777777777777,0.015469711191772,0.1111111111111111,0.25,2
18231,6854.17,28,2915,218,192.9388888888889,506.08680555555554,244.7917857142857,104.10714285714286,0.0532453215192993,0.1428571428571428,0.0666666666666666,2
18232,592.97,4,302,31,82.0423611111111,115.80486111111112,148.2425,75.5,0.0256838625675539,0.0,0.2,0
18233,440.0,1,4,1,326.1708333333333,0.0,440.0,4.0,0.0,0.0,0.0,0
18234,179.6,1,80,30,552.0611111111111,0.0,179.6,80.0,0.0,1.0,0.0,1
18235,1796.48,3,1578,100,72.18263888888889,145.7861111111111,598.8266666666667,526.0,0.0136252673012508,0.0,0.0,2
18236,1795.35,12,696,80,30.197222222222223,573.76875,149.6125,58.0,0.0191381316398986,0.1666666666666666,0.0,2
18237,987.1,5,622,40,3.000694444444445,131.98888888888888,197.42,124.4,0.0300777007268777,0.0,0.0,2
18238,270.92,1,114,14,515.9993055555556,0.0,270.92,114.0,0.0,0.0,0.0,0
18239,1712.26,6,844,85,219.00833333333333,204.10208333333333,285.37666666666667,140.66666666666666,0.024378104399232,0.0,0.0,2
18240,422.58,1,126,6,46.98888888888889,0.0,422.58,126.0,0.0,0.0,0.0,0
18241,2986.99,21,1471,101,10.02777777777778,608.0104166666666,142.23761904761906,70.04761904761905,0.0328401607799538,0.0,0.0869565217391304,2
18242,3605.21,8,2021,113,72.96319444444444,625.2041666666667,450.65125,252.625,0.0111784628282841,0.0,0.0,2
18243,515.78,1,221,26,414.93125,0.0,515.78,221.0,0.0,0.0,0.0,0
18244,568.64,2,856,19,431.06597222222223,72.03125,284.32,428.0,0.0136927685066324,0.5,0.0,1
18245,6324.9800000000005,20,5098,336,7.918055555555555,633.9736111111112,316.249,254.9,0.0299225033411274,0.15,0.1304347826086956,2
18246,758.8199999999999,3,214,3,24.042361111111116,586.0625,252.94,71.33333333333333,0.0034067922921324,0.0,0.0,0
18247,839.73,3,335,28,415.1256944444444,216.74791666666667,279.91,111.66666666666669,0.0091849328830164,0.0,0.5,0
18248,804.02,2,511,39,123.1048611111111,63.87569444444444,402.01,255.5,0.0154140931910384,0.0,0.5,2
18249,95.34,1,128,8,17.90486111111111,0.0,95.34,128.0,0.0,0.0,0.0,0
18250,349.27,1,199,21,310.9819444444444,0.0,349.27,199.0,0.0,0.0,0.5,0
18251,26278.86,9,39639,87,87.90763888888888,630.1263888888889,2919.873333333333,4404.333333333333,0.0126757494866981,0.0,0.0,2
18252,1533.69,7,932,125,51.00486111111111,670.8541666666666,219.09857142857143,133.14285714285714,0.0089305094731619,0.0,0.125,2
18253,317.88,1,128,7,643.0083333333333,0.0,317.88,128.0,0.0,1.0,0.0,1
18254,267.9,1,188,16,581.9256944444444,0.0,267.9,188.0,0.0,0.0,0.0,0
18255,303.15,2,201,16,89.98194444444445,366.8645833333333,151.575,100.5,0.0027183916182925,0.5,0.0,1
18256,110.7,1,180,10,388.1645833333333,0.0,110.7,180.0,0.0,0.0,0.5,0
18257,4600.15,12,2369,219,39.918055555555554,619.9361111111111,383.3458333333333,197.41666666666663,0.0177151880896674,0.0833333333333333,0.3333333333333333,2
18258,2059.67,6,1981,30,464.9375,108.11458333333331,343.27833333333336,330.1666666666667,0.0458233890214797,0.3333333333333333,0.25,2
18259,3941.9,7,1274,51,25.011111111111116,707.1638888888889,563.1285714285715,182.0,0.0084726150177101,0.0,0.0,2
18260,9947.26,23,5244,212,173.0090277777778,551.9493055555556,432.4895652173913,228.0,0.0397866491176732,0.3043478260869565,0.28125,2
18261,324.24,2,146,19,43.88472222222222,52.25138888888889,162.12,73.0,0.0187788529250671,0.0,0.0,0
18262,577.54,3,552,40,140.86527777777778,462.2909722222222,192.5133333333333,184.0,0.0043169414469848,0.0,0.0,0
18263,1213.16,3,1468,59,26.15972222222222,226.88333333333333,404.3866666666666,489.3333333333333,0.008776420683098,0.0,0.25,2
18264,603.25,1,241,36,499.1166666666667,0.0,603.25,241.0,0.0,0.0,0.0,0
18265,801.51,2,311,44,72.94444444444444,85.94722222222222,400.755,155.5,0.0115012299926519,0.0,0.0,0
18266,251.1,1,138,14,434.8868055555556,0.0,251.1,138.0,0.0,0.0,0.0,0
18267,269.37,1,135,17,673.1715277777778,0.0,269.37,135.0,0.0,0.0,0.5,0
18268,1490.23,6,711,36,134.73402777777778,594.3652777777778,248.37166666666667,118.5,0.008398205583407,0.0,0.25,2
18269,168.6,1,76,7,366.95625,0.0,168.6,76.0,0.0,0.0,0.5,0
18270,444.55,3,209,17,38.953472222222224,394.13055555555553,148.18333333333334,69.66666666666667,0.0050616181712092,0.3333333333333333,0.25,0
18271,680.85,2,319,19,610.1416666666667,121.91597222222222,340.425,159.5,0.0081356391844021,0.0,0.0,0
18272,4385.9800000000005,9,2880,145,3.004861111111111,642.9930555555555,487.3311111111112,320.0,0.0124224942039143,0.0,0.1818181818181818,2
18273,357.0,4,140,1,2.9819444444444443,588.0361111111112,89.25,35.0,0.0050930663560524,0.25,0.0,0
18274,175.92,1,88,11,30.824305555555554,0.0,175.92,88.0,0.0,0.0,0.5,0
18275,741.85,2,417,19,578.8777777777777,152.97430555555556,370.925,208.5,0.0064945900966521,0.0,0.0,0
18276,1656.52,6,1246,81,44.08055555555556,685.7361111111111,276.08666666666664,207.66666666666663,0.0072808170694711,0.0,0.4,2
18277,1180.05,5,449,53,58.894444444444446,436.2055555555556,236.01,89.8,0.0091490145748884,0.2,0.375,2
18278,414.2000000000001,2,140,22,74.03611111111111,330.9895833333333,207.1,70.0,0.0030121427002604,0.5,0.0,1
18279,231.34,1,630,13,519.9180555555556,0.0,231.34,630.0,0.0,0.0,0.0,0
18280,488.15,2,194,28,278.1236111111112,116.75069444444443,244.075,97.0,0.0084925189164961,0.0,0.3333333333333333,0
18281,201.14,2,146,17,181.08125,397.0027777777778,100.57,73.0,0.0025125452781597,0.5,0.0,1
18282,178.05,2,103,12,8.046527777777778,118.92222222222222,89.025,51.5,0.0083387380709719,0.0,0.3333333333333333,0
18283,2664.9,22,1679,352,4.033333333333333,654.7819444444444,121.1318181818182,76.31818181818181,0.0320228395702331,0.0909090909090909,0.0,2
18284,461.68,1,494,28,432.05347222222224,0.0,461.68,494.0,0.0,0.0,0.5,2
18285,427.0,1,145,12,661.1013888888889,0.0,427.0,145.0,0.0,0.0,0.0,0
18286,1296.43,2,608,67,477.03680555555553,247.05,648.215,304.0,0.0040314452731304,0.0,0.3333333333333333,2
18287,4182.99,7,3013,120,43.13958333333333,528.8986111111111,597.5699999999999,430.4285714285714,0.0113229207893543,0.1428571428571428,0.125,2
